date,lat,lon,ghi,kc_obs,kc_prev,CLIM,PERSIST_KC,PCMCI_LIN,PCMCI_KRR,LASSO_LIN,LASSO_KRR,ALL_LIN,ALL_KRR,q33,q67,q10,k
2023-01-01,21.7696,-13.1054,4.8194,0.99315,0.93382,4.39771,4.53152,4.44271,4.44308,4.48419,4.44672,4.43851,4.43098,0.9439,1.00707,0.78306,5
2023-01-02,21.7696,-13.1054,4.8502,0.9963,0.99315,4.42232,4.83483,4.70929,4.79907,4.74752,4.76323,4.55364,4.43537,0.9439,1.00707,0.78306,5
2023-01-03,21.7696,-13.1054,4.6776,0.9571,0.9963,4.44616,4.86919,4.74549,4.8233,4.75584,4.81421,4.87683,4.48071,0.9439,1.00707,0.78306,5
2023-01-04,21.7696,-13.1054,4.9262,1.00189,0.9571,4.50248,4.70597,4.77998,4.82241,4.78106,4.81972,4.83926,4.6653,0.9439,1.00707,0.78306,5
2023-01-05,21.7696,-13.1054,4.8257,0.97674,1.00189,4.5116,4.94995,4.82742,4.91837,4.82843,4.891,4.87762,4.7289,0.9439,1.00707,0.78306,5
2023-01-06,21.7696,-13.1054,4.8108,0.9708,0.97674,4.52402,4.84025,4.77154,4.80947,4.78507,4.78994,4.73129,4.72624,0.9439,1.00707,0.78306,5
2023-01-07,21.7696,-13.1054,3.8902,0.78406,0.9708,4.50425,4.81676,4.74826,4.78684,4.75079,4.76203,4.79434,4.74748,0.9439,1.00707,0.78306,5
2023-01-08,21.7696,-13.1054,3.1759,0.63817,0.78406,4.49797,3.90191,4.19671,4.13682,4.20589,4.13132,4.17807,4.19188,0.9439,1.00707,0.78306,5
2023-01-09,21.7696,-13.1054,3.1771,0.63361,0.63817,4.52624,3.19994,3.86188,3.77919,3.89609,3.95785,3.91177,3.89509,0.9439,1.00707,0.78306,5
2023-01-10,21.7696,-13.1054,3.5081,0.69593,0.63361,4.54534,3.19399,3.87059,3.72289,3.92964,3.99627,4.01362,4.02959,0.9439,1.00707,0.78306,5
2023-01-11,21.7696,-13.1054,4.7959,0.94656,0.69593,4.56096,3.52602,4.11414,3.97978,4.191,4.19941,4.1395,4.3585,0.9439,1.00707,0.78306,5
2023-01-12,21.7696,-13.1054,4.9193,0.96312,0.94656,4.62682,4.83474,4.84409,4.86513,4.93505,4.86684,4.94512,4.89081,0.9439,1.00707,0.78306,5
2023-01-13,21.7696,-13.1054,5.0441,0.98196,0.96312,4.71205,4.9473,5.00827,5.06611,5.05101,5.02206,5.0514,4.74969,0.9439,1.00707,0.78306,5
2023-01-14,21.7696,-13.1054,5.0302,0.97451,0.98196,4.75321,5.06869,4.98682,5.04429,4.99954,5.02344,4.73607,4.65102,0.9439,1.00707,0.78306,5
2023-01-15,21.7696,-13.1054,4.6814,0.90155,0.97451,4.81847,5.06022,5.02859,5.06976,5.04149,5.05376,4.79584,4.8033,0.9439,1.00707,0.78306,5
2023-01-16,21.7696,-13.1054,5.1415,0.98313,0.90155,4.85932,4.71487,4.99306,4.96735,5.00194,4.95507,4.91311,4.86657,0.9439,1.00707,0.78306,5
2023-01-17,21.7696,-13.1054,4.4347,0.84258,0.98313,4.87419,5.17444,4.86159,4.86401,4.87023,4.83796,4.64073,4.71261,0.9439,1.00707,0.78306,5
2023-01-18,21.7696,-13.1054,5.2066,0.98394,0.84258,4.89468,4.45859,4.47661,4.38237,4.48127,4.37821,4.44076,4.45548,0.9439,1.00707,0.78306,5
2023-01-19,21.7696,-13.1054,5.2303,0.98427,0.98394,4.90451,5.22854,5.07732,5.13251,5.08598,5.0826,5.25738,5.13503,0.9439,1.00707,0.78306,5
2023-01-20,21.7696,-13.1054,5.3249,0.99625,0.98427,4.94633,5.26086,5.1986,5.22581,5.19506,5.19636,5.19866,5.20806,0.9439,1.00707,0.78306,5
2023-01-21,21.7696,-13.1054,5.3208,0.98767,0.99625,5.01035,5.367,5.28523,5.33921,5.26791,5.32769,5.31357,5.27353,0.9439,1.00707,0.78306,5
2023-01-22,21.7696,-13.1054,5.4569,1.00353,0.98767,5.08097,5.37068,5.32188,5.36887,5.27564,5.39846,5.21536,5.10994,0.9439,1.00707,0.78306,5
2023-01-23,21.7696,-13.1054,5.5517,1.01387,1.00353,5.12574,5.49511,5.37274,5.43201,5.31294,5.47388,5.24014,5.22491,0.9439,1.00707,0.78306,5
2023-01-24,21.7696,-13.1054,5.6045,1.01743,1.01387,5.16293,5.58487,5.42764,5.4882,5.36076,5.54503,5.2629,5.33368,0.9439,1.00707,0.78306,5
2023-01-25,21.7696,-13.1054,5.4494,0.98307,1.01743,5.19203,5.63984,5.44078,5.49927,5.36541,5.56207,5.38991,5.4155,0.9439,1.00707,0.78306,5
2023-01-26,21.7696,-13.1054,5.2378,0.93877,0.98307,5.22855,5.48499,5.22978,5.20087,5.14718,5.25413,5.09509,5.2325,0.9439,1.00707,0.78306,5
2023-01-27,21.7696,-13.1054,5.5416,0.9893,0.93877,5.23214,5.25855,5.17841,5.12703,5.09946,5.17911,5.30638,5.19283,0.9439,1.00707,0.78306,5
2023-01-28,21.7696,-13.1054,5.3743,0.95551,0.9893,5.25426,5.56438,5.40573,5.42206,5.35847,5.40629,5.59999,5.35309,0.9439,1.00707,0.78306,5
2023-01-29,21.7696,-13.1054,5.6148,0.99319,0.95551,5.28565,5.40177,5.26522,5.23288,5.23903,5.1953,5.19697,5.25722,0.9439,1.00707,0.78306,5
2023-01-30,21.7696,-13.1054,5.4374,0.95587,0.99319,5.31667,5.64966,5.49272,5.50175,5.46587,5.45603,5.62125,5.57872,0.9439,1.00707,0.78306,5
2023-01-31,21.7696,-13.1054,5.3676,0.93905,0.95587,5.30456,5.46377,5.21139,5.18942,5.16413,5.15772,5.26275,5.26178,0.9439,1.00707,0.78306,5
2023-02-01,21.7696,-13.1054,4.4858,0.77989,0.93905,5.34625,5.40127,5.21771,5.18652,5.19248,5.13121,5.23238,5.23254,0.9439,1.00707,0.78306,5
2023-02-02,21.7696,-13.1054,5.485,0.94757,0.77989,5.3909,4.51438,4.84154,4.8024,4.81015,4.69712,4.95285,4.81133,0.9439,1.00707,0.78306,5
2023-02-03,21.7696,-13.1054,4.3572,0.74847,0.94757,5.44984,5.51624,5.32298,5.31176,5.2944,5.2479,5.41858,5.37364,0.9439,1.00707,0.78306,5
2023-02-04,21.7696,-13.1054,5.0597,0.86489,0.74847,5.50055,4.37863,4.79083,4.81617,4.77514,4.75396,4.71006,4.90533,0.9439,1.00707,0.78306,5
2023-02-05,21.7696,-13.1054,4.6714,0.79478,0.86489,5.52892,5.08348,5.11126,5.12733,5.14515,5.16803,5.3971,5.35474,0.9439,1.00707,0.78306,5
2023-02-06,21.7696,-13.1054,5.6407,0.95498,0.79478,5.55948,4.69447,5.20982,5.19114,5.24486,5.20553,5.35758,5.41729,0.9439,1.00707,0.78306,5
2023-02-07,21.7696,-13.1054,6.1188,1.03202,0.95498,5.56692,5.66201,5.84223,5.83586,5.87468,5.79034,5.91128,5.81487,0.9439,1.00707,0.78306,5
2023-02-08,21.7696,-13.1054,5.3136,0.89725,1.03202,5.48097,6.1117,5.85947,5.93569,5.84663,5.88956,5.71153,5.57477,0.9439,1.00707,0.78306,5
2023-02-09,21.7696,-13.1054,2.2087,0.37352,0.89725,5.43282,5.30564,5.27616,5.20661,5.25328,5.17982,5.02335,5.01287,0.9439,1.00707,0.78306,5
2023-02-10,21.7696,-13.1054,2.6642,0.45016,0.37352,5.41807,2.21061,4.07568,4.78305,4.05929,4.62684,3.89237,4.28592,0.9439,1.00707,0.78306,5
2023-02-11,21.7696,-13.1054,4.6954,0.79297,0.45016,5.38931,2.66555,4.18023,4.71933,4.1735,4.64612,3.95515,4.54545,0.9439,1.00707,0.78306,5
2023-02-12,21.7696,-13.1054,1.386,0.23331,0.79297,5.39586,4.71073,4.9758,4.93613,4.98601,4.85374,4.52744,4.92594,0.9439,1.00707,0.78306,5
2023-02-13,21.7696,-13.1054,1.2413,0.20796,0.23331,5.40352,1.39261,4.06327,4.37234,4.0236,4.29621,3.80441,4.61773,0.9439,1.00707,0.78306,5
2023-02-14,21.7696,-13.1054,4.0128,0.66846,0.20796,5.45819,1.24838,4.14236,4.96295,4.12337,4.53772,3.87904,4.89162,0.9439,1.00707,0.78306,5
2023-02-15,21.7696,-13.1054,5.1583,0.85436,0.66846,5.52212,4.03592,4.82006,5.15022,4.86447,4.75338,4.49959,5.00707,0.9439,1.00707,0.78306,5
2023-02-16,21.7696,-13.1054,5.7641,0.95182,0.85436,5.50179,5.17387,5.63392,5.53382,5.66908,5.57916,5.64153,5.36876,0.9439,1.00707,0.78306,5
2023-02-17,21.7696,-13.1054,5.9486,0.98329,0.95182,5.45113,5.75823,5.76189,5.8133,5.7201,5.82792,5.25522,5.3361,0.9439,1.00707,0.78306,5
2023-02-18,21.7696,-13.1054,5.6431,0.92927,0.98329,5.4591,5.97113,5.83739,5.92365,5.75871,5.97055,5.56678,5.53303,0.9439,1.00707,0.78306,5
2023-02-19,21.7696,-13.1054,4.841,0.79403,0.92927,5.45087,5.66552,5.32291,5.39725,5.27041,5.40291,5.00888,5.41096,0.9439,1.00707,0.78306,5
2023-02-20,21.7696,-13.1054,5.6033,0.91258,0.79403,5.50373,4.87542,4.97112,4.79924,4.93782,4.66642,4.77453,5.12534,0.9439,1.00707,0.78306,5
2023-02-21,21.7696,-13.1054,3.9888,0.64547,0.91258,5.57476,5.63946,5.64793,5.60434,5.60719,5.58534,5.63075,5.44873,0.9439,1.00707,0.78306,5
2023-02-22,21.7696,-13.1054,6.1174,0.98262,0.64547,5.67177,4.01841,4.93461,4.71516,4.88172,4.49744,5.01074,4.91922,0.9439,1.00707,0.78306,5
2023-02-23,21.7696,-13.1054,6.3535,1.01074,0.98262,5.81952,6.17677,5.96783,5.94433,5.96553,5.9974,6.20072,6.10637,0.9439,1.00707,0.78306,5
2023-02-24,21.7696,-13.1054,6.5042,1.02384,1.01074,5.93176,6.42095,6.23589,6.30068,6.19037,6.31148,6.40007,6.35219,0.9439,1.00707,0.78306,5
2023-02-25,21.7696,-13.1054,6.57,1.02339,1.02384,6.03532,6.5729,6.34382,6.40039,6.28215,6.43327,6.39613,6.56416,0.9439,1.00707,0.78306,5
2023-02-26,21.7696,-13.1054,6.6132,1.02043,1.02339,6.14286,6.63239,6.32951,6.34636,6.28716,6.34782,6.2176,6.34382,0.9439,1.00707,0.78306,5
2023-02-27,21.7696,-13.1054,6.6146,1.01307,1.02043,6.22318,6.66266,6.32528,6.3242,6.2911,6.31097,6.4298,6.45819,0.9439,1.00707,0.78306,5
2023-02-28,21.7696,-13.1054,6.4841,0.98898,1.01307,6.25185,6.64205,6.449,6.46263,6.44144,6.44253,6.49729,6.46219,0.9439,1.00707,0.78306,5
2023-03-01,21.7696,-13.1054,6.5914,1.00353,0.98898,6.22978,6.49584,6.4769,6.48133,6.50793,6.46253,6.4726,6.53712,0.9439,1.00707,0.78306,5
2023-03-02,21.7696,-13.1054,6.7162,1.02002,1.00353,6.21529,6.60764,6.47537,6.51542,6.53418,6.5022,6.61315,6.58847,0.9439,1.00707,0.78306,5
2023-03-03,21.7696,-13.1054,6.6254,1.00303,1.02002,6.2863,6.73758,6.57582,6.63673,6.60865,6.61608,6.748,6.69384,0.9439,1.00707,0.78306,5
2023-03-04,21.7696,-13.1054,6.6511,0.9994,1.00303,6.39098,6.67526,6.50915,6.50396,6.52427,6.49161,6.44232,6.5044,0.9439,1.00707,0.78306,5
2023-03-05,21.7696,-13.1054,6.6912,0.99915,0.9994,6.45724,6.69286,6.51407,6.49442,6.50732,6.46517,6.46438,6.50599,0.9439,1.00707,0.78306,5
2023-03-06,21.7696,-13.1054,6.9958,1.03701,0.99915,6.55066,6.74044,6.69324,6.69418,6.67499,6.66822,6.81955,6.7612,0.9439,1.00707,0.78306,5
2023-03-07,21.7696,-13.1054,6.996,1.03403,1.03701,6.55372,7.01616,6.6931,6.71262,6.67436,6.68248,6.64356,6.69764,0.9439,1.00707,0.78306,5
2023-03-08,21.7696,-13.1054,7.097,1.04512,1.03403,6.55788,7.02164,6.66005,6.64982,6.64708,6.61908,6.59998,6.66099,0.9439,1.00707,0.78306,5
2023-03-09,21.7696,-13.1054,7.1506,1.04923,1.04512,6.56681,7.12265,6.73674,6.76317,6.71778,6.73288,6.87288,6.84762,0.9439,1.00707,0.78306,5
2023-03-10,21.7696,-13.1054,7.0584,1.02932,1.04923,6.62929,7.19493,6.82005,6.85705,6.80868,6.83664,6.9532,6.97626,0.9439,1.00707,0.78306,5
2023-03-11,21.7696,-13.1054,6.8371,0.99122,1.02932,6.67797,7.09985,6.83986,6.84956,6.83938,6.83589,6.90953,7.00045,0.9439,1.00707,0.78306,5
2023-03-12,21.7696,-13.1054,6.9257,1.00076,0.99122,6.68805,6.85969,6.78785,6.75006,6.79823,6.74609,6.9125,6.91649,0.9439,1.00707,0.78306,5
2023-03-13,21.7696,-13.1054,6.751,0.97092,1.00076,6.68933,6.95849,6.79705,6.76452,6.79994,6.75055,6.80908,6.81335,0.9439,1.00707,0.78306,5
2023-03-14,21.7696,-13.1054,6.8695,0.98468,0.97092,6.68421,6.77351,6.47744,6.3177,6.48925,6.33596,6.4074,6.47688,0.9439,1.00707,0.78306,5
2023-03-15,21.7696,-13.1054,6.6751,0.95207,0.98468,6.70317,6.90374,6.65314,6.52706,6.64348,6.48696,6.73508,6.67042,0.9439,1.00707,0.78306,5
2023-03-16,21.7696,-13.1054,5.4636,0.7738,0.95207,6.777,6.7223,6.49639,6.28758,6.45611,6.18203,6.26182,6.42123,0.9439,1.00707,0.78306,5
2023-03-17,21.7696,-13.1054,6.5179,0.91701,0.7738,6.8691,5.50001,5.98949,5.61106,5.90423,5.50984,6.08134,6.22238,0.9439,1.00707,0.78306,5
2023-03-18,21.7696,-13.1054,6.8186,0.95237,0.91701,6.90663,6.56537,6.41884,6.1657,6.34172,6.10183,6.50881,6.38025,0.9439,1.00707,0.78306,5
2023-03-19,21.7696,-13.1054,7.2571,1.00851,0.95237,6.9215,6.85317,6.9593,6.86615,6.88584,6.78403,7.19563,6.81634,0.9439,1.00707,0.78306,5
2023-03-20,21.7696,-13.1054,6.9566,0.96391,1.00851,6.87785,7.27849,7.09643,7.12028,7.0549,7.09462,7.18745,7.01975,0.9439,1.00707,0.78306,5
2023-03-21,21.7696,-13.1054,7.0639,0.97787,0.96391,6.84422,6.96302,7.02334,7.00542,6.99141,6.96827,6.98087,7.00672,0.9439,1.00707,0.78306,5
2023-03-22,21.7696,-13.1054,6.2494,0.86206,0.97787,6.86467,7.08892,6.79252,6.70508,6.74729,6.62192,6.61728,6.64998,0.9439,1.00707,0.78306,5
2023-03-23,21.7696,-13.1054,6.162,0.84839,0.86206,6.84481,6.26134,6.26523,6.11086,6.18183,5.97021,6.30068,6.1571,0.9439,1.00707,0.78306,5
2023-03-24,21.7696,-13.1054,5.6561,0.77695,0.84839,6.84662,6.17615,5.69101,6.65069,5.6493,6.68738,5.64023,6.03168,0.9439,1.00707,0.78306,5
2023-03-25,21.7696,-13.1054,6.7558,0.92641,0.77695,6.8364,5.66589,5.5437,6.45822,5.52855,6.47604,5.91172,6.36033,0.9439,1.00707,0.78306,5
2023-03-26,21.7696,-13.1054,7.386,1.00938,0.92641,6.88431,6.77886,6.77393,6.60637,6.82264,6.72685,6.55668,6.67416,0.9439,1.00707,0.78306,5
2023-03-27,21.7696,-13.1054,7.3999,1.00812,1.00938,6.90041,7.40917,7.16025,7.18792,7.22171,7.21511,7.28435,6.85137,0.9439,1.00707,0.78306,5
2023-03-28,21.7696,-13.1054,7.3678,1.00012,1.00812,6.93543,7.42672,7.14084,7.16115,7.17518,7.171,7.53903,7.01556,0.9439,1.00707,0.78306,5
2023-03-29,21.7696,-13.1054,7.5077,1.01362,1.00012,7.01099,7.4077,7.13246,7.12111,7.12393,7.08508,7.1922,7.17718,0.9439,1.00707,0.78306,5
2023-03-30,21.7696,-13.1054,6.7841,0.91278,1.01362,7.06918,7.53356,7.2578,7.24607,7.22661,7.16399,7.03418,7.18358,0.9439,1.00707,0.78306,5
2023-03-31,21.7696,-13.1054,7.3171,0.98209,0.91278,7.0787,6.80075,6.94176,6.80272,6.9219,6.72754,6.98417,7.12,0.9439,1.00707,0.78306,5
2023-04-01,21.7696,-13.1054,7.669,1.02753,0.98209,7.08314,7.32982,7.0793,6.98062,7.12975,7.06843,7.07368,7.1067,0.9439,1.00707,0.78306,5
2023-04-02,21.7696,-13.1054,7.7998,1.0429,1.02753,7.10902,7.68489,7.37163,7.40657,7.46673,7.43547,7.56298,7.46236,0.9439,1.00707,0.78306,5
2023-04-03,21.7696,-13.1054,7.7623,1.0354,1.0429,7.14961,7.8185,7.42512,7.48096,7.48752,7.49828,7.71895,7.62845,0.9439,1.00707,0.78306,5
2023-04-04,21.7696,-13.1054,7.6968,1.02433,1.0354,7.18879,7.77996,7.41432,7.45054,7.42643,7.44135,7.5177,7.59445,0.9439,1.00707,0.78306,5
2023-04-05,21.7696,-13.1054,7.6908,1.02052,1.02433,7.20711,7.71952,7.37985,7.39292,7.35147,7.36588,7.49979,7.54485,0.9439,1.00707,0.78306,5
2023-04-06,21.7696,-13.1054,7.6344,1.01061,1.02052,7.218,7.70927,7.45438,7.48374,7.38547,7.4728,7.52533,7.49379,0.9439,1.00707,0.78306,5
2023-04-07,21.7696,-13.1054,5.051,0.6662,1.01061,7.27735,7.66221,7.4703,7.48603,7.4173,7.46575,7.20854,7.29465,0.9439,1.00707,0.78306,5
2023-04-08,21.7696,-13.1054,6.8162,0.89745,0.6662,7.28012,5.05987,6.35878,6.49924,6.30429,6.39749,6.19607,6.28065,0.9439,1.00707,0.78306,5
2023-04-09,21.7696,-13.1054,7.8358,1.02847,0.89745,7.30799,6.83755,6.89381,6.75213,6.85571,6.77364,6.9074,6.74056,0.9439,1.00707,0.78306,5
2023-04-10,21.7696,-13.1054,7.3829,0.96833,1.02847,7.27757,7.84143,7.55876,7.5758,7.51951,7.56026,7.51621,7.23331,0.9439,1.00707,0.78306,5
2023-04-11,21.7696,-13.1054,6.467,0.84814,0.96833,7.25592,7.38352,7.45554,7.42843,7.41682,7.36941,7.28821,7.3648,0.9439,1.00707,0.78306,5
2023-04-12,21.7696,-13.1054,5.7751,0.75766,0.84814,7.24641,6.46469,6.38808,7.20758,6.39568,7.16631,6.2718,6.64531,0.9439,1.00707,0.78306,5
2023-04-13,21.7696,-13.1054,6.9598,0.91374,0.75766,7.19482,5.77099,6.2094,6.77211,6.2126,6.7664,6.22422,6.49293,0.9439,1.00707,0.78306,5
2023-04-14,21.7696,-13.1054,7.4328,0.9743,0.91374,7.21547,6.97077,7.13108,6.97872,7.15979,7.05298,6.96838,6.85603,0.9439,1.00707,0.78306,5
2023-04-15,21.7696,-13.1054,5.5613,0.72795,0.9743,7.22874,7.4434,7.24181,7.16625,7.27323,7.2106,7.09572,6.97316,0.9439,1.00707,0.78306,5
2023-04-16,21.7696,-13.1054,7.763,1.01362,0.72795,7.26198,5.5751,6.40239,6.44202,6.40761,6.45663,6.56261,6.82032,0.9439,1.00707,0.78306,5
2023-04-17,21.7696,-13.1054,7.6834,1.00123,1.01362,7.30323,7.77853,7.58362,7.48508,7.60258,7.61686,7.73724,7.30971,0.9439,1.00707,0.78306,5
2023-04-18,21.7696,-13.1054,7.9238,1.02867,1.00123,7.35645,7.71242,7.68958,7.70266,7.63669,7.68404,7.49904,7.51811,0.9439,1.00707,0.78306,5
2023-04-19,21.7696,-13.1054,8.0542,1.0425,1.02867,7.42791,7.94736,7.81133,7.86443,7.70565,7.86166,7.72273,7.74025,0.9439,1.00707,0.78306,5
2023-04-20,21.7696,-13.1054,7.5276,0.97216,1.0425,7.46578,8.07226,7.74421,7.79837,7.65153,7.78809,7.40946,7.572,0.9439,1.00707,0.78306,5
2023-04-21,21.7696,-13.1054,7.8564,1.01383,0.97216,7.44904,7.5335,7.24678,7.24311,7.21776,7.19703,7.15468,7.21659,0.9439,1.00707,0.78306,5
2023-04-22,21.7696,-13.1054,7.7702,1.0018,1.01383,7.42352,7.86353,7.13046,7.21136,7.08967,7.1537,7.0286,7.12651,0.9439,1.00707,0.78306,5
2023-04-23,21.7696,-13.1054,7.7021,0.99058,1.0018,7.43323,7.78928,7.43979,7.45179,7.37754,7.41498,7.52051,7.45048,0.9439,1.00707,0.78306,5
2023-04-24,21.7696,-13.1054,8.2452,1.05947,0.99058,7.45434,7.70912,7.7758,7.76435,7.73277,7.74317,7.75843,7.85057,0.9439,1.00707,0.78306,5
2023-04-25,21.7696,-13.1054,7.9975,1.02539,1.05947,7.47246,8.26331,7.8256,7.90246,7.79761,7.87073,7.76606,7.82594,0.9439,1.00707,0.78306,5
2023-04-26,21.7696,-13.1054,7.8814,1.0058,1.02539,7.56279,8.03489,7.75178,7.75299,7.75087,7.72092,7.81129,7.7774,0.9439,1.00707,0.78306,5
2023-04-27,21.7696,-13.1054,7.7201,0.98217,1.0058,7.60823,7.90585,7.70585,7.65613,7.70399,7.61943,7.6577,7.6035,0.9439,1.00707,0.78306,5
2023-04-28,21.7696,-13.1054,7.8506,0.99609,0.98217,7.62758,7.74084,7.75239,7.68705,7.73145,7.62293,7.71671,7.68458,0.9439,1.00707,0.78306,5
2023-04-29,21.7696,-13.1054,7.9313,1.00491,0.99609,7.61182,7.86168,7.72617,7.64721,7.73168,7.63825,7.74486,7.69959,0.9439,1.00707,0.78306,5
2023-04-30,21.7696,-13.1054,8.028,1.01548,1.00491,7.6291,7.94442,7.77337,7.69808,7.80467,7.7364,7.86411,7.85377,0.9439,1.00707,0.78306,5
2023-05-01,21.7696,-13.1054,8.0047,1.01182,1.01548,7.62299,8.03371,7.7729,7.70556,7.80876,7.7487,7.72072,7.83635,0.9439,1.00707,0.78306,5
2023-05-02,21.7696,-13.1054,7.9942,1.01011,1.01182,7.58697,8.00771,7.49106,7.42016,7.48026,7.36961,7.45779,7.48341,0.9439,1.00707,0.78306,5
2023-05-03,21.7696,-13.1054,7.9627,1.00774,1.01011,7.5298,7.9814,7.49566,7.43951,7.46499,7.34965,7.60051,7.48943,0.9439,1.00707,0.78306,5
2023-05-04,21.7696,-13.1054,7.8754,0.99875,1.00774,7.46896,7.94628,7.38145,7.32853,7.35216,7.24456,7.49464,7.58651,0.9439,1.00707,0.78306,5
2023-05-05,21.7696,-13.1054,7.9666,1.01069,0.99875,7.46754,7.87249,7.3912,7.35074,7.42461,7.38383,7.56034,7.64953,0.9439,1.00707,0.78306,5
2023-05-06,21.7696,-13.1054,7.8204,0.99077,1.01069,7.51203,7.97768,7.52003,7.51132,7.60112,7.5658,7.71971,7.73939,0.9439,1.00707,0.78306,5
2023-05-07,21.7696,-13.1054,7.4508,0.94395,0.99077,7.53394,7.82036,7.66189,7.65124,7.69774,7.6507,8.10953,7.89626,0.9439,1.00707,0.78306,5
2023-05-08,21.7696,-13.1054,7.9625,1.00793,0.94395,7.57411,7.45709,7.87334,7.78846,7.87958,7.78126,7.97002,7.81375,0.9439,1.00707,0.78306,5
2023-05-09,21.7696,-13.1054,7.903,0.99824,1.00793,7.61112,7.97966,7.86813,7.85638,7.87587,7.85603,7.62354,7.64983,0.9439,1.00707,0.78306,5
2023-05-10,21.7696,-13.1054,7.3711,0.93056,0.99824,7.62526,7.90719,7.80397,7.76302,7.84993,7.81637,7.6244,7.58026,0.9439,1.00707,0.78306,5
2023-05-11,21.7696,-13.1054,6.0132,0.75955,0.93056,7.58421,7.36708,7.20661,7.1075,7.22736,7.16433,7.05866,7.08772,0.9439,1.00707,0.78306,5
2023-05-12,21.7696,-13.1054,6.9905,0.88242,0.75955,7.59782,6.01716,6.73794,6.69672,6.73288,6.69605,6.87389,6.78786,0.9439,1.00707,0.78306,5
2023-05-13,21.7696,-13.1054,6.859,0.86577,0.88242,7.63793,6.9909,7.01717,6.85409,6.98872,6.82561,6.90796,6.90258,0.9439,1.00707,0.78306,5
2023-05-14,21.7696,-13.1054,6.3502,0.80122,0.86577,7.66215,6.86176,6.9726,6.87916,6.92768,6.76919,6.98629,6.94018,0.9439,1.00707,0.78306,5
2023-05-15,21.7696,-13.1054,7.721,0.9748,0.80122,7.65071,6.34617,6.73173,6.77028,6.69464,6.67922,6.9054,6.8733,0.9439,1.00707,0.78306,5
2023-05-16,21.7696,-13.1054,6.2594,0.79053,0.9748,7.6502,7.71845,7.15362,7.03741,7.2276,7.24887,7.28981,7.276,0.9439,1.00707,0.78306,5
2023-05-17,21.7696,-13.1054,7.6891,0.97064,0.79053,7.68828,6.2623,7.06233,7.15292,7.08889,7.19205,7.29305,7.09505,0.9439,1.00707,0.78306,5
2023-05-18,21.7696,-13.1054,7.9157,0.99725,0.97064,7.73167,7.70452,7.89311,7.73334,7.88742,7.81539,7.94282,7.61475,0.9439,1.00707,0.78306,5
2023-05-19,21.7696,-13.1054,7.7546,0.97486,0.99725,7.78505,7.93265,7.8307,7.85527,7.79531,7.80662,7.71055,7.64178,0.9439,1.00707,0.78306,5
2023-05-20,21.7696,-13.1054,8.329,1.04578,0.97486,7.81081,7.76421,7.83058,7.85705,7.85632,7.84603,7.92053,7.90621,0.9439,1.00707,0.78306,5
2023-05-21,21.7696,-13.1054,8.1977,1.02992,1.04578,7.77717,8.32391,8.01784,8.06487,8.0681,8.08132,7.86743,7.82406,0.9439,1.00707,0.78306,5
2023-05-22,21.7696,-13.1054,7.8406,0.98482,1.02992,7.7728,8.19963,8.04318,8.06868,8.03387,8.03308,7.85197,7.92466,0.9439,1.00707,0.78306,5
2023-05-23,21.7696,-13.1054,7.3949,0.92914,0.98482,7.77229,7.83807,7.82424,7.83188,7.79656,7.78612,7.70939,7.78373,0.9439,1.00707,0.78306,5
2023-05-24,21.7696,-13.1054,4.2931,0.54077,0.92914,7.71318,7.37635,7.44303,7.5587,7.41299,7.52152,7.38126,7.56937,0.9439,1.00707,0.78306,5
2023-05-25,21.7696,-13.1054,4.7736,0.60235,0.54077,7.69125,4.28559,6.36695,7.06986,6.35526,6.99776,6.34203,6.68792,0.9439,1.00707,0.78306,5
2023-05-26,21.7696,-13.1054,4.1712,0.52715,0.60235,7.70152,4.76622,6.01589,7.05095,6.05352,7.10643,5.81097,6.71654,0.9439,1.00707,0.78306,5
2023-05-27,21.7696,-13.1054,6.7963,0.86092,0.52715,7.63944,4.16142,6.10316,7.15029,6.15633,6.98809,6.20408,6.97797,0.9439,1.00707,0.78306,5
2023-05-28,21.7696,-13.1054,7.0565,0.8958,0.86092,7.56404,6.78178,6.79243,7.21026,6.89912,7.14784,6.59533,7.09761,0.9439,1.00707,0.78306,5
2023-05-29,21.7696,-13.1054,6.5486,0.83322,0.8958,7.49369,7.04044,7.12846,7.17656,7.20495,7.21516,6.96814,6.97376,0.9439,1.00707,0.78306,5
2023-05-30,21.7696,-13.1054,7.5178,0.95757,0.83322,7.47492,6.54156,7.04341,7.1066,7.10297,7.11013,6.74509,7.09749,0.9439,1.00707,0.78306,5
2023-05-31,21.7696,-13.1054,7.7381,0.98741,0.95757,7.42575,7.50424,7.6077,7.48169,7.66725,7.57245,7.35432,7.31654,0.9439,1.00707,0.78306,5
2023-06-01,21.7696,-13.1054,7.9572,1.01641,0.98741,7.39936,7.73015,7.49315,7.48233,7.54197,7.49868,7.16686,7.42074,0.9439,1.00707,0.78306,5
2023-06-02,21.7696,-13.1054,8.3278,1.06661,1.01641,7.37153,7.93582,7.44427,7.50607,7.44153,7.45731,7.45027,7.35802,0.9439,1.00707,0.78306,5
2023-06-03,21.7696,-13.1054,8.1442,1.04444,1.06661,7.33872,8.31708,7.71623,7.76758,7.69231,7.76173,7.51115,7.30909,0.9439,1.00707,0.78306,5
2023-06-04,21.7696,-13.1054,7.8012,1.00158,1.04444,7.3267,8.13504,7.88862,7.92907,7.85374,7.87946,7.50402,7.43981,0.9439,1.00707,0.78306,5
2023-06-05,21.7696,-13.1054,7.8199,1.00405,1.00158,7.35828,7.80065,7.86434,7.83471,7.8434,7.79948,7.63722,7.56066,0.9439,1.00707,0.78306,5
2023-06-06,21.7696,-13.1054,8.0422,1.03324,1.00405,7.37567,7.81503,7.80761,7.773,7.82061,7.77254,7.77058,7.73514,0.9439,1.00707,0.78306,5
2023-06-07,21.7696,-13.1054,6.8393,0.87996,1.03324,7.32859,8.03062,7.71167,7.72973,7.70997,7.71157,7.69744,7.8042,0.9439,1.00707,0.78306,5
2023-06-08,21.7696,-13.1054,7.8106,1.00522,0.87996,7.34098,6.83731,6.78873,6.91643,6.76744,6.88738,6.60044,6.96217,0.9439,1.00707,0.78306,5
2023-06-09,21.7696,-13.1054,7.9538,1.02404,1.00522,7.33061,7.80766,7.57681,7.53244,7.59781,7.57204,7.80989,7.61293,0.9439,1.00707,0.78306,5
2023-06-10,21.7696,-13.1054,7.805,1.00583,1.02404,7.29693,7.94627,7.75221,7.74603,7.77943,7.75545,7.8922,7.86412,0.9439,1.00707,0.78306,5
2023-06-11,21.7696,-13.1054,8.147,1.0511,1.00583,7.30987,7.79615,7.76121,7.72824,7.78507,7.73294,7.93093,7.89767,0.9439,1.00707,0.78306,5
2023-06-12,21.7696,-13.1054,8.3021,1.07142,1.0511,7.33219,8.14463,7.75738,7.80248,7.78566,7.80957,7.69942,7.79744,0.9439,1.00707,0.78306,5
2023-06-13,21.7696,-13.1054,8.2294,1.06204,1.07142,7.36687,8.30211,7.87608,7.93932,7.89952,7.94005,8.11434,8.01793,0.9439,1.00707,0.78306,5
2023-06-14,21.7696,-13.1054,7.8377,1.01165,1.06204,7.38504,8.22807,7.87744,7.91438,7.88987,7.90717,7.89325,7.9929,0.9439,1.00707,0.78306,5
2023-06-15,21.7696,-13.1054,7.8127,1.0089,1.01165,7.40611,7.834,7.80947,7.76317,7.79678,7.73527,7.80756,7.80091,0.9439,1.00707,0.78306,5
2023-06-16,21.7696,-13.1054,7.7431,1.0007,1.0089,7.41399,7.80653,7.74058,7.69632,7.7201,7.66955,7.57744,7.68345,0.9439,1.00707,0.78306,5
2023-06-17,21.7696,-13.1054,6.8794,0.88827,1.0007,7.42827,7.75017,7.62048,7.58977,7.61558,7.58581,7.55044,7.63781,0.9439,1.00707,0.78306,5
2023-06-18,21.7696,-13.1054,7.7448,0.99949,0.88827,7.46018,6.88295,7.13692,7.19101,7.14272,7.21596,7.21115,7.27071,0.9439,1.00707,0.78306,5
2023-06-19,21.7696,-13.1054,7.8514,1.01375,0.99949,7.45126,7.741,7.44014,7.42387,7.454,7.44704,7.65121,7.59826,0.9439,1.00707,0.78306,5
2023-06-20,21.7696,-13.1054,7.7671,1.00364,1.01375,7.43321,7.84529,7.58383,7.56924,7.57764,7.55465,7.66116,7.7612,0.9439,1.00707,0.78306,5
2023-06-21,21.7696,-13.1054,7.8626,1.01586,1.00364,7.44053,7.76804,7.67923,7.63227,7.6551,7.59971,7.85866,7.87025,0.9439,1.00707,0.78306,5
2023-06-22,21.7696,-13.1054,7.5641,0.97629,1.01586,7.49566,7.87073,7.54742,7.55622,7.52396,7.51711,7.58068,7.66647,0.9439,1.00707,0.78306,5
2023-06-23,21.7696,-13.1054,7.6867,0.99178,0.97629,7.5205,7.5666,7.3018,7.33628,7.28984,7.32815,7.35849,7.4276,0.9439,1.00707,0.78306,5
2023-06-24,21.7696,-13.1054,7.6668,0.98869,0.99178,7.56298,7.69079,7.47932,7.48672,7.49017,7.50989,7.58255,7.57975,0.9439,1.00707,0.78306,5
2023-06-25,21.7696,-13.1054,7.8067,1.0072,0.98869,7.59211,7.6632,7.67692,7.61145,7.69116,7.61862,7.85266,7.79846,0.9439,1.00707,0.78306,5
2023-06-26,21.7696,-13.1054,7.9572,1.02656,1.0072,7.60122,7.80715,7.87449,7.77176,7.84526,7.7317,8.1019,7.97719,0.9439,1.00707,0.78306,5
2023-06-27,21.7696,-13.1054,7.9385,1.02601,1.02656,7.60322,7.94271,7.82507,7.76643,7.78407,7.71586,7.78006,7.74405,0.9439,1.00707,0.78306,5
2023-06-28,21.7696,-13.1054,7.8048,1.00954,1.02601,7.60905,7.9322,7.67448,7.65423,7.62601,7.59064,7.56584,7.60782,0.9439,1.00707,0.78306,5
2023-06-29,21.7696,-13.1054,6.9991,0.90807,1.00954,7.56537,7.78118,7.73474,7.66284,7.70068,7.62515,7.77989,7.75706,0.9439,1.00707,0.78306,5
2023-06-30,21.7696,-13.1054,7.212,0.93756,0.90807,7.53713,6.98517,7.09958,7.22307,7.08918,7.22616,6.89117,7.13526,0.9439,1.00707,0.78306,5
2023-07-01,21.7696,-13.1054,7.104,0.92437,0.93756,7.51277,7.20533,7.42533,7.40424,7.41147,7.38584,7.58752,7.50938,0.9439,1.00707,0.78306,5
2023-07-02,21.7696,-13.1054,7.2768,0.94731,0.92437,7.52413,7.10056,7.58677,7.46201,7.57769,7.45662,7.65103,7.58934,0.9439,1.00707,0.78306,5
2023-07-03,21.7696,-13.1054,7.4554,0.97139,0.94731,7.52777,7.27062,7.28034,7.33799,7.27682,7.33052,7.49565,7.48033,0.9439,1.00707,0.78306,5
2023-07-04,21.7696,-13.1054,7.2026,0.93943,0.97139,7.51176,7.44762,7.55073,7.51084,7.57953,7.573,7.80975,7.75192,0.9439,1.00707,0.78306,5
2023-07-05,21.7696,-13.1054,5.6474,0.73764,0.93943,7.51223,7.19233,7.52005,7.47136,7.57439,7.56977,7.56185,7.66411,0.9439,1.00707,0.78306,5
2023-07-06,21.7696,-13.1054,5.9201,0.77592,0.73764,7.47052,5.62804,6.8015,7.26058,6.82752,7.33351,6.69393,6.82484,0.9439,1.00707,0.78306,5
2023-07-07,21.7696,-13.1054,7.4134,0.9745,0.77592,7.42784,5.90271,6.43583,6.85096,6.44089,6.89847,6.07582,6.56538,0.9439,1.00707,0.78306,5
2023-07-08,21.7696,-13.1054,7.5007,0.98833,0.9745,7.39817,7.39575,7.22959,7.21994,7.21865,7.22296,7.32423,7.31841,0.9439,1.00707,0.78306,5
2023-07-09,21.7696,-13.1054,7.3402,0.96884,0.98833,7.3778,7.48783,7.5474,7.42769,7.56515,7.44636,7.70534,7.59065,0.9439,1.00707,0.78306,5
2023-07-10,21.7696,-13.1054,7.1314,0.94408,0.96884,7.30211,7.31849,7.42931,7.28564,7.47555,7.34523,7.35821,7.43744,0.9439,1.00707,0.78306,5
2023-07-11,21.7696,-13.1054,7.0296,0.93225,0.94408,7.26896,7.11878,7.33391,7.22438,7.37987,7.28597,7.18841,7.30674,0.9439,1.00707,0.78306,5
2023-07-12,21.7696,-13.1054,7.1162,0.94316,0.93225,7.28367,7.03388,7.20617,7.19931,7.22991,7.24255,7.28951,7.29557,0.9439,1.00707,0.78306,5
2023-07-13,21.7696,-13.1054,7.4578,0.98987,0.94316,7.27619,7.10587,7.2412,7.22099,7.22324,7.18935,7.30337,7.26397,0.9439,1.00707,0.78306,5
2023-07-14,21.7696,-13.1054,7.26,0.96308,0.98987,7.29397,7.46193,7.39143,7.3692,7.41746,7.43242,7.26446,7.31439,0.9439,1.00707,0.78306,5
2023-07-15,21.7696,-13.1054,6.6235,0.87884,0.96308,7.28813,7.25838,7.28478,7.27562,7.26078,7.24084,7.20323,7.25135,0.9439,1.00707,0.78306,5
2023-07-16,21.7696,-13.1054,7.1561,0.94989,0.87884,7.29549,6.62088,7.03699,7.12424,7.00735,7.07917,7.17543,7.07399,0.9439,1.00707,0.78306,5
2023-07-17,21.7696,-13.1054,7.0243,0.93354,0.94989,7.27908,7.14731,7.51256,7.30051,7.48695,7.27091,7.79833,7.64261,0.9439,1.00707,0.78306,5
2023-07-18,21.7696,-13.1054,7.3378,0.97849,0.93354,7.22912,7.00073,7.43005,7.20974,7.41517,7.19197,7.22498,7.33547,0.9439,1.00707,0.78306,5
2023-07-19,21.7696,-13.1054,7.2446,0.9669,0.97849,7.23982,7.33143,7.13869,7.16109,7.17142,7.19352,6.80577,7.07035,0.9439,1.00707,0.78306,5
2023-07-20,21.7696,-13.1054,7.2571,0.97066,0.9669,7.21579,7.22901,6.913,7.02769,7.02627,7.15416,6.97918,7.01173,0.9439,1.00707,0.78306,5
2023-07-21,21.7696,-13.1054,6.7632,0.90283,0.97066,7.25586,7.27132,7.33386,7.29103,7.42522,7.41245,7.76727,7.6008,0.9439,1.00707,0.78306,5
2023-07-22,21.7696,-13.1054,7.2758,0.97225,0.90283,7.24472,6.75627,7.41204,7.18174,7.42203,7.207,7.37424,7.34389,0.9439,1.00707,0.78306,5
2023-07-23,21.7696,-13.1054,6.8119,0.91414,0.97225,7.15168,7.24491,7.42866,7.23084,7.38854,7.18208,7.1094,7.15789,0.9439,1.00707,0.78306,5
2023-07-24,21.7696,-13.1054,6.799,0.91402,0.91414,7.13454,6.79988,7.24724,7.02684,7.22099,7.00235,7.21479,6.96758,0.9439,1.00707,0.78306,5
2023-07-25,21.7696,-13.1054,7.189,0.96444,0.91402,7.20423,6.81321,6.89975,6.94522,6.95792,6.97444,6.76377,6.71341,0.9439,1.00707,0.78306,5
2023-07-26,21.7696,-13.1054,6.7483,0.90444,0.96444,7.24717,7.19598,6.90503,7.01867,6.97779,7.06784,6.91836,7.11062,0.9439,1.00707,0.78306,5
2023-07-27,21.7696,-13.1054,6.2138,0.83361,0.90444,7.25066,6.74173,6.97127,7.06352,7.02916,7.14804,6.90104,7.10024,0.9439,1.00707,0.78306,5
2023-07-28,21.7696,-13.1054,7.3109,0.97963,0.83361,7.2768,6.22118,6.75083,6.95675,6.77142,6.93435,6.87832,7.11801,0.9439,1.00707,0.78306,5
2023-07-29,21.7696,-13.1054,7.2943,0.97974,0.97963,7.25085,7.29352,7.4677,7.26494,7.49198,7.28586,7.76228,7.58098,0.9439,1.00707,0.78306,5
2023-07-30,21.7696,-13.1054,7.2295,0.97243,0.97974,7.25362,7.28384,7.37196,7.25407,7.39808,7.30067,7.21709,7.20293,0.9439,1.00707,0.78306,5
2023-07-31,21.7696,-13.1054,6.9569,0.93773,0.97243,7.23741,7.21431,6.98463,7.02235,7.00962,7.06099,6.9332,6.98292,0.9439,1.00707,0.78306,5
2023-08-01,21.7696,-13.1054,7.3421,0.99143,0.93773,7.19872,6.94442,7.06699,7.03376,7.10993,7.09956,7.18338,7.1019,0.9439,1.00707,0.78306,5
2023-08-02,21.7696,-13.1054,7.237,0.97727,0.99143,7.20615,7.34183,7.2636,7.2541,7.3667,7.37551,7.52173,7.46916,0.9439,1.00707,0.78306,5
2023-08-03,21.7696,-13.1054,7.5098,1.01466,0.97727,7.20566,7.2331,7.36314,7.28488,7.36015,7.29393,7.38412,7.36167,0.9439,1.00707,0.78306,5
2023-08-04,21.7696,-13.1054,7.5245,1.01556,1.01466,7.21183,7.51786,7.42191,7.3716,7.41819,7.36172,7.49722,7.44479,0.9439,1.00707,0.78306,5
2023-08-05,21.7696,-13.1054,7.9142,1.0719,1.01556,7.13478,7.49822,7.33074,7.24738,7.33675,7.27325,7.3431,7.47352,0.9439,1.00707,0.78306,5
2023-08-06,21.7696,-13.1054,7.3589,0.99695,1.0719,7.13354,7.91215,7.53498,7.47572,7.54031,7.47361,7.55612,7.58975,0.9439,1.00707,0.78306,5
2023-08-07,21.7696,-13.1054,7.3834,0.99937,0.99695,7.19381,7.36546,7.58454,7.32912,7.62032,7.4279,7.6975,7.53814,0.9439,1.00707,0.78306,5
2023-08-08,21.7696,-13.1054,7.3034,0.98928,0.99937,7.18289,7.3779,7.55474,7.31392,7.59756,7.4038,7.6933,7.49618,0.9439,1.00707,0.78306,5
2023-08-09,21.7696,-13.1054,7.3015,0.99298,0.98928,7.14123,7.27433,7.3796,7.17228,7.4097,7.23049,7.33236,7.31903,0.9439,1.00707,0.78306,5
2023-08-10,21.7696,-13.1054,6.3302,0.86372,0.99298,7.09109,7.27755,7.3595,7.222,7.37868,7.25407,7.2189,7.23517,0.9439,1.00707,0.78306,5
2023-08-11,21.7696,-13.1054,6.6214,0.9052,0.86372,7.03897,6.318,6.64865,6.88722,6.64033,6.89724,6.48273,6.62228,0.9439,1.00707,0.78306,5
2023-08-12,21.7696,-13.1054,6.815,0.93515,0.9052,6.95042,6.59671,6.56887,6.84669,6.53186,6.67615,6.45362,6.56965,0.9439,1.00707,0.78306,5
2023-08-13,21.7696,-13.1054,7.1681,0.98309,0.93515,6.95053,6.81858,6.94301,7.01586,6.92243,6.9298,6.91304,6.92693,0.9439,1.00707,0.78306,5
2023-08-14,21.7696,-13.1054,7.4374,1.02093,0.98309,6.9308,7.16173,7.10834,7.13551,7.11242,7.12727,7.17755,7.16561,0.9439,1.00707,0.78306,5
2023-08-15,21.7696,-13.1054,6.8923,0.94674,1.02093,6.91298,7.4324,7.20072,7.21406,7.17185,7.15191,7.3873,7.38565,0.9439,1.00707,0.78306,5
2023-08-16,21.7696,-13.1054,6.7963,0.9349,0.94674,6.92995,6.8824,6.99813,6.98454,6.94494,6.92501,7.04734,6.95468,0.9439,1.00707,0.78306,5
2023-08-17,21.7696,-13.1054,6.5611,0.90452,0.9349,6.88511,6.78145,6.53481,6.75765,6.50762,6.66286,6.33695,6.33994,0.9439,1.00707,0.78306,5
2023-08-18,21.7696,-13.1054,7.0147,0.97085,0.90452,6.84308,6.53545,6.64771,6.75868,6.63672,6.71283,6.82622,6.62824,0.9439,1.00707,0.78306,5
2023-08-19,21.7696,-13.1054,6.8237,0.94817,0.97085,6.80874,6.98693,7.07644,7.02991,7.07387,6.99101,7.11847,6.90873,0.9439,1.00707,0.78306,5
2023-08-20,21.7696,-13.1054,5.7938,0.80558,0.94817,6.81783,6.81926,6.663,6.69808,6.62931,6.63887,6.30129,6.46238,0.9439,1.00707,0.78306,5
2023-08-21,21.7696,-13.1054,5.4094,0.75426,0.80558,6.79046,5.7775,6.08589,6.49673,6.11228,6.53063,6.21416,6.31687,0.9439,1.00707,0.78306,5
2023-08-22,21.7696,-13.1054,6.384,0.89079,0.75426,6.78269,5.40552,5.90489,6.47595,5.93872,6.5024,6.14065,6.07431,0.9439,1.00707,0.78306,5
2023-08-23,21.7696,-13.1054,6.8664,0.96071,0.89079,6.72417,6.36671,6.29931,6.56825,6.31542,6.53919,6.24876,6.20706,0.9439,1.00707,0.78306,5
2023-08-24,21.7696,-13.1054,4.5454,0.6359,0.96071,6.74414,6.86705,6.68352,6.82458,6.64888,6.67535,6.46656,6.44468,0.9439,1.00707,0.78306,5
2023-08-25,21.7696,-13.1054,6.8976,0.96597,0.6359,6.75342,4.54076,5.72699,6.4247,5.67947,6.28644,5.73805,5.97883,0.9439,1.00707,0.78306,5
2023-08-26,21.7696,-13.1054,7.0733,0.99222,0.96597,6.75377,6.88615,6.68004,6.70733,6.70193,6.70978,6.84209,6.74004,0.9439,1.00707,0.78306,5
2023-08-27,21.7696,-13.1054,7.1873,1.00983,0.99222,6.76375,7.06192,7.01673,7.01658,7.05551,7.08446,6.90728,6.90238,0.9439,1.00707,0.78306,5
2023-08-28,21.7696,-13.1054,6.6953,0.94408,1.00983,6.73586,7.16164,7.01547,7.01434,7.0145,7.02098,6.67371,6.73117,0.9439,1.00707,0.78306,5
2023-08-29,21.7696,-13.1054,6.9842,0.98758,0.94408,6.70672,6.67656,6.83837,6.77927,6.81789,6.78423,6.69821,6.82304,0.9439,1.00707,0.78306,5
2023-08-30,21.7696,-13.1054,7.0649,1.00323,0.98758,6.67326,6.95471,6.82465,6.76828,6.82693,6.74568,6.96833,6.75324,0.9439,1.00707,0.78306,5
2023-08-31,21.7696,-13.1054,6.9991,0.99627,1.00323,6.61101,7.04797,6.72797,6.67984,6.76541,6.77045,6.78214,6.71268,0.9439,1.00707,0.78306,5
2023-09-01,21.7696,-13.1054,6.0778,0.86717,0.99627,6.62164,6.98261,6.61672,6.65067,6.66426,6.77978,6.5999,6.69594,0.9439,1.00707,0.78306,5
2023-09-02,21.7696,-13.1054,6.943,0.9923,0.86717,6.59266,6.0675,6.44494,6.50443,6.48981,6.65319,6.62598,6.56266,0.9439,1.00707,0.78306,5
2023-09-03,21.7696,-13.1054,7.0793,1.01264,0.9923,6.60382,6.9371,6.95164,6.94871,7.00275,6.98619,7.11082,7.00723,0.9439,1.00707,0.78306,5
2023-09-04,21.7696,-13.1054,7.2869,1.04513,1.01264,6.60849,7.06037,7.03862,6.94615,7.05427,6.97742,6.94447,7.01968,0.9439,1.00707,0.78306,5
2023-09-05,21.7696,-13.1054,6.5818,0.94443,1.04513,6.62223,7.28357,6.86047,6.82314,6.85334,6.825,6.71032,6.77115,0.9439,1.00707,0.78306,5
2023-09-06,21.7696,-13.1054,6.8383,0.984,0.94443,6.59084,6.5633,6.41378,6.32843,6.41149,6.42475,6.37622,6.39841,0.9439,1.00707,0.78306,5
2023-09-07,21.7696,-13.1054,5.9719,0.86169,0.984,6.60707,6.81962,6.53795,6.49294,6.5141,6.41027,6.41514,6.47918,0.9439,1.00707,0.78306,5
2023-09-08,21.7696,-13.1054,6.3626,0.92162,0.86169,6.5668,5.94881,6.0694,6.25419,6.09573,6.35337,5.90989,6.02144,0.9439,1.00707,0.78306,5
2023-09-09,21.7696,-13.1054,6.5935,0.9573,0.92162,6.54662,6.34775,6.37584,6.53327,6.41967,6.55018,6.54542,6.49693,0.9439,1.00707,0.78306,5
2023-09-10,21.7696,-13.1054,6.125,0.89201,0.9573,6.52504,6.57334,6.70269,6.71741,6.70879,6.69157,6.6134,6.55872,0.9439,1.00707,0.78306,5
2023-09-11,21.7696,-13.1054,5.7154,0.83508,0.89201,6.4683,6.10508,6.11765,6.24377,6.119,6.23835,5.95053,6.08297,0.9439,1.00707,0.78306,5
2023-09-12,21.7696,-13.1054,5.9621,0.87355,0.83508,6.40011,5.69948,5.75659,6.08625,5.76924,6.06403,5.86526,5.95303,0.9439,1.00707,0.78306,5
2023-09-13,21.7696,-13.1054,6.6557,0.97807,0.87355,6.37416,5.94449,6.10565,6.27538,6.10945,6.18335,6.12713,6.06989,0.9439,1.00707,0.78306,5
2023-09-14,21.7696,-13.1054,6.6578,0.98011,0.97807,6.36864,6.64394,6.62428,6.66158,6.62548,6.59751,6.51025,6.49303,0.9439,1.00707,0.78306,5
2023-09-15,21.7696,-13.1054,6.4778,0.95733,0.98011,6.35684,6.63193,6.72553,6.66403,6.69748,6.62515,6.74664,6.58927,0.9439,1.00707,0.78306,5
2023-09-16,21.7696,-13.1054,4.9001,0.72535,0.95733,6.34301,6.46727,6.63502,6.54562,6.59164,6.50107,6.55065,6.476,0.9439,1.00707,0.78306,5
2023-09-17,21.7696,-13.1054,5.9849,0.88898,0.72535,6.31357,4.88326,5.53193,5.68151,5.50385,5.58027,5.37206,5.37896,0.9439,1.00707,0.78306,5
2023-09-18,21.7696,-13.1054,5.5678,0.83149,0.88898,6.17641,5.95275,5.87745,5.88985,5.86211,5.6909,5.71073,5.62004,0.9439,1.00707,0.78306,5
2023-09-19,21.7696,-13.1054,5.8313,0.8738,0.83149,6.11969,5.54897,5.73155,5.97043,5.72079,5.87405,5.48122,5.55923,0.9439,1.00707,0.78306,5
2023-09-20,21.7696,-13.1054,5.9407,0.89458,0.8738,6.06785,5.8027,6.06619,6.15958,6.06228,6.06228,6.23448,6.13468,0.9439,1.00707,0.78306,5
2023-09-21,21.7696,-13.1054,6.2587,0.94525,0.89458,6.06937,5.92318,6.21086,6.27748,6.19409,6.19188,5.98006,6.11916,0.9439,1.00707,0.78306,5
2023-09-22,21.7696,-13.1054,6.4363,0.97403,0.94525,6.07287,6.24617,6.18721,6.2847,6.17961,6.21663,6.00938,6.03672,0.9439,1.00707,0.78306,5
2023-09-23,21.7696,-13.1054,6.4058,0.97144,0.97403,6.04598,6.42284,6.23887,6.29433,6.22156,6.24192,6.48126,6.28769,0.9439,1.00707,0.78306,5
2023-09-24,21.7696,-13.1054,6.4596,0.98372,0.97144,6.0215,6.37899,6.39574,6.38624,6.38335,6.36911,6.43254,6.39704,0.9439,1.00707,0.78306,5
2023-09-25,21.7696,-13.1054,6.6576,1.01638,0.98372,6.02968,6.44364,6.32234,6.36354,6.31953,6.36013,6.01381,6.16155,0.9439,1.00707,0.78306,5
2023-09-26,21.7696,-13.1054,6.0043,0.91922,1.01638,6.05048,6.63896,6.33609,6.39931,6.35229,6.43869,6.3663,6.39272,0.9439,1.00707,0.78306,5
2023-09-27,21.7696,-13.1054,6.5054,0.99837,0.91922,6.09352,5.98964,5.75362,5.80187,5.77437,5.92982,5.74348,5.87882,0.9439,1.00707,0.78306,5
2023-09-28,21.7696,-13.1054,6.4627,0.99344,0.99837,6.10663,6.49479,5.94118,6.05075,5.9445,6.00177,6.02566,6.0689,0.9439,1.00707,0.78306,5
2023-09-29,21.7696,-13.1054,6.3257,0.97548,0.99344,6.08553,6.44217,6.15912,6.15614,6.15377,6.16449,6.2131,6.27762,0.9439,1.00707,0.78306,5
2023-09-30,21.7696,-13.1054,6.1438,0.94927,0.97548,6.08356,6.31342,6.18963,6.20753,6.1664,6.17008,6.25802,6.27093,0.9439,1.00707,0.78306,5
2023-10-01,21.7696,-13.1054,5.9184,0.91821,0.94927,6.05029,6.11861,5.97002,6.03026,5.95523,5.98578,5.96447,6.14283,0.9439,1.00707,0.78306,5
2023-10-02,21.7696,-13.1054,6.4874,1.00787,0.91821,6.03817,5.91029,5.843,5.88094,5.84501,5.86356,6.00056,5.96896,0.9439,1.00707,0.78306,5
2023-10-03,21.7696,-13.1054,6.349,0.98758,1.00787,6.09728,6.4794,6.35618,6.43508,6.36305,6.39283,6.51501,6.40885,0.9439,1.00707,0.78306,5
2023-10-04,21.7696,-13.1054,5.4454,0.8488,0.98758,6.1238,6.33575,6.20108,6.20499,6.18422,6.19139,6.10531,6.17684,0.9439,1.00707,0.78306,5
2023-10-05,21.7696,-13.1054,5.7286,0.89554,0.8488,6.12951,5.42959,5.88966,5.96263,5.88062,5.9591,5.8036,5.92323,0.9439,1.00707,0.78306,5
2023-10-06,21.7696,-13.1054,5.8265,0.91476,0.89554,6.08135,5.7041,5.94923,6.03123,5.95377,5.94317,6.06617,5.92464,0.9439,1.00707,0.78306,5
2023-10-07,21.7696,-13.1054,6.3655,1.00515,0.91476,5.99934,5.79305,5.78535,5.87777,5.76761,5.74604,5.70409,5.62899,0.9439,1.00707,0.78306,5
2023-10-08,21.7696,-13.1054,6.1507,0.97706,1.00515,5.93746,6.32755,6.20066,6.31044,6.19438,6.2372,6.05392,5.97013,0.9439,1.00707,0.78306,5
2023-10-09,21.7696,-13.1054,6.0218,0.9617,0.97706,5.85594,6.11801,6.01882,6.04834,5.99746,6.01653,5.92406,5.92824,0.9439,1.00707,0.78306,5
2023-10-10,21.7696,-13.1054,5.9112,0.94985,0.9617,5.76877,5.98494,5.78159,5.82947,5.77135,5.79108,5.85806,5.79674,0.9439,1.00707,0.78306,5
2023-10-11,21.7696,-13.1054,6.469,1.04405,0.94985,5.71735,5.88531,5.66676,5.70824,5.67527,5.71076,5.60525,5.61956,0.9439,1.00707,0.78306,5
2023-10-12,21.7696,-13.1054,6.3257,1.02614,1.04405,5.66321,6.4361,6.05455,6.16048,6.07079,6.14637,6.20178,6.08231,0.9439,1.00707,0.78306,5
2023-10-13,21.7696,-13.1054,6.0377,0.98335,1.02614,5.62304,6.30043,5.96719,5.98898,5.96579,6.02582,5.82617,5.89209,0.9439,1.00707,0.78306,5
2023-10-14,21.7696,-13.1054,5.6486,0.92278,0.98335,5.59699,6.0194,5.81872,5.84671,5.8019,5.85975,5.70977,5.82462,0.9439,1.00707,0.78306,5
2023-10-15,21.7696,-13.1054,6.3538,1.04324,0.92278,5.55547,5.62013,5.53357,5.5812,5.53505,5.60646,5.60647,5.65751,0.9439,1.00707,0.78306,5
2023-10-16,21.7696,-13.1054,6.0866,1.00358,1.04324,5.50517,6.32713,5.93253,6.11356,5.98,6.12062,6.14809,6.07874,0.9439,1.00707,0.78306,5
2023-10-17,21.7696,-13.1054,6.0403,1.00327,1.00358,5.46681,6.04215,5.74418,5.79534,5.76268,5.88717,5.62935,5.77958,0.9439,1.00707,0.78306,5
2023-10-18,21.7696,-13.1054,6.1562,1.02951,1.00327,5.39449,5.99933,5.72941,5.83332,5.69529,5.78575,5.66349,5.6386,0.9439,1.00707,0.78306,5
2023-10-19,21.7696,-13.1054,6.0506,1.01983,1.02951,5.28452,6.10804,5.6813,5.80287,5.63607,5.71449,5.69324,5.63448,0.9439,1.00707,0.78306,5
2023-10-20,21.7696,-13.1054,5.9647,1.01222,1.01983,5.16238,6.0095,5.64972,5.74878,5.63673,5.75127,5.77517,5.65304,0.9439,1.00707,0.78306,5
2023-10-21,21.7696,-13.1054,5.9071,1.00691,1.01222,5.14075,5.93825,5.72358,5.77825,5.71236,5.76725,5.82297,5.71109,0.9439,1.00707,0.78306,5
2023-10-22,21.7696,-13.1054,5.3525,0.915,1.00691,5.14822,5.89018,5.72444,5.76918,5.69442,5.74101,5.67775,5.61004,0.9439,1.00707,0.78306,5
2023-10-23,21.7696,-13.1054,5.987,1.02478,0.915,5.16924,5.34565,5.42284,5.3361,5.34413,5.3496,5.22482,5.22772,0.9439,1.00707,0.78306,5
2023-10-24,21.7696,-13.1054,5.9731,1.02436,1.02478,5.20924,5.97555,5.68485,5.82123,5.62257,5.70057,5.63117,5.43847,0.9439,1.00707,0.78306,5
2023-10-25,21.7696,-13.1054,5.6575,0.97166,1.02436,5.25631,5.96435,5.75253,5.84684,5.72318,5.83277,5.71692,5.53976,0.9439,1.00707,0.78306,5
2023-10-26,21.7696,-13.1054,5.8615,1.00991,0.97166,5.28575,5.63946,5.66616,5.7167,5.66861,5.76223,5.62557,5.61549,0.9439,1.00707,0.78306,5
2023-10-27,21.7696,-13.1054,5.6218,0.97037,1.00991,5.30597,5.8509,5.5989,5.72503,5.61338,5.7384,5.56985,5.57249,0.9439,1.00707,0.78306,5
2023-10-28,21.7696,-13.1054,5.5997,0.97042,0.97037,5.30804,5.59943,5.43412,5.49175,5.43876,5.5323,5.60973,5.53238,0.9439,1.00707,0.78306,5
2023-10-29,21.7696,-13.1054,5.5373,0.96314,0.97042,5.30629,5.57916,5.43898,5.52189,5.4204,5.47654,5.64604,5.6084,0.9439,1.00707,0.78306,5
2023-10-30,21.7696,-13.1054,5.459,0.95273,0.96314,5.30107,5.51864,5.37314,5.44039,5.31821,5.33174,5.37306,5.53083,0.9439,1.00707,0.78306,5
2023-10-31,21.7696,-13.1054,5.6198,0.98486,0.95273,5.31432,5.43642,5.38623,5.43529,5.2985,5.32449,5.32634,5.40493,0.9439,1.00707,0.78306,5
2023-11-01,21.7696,-13.1054,5.7427,1.0087,0.98486,5.31424,5.607,5.57132,5.64675,5.4999,5.55095,5.62782,5.47943,0.9439,1.00707,0.78306,5
2023-11-02,21.7696,-13.1054,5.833,1.02803,1.0087,5.31617,5.72333,5.58703,5.66541,5.55908,5.61986,5.58418,5.57716,0.9439,1.00707,0.78306,5
2023-11-03,21.7696,-13.1054,5.7533,1.01653,1.02803,5.32373,5.81835,5.6094,5.68447,5.62826,5.70269,5.58527,5.64193,0.9439,1.00707,0.78306,5
2023-11-04,21.7696,-13.1054,5.761,1.02103,1.01653,5.34987,5.73564,5.63745,5.6737,5.66193,5.70825,5.71512,5.63403,0.9439,1.00707,0.78306,5
2023-11-05,21.7696,-13.1054,5.7,1.01317,1.02103,5.34463,5.74423,5.60995,5.61108,5.605,5.60667,5.75222,5.54354,0.9439,1.00707,0.78306,5
2023-11-06,21.7696,-13.1054,5.7382,1.02199,1.01317,5.35862,5.68864,5.6205,5.60719,5.5812,5.5933,5.64523,5.51865,0.9439,1.00707,0.78306,5
2023-11-07,21.7696,-13.1054,5.7343,1.02667,1.02199,5.31276,5.7082,5.55024,5.52194,5.51893,5.49728,5.49826,5.46308,0.9439,1.00707,0.78306,5
2023-11-08,21.7696,-13.1054,5.4439,0.98026,1.02667,5.23962,5.70161,5.50623,5.43286,5.50818,5.43502,5.54783,5.46652,0.9439,1.00707,0.78306,5
2023-11-09,21.7696,-13.1054,5.1437,0.93236,0.98026,5.13628,5.40794,5.45421,5.33168,5.47092,5.35777,5.44507,5.31873,0.9439,1.00707,0.78306,5
2023-11-10,21.7696,-13.1054,5.417,0.98691,0.93236,5.06885,5.1176,5.34385,5.26741,5.34582,5.25898,5.24757,5.14498,0.9439,1.00707,0.78306,5
2023-11-11,21.7696,-13.1054,5.4485,0.99992,0.98691,4.96418,5.37764,5.29046,5.34642,5.29731,5.31659,5.12325,5.10926,0.9439,1.00707,0.78306,5
2023-11-12,21.7696,-13.1054,5.6455,1.04179,0.99992,4.90103,5.41856,5.25022,5.33104,5.26388,5.32202,5.1868,5.15627,0.9439,1.00707,0.78306,5
2023-11-13,21.7696,-13.1054,5.5471,1.02943,1.04179,4.86767,5.61371,5.27223,5.39698,5.28179,5.38579,5.41113,5.30878,0.9439,1.00707,0.78306,5
2023-11-14,21.7696,-13.1054,5.4763,1.02218,1.02943,4.83292,5.51517,5.18553,5.25783,5.20011,5.28808,5.04847,5.14136,0.9439,1.00707,0.78306,5
2023-11-15,21.7696,-13.1054,5.525,1.03606,1.02218,4.77533,5.45097,5.08961,5.15614,5.13846,5.19467,5.14109,5.16053,0.9439,1.00707,0.78306,5
2023-11-16,21.7696,-13.1054,5.3105,1.00014,1.03606,4.76099,5.50122,4.94174,4.9913,4.98886,5.06903,5.12207,5.10476,0.9439,1.00707,0.78306,5
2023-11-17,21.7696,-13.1054,5.2392,0.98987,1.00014,4.75946,5.29354,5.12363,5.18504,5.15806,5.21623,5.38045,5.18851,0.9439,1.00707,0.78306,5
2023-11-18,21.7696,-13.1054,5.2997,1.00534,0.98987,4.71686,5.21819,5.05947,5.13019,5.0915,5.14223,5.05969,5.1093,0.9439,1.00707,0.78306,5
2023-11-19,21.7696,-13.1054,5.1324,0.97591,1.00534,4.73277,5.28717,5.08809,5.18706,5.11803,5.1883,5.17268,5.13591,0.9439,1.00707,0.78306,5
2023-11-20,21.7696,-13.1054,4.6987,0.89674,0.97591,4.70293,5.11353,4.88964,4.91316,4.92133,4.96358,4.89797,4.98874,0.9439,1.00707,0.78306,5
2023-11-21,21.7696,-13.1054,4.069,0.78145,0.89674,4.64881,4.66929,4.51641,4.46548,4.5334,4.51851,4.56782,4.72248,0.9439,1.00707,0.78306,5
2023-11-22,21.7696,-13.1054,4.0939,0.79146,0.78145,4.59579,4.04215,4.1176,4.11522,4.13383,4.16431,4.11314,4.37327,0.9439,1.00707,0.78306,5
2023-11-23,21.7696,-13.1054,5.3059,1.02948,0.79146,4.57275,4.07913,4.09607,4.10289,4.13804,4.24407,4.27491,4.40501,0.9439,1.00707,0.78306,5
2023-11-24,21.7696,-13.1054,5.3786,1.04603,1.02948,4.60612,5.29352,4.76856,4.89692,4.78589,4.84652,4.92777,4.90609,0.9439,1.00707,0.78306,5
2023-11-25,21.7696,-13.1054,5.191,1.01324,1.04603,4.60255,5.35897,5.01386,5.11492,5.00478,5.1184,5.12062,5.06031,0.9439,1.00707,0.78306,5
2023-11-26,21.7696,-13.1054,5.1799,1.01265,1.01324,4.64487,5.18294,5.02731,5.07305,5.00072,5.08801,5.04161,5.01368,0.9439,1.00707,0.78306,5
2023-11-27,21.7696,-13.1054,5.087,0.99741,1.01265,4.65998,5.16474,5.02209,5.06689,4.97838,5.07757,4.98003,4.97285,0.9439,1.00707,0.78306,5
2023-11-28,21.7696,-13.1054,4.8298,0.9516,0.99741,4.61581,5.06227,4.91326,4.93555,4.8896,4.93582,4.85784,4.85061,0.9439,1.00707,0.78306,5
2023-11-29,21.7696,-13.1054,5.2361,1.03392,0.9516,4.60927,4.81921,4.7405,4.70748,4.7485,4.71616,4.7292,4.74223,0.9439,1.00707,0.78306,5
2023-11-30,21.7696,-13.1054,4.2264,0.83739,1.03392,4.61498,5.21834,4.94328,5.06391,4.93956,5.03133,4.98947,4.9615,0.9439,1.00707,0.78306,5
2023-12-01,21.7696,-13.1054,4.679,0.92962,0.83739,4.60762,4.21477,4.35152,4.24716,4.30747,4.19335,4.35282,4.42354,0.9439,1.00707,0.78306,5
2023-12-02,21.7696,-13.1054,4.7918,0.95366,0.92962,4.61539,4.671,4.53048,4.52647,4.50038,4.43173,4.44776,4.42199,0.9439,1.00707,0.78306,5
2023-12-03,21.7696,-13.1054,4.7926,0.95419,0.95366,4.66306,4.78994,4.77086,4.79193,4.75563,4.7616,4.80945,4.74068,0.9439,1.00707,0.78306,5
2023-12-04,21.7696,-13.1054,4.9579,0.98989,0.95419,4.64964,4.77908,4.83355,4.85968,4.83979,4.85267,4.99473,4.92481,0.9439,1.00707,0.78306,5
2023-12-05,21.7696,-13.1054,4.087,0.81734,0.98989,4.65983,4.94985,4.72365,4.71881,4.73016,4.71566,4.54254,4.68493,0.9439,1.00707,0.78306,5
2023-12-06,21.7696,-13.1054,3.6242,0.72619,0.81734,4.66489,4.07911,4.08431,4.0141,4.07584,3.95431,4.05751,4.084,0.9439,1.00707,0.78306,5
2023-12-07,21.7696,-13.1054,3.6,0.7209,0.72619,4.71772,3.62639,3.95783,3.92288,3.93745,3.78917,4.26321,4.09726,0.9439,1.00707,0.78306,5
2023-12-08,21.7696,-13.1054,4.7899,0.96009,0.7209,4.75009,3.5966,3.9899,3.92341,3.98087,3.90803,4.16741,4.24516,0.9439,1.00707,0.78306,5
2023-12-09,21.7696,-13.1054,4.8449,0.97177,0.96009,4.75259,4.78664,4.6633,4.62458,4.68967,4.6482,4.727,4.86238,0.9439,1.00707,0.78306,5
2023-12-10,21.7696,-13.1054,4.0829,0.82004,0.97177,4.74485,4.83837,4.59807,4.55762,4.63302,4.61594,4.68626,4.84663,0.9439,1.00707,0.78306,5
2023-12-11,21.7696,-13.1054,4.4614,0.89883,0.82004,4.70839,4.07031,4.30366,4.23287,4.33296,4.35106,4.46284,4.60447,0.9439,1.00707,0.78306,5
2023-12-12,21.7696,-13.1054,3.7082,0.74956,0.89883,4.66641,4.4467,4.77024,4.74303,4.79831,4.71687,4.9936,4.85579,0.9439,1.00707,0.78306,5
2023-12-13,21.7696,-13.1054,4.11,0.83006,0.74956,4.68588,3.71138,4.50429,4.49052,4.50452,4.47351,4.396,4.46533,0.9439,1.00707,0.78306,5
2023-12-14,21.7696,-13.1054,4.7978,0.96993,0.83006,4.68801,4.10592,4.56123,4.50782,4.55959,4.50237,4.40642,4.37801,0.9439,1.00707,0.78306,5
2023-12-15,21.7696,-13.1054,4.925,0.99759,0.96993,4.64945,4.78846,4.76217,4.78944,4.74407,4.76836,4.65853,4.68091,0.9439,1.00707,0.78306,5
2023-12-16,21.7696,-13.1054,4.4882,0.91247,0.99759,4.58897,4.9069,4.77354,4.82303,4.75451,4.8073,4.75699,4.68363,0.9439,1.00707,0.78306,5
2023-12-17,21.7696,-13.1054,3.6953,0.75448,0.91247,4.55033,4.46912,4.71272,4.65217,4.70557,4.64033,4.57445,4.61845,0.9439,1.00707,0.78306,5
2023-12-18,21.7696,-13.1054,4.2715,0.87599,0.75448,4.51619,3.67897,4.37991,4.25407,4.38209,4.22172,4.29404,4.31027,0.9439,1.00707,0.78306,5
2023-12-19,21.7696,-13.1054,4.8444,0.99626,0.87599,4.48865,4.25957,4.57522,4.4856,4.59848,4.43546,4.55242,4.51737,0.9439,1.00707,0.78306,5
2023-12-20,21.7696,-13.1054,3.9482,0.81506,0.99626,4.42718,4.82596,4.53224,4.53086,4.57058,4.55018,4.40848,4.52823,0.9439,1.00707,0.78306,5
2023-12-21,21.7696,-13.1054,5.1242,1.05966,0.81506,4.40353,3.94137,4.03021,4.03668,4.07906,4.17662,4.03981,4.2717,0.9439,1.00707,0.78306,5
2023-12-22,21.7696,-13.1054,5.1576,1.06854,1.05966,4.37046,5.11475,4.67143,4.75695,4.75581,4.76604,4.80112,4.69141,0.9439,1.00707,0.78306,5
2023-12-23,21.7696,-13.1054,4.4753,0.9288,1.06854,4.35177,5.14863,4.75975,4.80306,4.79121,4.81649,4.72352,4.68205,0.9439,1.00707,0.78306,5
2023-12-24,21.7696,-13.1054,3.9547,0.82221,0.9288,4.33539,4.46739,4.39613,4.27647,4.40474,4.32409,4.41602,4.42919,0.9439,1.00707,0.78306,5
2023-12-25,21.7696,-13.1054,3.6096,0.75278,0.82221,4.3193,3.94251,4.12947,4.0745,4.1319,4.04907,4.02364,4.18904,0.9439,1.00707,0.78306,5
2023-12-26,21.7696,-13.1054,4.6589,0.97206,0.75278,4.33382,3.60791,3.88787,3.77497,3.88478,3.74498,3.80255,3.94615,0.9439,1.00707,0.78306,5
2023-12-27,21.7696,-13.1054,4.9644,1.03482,0.97206,4.36318,4.66334,4.38274,4.35457,4.36836,4.32843,4.30716,4.21954,0.9439,1.00707,0.78306,5
2023-12-28,21.7696,-13.1054,4.8358,1.00919,1.03482,4.35956,4.95861,4.62144,4.70453,4.58691,4.68988,4.7213,4.6263,0.9439,1.00707,0.78306,5
2023-12-29,21.7696,-13.1054,4.8398,1.00867,1.00919,4.30535,4.84226,4.44625,4.45054,4.41257,4.45245,4.40602,4.4596,0.9439,1.00707,0.78306,5
2023-12-30,21.7696,-13.1054,4.7244,0.98098,1.00867,4.34239,4.85777,4.43196,4.44537,4.42579,4.44615,4.42542,4.47845,0.9439,1.00707,0.78306,5
2023-12-31,21.7696,-13.1054,5.0556,1.04582,0.98098,4.36214,4.74217,4.36308,4.34339,4.35765,4.34311,4.5578,4.45503,0.9439,1.00707,0.78306,5
2024-01-01,21.7696,-13.1054,4.5271,0.93291,1.04582,4.39771,5.07499,4.68249,4.79714,4.66838,4.78841,4.83078,4.69884,0.9439,1.00707,0.78306,5
2024-01-02,21.7696,-13.1054,4.2233,0.86753,0.93291,4.42232,4.54159,4.41093,4.35046,4.38515,4.35601,4.36953,4.49719,0.9439,1.00707,0.78306,5
2024-01-03,21.7696,-13.1054,5.004,1.02389,0.86753,4.44616,4.23984,4.25452,4.19154,4.24117,4.14177,4.42487,4.35675,0.9439,1.00707,0.78306,5
2024-01-04,21.7696,-13.1054,5.1062,1.0385,1.02389,4.50248,5.03435,4.80739,4.92326,4.81673,4.90098,4.94812,4.84531,0.9439,1.00707,0.78306,5
2024-01-05,21.7696,-13.1054,5.2514,1.06291,1.0385,4.5116,5.13082,4.83586,4.92959,4.83159,4.93621,4.82097,4.83777,0.9439,1.00707,0.78306,5
2024-01-06,21.7696,-13.1054,5.2123,1.05182,1.06291,4.52402,5.26723,4.84942,4.9549,4.83279,4.96648,4.8828,4.91923,0.9439,1.00707,0.78306,5
2024-01-07,21.7696,-13.1054,4.669,0.94102,1.05182,4.50425,5.21876,4.77365,4.83746,4.74828,4.86437,4.76402,4.83209,0.9439,1.00707,0.78306,5
2024-01-08,21.7696,-13.1054,5.1941,1.04371,0.94102,4.49797,4.68306,4.50995,4.4558,4.49211,4.46539,4.52777,4.52365,0.9439,1.00707,0.78306,5
2024-01-09,21.7696,-13.1054,3.9029,0.77836,1.04371,4.52624,5.23342,4.80461,4.91878,4.79912,4.90164,4.87235,4.81673,0.9439,1.00707,0.78306,5
2024-01-10,21.7696,-13.1054,5.1312,1.01791,0.77836,4.54534,3.92365,3.96245,3.89898,3.93542,3.72765,3.92646,4.00198,0.9439,1.00707,0.78306,5
2024-01-11,21.7696,-13.1054,5.0863,1.00388,1.01791,4.56096,5.1574,4.6752,4.69797,4.65901,4.68062,4.83606,4.64373,0.9439,1.00707,0.78306,5
2024-01-12,21.7696,-13.1054,4.8758,0.9546,1.00388,4.62682,5.12749,4.78501,4.78381,4.74454,4.77311,4.74783,4.71514,0.9439,1.00707,0.78306,5
2024-01-13,21.7696,-13.1054,4.5103,0.87805,0.9546,4.71205,4.90355,4.75861,4.68765,4.71248,4.65848,4.78413,4.7072,0.9439,1.00707,0.78306,5
2024-01-14,21.7696,-13.1054,3.461,0.6705,0.87805,4.75321,4.53229,4.33101,4.16941,4.29245,4.05416,4.28162,4.42803,0.9439,1.00707,0.78306,5
2024-01-15,21.7696,-13.1054,4.5324,0.87286,0.6705,4.81847,3.48165,4.05551,3.81456,4.06694,3.93896,4.43341,4.32136,0.9439,1.00707,0.78306,5
2024-01-16,21.7696,-13.1054,4.6901,0.89682,0.87286,4.85932,4.5648,4.41631,4.2228,4.45594,4.41315,4.59547,4.65095,0.9439,1.00707,0.78306,5
2024-01-17,21.7696,-13.1054,4.0433,0.76822,0.89682,4.87419,4.72015,4.39026,4.23327,4.40875,4.32127,4.53895,4.76775,0.9439,1.00707,0.78306,5
2024-01-18,21.7696,-13.1054,4.6517,0.87907,0.76822,4.89468,4.06509,4.23111,3.9757,4.21978,3.92306,4.42653,4.60761,0.9439,1.00707,0.78306,5
2024-01-19,21.7696,-13.1054,4.7172,0.88771,0.87907,4.90451,4.6713,4.57301,4.37572,4.56344,4.34107,4.78953,4.68931,0.9439,1.00707,0.78306,5
2024-01-20,21.7696,-13.1054,4.9879,0.9332,0.88771,4.94633,4.74476,4.66193,4.5013,4.61031,4.41495,4.71315,4.58507,0.9439,1.00707,0.78306,5
2024-01-21,21.7696,-13.1054,5.1298,0.95222,0.9332,5.01035,5.02733,5.03402,4.9912,4.96385,4.97379,5.06646,4.82061,0.9439,1.00707,0.78306,5
2024-01-22,21.7696,-13.1054,4.5002,0.82759,0.95222,5.08097,5.17789,5.01889,4.934,4.98889,4.89211,4.84486,4.95411,0.9439,1.00707,0.78306,5
2024-01-23,21.7696,-13.1054,3.8813,0.70881,0.82759,5.12574,4.53171,4.50691,4.30351,4.53122,4.46089,4.53897,4.74761,0.9439,1.00707,0.78306,5
2024-01-24,21.7696,-13.1054,3.4121,0.61943,0.70881,5.16293,3.90449,4.48302,4.2813,4.55219,4.66478,4.7611,4.81548,0.9439,1.00707,0.78306,5
2024-01-25,21.7696,-13.1054,4.5691,0.82427,0.61943,5.19203,3.43362,4.51492,4.33742,4.59176,4.69571,4.68424,4.93801,0.9439,1.00707,0.78306,5
2024-01-26,21.7696,-13.1054,5.2349,0.93825,0.82427,5.22855,4.59894,5.17793,5.03767,5.25,5.14852,5.17923,5.30968,0.9439,1.00707,0.78306,5
2024-01-27,21.7696,-13.1054,5.3064,0.94731,0.93825,5.23214,5.25563,5.42855,5.43438,5.47598,5.4034,5.48448,5.4091,0.9439,1.00707,0.78306,5
2024-01-28,21.7696,-13.1054,5.5248,0.98226,0.94731,5.25426,5.32821,5.40441,5.41347,5.45676,5.38868,5.43171,5.35733,0.9439,1.00707,0.78306,5
2024-01-29,21.7696,-13.1054,5.5769,0.98648,0.98226,5.28565,5.55304,5.52777,5.58023,5.56986,5.53989,5.3552,5.3883,0.9439,1.00707,0.78306,5
2024-01-30,21.7696,-13.1054,5.4979,0.96651,0.98648,5.31667,5.61152,5.5602,5.60781,5.59558,5.57664,5.36225,5.46474,0.9439,1.00707,0.78306,5
2024-01-31,21.7696,-13.1054,5.7278,1.00206,0.96651,5.30456,5.52457,5.52778,5.55204,5.55676,5.52375,5.49229,5.52975,0.9439,1.00707,0.78306,5
2024-02-01,21.7696,-13.1054,4.9538,0.86125,1.00206,5.34625,5.76373,5.61823,5.69566,5.64464,5.65897,5.6355,5.69628,0.9439,1.00707,0.78306,5
2024-02-02,21.7696,-13.1054,5.4862,0.94778,0.86125,5.3909,4.98536,5.20354,5.10367,5.22731,5.119,5.18541,5.33133,0.9439,1.00707,0.78306,5
2024-02-03,21.7696,-13.1054,5.7946,0.99538,0.94778,5.44984,5.51745,5.6537,5.67351,5.71857,5.63805,5.77866,5.70641,0.9439,1.00707,0.78306,5
2024-02-04,21.7696,-13.1054,5.7619,0.98492,0.99538,5.50055,5.82311,5.66047,5.69521,5.70881,5.67506,5.67019,5.8057,0.9439,1.00707,0.78306,5
2024-02-05,21.7696,-13.1054,5.6112,0.95467,0.98492,5.52892,5.78899,5.56066,5.54046,5.58875,5.53671,5.66186,5.71807,0.9439,1.00707,0.78306,5
2024-02-06,21.7696,-13.1054,5.467,0.92557,0.95467,5.55948,5.63891,5.68636,5.6709,5.72399,5.65306,5.66006,5.8079,0.9439,1.00707,0.78306,5
2024-02-07,21.7696,-13.1054,5.2942,0.89294,0.92557,5.56692,5.48765,5.74975,5.7338,5.79985,5.70293,5.79284,5.81226,0.9439,1.00707,0.78306,5
2024-02-08,21.7696,-13.1054,5.8344,0.9852,0.89294,5.48097,5.28806,5.52019,5.46896,5.57563,5.47034,5.48779,5.53302,0.9439,1.00707,0.78306,5
2024-02-09,21.7696,-13.1054,5.9698,1.00957,0.9852,5.43282,5.82566,5.65058,5.70632,5.7118,5.68602,5.68838,5.71118,0.9439,1.00707,0.78306,5
2024-02-10,21.7696,-13.1054,5.4742,0.92496,1.00957,5.41807,5.97496,5.55449,5.57809,5.57066,5.58194,5.5243,5.6572,0.9439,1.00707,0.78306,5
2024-02-11,21.7696,-13.1054,5.8493,0.98784,0.92496,5.38931,5.47698,5.41649,5.36544,5.38196,5.34858,5.32872,5.41091,0.9439,1.00707,0.78306,5
2024-02-12,21.7696,-13.1054,6.0492,1.01827,0.98784,5.39586,5.8684,5.66925,5.72719,5.63963,5.7069,5.4538,5.52606,0.9439,1.00707,0.78306,5
2024-02-13,21.7696,-13.1054,5.5978,0.93781,1.01827,5.40352,6.07805,5.71147,5.76914,5.69128,5.75372,5.66641,5.62092,0.9439,1.00707,0.78306,5
2024-02-14,21.7696,-13.1054,6.0857,1.01377,0.93781,5.45819,5.62974,5.4847,5.3851,5.4535,5.33279,5.30147,5.35884,0.9439,1.00707,0.78306,5
2024-02-15,21.7696,-13.1054,6.0694,1.00526,1.01377,5.52212,6.12077,5.74582,5.672,5.72306,5.61386,5.74245,5.55929,0.9439,1.00707,0.78306,5
2024-02-16,21.7696,-13.1054,5.8824,0.97136,1.00526,5.50179,6.08772,5.6573,5.62833,5.65186,5.6197,5.77477,5.63569,0.9439,1.00707,0.78306,5
2024-02-17,21.7696,-13.1054,6.2602,1.0348,0.97136,5.45113,5.87641,5.33257,5.21442,5.35202,5.25514,5.61316,5.5683,0.9439,1.00707,0.78306,5
2024-02-18,21.7696,-13.1054,6.1541,1.01342,1.0348,5.4591,6.28391,5.72361,5.74851,5.75222,5.76189,5.94861,5.85097,0.9439,1.00707,0.78306,5
2024-02-19,21.7696,-13.1054,5.7499,0.94311,1.01342,5.45087,6.17855,5.74474,5.77122,5.76532,5.79447,5.94489,5.85808,0.9439,1.00707,0.78306,5
2024-02-20,21.7696,-13.1054,6.0696,0.98852,0.94311,5.50373,5.79079,5.77848,5.80495,5.7868,5.80901,6.11222,5.85046,0.9439,1.00707,0.78306,5
2024-02-21,21.7696,-13.1054,5.7612,0.93228,0.98852,5.57476,6.10876,5.86347,5.95206,5.92327,5.9284,5.85886,5.83644,0.9439,1.00707,0.78306,5
2024-02-22,21.7696,-13.1054,6.2695,1.00705,0.93228,5.67177,5.80397,5.38363,5.31722,5.42748,5.38955,5.47788,5.64647,0.9439,1.00707,0.78306,5
2024-02-23,21.7696,-13.1054,6.5599,1.04357,1.00705,5.81952,6.33034,6.06223,6.14518,6.10433,6.12568,6.35342,6.16676,0.9439,1.00707,0.78306,5
2024-02-24,21.7696,-13.1054,6.1159,0.96272,1.04357,5.93176,6.62954,6.22214,6.31037,6.28885,6.30809,6.12398,6.22867,0.9439,1.00707,0.78306,5
2024-02-25,21.7696,-13.1054,6.3067,0.98238,0.96272,6.03532,6.1805,6.25887,6.24575,6.29955,6.24882,6.33257,6.32181,0.9439,1.00707,0.78306,5
2024-02-26,21.7696,-13.1054,6.2666,0.96695,0.98238,6.14286,6.36659,6.36468,6.39579,6.386,6.37029,6.42274,6.2832,0.9439,1.00707,0.78306,5
2024-02-27,21.7696,-13.1054,6.4068,0.98124,0.96695,6.22318,6.31347,6.35403,6.33522,6.3657,6.33201,6.32743,6.19473,0.9439,1.00707,0.78306,5
2024-02-28,21.7696,-13.1054,5.9201,0.90295,0.98124,6.25185,6.43338,6.39671,6.39925,6.34863,6.37882,6.26994,6.29676,0.9439,1.00707,0.78306,5
2024-02-29,21.7696,-13.1054,4.859,0.73977,0.90295,6.22978,5.93081,6.04008,5.98026,5.98759,5.94533,6.0311,5.95529,0.9439,1.00707,0.78306,5
2024-03-01,21.7696,-13.1054,5.1509,0.78229,0.73977,6.21529,4.87097,5.59382,5.46291,5.58465,5.42463,5.54182,5.54266,0.9439,1.00707,0.78306,5
2024-03-02,21.7696,-13.1054,6.6005,0.99926,0.78229,6.2863,5.1673,5.85751,5.74425,5.84458,5.72463,5.91837,5.82142,0.9439,1.00707,0.78306,5
2024-03-03,21.7696,-13.1054,6.7438,1.01333,0.99926,6.39098,6.65017,6.63947,6.66929,6.60874,6.65546,6.62413,6.53472,0.9439,1.00707,0.78306,5
2024-03-04,21.7696,-13.1054,6.9276,1.03445,1.01333,6.45724,6.78614,6.69487,6.71194,6.65556,6.69736,6.68762,6.63742,0.9439,1.00707,0.78306,5
2024-03-05,21.7696,-13.1054,6.9511,1.03038,1.03445,6.55066,6.97858,6.80038,6.83539,6.80776,6.80879,6.62314,6.7897,0.9439,1.00707,0.78306,5
2024-03-06,21.7696,-13.1054,6.8563,1.01338,1.03038,6.55372,6.97133,6.74846,6.76668,6.77394,6.75447,6.70824,6.67001,0.9439,1.00707,0.78306,5
2024-03-07,21.7696,-13.1054,6.557,0.9656,1.01338,6.55788,6.88142,6.70574,6.71024,6.70471,6.6921,6.68962,6.56459,0.9439,1.00707,0.78306,5
2024-03-08,21.7696,-13.1054,6.5556,0.96192,0.9656,6.56681,6.5807,6.68446,6.65247,6.64347,6.62725,6.62434,6.5578,0.9439,1.00707,0.78306,5
2024-03-09,21.7696,-13.1054,6.8803,1.00334,0.96192,6.62929,6.59625,6.78829,6.75795,6.72956,6.76567,6.82728,6.80669,0.9439,1.00707,0.78306,5
2024-03-10,21.7696,-13.1054,6.0919,0.88318,1.00334,6.67797,6.92071,6.55387,6.58376,6.52772,6.52192,6.57313,6.56984,0.9439,1.00707,0.78306,5
2024-03-11,21.7696,-13.1054,5.9582,0.86096,0.88318,6.68805,6.11203,5.97612,6.10328,5.96686,6.07547,5.88626,6.05954,0.9439,1.00707,0.78306,5
2024-03-12,21.7696,-13.1054,6.5806,0.94641,0.86096,6.68933,5.98641,6.1574,6.0623,6.18149,6.10831,6.29228,6.22798,0.9439,1.00707,0.78306,5
2024-03-13,21.7696,-13.1054,7.2038,1.0326,0.94641,6.68421,6.60254,6.37142,6.2222,6.42131,6.32523,6.37004,6.33261,0.9439,1.00707,0.78306,5
2024-03-14,21.7696,-13.1054,7.337,1.04647,1.0326,6.70317,7.23971,6.93036,6.9834,6.95262,6.96995,7.21499,6.95201,0.9439,1.00707,0.78306,5
2024-03-15,21.7696,-13.1054,7.4719,1.05823,1.04647,6.777,7.38888,7.01698,7.07413,7.03481,7.06739,7.12101,7.0466,0.9439,1.00707,0.78306,5
2024-03-16,21.7696,-13.1054,7.2238,1.01632,1.05823,6.8691,7.5217,7.06578,7.09576,7.0978,7.11071,7.03576,7.11945,0.9439,1.00707,0.78306,5
2024-03-17,21.7696,-13.1054,6.9883,0.97608,1.01632,6.90663,7.27641,7.00654,6.96024,7.03823,6.9891,7.01961,7.06611,0.9439,1.00707,0.78306,5
2024-03-18,21.7696,-13.1054,6.5184,0.90585,0.97608,6.9215,7.02373,7.01049,6.95673,7.04271,6.9831,7.1846,7.07795,0.9439,1.00707,0.78306,5
2024-03-19,21.7696,-13.1054,7.0824,0.98134,0.90585,6.87785,6.53762,6.59437,6.39629,6.62053,6.46971,6.54287,6.68334,0.9439,1.00707,0.78306,5
2024-03-20,21.7696,-13.1054,7.1009,0.98299,0.98134,6.84422,7.08894,6.96612,6.88594,6.95219,6.85453,7.11333,7.03927,0.9439,1.00707,0.78306,5
2024-03-21,21.7696,-13.1054,6.7488,0.93095,0.98299,6.86467,7.12605,7.01572,6.97835,6.97158,6.88722,7.00066,7.06185,0.9439,1.00707,0.78306,5
2024-03-22,21.7696,-13.1054,7.4057,1.01962,0.93095,6.84481,6.76169,7.01339,6.96899,6.94601,6.95187,7.1105,7.05469,0.9439,1.00707,0.78306,5
2024-03-23,21.7696,-13.1054,7.6118,1.0456,1.01962,6.84662,7.42271,7.19084,7.26517,7.13993,7.25193,7.12607,7.13468,0.9439,1.00707,0.78306,5
2024-03-24,21.7696,-13.1054,7.3685,1.01043,1.0456,6.8364,7.62497,7.26874,7.36307,7.16311,7.38047,7.11689,7.19843,0.9439,1.00707,0.78306,5
2024-03-25,21.7696,-13.1054,7.428,1.01512,1.01043,6.88431,7.39365,7.27553,7.31499,7.15395,7.36787,6.96607,7.09914,0.9439,1.00707,0.78306,5
2024-03-26,21.7696,-13.1054,7.3282,0.99835,1.01512,6.90041,7.4513,7.27415,7.3285,7.20922,7.3341,7.14467,7.13589,0.9439,1.00707,0.78306,5
2024-03-27,21.7696,-13.1054,6.7858,0.92112,0.99835,6.93543,7.35476,7.2598,7.29346,7.24996,7.27687,7.19455,7.24254,0.9439,1.00707,0.78306,5
2024-03-28,21.7696,-13.1054,7.2384,0.97726,0.92112,7.01099,6.82255,7.09391,7.02486,7.07554,6.99566,7.13929,7.12917,0.9439,1.00707,0.78306,5
2024-03-29,21.7696,-13.1054,7.8346,1.05412,0.97726,7.06918,7.26333,7.12275,7.08919,7.12962,7.06954,7.03243,7.12773,0.9439,1.00707,0.78306,5
2024-03-30,21.7696,-13.1054,7.8583,1.05473,1.05412,7.0787,7.85383,7.44966,7.55138,7.40584,7.53027,7.54634,7.50907,0.9439,1.00707,0.78306,5
2024-03-31,21.7696,-13.1054,7.4873,1.00319,1.05473,7.08314,7.87196,7.40973,7.47118,7.37981,7.46098,7.60225,7.4955,0.9439,1.00707,0.78306,5
2024-04-01,21.7696,-13.1054,7.0846,0.94727,1.00319,7.10902,7.50281,7.27753,7.27006,7.25296,7.24971,7.23345,7.28336,0.9439,1.00707,0.78306,5
2024-04-02,21.7696,-13.1054,7.0562,0.94121,0.94727,7.14961,7.10158,7.3405,7.30173,7.32201,7.26867,7.15603,7.2691,0.9439,1.00707,0.78306,5
2024-04-03,21.7696,-13.1054,7.3718,0.98108,0.94121,7.18879,7.07225,7.2976,7.21555,7.30548,7.21243,7.22152,7.09648,0.9439,1.00707,0.78306,5
2024-04-04,21.7696,-13.1054,7.8487,1.04147,0.98108,7.20711,7.39356,7.39661,7.36811,7.40483,7.36417,7.47903,7.3457,0.9439,1.00707,0.78306,5
2024-04-05,21.7696,-13.1054,7.6003,1.0061,1.04147,7.218,7.86755,7.35251,7.35592,7.34686,7.32539,7.31317,7.38447,0.9439,1.00707,0.78306,5
2024-04-06,21.7696,-13.1054,7.4772,0.98621,1.0061,7.27735,7.62798,7.27616,7.20656,7.23535,7.08057,7.24259,7.33752,0.9439,1.00707,0.78306,5
2024-04-07,21.7696,-13.1054,7.4062,0.97513,0.98621,7.28012,7.49033,7.37512,7.33442,7.27916,7.21283,7.3642,7.36512,0.9439,1.00707,0.78306,5
2024-04-08,21.7696,-13.1054,7.4062,0.97209,0.97513,7.30799,7.4294,7.54021,7.51778,7.45559,7.49426,7.70308,7.50421,0.9439,1.00707,0.78306,5
2024-04-09,21.7696,-13.1054,7.1933,0.94347,0.97209,7.27757,7.41152,7.57371,7.54447,7.55768,7.52254,7.70502,7.52767,0.9439,1.00707,0.78306,5
2024-04-10,21.7696,-13.1054,7.7362,1.01459,0.94347,7.25592,7.1939,7.5292,7.46966,7.53341,7.45175,7.3645,7.4267,0.9439,1.00707,0.78306,5
2024-04-11,21.7696,-13.1054,7.319,0.96022,1.01459,7.24641,7.73344,7.50275,7.51185,7.48706,7.48607,7.29237,7.30606,0.9439,1.00707,0.78306,5
2024-04-12,21.7696,-13.1054,7.2108,0.94669,0.96022,7.19482,7.31379,7.3285,7.25656,7.2945,7.15026,7.25549,7.04495,0.9439,1.00707,0.78306,5
2024-04-13,21.7696,-13.1054,7.3824,0.9677,0.94669,7.21547,7.22217,7.34339,7.24527,7.35208,7.23674,7.37227,7.25398,0.9439,1.00707,0.78306,5
2024-04-14,21.7696,-13.1054,6.4308,0.84176,0.9677,7.22874,7.39293,7.37018,7.28027,7.4021,7.32091,7.45734,7.3141,0.9439,1.00707,0.78306,5
2024-04-15,21.7696,-13.1054,7.7494,1.01185,0.84176,7.26198,6.44675,6.96418,6.82167,6.95829,6.79243,7.07551,7.02894,0.9439,1.00707,0.78306,5
2024-04-16,21.7696,-13.1054,7.7138,1.00519,1.01185,7.30323,7.7649,7.55044,7.49346,7.58289,7.57337,7.74992,7.60641,0.9439,1.00707,0.78306,5
2024-04-17,21.7696,-13.1054,7.9166,1.02774,1.00519,7.35645,7.74293,7.56317,7.54433,7.64277,7.6065,7.62945,7.74358,0.9439,1.00707,0.78306,5
2024-04-18,21.7696,-13.1054,7.9267,1.026,1.02774,7.42791,7.94014,7.65081,7.64708,7.69197,7.67783,7.87618,7.79059,0.9439,1.00707,0.78306,5
2024-04-19,21.7696,-13.1054,7.6272,0.98502,1.026,7.46578,7.94447,7.41829,7.38232,7.43036,7.37115,7.59242,7.64373,0.9439,1.00707,0.78306,5
2024-04-20,21.7696,-13.1054,6.7788,0.87477,0.98502,7.44904,7.63317,7.03052,6.92061,7.05417,6.95818,6.98421,7.11163,0.9439,1.00707,0.78306,5
2024-04-21,21.7696,-13.1054,7.3219,0.944,0.87477,7.42352,6.78495,6.68332,6.61552,6.68689,6.61549,6.86304,6.79174,0.9439,1.00707,0.78306,5
2024-04-22,21.7696,-13.1054,7.4167,0.95388,0.944,7.43323,7.33988,7.34659,7.25977,7.31635,7.24357,7.48695,7.20886,0.9439,1.00707,0.78306,5
2024-04-23,21.7696,-13.1054,7.8343,1.00667,0.95388,7.45434,7.42346,7.54926,7.48631,7.46405,7.46351,7.30296,7.26363,0.9439,1.00707,0.78306,5
2024-04-24,21.7696,-13.1054,8.0796,1.03591,1.00667,7.47246,7.85151,7.62478,7.6027,7.54467,7.52288,7.36434,7.27578,0.9439,1.00707,0.78306,5
2024-04-25,21.7696,-13.1054,6.6542,0.84919,1.03591,7.56279,8.11738,7.79088,7.79371,7.74844,7.69231,7.59959,7.477,0.9439,1.00707,0.78306,5
2024-04-26,21.7696,-13.1054,5.7514,0.7317,0.84919,7.60823,6.67484,7.026,6.88133,6.99406,6.76068,6.93794,6.76677,0.9439,1.00707,0.78306,5
2024-04-27,21.7696,-13.1054,3.4776,0.44124,0.7317,7.62758,5.76685,6.68205,6.64172,6.63844,6.48941,6.58618,6.40173,0.9439,1.00707,0.78306,5
2024-04-28,21.7696,-13.1054,5.8721,0.74401,0.44124,7.61182,3.48251,6.09531,6.66074,6.041,6.56829,6.13546,6.31129,0.9439,1.00707,0.78306,5
2024-04-29,21.7696,-13.1054,7.8048,0.98725,0.74401,7.6291,5.88182,6.52742,6.91708,6.4954,6.60867,6.33907,6.89156,0.9439,1.00707,0.78306,5
2024-04-30,21.7696,-13.1054,8.1139,1.02562,0.98725,7.62299,7.81035,7.85077,7.75037,7.82224,7.82161,8.21557,7.68688,0.9439,1.00707,0.78306,5
2024-05-01,21.7696,-13.1054,8.5387,1.07891,1.02562,7.58697,8.11695,7.68428,7.79389,7.74441,7.81506,7.52694,7.62102,0.9439,1.00707,0.78306,5
2024-05-02,21.7696,-13.1054,7.6414,0.96708,1.07891,7.5298,8.52503,7.7933,7.90831,7.87645,7.93969,7.5798,7.82278,0.9439,1.00707,0.78306,5
2024-05-03,21.7696,-13.1054,8.0678,1.02315,0.96708,7.46896,7.62564,7.26519,7.27426,7.2743,7.24663,7.11282,7.4984,0.9439,1.00707,0.78306,5
2024-05-04,21.7696,-13.1054,8.1324,1.03173,1.02315,7.46754,8.06482,7.59979,7.62595,7.57241,7.58698,7.58608,7.6207,0.9439,1.00707,0.78306,5
2024-05-05,21.7696,-13.1054,8.3561,1.05864,1.03173,7.51203,8.14371,7.5931,7.61933,7.59624,7.59398,7.56186,7.60485,0.9439,1.00707,0.78306,5
2024-05-06,21.7696,-13.1054,8.0222,1.01634,1.05864,7.53394,8.35606,7.83752,7.90503,7.84965,7.89803,7.99568,7.87176,0.9439,1.00707,0.78306,5
2024-05-07,21.7696,-13.1054,7.3632,0.93206,1.01634,7.57411,8.02897,7.59994,7.59194,7.58706,7.54231,7.48435,7.6016,0.9439,1.00707,0.78306,5
2024-05-08,21.7696,-13.1054,7.7141,0.97438,0.93206,7.61112,7.37907,7.43131,7.34186,7.36729,7.18585,7.49146,7.438,0.9439,1.00707,0.78306,5
2024-05-09,21.7696,-13.1054,6.0317,0.76147,0.97438,7.62526,7.71819,7.3327,7.20793,7.29743,7.12899,7.38528,7.25816,0.9439,1.00707,0.78306,5
2024-05-10,21.7696,-13.1054,5.1403,0.64929,0.76147,7.58421,6.02841,6.5188,6.50852,6.46321,6.31565,6.71464,6.61297,0.9439,1.00707,0.78306,5
2024-05-11,21.7696,-13.1054,7.7717,0.98103,0.64929,7.59782,5.14368,6.37455,6.61624,6.30784,6.45613,6.64788,6.50747,0.9439,1.00707,0.78306,5
2024-05-12,21.7696,-13.1054,7.6625,0.96719,0.98103,7.63793,7.77215,7.49765,7.27601,7.47538,7.39717,7.50217,7.40904,0.9439,1.00707,0.78306,5
2024-05-13,21.7696,-13.1054,7.6618,0.96671,0.96719,7.66215,7.66558,7.83838,7.77257,7.79823,7.73705,7.88073,7.59688,0.9439,1.00707,0.78306,5
2024-05-14,21.7696,-13.1054,7.7664,0.98053,0.96671,7.65071,7.65694,7.86028,7.78328,7.83592,7.76816,7.74621,7.77889,0.9439,1.00707,0.78306,5
2024-05-15,21.7696,-13.1054,7.7434,0.97795,0.98053,7.6502,7.76383,7.87556,7.81313,7.84615,7.79577,7.73022,7.72857,0.9439,1.00707,0.78306,5
2024-05-16,21.7696,-13.1054,8.0467,1.01578,0.97795,7.68828,7.74699,7.91715,7.85413,7.84376,7.82805,7.65784,7.62286,0.9439,1.00707,0.78306,5
2024-05-17,21.7696,-13.1054,8.2774,1.04281,1.01578,7.73167,8.06284,8.01034,8.00051,7.91869,7.97593,7.94976,7.80441,0.9439,1.00707,0.78306,5
2024-05-18,21.7696,-13.1054,8.1314,1.02223,1.04281,7.78505,8.29513,8.03826,8.07396,7.98289,8.0241,7.92555,7.99395,0.9439,1.00707,0.78306,5
2024-05-19,21.7696,-13.1054,7.7798,0.97682,1.02223,7.81081,8.14147,8.06728,8.05308,8.06249,8.03104,8.01062,8.05597,0.9439,1.00707,0.78306,5
2024-05-20,21.7696,-13.1054,7.9085,0.99359,0.97682,7.77717,7.77505,7.89562,7.82988,7.89668,7.81619,7.91931,7.92307,0.9439,1.00707,0.78306,5
2024-05-21,21.7696,-13.1054,7.0003,0.87928,0.99359,7.7728,7.91037,7.8655,7.81772,7.85868,7.80284,7.92752,7.88324,0.9439,1.00707,0.78306,5
2024-05-22,21.7696,-13.1054,8.0294,1.00886,0.87928,7.77229,6.99804,7.3624,7.40129,7.36217,7.38122,7.4536,7.40157,0.9439,1.00707,0.78306,5
2024-05-23,21.7696,-13.1054,7.8941,0.99436,1.00886,7.71318,8.00926,7.96499,7.88118,8.00405,7.94449,8.21337,8.10756,0.9439,1.00707,0.78306,5
2024-05-24,21.7696,-13.1054,7.9176,0.99907,0.99436,7.69125,7.88029,7.96061,7.91349,7.97265,7.90609,8.00369,8.0208,0.9439,1.00707,0.78306,5
2024-05-25,21.7696,-13.1054,7.9133,1.00007,0.99907,7.70152,7.90536,7.96628,7.91988,7.97132,7.91085,7.881,7.93991,0.9439,1.00707,0.78306,5
2024-05-26,21.7696,-13.1054,7.9414,1.00598,1.00007,7.63944,7.89474,7.83416,7.7912,7.85247,7.79092,7.6781,7.77284,0.9439,1.00707,0.78306,5
2024-05-27,21.7696,-13.1054,8.106,1.02903,1.00598,7.56404,7.92444,7.67679,7.66188,7.71001,7.6647,7.70346,7.76146,0.9439,1.00707,0.78306,5
2024-05-28,21.7696,-13.1054,7.8953,1.00457,1.02903,7.49369,8.08755,7.778,7.78438,7.82189,7.80723,7.72202,7.71523,0.9439,1.00707,0.78306,5
2024-05-29,21.7696,-13.1054,7.3884,0.94108,1.00457,7.47492,7.88682,7.726,7.71,7.7625,7.72731,7.71084,7.74852,0.9439,1.00707,0.78306,5
2024-05-30,21.7696,-13.1054,7.7753,0.99215,0.94108,7.42575,7.37507,7.29302,7.26516,7.32328,7.28121,7.32965,7.34544,0.9439,1.00707,0.78306,5
2024-05-31,21.7696,-13.1054,7.9493,1.0154,0.99215,7.39936,7.76731,7.69185,7.65695,7.69285,7.64871,8.0137,7.86129,0.9439,1.00707,0.78306,5
2024-06-01,21.7696,-13.1054,7.639,0.97839,1.0154,7.37153,7.92794,7.88457,7.87915,7.84676,7.83492,7.89174,7.93177,0.9439,1.00707,0.78306,5
2024-06-02,21.7696,-13.1054,7.571,0.97093,0.97839,7.33872,7.62917,7.82194,7.76201,7.75704,7.70832,7.65727,7.73613,0.9439,1.00707,0.78306,5
2024-06-03,21.7696,-13.1054,7.8979,1.014,0.97093,7.3267,7.56249,7.78408,7.69911,7.77109,7.68104,7.55247,7.60634,0.9439,1.00707,0.78306,5
2024-06-04,21.7696,-13.1054,7.4741,0.95965,1.014,7.35828,7.89734,7.84049,7.82177,7.84096,7.81546,7.75149,7.81922,0.9439,1.00707,0.78306,5
2024-06-05,21.7696,-13.1054,7.3781,0.94792,0.95965,7.37567,7.46945,7.79369,7.69054,7.7937,7.67655,7.73546,7.76602,0.9439,1.00707,0.78306,5
2024-06-06,21.7696,-13.1054,7.3008,0.93934,0.94792,7.32859,7.36748,7.70026,7.56396,7.69722,7.56106,7.58208,7.61909,0.9439,1.00707,0.78306,5
2024-06-07,21.7696,-13.1054,8.136,1.0471,0.93934,7.34098,7.29868,7.67391,7.53241,7.66098,7.53245,7.6573,7.57998,0.9439,1.00707,0.78306,5
2024-06-08,21.7696,-13.1054,7.6238,0.98155,1.0471,7.33061,8.13293,7.80353,7.81915,7.79784,7.81686,7.75302,7.799,0.9439,1.00707,0.78306,5
2024-06-09,21.7696,-13.1054,7.416,0.9557,0.98155,7.29693,7.61659,7.60147,7.54638,7.6249,7.55946,7.68441,7.64306,0.9439,1.00707,0.78306,5
2024-06-10,21.7696,-13.1054,5.9129,0.76286,0.9557,7.30987,7.40759,7.38427,7.34472,7.39276,7.35305,7.34317,7.46465,0.9439,1.00707,0.78306,5
2024-06-11,21.7696,-13.1054,7.116,0.91835,0.76286,7.33219,5.91118,6.83721,7.02114,6.80201,6.97589,6.82094,6.83239,0.9439,1.00707,0.78306,5
2024-06-12,21.7696,-13.1054,7.6063,0.98162,0.91835,7.36687,7.11601,7.35021,7.22732,7.34424,7.27364,7.46702,7.33276,0.9439,1.00707,0.78306,5
2024-06-13,21.7696,-13.1054,7.4239,0.95824,0.98162,7.38504,7.60507,7.7116,7.61263,7.72505,7.63322,7.81737,7.76751,0.9439,1.00707,0.78306,5
2024-06-14,21.7696,-13.1054,6.9799,0.90135,0.95824,7.40611,7.4204,7.3588,7.33957,7.37376,7.35373,7.10777,7.34579,0.9439,1.00707,0.78306,5
2024-06-15,21.7696,-13.1054,4.7426,0.61292,0.90135,7.41399,6.97439,7.15063,7.17974,7.14011,7.1685,7.1416,7.1249,0.9439,1.00707,0.78306,5
2024-06-16,21.7696,-13.1054,7.0356,0.90844,0.61292,7.42827,4.74693,6.37066,6.9712,6.34947,6.89603,6.41604,6.36568,0.9439,1.00707,0.78306,5
2024-06-17,21.7696,-13.1054,6.9286,0.89416,0.90844,7.46018,7.03923,7.25525,7.11144,7.23594,7.224,7.11567,7.04802,0.9439,1.00707,0.78306,5
2024-06-18,21.7696,-13.1054,7.4453,0.96131,0.89416,7.45126,6.9252,7.30935,7.30354,7.24592,7.20446,7.0196,7.04974,0.9439,1.00707,0.78306,5
2024-06-19,21.7696,-13.1054,5.0441,0.65178,0.96131,7.43321,7.4395,7.24665,7.24911,7.19206,7.14126,7.03435,6.97019,0.9439,1.00707,0.78306,5
2024-06-20,21.7696,-13.1054,7.5365,0.97373,0.65178,7.44053,5.04471,6.50219,7.04514,6.46164,6.93298,6.67936,6.67393,0.9439,1.00707,0.78306,5
2024-06-21,21.7696,-13.1054,7.4592,0.96275,0.97373,7.49566,7.54429,7.7069,7.45028,7.71709,7.62458,7.94071,7.63047,0.9439,1.00707,0.78306,5
2024-06-22,21.7696,-13.1054,7.5355,0.97227,0.96275,7.5205,7.46167,7.51385,7.4646,7.4937,7.4363,7.22939,7.31461,0.9439,1.00707,0.78306,5
2024-06-23,21.7696,-13.1054,7.6541,0.98705,0.97227,7.56298,7.53951,7.75202,7.63948,7.7473,7.63512,7.84254,7.69639,0.9439,1.00707,0.78306,5
2024-06-24,21.7696,-13.1054,7.7405,0.99866,0.98705,7.59211,7.65051,7.53471,7.52182,7.5301,7.5123,7.36724,7.49623,0.9439,1.00707,0.78306,5
2024-06-25,21.7696,-13.1054,7.8149,1.0082,0.99866,7.60122,7.74095,7.69031,7.63603,7.63547,7.57608,7.80475,7.63459,0.9439,1.00707,0.78306,5
2024-06-26,21.7696,-13.1054,7.3306,0.94745,1.0082,7.60322,7.80067,7.72367,7.66024,7.6552,7.59863,7.67826,7.67621,0.9439,1.00707,0.78306,5
2024-06-27,21.7696,-13.1054,7.7141,0.9978,0.94745,7.60905,7.32478,7.5821,7.49071,7.53186,7.45416,7.6541,7.63495,0.9439,1.00707,0.78306,5
2024-06-28,21.7696,-13.1054,6.9706,0.90437,0.9978,7.56537,7.69075,7.74915,7.63694,7.71431,7.59951,7.74887,7.78606,0.9439,1.00707,0.78306,5
2024-06-29,21.7696,-13.1054,7.536,0.97968,0.90437,7.53713,6.95673,7.40779,7.34477,7.39687,7.33605,7.3765,7.41128,0.9439,1.00707,0.78306,5
2024-06-30,21.7696,-13.1054,6.9931,0.90994,0.97968,7.51277,7.52903,7.47838,7.43988,7.50783,7.47021,7.45221,7.54349,0.9439,1.00707,0.78306,5
2024-07-01,21.7696,-13.1054,7.103,0.92469,0.90994,7.52413,6.98972,7.22941,7.28664,7.23451,7.29961,7.16565,7.2895,0.9439,1.00707,0.78306,5
2024-07-02,21.7696,-13.1054,6.919,0.9015,0.92469,7.52777,7.09697,7.39158,7.39816,7.37025,7.36273,7.30711,7.29824,0.9439,1.00707,0.78306,5
2024-07-03,21.7696,-13.1054,7.3258,0.9555,0.9015,7.51176,6.91178,7.15307,7.27855,7.14684,7.26604,6.98,7.04751,0.9439,1.00707,0.78306,5
2024-07-04,21.7696,-13.1054,7.3164,0.95564,0.9555,7.51223,7.31536,7.41397,7.42378,7.38801,7.3692,7.67548,7.5717,0.9439,1.00707,0.78306,5
2024-07-05,21.7696,-13.1054,7.2041,0.94421,0.95564,7.47052,7.29131,7.33287,7.34551,7.25668,7.22395,7.33537,7.30062,0.9439,1.00707,0.78306,5
2024-07-06,21.7696,-13.1054,7.2084,0.94755,0.94421,7.42784,7.18294,7.24372,7.22428,7.17819,7.09876,6.98365,7.03141,0.9439,1.00707,0.78306,5
2024-07-07,21.7696,-13.1054,6.8282,0.89972,0.94755,7.39817,7.19124,7.1839,7.17276,7.1703,7.14223,7.04694,7.07837,0.9439,1.00707,0.78306,5
2024-07-08,21.7696,-13.1054,7.5048,0.99057,0.89972,7.3778,6.81649,7.19937,7.23904,7.20522,7.256,7.44449,7.28005,0.9439,1.00707,0.78306,5
2024-07-09,21.7696,-13.1054,7.5854,1.00418,0.99057,7.30211,7.48261,7.28541,7.2386,7.27069,7.19656,7.35348,7.22161,0.9439,1.00707,0.78306,5
2024-07-10,21.7696,-13.1054,7.2122,0.95647,1.00418,7.26896,7.57197,7.27303,7.22238,7.2537,7.17043,7.3378,7.29726,0.9439,1.00707,0.78306,5
2024-07-11,21.7696,-13.1054,6.8611,0.90935,0.95647,7.28367,7.21659,7.44896,7.29496,7.43678,7.28978,7.23444,7.33379,0.9439,1.00707,0.78306,5
2024-07-12,21.7696,-13.1054,6.9079,0.91688,0.90935,7.27619,6.85114,7.23055,7.19473,7.25239,7.24222,7.10651,7.06371,0.9439,1.00707,0.78306,5
2024-07-13,21.7696,-13.1054,6.5498,0.86887,0.91688,7.29397,6.91172,7.14897,7.1613,7.13016,7.11958,7.14925,7.11687,0.9439,1.00707,0.78306,5
2024-07-14,21.7696,-13.1054,6.7598,0.89693,0.86887,7.28813,6.54834,7.10291,7.12315,7.07127,7.07427,7.08951,7.03869,0.9439,1.00707,0.78306,5
2024-07-15,21.7696,-13.1054,6.8748,0.91255,0.89693,7.29549,6.75712,6.97205,7.08418,6.95403,7.02962,6.80771,6.90955,0.9439,1.00707,0.78306,5
2024-07-16,21.7696,-13.1054,6.7661,0.89923,0.91255,7.27908,6.86636,7.07561,7.10839,7.06115,7.06443,7.11328,7.04171,0.9439,1.00707,0.78306,5
2024-07-17,21.7696,-13.1054,7.0375,0.93844,0.89923,7.22912,6.7434,7.32499,7.19257,7.33067,7.19831,7.36494,7.29109,0.9439,1.00707,0.78306,5
2024-07-18,21.7696,-13.1054,6.9946,0.93353,0.93844,7.23982,7.03139,7.44967,7.27462,7.47392,7.30537,7.52395,7.45455,0.9439,1.00707,0.78306,5
2024-07-19,21.7696,-13.1054,6.9151,0.92491,0.93353,7.21579,6.97955,7.04144,7.04994,7.04902,7.04518,6.91092,6.9768,0.9439,1.00707,0.78306,5
2024-07-20,21.7696,-13.1054,7.4688,0.99702,0.92491,7.25586,6.92865,7.1047,7.16781,7.15348,7.24997,7.09709,7.12828,0.9439,1.00707,0.78306,5
2024-07-21,21.7696,-13.1054,7.1275,0.95243,0.99702,7.24472,7.46115,7.05826,7.1597,7.10883,7.2412,6.9606,7.09933,0.9439,1.00707,0.78306,5
2024-07-22,21.7696,-13.1054,7.0044,0.93998,0.95243,7.15168,7.09724,6.94356,7.0171,6.9165,6.97317,6.83099,6.8082,0.9439,1.00707,0.78306,5
2024-07-23,21.7696,-13.1054,7.0735,0.95093,0.93998,7.13454,6.99204,6.84124,6.97155,6.79256,6.83799,6.67658,6.7364,0.9439,1.00707,0.78306,5
2024-07-24,21.7696,-13.1054,6.6293,0.88935,0.95093,7.20423,7.08829,7.23091,7.19139,7.19379,7.12352,7.39354,7.25575,0.9439,1.00707,0.78306,5
2024-07-25,21.7696,-13.1054,7.247,0.97128,0.88935,7.24717,6.63573,6.59731,6.8107,6.68468,7.02582,6.63688,6.79008,0.9439,1.00707,0.78306,5
2024-07-26,21.7696,-13.1054,6.5983,0.8852,0.97128,7.25066,7.23995,7.05159,7.17087,7.12174,7.28864,7.38432,7.28134,0.9439,1.00707,0.78306,5
2024-07-27,21.7696,-13.1054,6.9062,0.9254,0.8852,7.2768,6.60614,7.16744,7.18582,7.15419,7.17962,7.28982,7.03131,0.9439,1.00707,0.78306,5
2024-07-28,21.7696,-13.1054,6.9478,0.9332,0.9254,7.25085,6.88978,7.31791,7.28847,7.29203,7.22006,7.27878,7.10166,0.9439,1.00707,0.78306,5
2024-07-29,21.7696,-13.1054,7.0229,0.94464,0.9332,7.25362,6.93784,7.41581,7.23257,7.39754,7.19998,7.36441,7.33404,0.9439,1.00707,0.78306,5
2024-07-30,21.7696,-13.1054,7.5679,1.02009,0.94464,7.23741,7.00814,7.41723,7.22057,7.42563,7.22518,7.3472,7.26465,0.9439,1.00707,0.78306,5
2024-07-31,21.7696,-13.1054,7.2281,0.97604,1.02009,7.19872,7.55432,7.31246,7.27038,7.31891,7.25732,6.99156,7.14415,0.9439,1.00707,0.78306,5
2024-08-01,21.7696,-13.1054,6.6307,0.8954,0.97604,7.20615,7.22783,7.30883,7.22472,7.30796,7.25372,7.00248,7.12551,0.9439,1.00707,0.78306,5
2024-08-02,21.7696,-13.1054,6.2638,0.84631,0.8954,7.20566,6.62713,7.16096,7.17684,7.13948,7.15017,7.0719,6.9989,0.9439,1.00707,0.78306,5
2024-08-03,21.7696,-13.1054,7.2888,0.98374,0.84631,7.21183,6.27052,6.80794,7.0703,6.7301,6.85224,6.73117,6.63644,0.9439,1.00707,0.78306,5
2024-08-04,21.7696,-13.1054,5.7761,0.78231,0.98374,7.13478,7.26334,7.12553,7.14862,7.02329,6.98505,6.97522,6.98633,0.9439,1.00707,0.78306,5
2024-08-05,21.7696,-13.1054,7.3946,1.00178,0.78231,7.13354,5.7746,6.37791,6.63914,6.34216,6.56926,6.29202,6.46763,0.9439,1.00707,0.78306,5
2024-08-06,21.7696,-13.1054,6.8172,0.92274,1.00178,7.19381,7.40119,7.44301,7.36027,7.49276,7.42481,7.73925,7.57834,0.9439,1.00707,0.78306,5
2024-08-07,21.7696,-13.1054,7.0171,0.9505,0.92274,7.18289,6.81212,7.21042,7.09161,7.19026,7.09469,7.03478,6.96144,0.9439,1.00707,0.78306,5
2024-08-08,21.7696,-13.1054,6.3756,0.86706,0.9505,7.14123,6.98917,7.29159,7.20323,7.20125,7.10639,7.14571,7.00867,0.9439,1.00707,0.78306,5
2024-08-09,21.7696,-13.1054,7.0915,0.96759,0.86706,7.09109,6.35469,6.90375,7.03095,6.87681,6.96789,6.64431,6.80075,0.9439,1.00707,0.78306,5
2024-08-10,21.7696,-13.1054,7.2821,0.99552,0.96759,7.03897,7.07783,7.01274,7.11661,7.0009,7.0298,6.93404,6.97569,0.9439,1.00707,0.78306,5
2024-08-11,21.7696,-13.1054,6.9432,0.95274,0.99552,6.95042,7.25494,7.12696,7.13309,7.07554,7.02376,6.85458,6.80638,0.9439,1.00707,0.78306,5
2024-08-12,21.7696,-13.1054,7.0975,0.9734,0.95274,6.95053,6.94685,6.64337,6.80461,6.63564,6.80584,6.5429,6.64409,0.9439,1.00707,0.78306,5
2024-08-13,21.7696,-13.1054,7.205,0.98903,0.9734,6.9308,7.09119,6.95912,7.01678,6.91868,6.91569,7.36229,7.07755,0.9439,1.00707,0.78306,5
2024-08-14,21.7696,-13.1054,7.452,1.02362,0.98903,6.91298,7.20015,7.2122,7.17977,7.1495,7.07426,7.2174,7.10607,0.9439,1.00707,0.78306,5
2024-08-15,21.7696,-13.1054,7.428,1.02179,1.02362,6.92995,7.44129,7.27989,7.27431,7.21213,7.14162,7.15341,6.97708,0.9439,1.00707,0.78306,5
2024-08-16,21.7696,-13.1054,7.2643,1.00146,1.02179,6.88511,7.41177,7.18768,7.14064,7.09438,7.03656,7.11009,6.9826,0.9439,1.00707,0.78306,5
2024-08-17,21.7696,-13.1054,7.2463,1.0029,1.00146,6.84308,7.2359,7.13601,7.06675,7.09931,7.02993,7.23981,7.07617,0.9439,1.00707,0.78306,5
2024-08-18,21.7696,-13.1054,6.1063,0.84848,1.0029,6.80874,7.21761,6.99411,6.9489,6.99197,6.96046,7.04749,6.99582,0.9439,1.00707,0.78306,5
2024-08-19,21.7696,-13.1054,6.7954,0.94485,0.84848,6.81783,6.10232,6.31366,6.51115,6.27512,6.46702,5.98916,6.26578,0.9439,1.00707,0.78306,5
2024-08-20,21.7696,-13.1054,7.3226,1.02103,0.94485,6.79046,6.77628,6.57104,6.36399,6.51484,6.22709,6.79504,6.54933,0.9439,1.00707,0.78306,5
2024-08-21,21.7696,-13.1054,7.0793,0.98781,1.02103,6.78269,7.31734,7.03962,6.96102,7.01783,6.89162,7.01532,6.86598,0.9439,1.00707,0.78306,5
2024-08-22,21.7696,-13.1054,7.0308,0.98371,0.98781,6.72417,7.06013,6.82968,6.73209,6.84253,6.81122,6.6165,6.68168,0.9439,1.00707,0.78306,5
2024-08-23,21.7696,-13.1054,6.4044,0.89598,0.98371,6.74414,7.03146,6.78449,6.78385,6.80886,6.86069,6.75055,6.66855,0.9439,1.00707,0.78306,5
2024-08-24,21.7696,-13.1054,7.1498,1.00129,0.89598,6.75342,6.39786,6.74771,6.7504,6.77443,6.84384,7.15779,7.01172,0.9439,1.00707,0.78306,5
2024-08-25,21.7696,-13.1054,6.8928,0.9669,1.00129,6.75377,7.13793,7.20215,7.06658,7.19513,7.02372,7.30293,7.24423,0.9439,1.00707,0.78306,5
2024-08-26,21.7696,-13.1054,7.0918,0.99642,0.9669,6.76375,6.88171,6.74517,6.66978,6.72803,6.66976,6.38821,6.64777,0.9439,1.00707,0.78306,5
2024-08-27,21.7696,-13.1054,6.9775,0.98387,0.99642,6.73586,7.06648,7.07765,7.02809,7.09357,7.04983,6.99815,6.95142,0.9439,1.00707,0.78306,5
2024-08-28,21.7696,-13.1054,6.8266,0.96529,0.98387,6.70672,6.95797,6.74476,6.77786,6.79131,6.89949,6.58156,6.69599,0.9439,1.00707,0.78306,5
2024-08-29,21.7696,-13.1054,6.8887,0.97821,0.96529,6.67326,6.79777,6.66566,6.69162,6.68564,6.75349,6.81429,6.78142,0.9439,1.00707,0.78306,5
2024-08-30,21.7696,-13.1054,7.0306,1.00075,0.97821,6.61101,6.87219,6.97911,6.87234,6.96305,6.84126,6.88332,6.80618,0.9439,1.00707,0.78306,5
2024-08-31,21.7696,-13.1054,7.1926,1.02623,1.00075,6.62164,7.01403,7.05738,6.94108,7.02939,6.89022,7.05961,6.96277,0.9439,1.00707,0.78306,5
2024-09-01,21.7696,-13.1054,7.2305,1.03339,1.02623,6.59266,7.18041,6.9309,6.86746,6.91112,6.83849,6.88282,6.91292,0.9439,1.00707,0.78306,5
2024-09-02,21.7696,-13.1054,6.8035,0.97319,1.03339,6.60382,7.22436,7.06995,6.99795,7.05122,6.97789,7.04195,7.07754,0.9439,1.00707,0.78306,5
2024-09-03,21.7696,-13.1054,6.5998,0.94658,0.97319,6.60849,6.78531,6.96222,6.79214,6.92528,6.7849,6.75239,6.82386,0.9439,1.00707,0.78306,5
2024-09-04,21.7696,-13.1054,6.3242,0.90747,0.94658,6.62223,6.59678,6.68502,6.6251,6.61324,6.53681,6.34271,6.37488,0.9439,1.00707,0.78306,5
2024-09-05,21.7696,-13.1054,4.7266,0.68014,0.90747,6.59084,6.30642,6.42007,6.43238,6.35391,6.30541,6.33419,6.28187,0.9439,1.00707,0.78306,5
2024-09-06,21.7696,-13.1054,4.6625,0.67275,0.68014,6.60707,4.71369,5.88625,6.24714,5.80858,6.15459,5.97034,5.95632,0.9439,1.00707,0.78306,5
2024-09-07,21.7696,-13.1054,6.0187,0.87181,0.67275,6.5668,4.64447,5.79453,6.04884,5.68819,6.10934,5.73266,5.97393,0.9439,1.00707,0.78306,5
2024-09-08,21.7696,-13.1054,6.7176,0.97532,0.87181,6.54662,6.00466,6.42092,6.37132,6.29757,6.34133,6.25041,6.31886,0.9439,1.00707,0.78306,5
2024-09-09,21.7696,-13.1054,6.3492,0.92466,0.97532,6.52504,6.69706,6.76525,6.66711,6.69989,6.54968,6.7299,6.60053,0.9439,1.00707,0.78306,5
2024-09-10,21.7696,-13.1054,6.4469,0.94195,0.92466,6.4683,6.32855,6.3691,6.38141,6.38793,6.44124,6.21117,6.34036,0.9439,1.00707,0.78306,5
2024-09-11,21.7696,-13.1054,6.4296,0.94205,0.94195,6.40011,6.42895,6.12659,6.28255,6.16887,6.34448,6.20562,6.21921,0.9439,1.00707,0.78306,5
2024-09-12,21.7696,-13.1054,6.9766,1.02522,0.94205,6.37416,6.41061,6.30315,6.34064,6.33144,6.38017,6.6458,6.42601,0.9439,1.00707,0.78306,5
2024-09-13,21.7696,-13.1054,6.3842,0.93983,1.02522,6.36864,6.96427,6.90943,6.72934,6.9056,6.70712,7.39194,7.01415,0.9439,1.00707,0.78306,5
2024-09-14,21.7696,-13.1054,6.5066,0.96159,0.93983,6.35684,6.3594,6.77264,6.47068,6.74886,6.47327,6.60739,6.56441,0.9439,1.00707,0.78306,5
2024-09-15,21.7696,-13.1054,6.4253,0.95112,0.96159,6.34301,6.49602,6.66473,6.59021,6.63399,6.53226,6.38087,6.34456,0.9439,1.00707,0.78306,5
2024-09-16,21.7696,-13.1054,6.2515,0.92858,0.95112,6.31357,6.40322,6.50898,6.50526,6.52453,6.53318,6.31882,6.27521,0.9439,1.00707,0.78306,5
2024-09-17,21.7696,-13.1054,6.1404,0.917,0.92858,6.17641,6.21792,6.13715,6.13466,6.15363,6.17019,6.14824,6.12877,0.9439,1.00707,0.78306,5
2024-09-18,21.7696,-13.1054,6.5311,0.97866,0.917,6.11969,6.11964,5.31455,5.71438,5.30589,5.68257,5.37921,5.54475,0.9439,1.00707,0.78306,5
2024-09-19,21.7696,-13.1054,6.193,0.93257,0.97866,6.06785,6.49907,6.23116,6.11408,6.19676,6.02058,6.20629,6.02855,0.9439,1.00707,0.78306,5
2024-09-20,21.7696,-13.1054,5.635,0.85106,0.93257,6.06937,6.17473,6.20366,6.0198,6.15316,5.98867,5.94872,5.95276,0.9439,1.00707,0.78306,5
2024-09-21,21.7696,-13.1054,6.0067,0.90901,0.85106,6.07287,5.62372,5.72744,5.57488,5.66823,5.52414,5.77083,5.76383,0.9439,1.00707,0.78306,5
2024-09-22,21.7696,-13.1054,6.0818,0.92231,0.90901,6.04598,5.99414,5.92874,6.03183,5.90487,5.88572,5.84572,5.91496,0.9439,1.00707,0.78306,5
2024-09-23,21.7696,-13.1054,5.2231,0.79541,0.92231,6.0215,6.05635,5.92184,6.04878,5.89302,5.92104,5.70833,5.81505,0.9439,1.00707,0.78306,5
2024-09-24,21.7696,-13.1054,5.6501,0.86257,0.79541,6.02968,5.2102,5.71757,5.83638,5.70667,5.79569,5.58692,5.87701,0.9439,1.00707,0.78306,5
2024-09-25,21.7696,-13.1054,6.0235,0.92216,0.86257,6.05048,5.63428,5.96762,6.16171,5.97488,6.0806,5.97382,6.05393,0.9439,1.00707,0.78306,5
2024-09-26,21.7696,-13.1054,4.8734,0.74791,0.92216,6.09352,6.00879,5.93234,6.10541,5.91903,5.97395,5.71992,5.98566,0.9439,1.00707,0.78306,5
2024-09-27,21.7696,-13.1054,5.9158,0.90937,0.74791,6.10663,4.86545,5.41345,5.65106,5.41807,5.63761,5.56473,5.60372,0.9439,1.00707,0.78306,5
2024-09-28,21.7696,-13.1054,5.1756,0.79812,0.90937,6.08553,5.89701,5.7945,5.97973,5.88739,6.07962,5.91171,6.02928,0.9439,1.00707,0.78306,5
2024-09-29,21.7696,-13.1054,5.1893,0.80179,0.79812,6.08356,5.16555,5.43009,5.72772,5.45186,5.7469,5.26238,5.41762,0.9439,1.00707,0.78306,5
2024-09-30,21.7696,-13.1054,5.7583,0.89337,0.80179,6.05029,5.16803,5.5433,5.78825,5.5558,5.74708,5.58673,5.63997,0.9439,1.00707,0.78306,5
2024-10-01,21.7696,-13.1054,4.9802,0.77371,0.89337,6.03817,5.7504,5.6325,5.839,5.66273,5.82757,5.63521,5.77717,0.9439,1.00707,0.78306,5
2024-10-02,21.7696,-13.1054,6.1915,0.96309,0.77371,6.09728,4.97406,5.48178,5.76813,5.47947,5.70529,5.42723,5.45076,0.9439,1.00707,0.78306,5
2024-10-03,21.7696,-13.1054,6.3583,0.9911,0.96309,6.1238,6.17858,5.8408,5.99583,5.81232,5.78587,5.71826,5.65075,0.9439,1.00707,0.78306,5
2024-10-04,21.7696,-13.1054,6.1162,0.95614,0.9911,6.12951,6.33984,6.12072,6.17338,6.0754,6.03832,5.98703,5.85314,0.9439,1.00707,0.78306,5
2024-10-05,21.7696,-13.1054,6.2496,0.98119,0.95614,6.08135,6.09004,6.14123,6.15931,6.10721,6.08854,6.04326,5.86567,0.9439,1.00707,0.78306,5
2024-10-06,21.7696,-13.1054,6.4685,1.02142,0.98119,5.99934,6.21372,6.10892,6.17695,6.1061,6.13025,6.23691,6.07932,0.9439,1.00707,0.78306,5
2024-10-07,21.7696,-13.1054,6.5318,1.0376,1.02142,5.93746,6.42993,6.21339,6.25371,6.20855,6.21816,6.35871,6.28168,0.9439,1.00707,0.78306,5
2024-10-08,21.7696,-13.1054,6.348,1.01379,1.0376,5.85594,6.49708,6.2055,6.21454,6.19298,6.1975,6.16073,6.15809,0.9439,1.00707,0.78306,5
2024-10-09,21.7696,-13.1054,6.1344,0.98571,1.01379,5.76877,6.30914,6.06521,6.04633,6.05956,6.06483,5.97758,6.00526,0.9439,1.00707,0.78306,5
2024-10-10,21.7696,-13.1054,6.1678,0.99544,0.98571,5.71735,6.10753,5.98594,6.00977,6.01414,6.07626,5.93712,5.93396,0.9439,1.00707,0.78306,5
2024-10-11,21.7696,-13.1054,5.4029,0.87645,0.99544,5.66321,6.13643,5.93643,6.00912,5.97089,6.0619,5.92136,5.89267,0.9439,1.00707,0.78306,5
2024-10-12,21.7696,-13.1054,5.5502,0.90395,0.87645,5.62304,5.38131,5.47236,5.50827,5.48567,5.58978,5.47754,5.57545,0.9439,1.00707,0.78306,5
2024-10-13,21.7696,-13.1054,4.524,0.73906,0.90395,5.59699,5.53338,5.52273,5.66706,5.53937,5.63795,5.64164,5.60404,0.9439,1.00707,0.78306,5
2024-10-14,21.7696,-13.1054,5.7835,0.9496,0.73906,5.55547,4.5012,5.01355,5.31778,5.0307,5.3482,5.05133,5.16449,0.9439,1.00707,0.78306,5
2024-10-15,21.7696,-13.1054,5.6021,0.92369,0.9496,5.50517,5.75922,5.72632,5.85081,5.73016,5.7912,5.90009,5.77631,0.9439,1.00707,0.78306,5
2024-10-16,21.7696,-13.1054,5.3035,0.88089,0.92369,5.46681,5.56119,5.53096,5.64642,5.5258,5.61994,5.30067,5.46885,0.9439,1.00707,0.78306,5
2024-10-17,21.7696,-13.1054,4.4662,0.74689,0.88089,5.39449,5.26753,5.24149,5.41383,5.23056,5.3481,5.20275,5.22129,0.9439,1.00707,0.78306,5
2024-10-18,21.7696,-13.1054,4.6512,0.78396,0.74689,5.28452,4.43126,4.80613,5.15855,4.8193,5.1614,4.72329,4.7767,0.9439,1.00707,0.78306,5
2024-10-19,21.7696,-13.1054,5.6465,0.95822,0.78396,5.16238,4.6196,4.83631,5.12421,4.87882,5.16296,4.89429,4.93675,0.9439,1.00707,0.78306,5
2024-10-20,21.7696,-13.1054,5.725,0.97587,0.95822,5.14075,5.62146,5.23612,5.45823,5.2861,5.46142,5.21191,5.3048,0.9439,1.00707,0.78306,5
2024-10-21,21.7696,-13.1054,5.8061,0.99254,0.97587,5.14822,5.7086,5.55201,5.66335,5.57767,5.69551,5.57985,5.55252,0.9439,1.00707,0.78306,5
2024-10-22,21.7696,-13.1054,5.9748,1.02269,0.99254,5.16924,5.79866,5.58539,5.70014,5.60519,5.73371,5.59356,5.68605,0.9439,1.00707,0.78306,5
2024-10-23,21.7696,-13.1054,6.1406,1.05308,1.02269,5.20924,5.96337,5.67899,5.80815,5.69644,5.83735,5.71988,5.74448,0.9439,1.00707,0.78306,5
2024-10-24,21.7696,-13.1054,6.1183,1.0508,1.05308,5.25631,6.1316,5.78414,5.90523,5.78579,5.92333,5.80186,5.7611,0.9439,1.00707,0.78306,5
2024-10-25,21.7696,-13.1054,5.9086,1.01803,1.0508,5.28575,6.09879,5.76194,5.85921,5.74712,5.88308,5.71853,5.72936,0.9439,1.00707,0.78306,5
2024-10-26,21.7696,-13.1054,5.7986,1.00089,1.01803,5.30597,5.89791,5.62975,5.69091,5.64711,5.77513,5.6363,5.70177,0.9439,1.00707,0.78306,5
2024-10-27,21.7696,-13.1054,5.994,1.03875,1.00089,5.30804,5.77553,5.47294,5.51428,5.51399,5.62294,5.5746,5.56486,0.9439,1.00707,0.78306,5
2024-10-28,21.7696,-13.1054,5.5562,0.96642,1.03875,5.30629,5.97201,5.74469,5.71209,5.76093,5.72926,6.07371,5.75232,0.9439,1.00707,0.78306,5
2024-10-29,21.7696,-13.1054,5.837,1.0187,0.96642,5.30107,5.53748,5.29219,5.14636,5.28249,5.18468,5.14371,5.16037,0.9439,1.00707,0.78306,5
2024-10-30,21.7696,-13.1054,5.4874,0.96166,1.0187,5.31432,5.81286,5.55086,5.51425,5.52324,5.45167,5.58965,5.41827,0.9439,1.00707,0.78306,5
2024-10-31,21.7696,-13.1054,5.016,0.88105,0.96166,5.31424,5.4749,5.14896,5.10972,5.13565,5.10334,4.98766,5.01223,0.9439,1.00707,0.78306,5
2024-11-01,21.7696,-13.1054,5.5147,0.97193,0.88105,5.31617,4.99908,4.97086,5.01675,4.97684,5.01406,4.91635,4.87514,0.9439,1.00707,0.78306,5
2024-11-02,21.7696,-13.1054,5.5318,0.9774,0.97193,5.32373,5.50085,5.48583,5.56469,5.49871,5.53144,5.52679,5.45507,0.9439,1.00707,0.78306,5
2024-11-03,21.7696,-13.1054,5.7307,1.01566,0.9774,5.34987,5.51482,5.58271,5.6206,5.575,5.60042,5.7679,5.70064,0.9439,1.00707,0.78306,5
2024-11-04,21.7696,-13.1054,5.6755,1.00881,1.01566,5.34463,5.71401,5.56525,5.62668,5.53173,5.57421,5.53029,5.64235,0.9439,1.00707,0.78306,5
2024-11-05,21.7696,-13.1054,5.5121,0.98172,1.00881,5.35862,5.66419,5.52297,5.5473,5.49187,5.51382,5.49989,5.60978,0.9439,1.00707,0.78306,5
2024-11-06,21.7696,-13.1054,5.4089,0.96841,0.98172,5.31276,5.48328,5.32912,5.31557,5.33343,5.32605,5.33401,5.39226,0.9439,1.00707,0.78306,5
2024-11-07,21.7696,-13.1054,5.514,0.99288,0.96841,5.23962,5.37806,5.39319,5.41471,5.40334,5.41632,5.46915,5.44299,0.9439,1.00707,0.78306,5
2024-11-08,21.7696,-13.1054,5.3359,0.9672,0.99288,5.13628,5.47757,5.30474,5.35369,5.30567,5.33088,5.21372,5.35324,0.9439,1.00707,0.78306,5
2024-11-09,21.7696,-13.1054,5.4778,0.99799,0.9672,5.06885,5.30882,5.0067,4.9886,5.02135,5.01274,5.08711,5.16894,0.9439,1.00707,0.78306,5
2024-11-10,21.7696,-13.1054,5.5649,1.02128,0.99799,4.96418,5.438,5.06637,5.1041,5.10471,5.14468,5.27317,5.305,0.9439,1.00707,0.78306,5
2024-11-11,21.7696,-13.1054,5.6206,1.0372,1.02128,4.90103,5.53432,5.27089,5.37028,5.32963,5.37632,5.48219,5.47996,0.9439,1.00707,0.78306,5
2024-11-12,21.7696,-13.1054,5.1799,0.96129,1.0372,4.86767,5.58896,5.27239,5.37881,5.31219,5.39165,5.27687,5.36592,0.9439,1.00707,0.78306,5
2024-11-13,21.7696,-13.1054,5.3098,0.9911,0.96129,4.83292,5.15008,5.16603,5.16554,5.16539,5.19103,5.24385,5.22016,0.9439,1.00707,0.78306,5
2024-11-14,21.7696,-13.1054,5.399,1.01243,0.9911,4.77533,5.28524,5.15243,5.21291,5.12795,5.19019,5.14887,5.15182,0.9439,1.00707,0.78306,5
2024-11-15,21.7696,-13.1054,4.7042,0.88595,1.01243,4.76099,5.37577,5.0574,5.14637,5.02105,5.12255,4.92828,5.00406,0.9439,1.00707,0.78306,5
2024-11-16,21.7696,-13.1054,4.6562,0.87972,0.88595,4.75946,4.68917,4.66158,4.58573,4.60497,4.53967,4.31102,4.51348,0.9439,1.00707,0.78306,5
2024-11-17,21.7696,-13.1054,4.3764,0.83019,0.87972,4.71686,4.63752,4.52868,4.42677,4.45876,4.39666,4.28386,4.26352,0.9439,1.00707,0.78306,5
2024-11-18,21.7696,-13.1054,4.7683,0.90667,0.83019,4.73277,4.36605,4.42148,4.23213,4.37561,4.17306,4.48947,4.44478,0.9439,1.00707,0.78306,5
2024-11-19,21.7696,-13.1054,3.1776,0.60644,0.90667,4.70293,4.75077,4.51261,4.50151,4.50701,4.42339,4.54897,4.72429,0.9439,1.00707,0.78306,5
2024-11-20,21.7696,-13.1054,4.4453,0.85372,0.60644,4.64881,3.15771,3.90885,3.98883,3.88795,3.85033,3.89457,4.13057,0.9439,1.00707,0.78306,5
2024-11-21,21.7696,-13.1054,5.3974,1.04346,0.85372,4.59579,4.41597,4.39145,4.32409,4.42469,4.41119,4.41846,4.46295,0.9439,1.00707,0.78306,5
2024-11-22,21.7696,-13.1054,5.0611,0.98198,1.04346,4.57275,5.37793,4.94925,5.10082,4.98763,5.07139,5.17775,4.93789,0.9439,1.00707,0.78306,5
2024-11-23,21.7696,-13.1054,5.1444,1.00048,0.98198,4.60612,5.04929,4.77349,4.77074,4.80034,4.84355,4.68093,4.81921,0.9439,1.00707,0.78306,5
2024-11-24,21.7696,-13.1054,5.1146,0.99833,1.00048,4.60255,5.12563,4.87872,4.9252,4.88594,4.93622,4.96871,4.9424,0.9439,1.00707,0.78306,5
2024-11-25,21.7696,-13.1054,5.1506,1.00692,0.99833,4.64487,5.10665,4.91271,4.9447,4.91571,4.95928,4.87892,4.90502,0.9439,1.00707,0.78306,5
2024-11-26,21.7696,-13.1054,4.7875,0.93868,1.00692,4.65998,5.13553,4.91959,4.96698,4.93664,4.98541,5.07994,4.95458,0.9439,1.00707,0.78306,5
2024-11-27,21.7696,-13.1054,3.1778,0.62611,0.93868,4.61581,4.76422,4.67432,4.64238,4.70509,4.70583,4.74236,4.81446,0.9439,1.00707,0.78306,5
2024-11-28,21.7696,-13.1054,4.679,0.92392,0.62611,4.60927,3.17083,4.20486,4.28375,4.22921,4.38156,4.25898,4.35657,0.9439,1.00707,0.78306,5
2024-11-29,21.7696,-13.1054,4.9462,0.98,0.92392,4.61498,4.66313,4.52064,4.46794,4.56516,4.55543,4.54406,4.63512,0.9439,1.00707,0.78306,5
2024-11-30,21.7696,-13.1054,4.9106,0.97563,0.98,4.60762,4.93259,4.60793,4.60746,4.64877,4.65382,4.68499,4.80303,0.9439,1.00707,0.78306,5
2024-12-01,21.7696,-13.1054,4.7722,0.94976,0.97563,4.61539,4.9022,4.76392,4.78703,4.81119,4.81697,4.85604,4.91646,0.9439,1.00707,0.78306,5
2024-12-02,21.7696,-13.1054,4.9034,0.97625,0.94976,4.66306,4.77035,4.72273,4.7055,4.78104,4.7684,4.80283,4.96565,0.9439,1.00707,0.78306,5
2024-12-03,21.7696,-13.1054,4.2413,0.84682,0.97625,4.64964,4.88957,4.72336,4.72988,4.76072,4.75074,4.78507,4.82704,0.9439,1.00707,0.78306,5
2024-12-04,21.7696,-13.1054,2.4782,0.4956,0.84682,4.65983,4.23441,4.40797,4.34022,4.41756,4.35393,4.40271,4.51354,0.9439,1.00707,0.78306,5
2024-12-05,21.7696,-13.1054,3.6641,0.73418,0.4956,4.66489,2.47342,3.76334,3.84653,3.77027,3.90443,3.74452,3.97808,0.9439,1.00707,0.78306,5
2024-12-06,21.7696,-13.1054,2.9066,0.58205,0.73418,4.71772,3.66631,4.01204,3.9286,4.05936,4.20464,3.91091,4.22205,0.9439,1.00707,0.78306,5
2024-12-07,21.7696,-13.1054,4.7515,0.95239,0.58205,4.75009,2.90385,3.87966,3.84063,3.93615,4.19934,3.90152,4.3285,0.9439,1.00707,0.78306,5
2024-12-08,21.7696,-13.1054,4.9812,0.99911,0.95239,4.75259,4.74827,4.68349,4.6125,4.75383,4.72063,4.74013,4.8445,0.9439,1.00707,0.78306,5
2024-12-09,21.7696,-13.1054,2.8793,0.5783,0.99911,4.74485,4.97449,4.82833,4.81935,4.87944,4.85219,4.7698,4.88448,0.9439,1.00707,0.78306,5
2024-12-10,21.7696,-13.1054,4.878,0.98276,0.5783,4.70839,2.87042,3.87976,3.99823,3.90085,4.04055,3.79159,4.21955,0.9439,1.00707,0.78306,5
2024-12-11,21.7696,-13.1054,5.0587,1.02254,0.98276,4.66641,4.86193,4.57466,4.50922,4.58094,4.51607,4.44677,4.52256,0.9439,1.00707,0.78306,5
2024-12-12,21.7696,-13.1054,4.9378,0.99724,1.02254,4.68588,5.06304,4.91968,4.95484,4.88408,4.9436,4.81317,4.69656,0.9439,1.00707,0.78306,5
2024-12-13,21.7696,-13.1054,4.8766,0.98586,0.99724,4.68801,4.9329,4.721,4.67163,4.69283,4.6512,4.56035,4.53907,0.9439,1.00707,0.78306,5
2024-12-14,21.7696,-13.1054,4.7196,0.95598,0.98586,4.64945,4.8671,4.59805,4.56781,4.58113,4.5279,4.3345,4.36371,0.9439,1.00707,0.78306,5
2024-12-15,21.7696,-13.1054,3.5827,0.72838,0.95598,4.58897,4.70226,4.41091,4.3326,4.40943,4.31608,4.20062,4.2184,0.9439,1.00707,0.78306,5
2024-12-16,21.7696,-13.1054,3.7786,0.77148,0.72838,4.55033,3.56747,3.80833,3.71023,3.80633,3.70182,3.74599,3.76371,0.9439,1.00707,0.78306,5
2024-12-17,21.7696,-13.1054,3.1858,0.65334,0.77148,4.51619,3.76191,3.94893,3.84049,3.96816,3.9681,4.24565,4.1527,0.9439,1.00707,0.78306,5
2024-12-18,21.7696,-13.1054,3.7541,0.77204,0.65334,4.48865,3.1769,3.99774,3.95086,4.04198,4.04633,4.29703,4.34874,0.9439,1.00707,0.78306,5
2024-12-19,21.7696,-13.1054,4.3634,0.90077,0.77204,4.42718,3.73981,4.25558,4.1548,4.3229,4.21517,4.35266,4.48755,0.9439,1.00707,0.78306,5
2024-12-20,21.7696,-13.1054,5.0258,1.03931,0.90077,4.40353,4.35585,4.43094,4.39097,4.48725,4.40813,4.44456,4.55191,0.9439,1.00707,0.78306,5
2024-12-21,21.7696,-13.1054,4.8857,1.01221,1.03931,4.37046,5.01653,4.6737,4.78603,4.74239,4.75902,4.66859,4.60949,0.9439,1.00707,0.78306,5
2024-12-22,21.7696,-13.1054,4.9507,1.02746,1.01221,4.35177,4.8772,4.61728,4.63746,4.66154,4.67127,4.55711,4.4933,0.9439,1.00707,0.78306,5
2024-12-23,21.7696,-13.1054,4.8142,1.0009,1.02746,4.33539,4.94195,4.66624,4.74537,4.68696,4.72933,4.42331,4.48166,0.9439,1.00707,0.78306,5
2024-12-24,21.7696,-13.1054,3.7303,0.77795,1.0009,4.3193,4.79936,4.33929,4.32203,4.33483,4.3255,4.18297,4.31035,0.9439,1.00707,0.78306,5
2024-12-25,21.7696,-13.1054,4.6735,0.97511,0.77795,4.33382,3.72855,3.99987,3.94297,3.95736,3.82753,3.96794,4.02978,0.9439,1.00707,0.78306,5
2024-12-26,21.7696,-13.1054,4.4074,0.91871,0.97511,4.36318,4.67796,4.49067,4.54711,4.4327,4.54774,4.23467,4.22836,0.9439,1.00707,0.78306,5
2024-12-27,21.7696,-13.1054,4.697,0.98022,0.91871,4.35956,4.40226,4.20019,4.13319,4.15863,4.06594,4.02124,4.05969,0.9439,1.00707,0.78306,5
2024-12-28,21.7696,-13.1054,4.6044,0.95961,0.98022,4.30535,4.70328,4.29848,4.27522,4.28434,4.24295,4.42539,4.35457,0.9439,1.00707,0.78306,5
2024-12-29,21.7696,-13.1054,4.5612,0.94709,0.95961,4.34239,4.62149,4.3157,4.28435,4.3013,4.26287,4.39939,4.427,0.9439,1.00707,0.78306,5
2024-12-30,21.7696,-13.1054,4.9872,1.03167,0.94709,4.36214,4.57836,4.55605,4.59133,4.53592,4.5936,4.70312,4.58196,0.9439,1.00707,0.78306,5
2024-12-31,21.7696,-13.1054,4.9555,1.02511,1.03167,4.36214,4.9872,4.73774,4.86595,4.72684,4.83903,4.72163,4.62409,0.9439,1.00707,0.78306,5
2025-01-01,21.7696,-13.1054,5.0978,1.05052,1.02511,4.39771,4.97451,4.8082,4.8587,4.81611,4.84068,4.93871,4.827,0.9439,1.00707,0.78306,5
2025-01-02,21.7696,-13.1054,5.0928,1.04614,1.05052,4.42232,5.11412,4.75707,4.80835,4.77553,4.80746,4.81988,4.74514,0.9439,1.00707,0.78306,5
2025-01-03,21.7696,-13.1054,4.9217,1.00705,1.04614,4.44616,5.11274,4.85106,4.91368,4.86077,4.90561,4.82968,4.74189,0.9439,1.00707,0.78306,5
2025-01-04,21.7696,-13.1054,4.8598,0.98839,1.00705,4.50248,4.95155,4.90024,4.9188,4.90183,4.90534,4.85098,4.81414,0.9439,1.00707,0.78306,5
2025-01-05,21.7696,-13.1054,5.0798,1.02818,0.98839,4.5116,4.88323,4.87504,4.8948,4.8817,4.86634,4.84701,4.7654,0.9439,1.00707,0.78306,5
2025-01-06,21.7696,-13.1054,5.2891,1.06732,1.02818,4.52402,5.09511,4.91039,4.99465,4.90662,4.96104,4.85655,4.80709,0.9439,1.00707,0.78306,5
2025-01-07,21.7696,-13.1054,5.2212,1.05231,1.06732,4.50425,5.29566,4.89175,4.99307,4.85831,4.99579,4.83606,4.85307,0.9439,1.00707,0.78306,5
2025-01-08,21.7696,-13.1054,4.793,0.96311,1.05231,4.49797,5.23692,4.75352,4.80466,4.73506,4.82776,4.59797,4.69504,0.9439,1.00707,0.78306,5
2025-01-09,21.7696,-13.1054,5.1571,1.02849,0.96311,4.52624,4.82928,4.69082,4.67156,4.67597,4.6911,4.6413,4.64835,0.9439,1.00707,0.78306,5
2025-01-10,21.7696,-13.1054,5.2066,1.03287,1.02849,4.54534,5.18452,4.91699,5.04069,4.9179,5.00836,4.99497,4.89113,0.9439,1.00707,0.78306,5
2025-01-11,21.7696,-13.1054,5.1662,1.01965,1.03287,4.56096,5.23319,4.94233,5.04043,4.94089,5.03451,4.94324,4.90067,0.9439,1.00707,0.78306,5
2025-01-12,21.7696,-13.1054,5.3194,1.04145,1.01965,4.62682,5.20804,4.97571,5.05972,4.97317,5.06182,4.99999,4.96702,0.9439,1.00707,0.78306,5
2025-01-13,21.7696,-13.1054,5.3054,1.03283,1.04145,4.71205,5.34967,5.0524,5.15472,5.07656,5.14286,5.13618,5.0878,0.9439,1.00707,0.78306,5
2025-01-14,21.7696,-13.1054,5.4067,1.04745,1.03283,4.75321,5.33127,5.06848,5.14272,5.08273,5.14459,5.17828,5.13051,0.9439,1.00707,0.78306,5
2025-01-15,21.7696,-13.1054,5.2222,1.0057,1.04745,4.81847,5.43896,5.14533,5.24085,5.11991,5.25444,5.2651,5.21671,0.9439,1.00707,0.78306,5
2025-01-16,21.7696,-13.1054,5.147,0.98418,1.0057,4.85932,5.25953,5.14444,5.18416,5.08411,5.25263,5.15071,5.15819,0.9439,1.00707,0.78306,5
2025-01-17,21.7696,-13.1054,5.7053,1.08399,0.98418,4.87419,5.17998,5.16451,5.15912,5.10261,5.21315,5.22565,5.09367,0.9439,1.00707,0.78306,5
2025-01-18,21.7696,-13.1054,5.533,1.04562,1.08399,4.89468,5.73604,5.31377,5.3886,5.31718,5.34724,5.42749,5.2639,0.9439,1.00707,0.78306,5
2025-01-19,21.7696,-13.1054,5.4223,1.0204,1.04562,4.90451,5.55632,5.25945,5.27496,5.29208,5.30846,5.27806,5.24385,0.9439,1.00707,0.78306,5
2025-01-20,21.7696,-13.1054,5.4828,1.02579,1.0204,4.94633,5.45398,5.28148,5.32936,5.31585,5.32268,5.24585,5.19717,0.9439,1.00707,0.78306,5
2025-01-21,21.7696,-13.1054,5.5399,1.02835,1.02579,5.01035,5.52615,5.31699,5.39562,5.3312,5.37826,5.39749,5.20929,0.9439,1.00707,0.78306,5
2025-01-22,21.7696,-13.1054,3.9713,0.73033,1.02835,5.08097,5.59183,5.36728,5.44325,5.35496,5.44708,5.49653,5.37168,0.9439,1.00707,0.78306,5
2025-01-23,21.7696,-13.1054,5.4034,0.98678,0.73033,5.12574,3.99911,4.55046,4.49406,4.50951,4.32131,4.44291,4.61353,0.9439,1.00707,0.78306,5
2025-01-24,21.7696,-13.1054,5.0892,0.92388,0.98678,5.16293,5.43568,5.11384,5.11811,5.06362,5.133,5.06448,5.08603,0.9439,1.00707,0.78306,5
2025-01-25,21.7696,-13.1054,5.6568,1.02049,0.92388,5.19203,5.12129,5.09229,5.02718,5.03231,5.01591,5.11514,5.21255,0.9439,1.00707,0.78306,5
2025-01-26,21.7696,-13.1054,5.7202,1.02523,1.02049,5.22855,5.69374,5.50994,5.60751,5.48681,5.59344,5.55368,5.66673,0.9439,1.00707,0.78306,5
2025-01-27,21.7696,-13.1054,5.6114,1.00176,1.02523,5.23214,5.74286,5.52089,5.59652,5.52253,5.58473,5.45789,5.59203,0.9439,1.00707,0.78306,5
2025-01-28,21.7696,-13.1054,5.6894,1.01153,1.00176,5.25426,5.63446,5.49727,5.5458,5.51421,5.54032,5.55993,5.59643,0.9439,1.00707,0.78306,5
2025-01-29,21.7696,-13.1054,5.8495,1.0347,1.01153,5.28565,5.71848,5.5193,5.57667,5.54416,5.56826,5.49244,5.5161,0.9439,1.00707,0.78306,5
2025-01-30,21.7696,-13.1054,5.7185,1.00529,1.0347,5.31667,5.88582,5.5911,5.67637,5.63836,5.65375,5.84564,5.69744,0.9439,1.00707,0.78306,5
2025-01-31,21.7696,-13.1054,5.7773,1.01072,1.00529,5.30456,5.74624,5.56768,5.61562,5.6152,5.60104,5.7905,5.70957,0.9439,1.00707,0.78306,5
2025-02-01,21.7696,-13.1054,5.8548,1.0179,1.01072,5.34625,5.81354,5.67886,5.73842,5.71869,5.71397,5.79453,5.69285,0.9439,1.00707,0.78306,5
2025-02-02,21.7696,-13.1054,6.1022,1.05419,1.0179,5.3909,5.8921,5.72567,5.77295,5.76577,5.7645,5.84187,5.72641,0.9439,1.00707,0.78306,5
2025-02-03,21.7696,-13.1054,6.0228,1.03458,1.05419,5.44984,6.13695,5.81032,5.87745,5.84484,5.87749,6.02616,5.83888,0.9439,1.00707,0.78306,5
2025-02-04,21.7696,-13.1054,5.8656,1.00265,1.03458,5.50055,6.05243,5.85755,5.89132,5.88027,5.89498,5.76229,5.79585,0.9439,1.00707,0.78306,5
2025-02-05,21.7696,-13.1054,5.9954,1.02004,1.00265,5.52892,5.89317,5.81187,5.82371,5.80741,5.81058,5.86013,5.81385,0.9439,1.00707,0.78306,5
2025-02-06,21.7696,-13.1054,5.8337,0.98765,1.02004,5.55948,6.02501,5.88814,5.95158,5.89508,5.92002,5.81975,5.87892,0.9439,1.00707,0.78306,5
2025-02-07,21.7696,-13.1054,5.9417,1.00215,0.98765,5.56692,5.85573,5.87043,5.88353,5.88195,5.85781,5.84923,5.88684,0.9439,1.00707,0.78306,5
2025-02-08,21.7696,-13.1054,5.9628,1.00688,1.00215,5.48097,5.93481,5.83946,5.8668,5.84621,5.82996,5.88773,5.76602,0.9439,1.00707,0.78306,5
2025-02-09,21.7696,-13.1054,5.9472,1.00575,1.00688,5.43282,5.95387,5.83102,5.87396,5.83379,5.8416,5.73725,5.73865,0.9439,1.00707,0.78306,5
2025-02-10,21.7696,-13.1054,5.7569,0.97273,1.00575,5.41807,5.95234,5.8105,5.86942,5.81794,5.84358,5.7472,5.72111,0.9439,1.00707,0.78306,5
2025-02-11,21.7696,-13.1054,4.4071,0.74428,0.97273,5.38931,5.75983,5.61349,5.63196,5.60147,5.62344,5.41061,5.46392,0.9439,1.00707,0.78306,5
2025-02-12,21.7696,-13.1054,4.7321,0.79656,0.74428,5.39586,4.42149,4.74569,4.64143,4.68071,4.43367,4.5598,4.73687,0.9439,1.00707,0.78306,5
2025-02-13,21.7696,-13.1054,5.8099,0.97335,0.79656,5.40352,4.75467,5.04609,4.85974,4.97623,4.82023,4.96245,4.89227,0.9439,1.00707,0.78306,5
2025-02-14,21.7696,-13.1054,5.8795,0.97942,0.97335,5.45819,5.84305,5.64983,5.6721,5.59249,5.66247,5.35952,5.3817,0.9439,1.00707,0.78306,5
2025-02-15,21.7696,-13.1054,5.8637,0.97119,0.97942,5.52212,5.91338,5.76261,5.76108,5.70356,5.69549,5.56595,5.49843,0.9439,1.00707,0.78306,5
2025-02-16,21.7696,-13.1054,6.3216,1.04388,0.97119,5.50179,5.8814,5.57815,5.52272,5.49964,5.44379,5.58403,5.49831,0.9439,1.00707,0.78306,5
2025-02-17,21.7696,-13.1054,6.4094,1.05946,1.04388,5.45113,6.31516,5.80518,5.94041,5.69197,5.88629,5.97725,5.62301,0.9439,1.00707,0.78306,5
2025-02-18,21.7696,-13.1054,6.6722,1.09874,1.05946,5.4591,6.43367,5.87833,6.00253,5.81305,6.03641,5.93009,5.61606,0.9439,1.00707,0.78306,5
2025-02-19,21.7696,-13.1054,6.473,1.06172,1.09874,5.45087,6.69871,5.93439,6.06081,5.86405,6.10121,5.93672,5.78705,0.9439,1.00707,0.78306,5
2025-02-20,21.7696,-13.1054,6.419,1.04542,1.06172,5.50373,6.51903,5.95617,6.03822,5.90414,6.11578,5.88872,5.81155,0.9439,1.00707,0.78306,5
2025-02-21,21.7696,-13.1054,6.1402,0.99361,1.04542,5.57476,6.46042,6.00094,6.09612,5.99161,6.13533,6.18073,5.87123,0.9439,1.00707,0.78306,5
2025-02-22,21.7696,-13.1054,6.4027,1.02845,0.99361,5.67177,6.18579,6.00148,6.05352,6.01405,6.07076,6.16706,5.89735,0.9439,1.00707,0.78306,5
2025-02-23,21.7696,-13.1054,6.2057,0.98723,1.02845,5.81952,6.46484,6.17808,6.28249,6.20302,6.26929,6.33074,6.14193,0.9439,1.00707,0.78306,5
2025-02-24,21.7696,-13.1054,6.4934,1.02214,0.98723,5.93176,6.27158,6.18943,6.2083,6.24597,6.21881,6.34918,6.19555,0.9439,1.00707,0.78306,5
2025-02-25,21.7696,-13.1054,6.2011,0.96593,1.02214,6.03532,6.56199,6.29064,6.36152,6.35941,6.35221,6.50582,6.39268,0.9439,1.00707,0.78306,5
2025-02-26,21.7696,-13.1054,6.5482,1.0104,0.96593,6.14286,6.25999,6.37599,6.36321,6.45723,6.38221,6.63114,6.47488,0.9439,1.00707,0.78306,5
2025-02-27,21.7696,-13.1054,6.8952,1.05604,1.0104,6.22318,6.59717,6.48946,6.53895,6.60626,6.55335,6.65603,6.58502,0.9439,1.00707,0.78306,5
2025-02-28,21.7696,-13.1054,6.4318,0.981,1.05604,6.25185,6.92381,6.50663,6.57721,6.58279,6.59213,6.67851,6.6433,0.9439,1.00707,0.78306,5
2025-03-01,21.7696,-13.1054,6.3614,0.96851,0.981,6.22978,6.44344,6.09264,6.03433,6.10554,6.03298,6.08122,6.22491,0.9439,1.00707,0.78306,5
2025-03-02,21.7696,-13.1054,6.2611,0.9509,0.96851,6.21529,6.37707,6.01503,6.00251,5.96326,5.95099,5.90691,6.14062,0.9439,1.00707,0.78306,5
2025-03-03,21.7696,-13.1054,6.7042,1.01496,0.9509,6.2863,6.28103,6.39309,6.36998,6.32623,6.36588,6.29034,6.31026,0.9439,1.00707,0.78306,5
2025-03-04,21.7696,-13.1054,6.0,0.90157,1.01496,6.39098,6.75466,6.56801,6.60276,6.41577,6.73775,6.22164,6.41035,0.9439,1.00707,0.78306,5
2025-03-05,21.7696,-13.1054,3.6398,0.54351,0.90157,6.45724,6.03767,5.86376,5.99937,5.73726,6.01565,5.60897,5.93507,0.9439,1.00707,0.78306,5
2025-03-06,21.7696,-13.1054,7.0469,1.04458,0.54351,6.55066,3.66658,5.36304,5.66845,5.24332,5.79312,5.51656,5.76721,0.9439,1.00707,0.78306,5
2025-03-07,21.7696,-13.1054,6.9619,1.02899,1.04458,6.55372,7.06741,6.60035,6.58547,6.525,6.68808,6.2651,6.43487,0.9439,1.00707,0.78306,5
2025-03-08,21.7696,-13.1054,6.4534,0.95035,1.02899,6.55788,6.98741,6.78735,6.80745,6.72245,6.82895,6.77171,6.53266,0.9439,1.00707,0.78306,5
2025-03-09,21.7696,-13.1054,6.7942,0.99693,0.95035,6.56681,6.47673,6.72838,6.66907,6.66568,6.69561,6.77147,6.80721,0.9439,1.00707,0.78306,5
2025-03-10,21.7696,-13.1054,6.5952,0.96177,0.99693,6.62929,6.83632,6.84431,6.862,6.76846,6.89366,6.75709,6.81317,0.9439,1.00707,0.78306,5
2025-03-11,21.7696,-13.1054,6.8618,0.9948,0.96177,6.67797,6.63393,6.85843,6.81747,6.78173,6.8605,6.71875,6.89028,0.9439,1.00707,0.78306,5
2025-03-12,21.7696,-13.1054,7.1155,1.02819,0.9948,6.68805,6.88448,6.90459,6.90954,6.84608,6.91391,6.9044,6.8803,0.9439,1.00707,0.78306,5
2025-03-13,21.7696,-13.1054,6.5563,0.94292,1.02819,6.68933,7.14919,6.94031,6.98231,6.92832,6.95237,6.90206,7.04574,0.9439,1.00707,0.78306,5
2025-03-14,21.7696,-13.1054,6.5628,0.94071,0.94292,6.68421,6.57816,6.80351,6.75409,6.78272,6.74208,6.78828,7.00335,0.9439,1.00707,0.78306,5
2025-03-15,21.7696,-13.1054,6.6859,0.95361,0.94071,6.70317,6.59551,6.85294,6.81869,6.78801,6.8443,6.8904,6.97397,0.9439,1.00707,0.78306,5
2025-03-16,21.7696,-13.1054,6.9715,0.98736,0.95361,6.777,6.73318,6.95062,6.92297,6.91358,6.90504,6.89846,6.98058,0.9439,1.00707,0.78306,5
2025-03-17,21.7696,-13.1054,7.1698,1.00872,0.98736,6.8691,7.01796,7.03331,7.0302,7.0718,7.02685,7.07316,7.14753,0.9439,1.00707,0.78306,5
2025-03-18,21.7696,-13.1054,6.7123,0.93753,1.00872,6.90663,7.22202,7.04171,7.03437,7.1176,7.07181,7.12169,7.18732,0.9439,1.00707,0.78306,5
2025-03-19,21.7696,-13.1054,6.8018,0.94524,0.93753,6.9215,6.74633,7.025,6.96835,7.0638,6.96999,7.17233,7.16805,0.9439,1.00707,0.78306,5
2025-03-20,21.7696,-13.1054,6.9118,0.9577,0.94524,6.87785,6.82185,6.95026,6.88126,6.9624,6.88382,6.87836,6.94575,0.9439,1.00707,0.78306,5
2025-03-21,21.7696,-13.1054,7.0214,0.97199,0.9577,6.84422,6.91818,7.01537,6.9889,6.98166,6.95753,7.08093,7.05527,0.9439,1.00707,0.78306,5
2025-03-22,21.7696,-13.1054,7.0152,0.9677,0.97199,6.86467,7.04627,7.07091,7.06866,7.08715,7.05885,7.08349,7.03094,0.9439,1.00707,0.78306,5
2025-03-23,21.7696,-13.1054,6.8616,0.94471,0.9677,6.84481,7.0286,7.06885,7.0646,7.10314,7.0529,7.12935,7.06949,0.9439,1.00707,0.78306,5
2025-03-24,21.7696,-13.1054,6.99,0.96018,0.94471,6.84662,6.87736,7.114,7.08306,7.12965,7.058,6.9823,7.07044,0.9439,1.00707,0.78306,5
2025-03-25,21.7696,-13.1054,7.1659,0.98264,0.96018,6.8364,7.00209,7.16244,7.15442,7.17859,7.12924,7.06576,7.01122,0.9439,1.00707,0.78306,5
2025-03-26,21.7696,-13.1054,7.2852,0.99561,0.98264,6.88431,7.19036,7.23064,7.25695,7.2801,7.24891,7.20466,7.06038,0.9439,1.00707,0.78306,5
2025-03-27,21.7696,-13.1054,7.7513,1.05599,0.99561,6.90041,7.30805,7.07282,7.08573,7.12001,7.09362,7.13475,7.03168,0.9439,1.00707,0.78306,5
2025-03-28,21.7696,-13.1054,4.2943,0.58292,1.05599,6.93543,7.7794,7.25207,7.34934,7.25963,7.32992,7.26818,7.2229,0.9439,1.00707,0.78306,5
2025-03-29,21.7696,-13.1054,3.8302,0.51712,0.58292,7.01099,4.31755,5.91722,6.08246,5.83309,5.89449,5.82687,6.12426,0.9439,1.00707,0.78306,5
2025-03-30,21.7696,-13.1054,6.2546,0.84154,0.51712,7.06918,3.84339,5.81618,5.85256,5.75657,5.51326,5.57121,5.94003,0.9439,1.00707,0.78306,5
2025-03-31,21.7696,-13.1054,7.117,0.95523,0.84154,7.0787,6.26995,6.747,6.55576,6.74709,6.57343,6.75831,6.62747,0.9439,1.00707,0.78306,5
2025-04-01,21.7696,-13.1054,6.6689,0.89353,0.95523,7.08314,7.12937,7.08003,6.97928,7.09899,7.01224,7.13206,6.9642,0.9439,1.00707,0.78306,5
2025-04-02,21.7696,-13.1054,6.4279,0.85946,0.89353,7.10902,6.68272,6.53389,6.4591,6.55678,6.49193,6.45689,6.67207,0.9439,1.00707,0.78306,5
2025-04-03,21.7696,-13.1054,6.9821,0.93133,0.85946,7.14961,6.44331,6.34713,6.3269,6.33486,6.30887,6.26882,6.39944,0.9439,1.00707,0.78306,5
2025-04-04,21.7696,-13.1054,7.0507,0.93835,0.93133,7.18879,6.99798,6.91605,6.86676,6.81066,6.90403,7.03056,6.76591,0.9439,1.00707,0.78306,5
2025-04-05,21.7696,-13.1054,4.6394,0.61562,0.93835,7.20711,7.07151,6.90915,6.83716,6.85954,6.7761,6.79162,6.70644,0.9439,1.00707,0.78306,5
2025-04-06,21.7696,-13.1054,7.6884,1.01776,0.61562,7.218,4.65054,6.1594,6.30691,6.1663,6.30535,6.34105,6.25938,0.9439,1.00707,0.78306,5
2025-04-07,21.7696,-13.1054,6.9862,0.92145,1.01776,7.27735,7.7164,7.16934,7.01479,7.26078,7.20675,7.25495,7.16993,0.9439,1.00707,0.78306,5
2025-04-08,21.7696,-13.1054,6.8501,0.90191,0.92145,7.28012,6.99846,6.74913,6.59562,6.74519,6.55621,6.66517,6.64319,0.9439,1.00707,0.78306,5
2025-04-09,21.7696,-13.1054,7.3495,0.96465,0.90191,7.30799,6.87156,6.64282,6.37512,6.62778,6.3368,6.42755,6.60296,0.9439,1.00707,0.78306,5
2025-04-10,21.7696,-13.1054,7.6394,1.00198,0.96465,7.27757,7.35478,7.08892,6.93934,7.08305,6.93278,7.32632,7.11767,0.9439,1.00707,0.78306,5
2025-04-11,21.7696,-13.1054,7.4482,0.97682,1.00198,7.25592,7.64004,7.53082,7.5435,7.49723,7.51885,7.96861,7.57395,0.9439,1.00707,0.78306,5
2025-04-12,21.7696,-13.1054,5.3962,0.70795,0.97682,7.24641,7.44554,7.34791,7.32034,7.2733,7.30252,7.15201,7.17466,0.9439,1.00707,0.78306,5
2025-04-13,21.7696,-13.1054,7.9834,1.04813,0.70795,7.19482,5.39236,6.74433,6.80366,6.68383,6.74382,6.73221,6.72394,0.9439,1.00707,0.78306,5
2025-04-14,21.7696,-13.1054,7.7551,1.01655,1.04813,7.21547,7.99599,7.58066,7.55901,7.5712,7.66235,7.48526,7.40833,0.9439,1.00707,0.78306,5
2025-04-15,21.7696,-13.1054,7.627,0.99834,1.01655,7.22874,7.76616,7.61366,7.6509,7.60859,7.64273,7.35393,7.28443,0.9439,1.00707,0.78306,5
2025-04-16,21.7696,-13.1054,7.7045,1.00599,0.99834,7.26198,7.64592,7.55292,7.5663,7.55166,7.54913,7.33466,7.51994,0.9439,1.00707,0.78306,5
2025-04-17,21.7696,-13.1054,7.879,1.02672,1.00599,7.30323,7.71991,7.37538,7.3837,7.39444,7.36612,7.25395,7.35611,0.9439,1.00707,0.78306,5
2025-04-18,21.7696,-13.1054,7.8914,1.02446,1.02672,7.35645,7.90875,7.68203,7.72984,7.70898,7.72544,7.77927,7.73569,0.9439,1.00707,0.78306,5
2025-04-19,21.7696,-13.1054,6.563,0.84948,1.02446,7.42791,7.91487,7.64827,7.67408,7.64338,7.6498,7.57285,7.57514,0.9439,1.00707,0.78306,5
2025-04-20,21.7696,-13.1054,5.3861,0.69559,0.84948,7.46578,6.57772,6.8083,6.74023,6.7849,6.65151,6.72844,6.81491,0.9439,1.00707,0.78306,5
2025-04-21,21.7696,-13.1054,3.2184,0.41532,0.69559,7.44904,5.39032,6.26682,6.55126,6.24942,6.49426,6.51865,6.37746,0.9439,1.00707,0.78306,5
2025-04-22,21.7696,-13.1054,6.2839,0.81017,0.41532,7.42352,3.22132,5.90405,6.61014,5.88017,6.53391,6.06671,6.21573,0.9439,1.00707,0.78306,5
2025-04-23,21.7696,-13.1054,7.4198,0.95428,0.81017,7.43323,6.29933,6.79341,6.90807,6.85549,6.85413,6.48752,6.90138,0.9439,1.00707,0.78306,5
2025-04-24,21.7696,-13.1054,7.447,0.9569,0.95428,7.45434,7.42657,7.32671,7.16646,7.37769,7.2983,7.3051,6.98721,0.9439,1.00707,0.78306,5
2025-04-25,21.7696,-13.1054,7.0822,0.90803,0.9569,7.47246,7.46336,7.52144,7.43234,7.55436,7.48296,7.51518,7.18365,0.9439,1.00707,0.78306,5
2025-04-26,21.7696,-13.1054,7.3704,0.94059,0.90803,7.56279,7.11531,7.36995,7.24879,7.37955,7.2626,7.049,7.10863,0.9439,1.00707,0.78306,5
2025-04-27,21.7696,-13.1054,7.0025,0.89087,0.94059,7.60823,7.39326,7.63626,7.5167,7.6452,7.54151,7.38787,7.41025,0.9439,1.00707,0.78306,5
2025-04-28,21.7696,-13.1054,5.119,0.6495,0.89087,7.62758,7.02131,7.1954,7.02183,7.1909,7.01494,6.88346,6.9492,0.9439,1.00707,0.78306,5
2025-04-29,21.7696,-13.1054,4.4662,0.56588,0.6495,7.61182,5.12623,6.24756,6.17609,6.20274,5.96681,6.02423,6.07872,0.9439,1.00707,0.78306,5
2025-04-30,21.7696,-13.1054,5.201,0.65789,0.56588,7.6291,4.47359,6.17283,6.40006,6.09372,6.04581,6.12833,6.22965,0.9439,1.00707,0.78306,5
2025-05-01,21.7696,-13.1054,7.0673,0.89333,0.65789,7.62299,5.2047,6.60638,6.84835,6.54993,6.72137,6.64792,6.5706,0.9439,1.00707,0.78306,5
2025-05-02,21.7696,-13.1054,6.9458,0.87764,0.89333,7.58697,7.06996,7.51086,7.29797,7.46842,7.39416,7.41183,7.17097,0.9439,1.00707,0.78306,5
2025-05-03,21.7696,-13.1054,6.6629,0.84324,0.87764,7.5298,6.93468,7.28372,7.19577,7.25428,7.16506,6.89339,6.98926,0.9439,1.00707,0.78306,5
2025-05-04,21.7696,-13.1054,7.4472,0.94445,0.84324,7.46896,6.64916,6.7913,6.62818,6.82257,6.78249,6.35644,6.61564,0.9439,1.00707,0.78306,5
2025-05-05,21.7696,-13.1054,6.8518,0.86926,0.94445,7.46754,7.44445,7.50116,7.36204,7.53162,7.46085,7.5568,7.23508,0.9439,1.00707,0.78306,5
2025-05-06,21.7696,-13.1054,4.8703,0.61702,0.86926,7.51203,6.86133,7.09849,7.03792,7.09802,7.02627,6.9661,6.97063,0.9439,1.00707,0.78306,5
2025-05-07,21.7696,-13.1054,6.5244,0.82658,0.61702,7.53394,4.87027,6.6125,6.98736,6.59525,6.9451,6.88314,6.81347,0.9439,1.00707,0.78306,5
2025-05-08,21.7696,-13.1054,4.6279,0.58582,0.82658,7.57411,6.5299,7.04165,6.92265,7.09561,7.09947,6.77253,6.91351,0.9439,1.00707,0.78306,5
2025-05-09,21.7696,-13.1054,6.6012,0.83381,0.58582,7.61112,4.63788,6.41653,6.86166,6.42675,6.82932,6.50668,6.31863,0.9439,1.00707,0.78306,5
2025-05-10,21.7696,-13.1054,7.0008,0.88382,0.83381,7.62526,6.6047,7.16555,7.0211,7.21505,7.2071,6.90395,6.90989,0.9439,1.00707,0.78306,5
2025-05-11,21.7696,-13.1054,7.6063,0.96078,0.88382,7.58421,6.99699,7.46743,7.35417,7.44338,7.36357,7.13206,6.9612,0.9439,1.00707,0.78306,5
2025-05-12,21.7696,-13.1054,7.5422,0.95206,0.96078,7.59782,7.61131,7.65771,7.58487,7.66595,7.59697,7.36964,7.33148,0.9439,1.00707,0.78306,5
2025-05-13,21.7696,-13.1054,7.3418,0.92671,0.95206,7.63793,7.54264,7.57884,7.51301,7.61905,7.55463,7.39353,7.19455,0.9439,1.00707,0.78306,5
2025-05-14,21.7696,-13.1054,7.9606,1.00441,0.92671,7.66215,7.34475,7.65182,7.58485,7.65353,7.56832,7.60569,7.49039,0.9439,1.00707,0.78306,5
2025-05-15,21.7696,-13.1054,8.1418,1.02792,1.00441,7.65071,7.95555,7.97159,7.96016,7.97657,7.95803,7.88597,7.85205,0.9439,1.00707,0.78306,5
2025-05-16,21.7696,-13.1054,8.2738,1.04494,1.02792,7.6502,8.13911,8.00166,8.0299,8.01929,8.02102,7.8443,7.85535,0.9439,1.00707,0.78306,5
2025-05-17,21.7696,-13.1054,6.5189,0.82292,1.04494,7.68828,8.27764,8.00834,8.05136,8.01486,8.03254,7.77038,7.76922,0.9439,1.00707,0.78306,5
2025-05-18,21.7696,-13.1054,6.9079,0.87028,0.82292,7.73167,6.53197,7.09512,7.22303,7.05527,7.19087,7.00936,6.90279,0.9439,1.00707,0.78306,5
2025-05-19,21.7696,-13.1054,7.5173,0.94503,0.87028,7.78505,6.92269,7.27743,7.28597,7.22034,7.27805,7.14794,7.23652,0.9439,1.00707,0.78306,5
2025-05-20,21.7696,-13.1054,4.872,0.61172,0.94503,7.81081,7.52661,7.8676,7.73916,7.83058,7.74572,7.65762,7.72942,0.9439,1.00707,0.78306,5
2025-05-21,21.7696,-13.1054,7.2888,0.91573,0.61172,7.77717,4.86903,6.60956,6.98337,6.59923,6.94287,6.32436,6.54857,0.9439,1.00707,0.78306,5
2025-05-22,21.7696,-13.1054,6.3991,0.80376,0.91573,7.7728,7.29052,7.2432,7.1373,7.29783,7.33775,7.28291,7.20176,0.9439,1.00707,0.78306,5
2025-05-23,21.7696,-13.1054,6.2916,0.79052,0.80376,7.77229,6.39703,6.84448,6.89442,6.88549,7.09254,6.85626,7.0031,0.9439,1.00707,0.78306,5
2025-05-24,21.7696,-13.1054,7.3783,0.92939,0.79052,7.71318,6.27582,6.72002,6.80891,6.74884,6.94451,6.9213,6.86331,0.9439,1.00707,0.78306,5
2025-05-25,21.7696,-13.1054,5.1802,0.65365,0.92939,7.69125,7.36539,7.69976,7.53169,7.72272,7.64953,7.89101,7.67079,0.9439,1.00707,0.78306,5
2025-05-26,21.7696,-13.1054,7.0325,0.88876,0.65365,7.70152,5.17219,6.35711,6.68272,6.37205,6.75891,6.15147,6.5798,0.9439,1.00707,0.78306,5
2025-05-27,21.7696,-13.1054,7.2689,0.92079,0.88876,7.63944,7.016,7.23763,7.08945,7.31356,7.36821,7.40391,7.26417,0.9439,1.00707,0.78306,5
2025-05-28,21.7696,-13.1054,7.5794,0.96218,0.92079,7.56404,7.25337,7.58276,7.46095,7.67632,7.64402,7.42253,7.38722,0.9439,1.00707,0.78306,5
2025-05-29,21.7696,-13.1054,7.7345,0.98411,0.96218,7.49369,7.56215,7.65602,7.55269,7.71391,7.66372,7.73627,7.48047,0.9439,1.00707,0.78306,5
2025-05-30,21.7696,-13.1054,7.9272,1.00971,0.98411,7.47492,7.72619,7.71208,7.64987,7.74906,7.7081,7.60086,7.61027,0.9439,1.00707,0.78306,5
2025-05-31,21.7696,-13.1054,7.7158,0.98456,1.00971,7.42575,7.9129,7.65058,7.62583,7.69386,7.68591,7.6186,7.56648,0.9439,1.00707,0.78306,5
2025-06-01,21.7696,-13.1054,7.2564,0.92689,0.98456,7.39936,7.70787,7.38742,7.34972,7.42628,7.42726,7.13076,7.32298,0.9439,1.00707,0.78306,5
2025-06-02,21.7696,-13.1054,7.5197,0.96311,0.92689,7.37153,7.2369,7.2208,7.17047,7.25037,7.251,7.18211,7.18181,0.9439,1.00707,0.78306,5
2025-06-03,21.7696,-13.1054,7.5842,0.97263,0.96311,7.33872,7.51002,7.22507,7.17391,7.26237,7.27043,7.3976,7.35737,0.9439,1.00707,0.78306,5
2025-06-04,21.7696,-13.1054,7.861,1.00926,0.97263,7.3267,7.57567,7.64483,7.57169,7.64815,7.58542,7.85561,7.78478,0.9439,1.00707,0.78306,5
2025-06-05,21.7696,-13.1054,8.1782,1.05006,1.00926,7.35828,7.86044,7.76682,7.74303,7.78062,7.75908,7.5975,7.70844,0.9439,1.00707,0.78306,5
2025-06-06,21.7696,-13.1054,7.9625,1.023,1.05006,7.37567,8.17311,7.8748,7.91906,7.88234,7.90797,8.0106,7.90007,0.9439,1.00707,0.78306,5
2025-06-07,21.7696,-13.1054,7.8187,1.00597,1.023,7.32859,7.95104,7.82293,7.81804,7.84661,7.81746,7.95606,7.80805,0.9439,1.00707,0.78306,5
2025-06-08,21.7696,-13.1054,7.9162,1.01881,1.00597,7.34098,7.81643,7.78973,7.75886,7.82475,7.77197,7.6414,7.60237,0.9439,1.00707,0.78306,5
2025-06-09,21.7696,-13.1054,8.1115,1.04434,1.01881,7.33061,7.91322,7.72037,7.71001,7.75197,7.73816,7.44018,7.53554,0.9439,1.00707,0.78306,5
2025-06-10,21.7696,-13.1054,7.8866,1.01635,1.04434,7.29693,8.10382,7.67752,7.6923,7.69633,7.71324,7.65814,7.57719,0.9439,1.00707,0.78306,5
2025-06-11,21.7696,-13.1054,7.8146,1.00821,1.01635,7.30987,7.87765,7.68174,7.67326,7.69573,7.68729,7.83889,7.79611,0.9439,1.00707,0.78306,5
2025-06-12,21.7696,-13.1054,7.6262,0.98419,1.00821,7.33219,7.81233,7.64334,7.61972,7.65545,7.63732,7.48056,7.58178,0.9439,1.00707,0.78306,5
2025-06-13,21.7696,-13.1054,7.1273,0.91981,0.98419,7.36687,7.62621,7.54486,7.50313,7.51293,7.44161,7.45474,7.53635,0.9439,1.00707,0.78306,5
2025-06-14,21.7696,-13.1054,7.9567,1.02701,0.91981,7.38504,7.12615,7.27791,7.25372,7.21898,7.18509,7.52371,7.42635,0.9439,1.00707,0.78306,5
2025-06-15,21.7696,-13.1054,7.861,1.01514,1.02701,7.40611,7.95294,7.72817,7.70144,7.74185,7.71672,7.94751,7.82728,0.9439,1.00707,0.78306,5
2025-06-16,21.7696,-13.1054,7.7026,0.99547,1.01514,7.41399,7.8548,7.73214,7.70015,7.7597,7.71852,7.60971,7.7154,0.9439,1.00707,0.78306,5
2025-06-17,21.7696,-13.1054,7.7242,0.99735,0.99547,7.42827,7.70963,7.47321,7.46444,7.4826,7.47717,7.44592,7.47095,0.9439,1.00707,0.78306,5
2025-06-18,21.7696,-13.1054,7.7196,0.99624,0.99735,7.46018,7.72818,7.68047,7.63398,7.69276,7.66286,7.74291,7.62269,0.9439,1.00707,0.78306,5
2025-06-19,21.7696,-13.1054,7.7045,0.99478,0.99624,7.45126,7.71582,7.65923,7.61006,7.68339,7.65756,7.73282,7.67863,0.9439,1.00707,0.78306,5
2025-06-20,21.7696,-13.1054,7.7148,0.99689,0.99478,7.43321,7.6985,7.59914,7.55829,7.57977,7.5317,7.52125,7.53292,0.9439,1.00707,0.78306,5
2025-06-21,21.7696,-13.1054,7.8463,1.01375,0.99689,7.44053,7.71573,7.4196,7.42386,7.38591,7.36394,7.33529,7.45128,0.9439,1.00707,0.78306,5
2025-06-22,21.7696,-13.1054,7.7448,0.99961,1.01375,7.49566,7.85441,7.6734,7.65266,7.67379,7.66104,7.70627,7.75718,0.9439,1.00707,0.78306,5
2025-06-23,21.7696,-13.1054,7.2758,0.93876,0.99961,7.5205,7.74736,7.54761,7.5363,7.5348,7.52344,7.51789,7.64752,0.9439,1.00707,0.78306,5
2025-06-24,21.7696,-13.1054,7.7647,1.00131,0.93876,7.56298,7.27967,7.40781,7.41004,7.39522,7.40472,7.4504,7.45218,0.9439,1.00707,0.78306,5
2025-06-25,21.7696,-13.1054,8.0606,1.03996,1.00131,7.59211,7.76106,7.63686,7.61206,7.6178,7.58614,7.77083,7.74602,0.9439,1.00707,0.78306,5
2025-06-26,21.7696,-13.1054,7.9051,1.01984,1.03996,7.60122,8.06107,7.78632,7.77151,7.73282,7.68499,7.89532,7.84458,0.9439,1.00707,0.78306,5
2025-06-27,21.7696,-13.1054,7.6865,0.99344,1.01984,7.60322,7.8907,7.74093,7.71044,7.70489,7.65383,7.62977,7.62144,0.9439,1.00707,0.78306,5
2025-06-28,21.7696,-13.1054,7.5211,0.97284,0.99344,7.60905,7.6804,7.71157,7.65625,7.65266,7.5806,7.79691,7.71188,0.9439,1.00707,0.78306,5
2025-06-29,21.7696,-13.1054,7.4741,0.9697,0.97284,7.56537,7.49834,7.56365,7.53427,7.58106,7.59056,7.65239,7.57268,0.9439,1.00707,0.78306,5
2025-06-30,21.7696,-13.1054,7.7774,1.01106,0.9697,7.53713,7.45922,7.54475,7.51152,7.56249,7.56883,7.62017,7.57837,0.9439,1.00707,0.78306,5
2025-07-01,21.7696,-13.1054,7.5338,0.9803,1.01106,7.51277,7.7702,7.496,7.4998,7.47387,7.45773,7.55097,7.38504,0.9439,1.00707,0.78306,5
2025-07-02,21.7696,-13.1054,7.0099,0.91257,0.9803,7.52413,7.53015,7.48088,7.47064,7.43524,7.394,7.47991,7.36483,0.9439,1.00707,0.78306,5
2025-07-03,21.7696,-13.1054,6.6564,0.86729,0.91257,7.52777,7.00395,7.22628,7.29008,7.13762,7.17864,7.19448,7.1303,0.9439,1.00707,0.78306,5
2025-07-04,21.7696,-13.1054,7.1309,0.93008,0.86729,7.51176,6.64945,6.91051,7.15479,6.86245,7.04561,6.82287,6.93891,0.9439,1.00707,0.78306,5
2025-07-05,21.7696,-13.1054,7.745,1.01162,0.93008,7.51223,7.12073,7.22107,7.30482,7.25553,7.39038,7.21036,7.22531,0.9439,1.00707,0.78306,5
2025-07-06,21.7696,-13.1054,7.5202,0.98564,1.01162,7.47052,7.71844,7.44048,7.44983,7.46619,7.5136,7.49726,7.19988,0.9439,1.00707,0.78306,5
2025-07-07,21.7696,-13.1054,7.0997,0.93327,0.98564,7.42784,7.49811,7.50402,7.43932,7.48568,7.42447,7.73677,7.28729,0.9439,1.00707,0.78306,5
2025-07-08,21.7696,-13.1054,7.3226,0.96486,0.93327,7.39817,7.0828,7.55502,7.35676,7.50963,7.32969,7.62129,7.57859,0.9439,1.00707,0.78306,5
2025-07-09,21.7696,-13.1054,7.453,0.98373,0.96486,7.3778,7.31004,7.52754,7.37915,7.528,7.37281,7.50614,7.46366,0.9439,1.00707,0.78306,5
2025-07-10,21.7696,-13.1054,7.4268,0.98318,0.98373,7.30211,7.43096,7.4915,7.38018,7.52064,7.42547,7.39874,7.31693,0.9439,1.00707,0.78306,5
2025-07-11,21.7696,-13.1054,7.0764,0.93846,0.98318,7.26896,7.41366,7.43262,7.36625,7.48425,7.45841,7.28859,7.25202,0.9439,1.00707,0.78306,5
2025-07-12,21.7696,-13.1054,7.2166,0.95647,0.93846,7.28367,7.0807,7.35679,7.28657,7.41008,7.38856,7.27281,7.3362,0.9439,1.00707,0.78306,5
2025-07-13,21.7696,-13.1054,7.4227,0.98521,0.95647,7.27619,7.20613,7.09095,7.13839,7.09585,7.14155,6.91189,7.07,0.9439,1.00707,0.78306,5
2025-07-14,21.7696,-13.1054,7.135,0.9465,0.98521,7.29397,7.42681,7.58006,7.41635,7.54851,7.37791,7.63303,7.49553,0.9439,1.00707,0.78306,5
2025-07-15,21.7696,-13.1054,7.2485,0.96177,0.9465,7.28813,7.13341,7.40461,7.24508,7.40179,7.25509,7.07283,7.21037,0.9439,1.00707,0.78306,5
2025-07-16,21.7696,-13.1054,7.4794,0.9928,0.96177,7.29549,7.24563,7.11274,7.11332,7.13881,7.22177,6.97719,6.95574,0.9439,1.00707,0.78306,5
2025-07-17,21.7696,-13.1054,6.6835,0.88825,0.9928,7.27908,7.47021,7.46371,7.36045,7.5633,7.48604,7.46571,7.2788,0.9439,1.00707,0.78306,5
2025-07-18,21.7696,-13.1054,7.2938,0.97262,0.88825,7.22912,6.66107,6.99966,7.03728,7.10969,7.13843,7.2002,7.19519,0.9439,1.00707,0.78306,5
2025-07-19,21.7696,-13.1054,6.4042,0.85474,0.97262,7.23982,7.28746,7.21558,7.24045,7.24818,7.28933,7.12914,7.13459,0.9439,1.00707,0.78306,5
2025-07-20,21.7696,-13.1054,7.0469,0.94254,0.85474,7.21579,6.39042,6.91157,7.00017,6.91137,7.01794,6.92251,7.09762,0.9439,1.00707,0.78306,5
2025-07-21,21.7696,-13.1054,7.2367,0.96604,0.94254,7.25586,7.0607,7.44874,7.27342,7.48585,7.31569,7.76804,7.56473,0.9439,1.00707,0.78306,5
2025-07-22,21.7696,-13.1054,7.3901,0.98753,0.96604,7.24472,7.22929,7.48314,7.28176,7.48959,7.28325,7.38365,7.21852,0.9439,1.00707,0.78306,5
2025-07-23,21.7696,-13.1054,7.3099,0.98097,0.98753,7.15168,7.35873,7.42791,7.26503,7.45839,7.31106,7.31431,7.29304,0.9439,1.00707,0.78306,5
2025-07-24,21.7696,-13.1054,7.404,0.99536,0.98097,7.13454,7.297,7.4647,7.26284,7.50921,7.34134,7.39679,7.43959,0.9439,1.00707,0.78306,5
2025-07-25,21.7696,-13.1054,7.3586,0.98719,0.99536,7.20423,7.41948,7.62913,7.43518,7.62808,7.42573,7.55152,7.57013,0.9439,1.00707,0.78306,5
2025-07-26,21.7696,-13.1054,7.4683,1.00094,0.98719,7.24717,7.36574,7.61503,7.4017,7.576,7.34187,7.38389,7.27638,0.9439,1.00707,0.78306,5
2025-07-27,21.7696,-13.1054,7.2362,0.97077,1.00094,7.25066,7.46103,7.34218,7.24061,7.3436,7.23955,6.96341,6.98004,0.9439,1.00707,0.78306,5
2025-07-28,21.7696,-13.1054,7.326,0.98165,0.97077,7.2768,7.2448,6.97315,7.07296,7.0182,7.17183,6.78272,6.85572,0.9439,1.00707,0.78306,5
2025-07-29,21.7696,-13.1054,7.218,0.96949,0.98165,7.25085,7.30859,7.15893,7.21615,7.23373,7.35598,7.39976,7.2721,0.9439,1.00707,0.78306,5
2025-07-30,21.7696,-13.1054,6.8962,0.9276,0.96949,7.25362,7.20765,7.20827,7.20819,7.22343,7.24702,7.43259,7.31407,0.9439,1.00707,0.78306,5
2025-07-31,21.7696,-13.1054,7.3826,0.99511,0.9276,7.23741,6.88171,7.11093,7.07984,7.11099,7.08322,7.32673,7.34494,0.9439,1.00707,0.78306,5
2025-08-01,21.7696,-13.1054,7.3541,0.99305,0.99511,7.19872,7.36935,7.37718,7.3043,7.40606,7.33855,7.63029,7.5959,0.9439,1.00707,0.78306,5
2025-08-02,21.7696,-13.1054,7.3788,0.99642,0.99305,7.20615,7.35383,7.35343,7.24814,7.38017,7.30396,7.37449,7.46161,0.9439,1.00707,0.78306,5
2025-08-03,21.7696,-13.1054,7.3027,0.98668,0.99642,7.20566,7.37483,7.22824,7.12784,7.21279,7.10033,7.25683,7.25394,0.9439,1.00707,0.78306,5
2025-08-04,21.7696,-13.1054,7.3025,0.98559,0.98668,7.21183,7.31053,7.27874,7.13641,7.28963,7.16065,7.39571,7.40718,0.9439,1.00707,0.78306,5
2025-08-05,21.7696,-13.1054,6.7039,0.90797,0.98559,7.13478,7.27699,7.02358,7.0677,7.08929,7.18858,6.76712,7.10954,0.9439,1.00707,0.78306,5
2025-08-06,21.7696,-13.1054,7.0685,0.9576,0.90797,7.13354,6.70216,6.87954,7.00512,6.9089,7.09492,6.84243,6.8337,0.9439,1.00707,0.78306,5
2025-08-07,21.7696,-13.1054,6.713,0.90863,0.9576,7.19381,7.0748,7.05384,7.17713,7.10383,7.2605,7.18292,7.1657,0.9439,1.00707,0.78306,5
2025-08-08,21.7696,-13.1054,7.5302,1.02,0.90863,7.18289,6.708,6.96788,7.11031,6.96836,7.11418,7.09386,7.03567,0.9439,1.00707,0.78306,5
2025-08-09,21.7696,-13.1054,7.2826,0.99041,1.02,7.14123,7.50022,7.29142,7.34405,7.28534,7.2933,7.29716,7.31445,0.9439,1.00707,0.78306,5
2025-08-10,21.7696,-13.1054,6.8402,0.93331,0.99041,7.09109,7.25871,7.09927,7.11468,7.06476,7.06731,6.99015,7.14274,0.9439,1.00707,0.78306,5
2025-08-11,21.7696,-13.1054,7.1395,0.97602,0.93331,7.03897,6.82701,6.88018,6.94531,6.86482,6.92843,6.71591,6.8283,0.9439,1.00707,0.78306,5
2025-08-12,21.7696,-13.1054,7.2806,0.99904,0.97602,6.95042,7.11288,6.80024,6.92078,6.8468,6.96702,6.99193,6.99097,0.9439,1.00707,0.78306,5
2025-08-13,21.7696,-13.1054,7.2768,0.99799,0.99904,6.95053,7.28442,7.24588,7.2114,7.24835,7.21325,7.34307,7.16744,0.9439,1.00707,0.78306,5
2025-08-14,21.7696,-13.1054,6.769,0.92918,0.99799,6.9308,7.27033,7.2625,7.16918,7.20721,7.10113,6.95836,7.02124,0.9439,1.00707,0.78306,5
2025-08-15,21.7696,-13.1054,5.7718,0.79283,0.92918,6.91298,6.76445,6.72789,6.76302,6.71684,6.77482,6.73405,6.73306,0.9439,1.00707,0.78306,5
2025-08-16,21.7696,-13.1054,6.8758,0.94583,0.79283,6.92995,5.76351,6.32459,6.67747,6.31949,6.65015,6.48494,6.44263,0.9439,1.00707,0.78306,5
2025-08-17,21.7696,-13.1054,6.702,0.92394,0.94583,6.88511,6.86077,7.02889,7.04993,7.07241,7.06786,7.00186,6.93833,0.9439,1.00707,0.78306,5
2025-08-18,21.7696,-13.1054,6.9209,0.95787,0.92394,6.84308,6.6758,6.74564,6.80617,6.77345,6.84441,6.56362,6.6034,0.9439,1.00707,0.78306,5
2025-08-19,21.7696,-13.1054,7.4873,1.04038,0.95787,6.80874,6.8935,6.77862,6.8714,6.7942,6.87215,6.97228,6.86372,0.9439,1.00707,0.78306,5
2025-08-20,21.7696,-13.1054,7.0764,0.98392,1.04038,6.81783,7.48243,7.20394,7.22825,7.20652,7.21344,7.27549,7.21682,0.9439,1.00707,0.78306,5
2025-08-21,21.7696,-13.1054,4.9157,0.68542,0.98392,6.79046,7.05649,6.86,6.77521,6.83247,6.78822,6.72673,6.9061,0.9439,1.00707,0.78306,5
2025-08-22,21.7696,-13.1054,6.9782,0.9737,0.68542,6.78269,4.91217,6.04051,6.5299,6.03372,6.53953,6.07237,6.08712,0.9439,1.00707,0.78306,5
2025-08-23,21.7696,-13.1054,7.0961,0.99284,0.9737,6.72417,6.9593,6.73335,6.7494,6.77673,6.7761,6.7338,6.653,0.9439,1.00707,0.78306,5
2025-08-24,21.7696,-13.1054,7.0877,0.99157,0.99284,6.74414,7.09677,7.02105,7.00689,7.06835,7.09064,7.15501,6.97735,0.9439,1.00707,0.78306,5
2025-08-25,21.7696,-13.1054,7.2127,1.01009,0.99157,6.75342,7.08046,7.06842,7.01908,7.08854,7.07278,7.0948,6.99501,0.9439,1.00707,0.78306,5
2025-08-26,21.7696,-13.1054,6.9696,0.97767,1.01009,6.75377,7.20073,7.19373,7.08512,7.18308,7.06758,7.00917,7.12463,0.9439,1.00707,0.78306,5
2025-08-27,21.7696,-13.1054,7.0118,0.98518,0.97767,6.76375,6.95838,7.23458,6.97017,7.24456,7.00115,7.23544,7.12737,0.9439,1.00707,0.78306,5
2025-08-28,21.7696,-13.1054,5.0227,0.70823,0.98518,6.73586,6.98676,6.88147,6.72391,6.89474,6.75673,6.75986,6.71999,0.9439,1.00707,0.78306,5
2025-08-29,21.7696,-13.1054,6.9566,0.98368,0.70823,6.70672,5.00864,5.90016,6.3396,5.91449,6.35985,5.67183,5.85466,0.9439,1.00707,0.78306,5
2025-08-30,21.7696,-13.1054,6.978,0.99089,0.98368,6.67326,6.92722,6.86126,6.86421,6.92672,6.93856,7.02537,6.88363,0.9439,1.00707,0.78306,5
2025-08-31,21.7696,-13.1054,6.6557,0.94739,0.99089,6.61101,6.96128,6.95987,6.84061,6.97447,6.87057,7.12369,7.03758,0.9439,1.00707,0.78306,5
2025-09-01,21.7696,-13.1054,6.5498,0.93452,0.94739,6.62164,6.64002,6.93923,6.7492,6.95668,6.79832,6.80375,6.82506,0.9439,1.00707,0.78306,5
2025-09-02,21.7696,-13.1054,6.7471,0.9643,0.93452,6.59266,6.5387,6.80957,6.70277,6.82464,6.72445,6.68084,6.76087,0.9439,1.00707,0.78306,5
2025-09-03,21.7696,-13.1054,7.0368,1.00656,0.9643,6.60382,6.74137,6.98059,6.8357,6.99295,6.83877,7.11775,6.99355,0.9439,1.00707,0.78306,5
2025-09-04,21.7696,-13.1054,6.9504,0.99687,1.00656,6.60849,7.01799,7.04962,6.95527,7.05533,6.95305,6.75732,6.89607,0.9439,1.00707,0.78306,5
2025-09-05,21.7696,-13.1054,6.433,0.92308,0.99687,6.62223,6.94722,6.91999,6.82395,6.8963,6.80486,6.70046,6.81263,0.9439,1.00707,0.78306,5
2025-09-06,21.7696,-13.1054,6.2083,0.89335,0.92308,6.59084,6.41491,6.65656,6.57822,6.59515,6.52112,6.35932,6.4534,0.9439,1.00707,0.78306,5
2025-09-07,21.7696,-13.1054,6.5105,0.9394,0.89335,6.60707,6.19134,6.35864,6.4516,6.25648,6.27287,6.11424,6.18404,0.9439,1.00707,0.78306,5
2025-09-08,21.7696,-13.1054,6.1812,0.89535,0.9394,6.5668,6.48533,6.45933,6.50399,6.42036,6.35387,6.54954,6.44346,0.9439,1.00707,0.78306,5
2025-09-09,21.7696,-13.1054,6.5614,0.95264,0.89535,6.54662,6.16678,6.21823,6.37043,6.23708,6.3942,6.27277,6.37903,0.9439,1.00707,0.78306,5
2025-09-10,21.7696,-13.1054,6.2119,0.90467,0.95264,6.52504,6.54133,6.21364,6.37955,6.2297,6.34587,6.36248,6.47726,0.9439,1.00707,0.78306,5
2025-09-11,21.7696,-13.1054,6.768,0.98887,0.90467,6.4683,6.1917,6.35544,6.28132,6.35624,6.28187,6.67659,6.56659,0.9439,1.00707,0.78306,5
2025-09-12,21.7696,-13.1054,6.7711,0.99209,0.98887,6.40011,6.74915,6.7759,6.68893,6.81299,6.72152,6.95894,6.87462,0.9439,1.00707,0.78306,5
2025-09-13,21.7696,-13.1054,6.846,1.00603,0.99209,6.37416,6.7511,6.77199,6.68373,6.82025,6.77501,6.66179,6.7039,0.9439,1.00707,0.78306,5
2025-09-14,21.7696,-13.1054,6.9276,1.01983,1.00603,6.36864,6.8339,6.72619,6.7227,6.74788,6.76811,6.67595,6.63218,0.9439,1.00707,0.78306,5
2025-09-15,21.7696,-13.1054,6.8825,1.01714,1.01983,6.35684,6.90069,6.56794,6.5912,6.56854,6.61291,6.42769,6.5255,0.9439,1.00707,0.78306,5
2025-09-16,21.7696,-13.1054,6.2909,0.93122,1.01714,6.34301,6.87131,6.69938,6.67606,6.68999,6.68369,6.67413,6.71171,0.9439,1.00707,0.78306,5
2025-09-17,21.7696,-13.1054,6.378,0.94737,0.93122,6.31357,6.26928,6.25743,6.22172,6.23244,6.22654,6.12971,6.27813,0.9439,1.00707,0.78306,5
2025-09-18,21.7696,-13.1054,6.786,1.01342,0.94737,6.17641,6.34374,6.19341,6.29132,6.20333,6.27874,6.18923,6.19756,0.9439,1.00707,0.78306,5
2025-09-19,21.7696,-13.1054,6.5921,0.9878,1.01342,6.11969,6.76305,6.29961,6.41077,6.29527,6.35923,6.40428,6.51391,0.9439,1.00707,0.78306,5
2025-09-20,21.7696,-13.1054,6.6324,0.99874,0.9878,6.06785,6.55977,6.12255,6.15446,6.11575,6.18467,6.16756,6.15225,0.9439,1.00707,0.78306,5
2025-09-21,21.7696,-13.1054,6.7178,1.01459,0.99874,6.06937,6.61284,6.27262,6.32785,6.28111,6.36397,6.32996,6.38189,0.9439,1.00707,0.78306,5
2025-09-22,21.7696,-13.1054,6.6209,1.00196,1.01459,6.07287,6.70435,6.49838,6.52831,6.49379,6.53347,6.75208,6.73349,0.9439,1.00707,0.78306,5
2025-09-23,21.7696,-13.1054,6.462,0.97996,1.00196,6.04598,6.60706,6.34281,6.33168,6.32229,6.33214,6.29304,6.38479,0.9439,1.00707,0.78306,5
2025-09-24,21.7696,-13.1054,6.2026,0.94458,0.97996,6.0215,6.43495,6.39235,6.37524,6.38926,6.39385,6.48626,6.45869,0.9439,1.00707,0.78306,5
2025-09-25,21.7696,-13.1054,5.5507,0.8474,0.94458,6.02968,6.18728,6.04429,5.95675,6.04529,5.99367,6.19659,6.22388,0.9439,1.00707,0.78306,5
2025-09-26,21.7696,-13.1054,6.5681,1.00553,0.8474,6.05048,5.53516,5.87035,5.80719,5.88854,5.85265,5.94165,5.94016,0.9439,1.00707,0.78306,5
2025-09-27,21.7696,-13.1054,6.517,1.00015,1.00553,6.09352,6.55206,6.34177,6.42717,6.38481,6.4348,6.22985,6.33352,0.9439,1.00707,0.78306,5
2025-09-28,21.7696,-13.1054,6.5875,1.01262,1.00015,6.10663,6.50637,6.42047,6.39033,6.46359,6.4965,6.45717,6.48137,0.9439,1.00707,0.78306,5
2025-09-29,21.7696,-13.1054,6.4066,0.98795,1.01262,6.08553,6.56657,6.47947,6.4289,6.52753,6.52477,6.63135,6.61531,0.9439,1.00707,0.78306,5
2025-09-30,21.7696,-13.1054,2.7667,0.42748,0.98795,6.08356,6.39416,6.39067,6.22609,6.40837,6.29539,6.47973,6.47671,0.9439,1.00707,0.78306,5
2023-01-01,21.7696,-13.6054,4.8194,0.99315,0.93382,4.39771,4.53152,4.51178,4.46527,4.5531,4.44207,4.45814,4.42364,0.9439,1.00707,0.78306,5
2023-01-02,21.7696,-13.6054,4.8502,0.9963,0.99315,4.42232,4.83483,4.71899,4.80892,4.776,4.78894,4.59189,4.46994,0.9439,1.00707,0.78306,5
2023-01-03,21.7696,-13.6054,4.6776,0.9571,0.9963,4.44616,4.86919,4.75075,4.82688,4.69876,4.7568,4.87102,4.53443,0.9439,1.00707,0.78306,5
2023-01-04,21.7696,-13.6054,4.9262,1.00189,0.9571,4.50248,4.70597,4.7862,4.82614,4.72137,4.75986,4.74604,4.5861,0.9439,1.00707,0.78306,5
2023-01-05,21.7696,-13.6054,4.8257,0.97674,1.00189,4.5116,4.94995,4.8299,4.91554,4.77639,4.85001,4.90016,4.66765,0.9439,1.00707,0.78306,5
2023-01-06,21.7696,-13.6054,4.8108,0.9708,0.97674,4.52402,4.84025,4.77217,4.80293,4.80392,4.78828,4.66066,4.6643,0.9439,1.00707,0.78306,5
2023-01-07,21.7696,-13.6054,3.8902,0.78406,0.9708,4.50425,4.81676,4.74775,4.77933,4.75459,4.74935,4.77581,4.72401,0.9439,1.00707,0.78306,5
2023-01-08,21.7696,-13.6054,3.1759,0.63817,0.78406,4.49797,3.90191,4.1885,4.12143,4.21619,4.20105,4.17533,4.1555,0.9439,1.00707,0.78306,5
2023-01-09,21.7696,-13.6054,3.1771,0.63361,0.63817,4.52624,3.19994,3.85433,3.7823,3.92209,4.0366,3.9253,3.87679,0.9439,1.00707,0.78306,5
2023-01-10,21.7696,-13.6054,3.5081,0.69593,0.63361,4.54534,3.19399,3.92293,3.84492,4.00716,4.11615,4.08444,4.05389,0.9439,1.00707,0.78306,5
2023-01-11,21.7696,-13.6054,4.7959,0.94656,0.69593,4.56096,3.52602,4.12609,4.05064,4.24228,4.2628,4.1885,4.36415,0.9439,1.00707,0.78306,5
2023-01-12,21.7696,-13.6054,4.9193,0.96312,0.94656,4.62682,4.83474,4.85021,4.86727,4.99037,4.89687,4.95407,4.87662,0.9439,1.00707,0.78306,5
2023-01-13,21.7696,-13.6054,5.0441,0.98196,0.96312,4.71205,4.9473,5.00868,5.05889,5.05236,5.01734,5.01185,4.69927,0.9439,1.00707,0.78306,5
2023-01-14,21.7696,-13.6054,5.0302,0.97451,0.98196,4.75321,5.06869,4.99276,5.04142,4.94058,4.95032,4.78308,4.6505,0.9439,1.00707,0.78306,5
2023-01-15,21.7696,-13.6054,4.6814,0.90155,0.97451,4.81847,5.06022,5.03244,5.06463,4.93898,4.91176,4.77947,4.77907,0.9439,1.00707,0.78306,5
2023-01-16,21.7696,-13.6054,5.1415,0.98313,0.90155,4.85932,4.71487,4.99687,4.9611,5.03246,4.94689,4.93316,4.90558,0.9439,1.00707,0.78306,5
2023-01-17,21.7696,-13.6054,4.4347,0.84258,0.98313,4.87419,5.17444,4.86948,4.86381,4.92297,4.91674,4.6497,4.73993,0.9439,1.00707,0.78306,5
2023-01-18,21.7696,-13.6054,5.2066,0.98394,0.84258,4.89468,4.45859,4.48767,4.40539,4.53698,4.57336,4.47983,4.46051,0.9439,1.00707,0.78306,5
2023-01-19,21.7696,-13.6054,5.2303,0.98427,0.98394,4.90451,5.22854,5.08432,5.13208,5.10673,5.09093,5.27903,5.15446,0.9439,1.00707,0.78306,5
2023-01-20,21.7696,-13.6054,5.3249,0.99625,0.98427,4.94633,5.26086,5.20224,5.22444,5.21107,5.20385,5.19754,5.21509,0.9439,1.00707,0.78306,5
2023-01-21,21.7696,-13.6054,5.3208,0.98767,0.99625,5.01035,5.367,5.29591,5.33934,5.29314,5.3228,5.27267,5.29774,0.9439,1.00707,0.78306,5
2023-01-22,21.7696,-13.6054,5.4569,1.00353,0.98767,5.08097,5.37068,5.33405,5.37231,5.26746,5.3917,5.24139,5.14599,0.9439,1.00707,0.78306,5
2023-01-23,21.7696,-13.6054,5.5517,1.01387,1.00353,5.12574,5.49511,5.38254,5.43137,5.25899,5.44397,5.22453,5.22894,0.9439,1.00707,0.78306,5
2023-01-24,21.7696,-13.6054,5.6045,1.01743,1.01387,5.16293,5.58487,5.43756,5.48788,5.28711,5.49149,5.19688,5.33621,0.9439,1.00707,0.78306,5
2023-01-25,21.7696,-13.6054,5.4494,0.98307,1.01743,5.19203,5.63984,5.44984,5.49784,5.35688,5.53686,5.36935,5.40817,0.9439,1.00707,0.78306,5
2023-01-26,21.7696,-13.6054,5.2378,0.93877,0.98307,5.22855,5.48499,5.23763,5.19358,5.15285,5.26293,5.07575,5.2024,0.9439,1.00707,0.78306,5
2023-01-27,21.7696,-13.6054,5.5416,0.9893,0.93877,5.23214,5.25855,5.17742,5.11347,5.09952,5.1676,5.30144,5.1827,0.9439,1.00707,0.78306,5
2023-01-28,21.7696,-13.6054,5.3743,0.95551,0.9893,5.25426,5.56438,5.39998,5.42061,5.33749,5.38313,5.58338,5.32694,0.9439,1.00707,0.78306,5
2023-01-29,21.7696,-13.6054,5.6148,0.99319,0.95551,5.28565,5.40177,5.25556,5.24587,5.21535,5.20475,5.20995,5.23647,0.9439,1.00707,0.78306,5
2023-01-30,21.7696,-13.6054,5.4374,0.95587,0.99319,5.31667,5.64966,5.48691,5.51074,5.46213,5.47774,5.68817,5.6051,0.9439,1.00707,0.78306,5
2023-01-31,21.7696,-13.6054,5.3676,0.93905,0.95587,5.30456,5.46377,5.2053,5.20029,5.11159,5.01242,5.22809,5.23169,0.9439,1.00707,0.78306,5
2023-02-01,21.7696,-13.6054,4.4858,0.77989,0.93905,5.34625,5.40127,5.22359,5.19078,5.18645,5.11152,5.23357,5.26335,0.9439,1.00707,0.78306,5
2023-02-02,21.7696,-13.6054,5.485,0.94757,0.77989,5.3909,4.51438,4.83582,4.79822,4.75488,4.48181,4.90749,4.79411,0.9439,1.00707,0.78306,5
2023-02-03,21.7696,-13.6054,4.3572,0.74847,0.94757,5.44984,5.51624,5.32072,5.29697,5.24058,5.07765,5.43079,5.38717,0.9439,1.00707,0.78306,5
2023-02-04,21.7696,-13.6054,5.0597,0.86489,0.74847,5.50055,4.37863,4.78013,4.80335,4.69809,4.48966,4.70186,4.89193,0.9439,1.00707,0.78306,5
2023-02-05,21.7696,-13.6054,4.6714,0.79478,0.86489,5.52892,5.08348,5.10181,5.11835,5.11769,5.11574,5.38335,5.36011,0.9439,1.00707,0.78306,5
2023-02-06,21.7696,-13.6054,5.6407,0.95498,0.79478,5.55948,4.69447,5.19692,5.20516,5.21165,5.1808,5.35794,5.3848,0.9439,1.00707,0.78306,5
2023-02-07,21.7696,-13.6054,6.1188,1.03202,0.95498,5.56692,5.66201,5.83809,5.83921,5.85818,5.77896,5.93453,5.84737,0.9439,1.00707,0.78306,5
2023-02-08,21.7696,-13.6054,5.3136,0.89725,1.03202,5.48097,6.1117,5.85618,5.94006,5.72543,5.80306,5.68485,5.57304,0.9439,1.00707,0.78306,5
2023-02-09,21.7696,-13.6054,2.2087,0.37352,0.89725,5.43282,5.30564,5.27028,5.20692,5.15111,4.93305,5.02763,5.02562,0.9439,1.00707,0.78306,5
2023-02-10,21.7696,-13.6054,2.6642,0.45016,0.37352,5.41807,2.21061,4.06399,4.51571,3.93891,4.46394,3.87626,4.19884,0.9439,1.00707,0.78306,5
2023-02-11,21.7696,-13.6054,4.6954,0.79297,0.45016,5.38931,2.66555,4.32052,4.64245,4.25087,3.97899,4.07836,4.58789,0.9439,1.00707,0.78306,5
2023-02-12,21.7696,-13.6054,1.386,0.23331,0.79297,5.39586,4.71073,4.97964,4.9203,4.97708,4.80564,4.57781,4.97367,0.9439,1.00707,0.78306,5
2023-02-13,21.7696,-13.6054,1.2413,0.20796,0.23331,5.40352,1.39261,4.11541,4.41779,4.08092,4.2553,4.00557,4.67022,0.9439,1.00707,0.78306,5
2023-02-14,21.7696,-13.6054,4.0128,0.66846,0.20796,5.45819,1.24838,4.13905,4.95929,3.98814,4.71266,3.79531,4.95249,0.9439,1.00707,0.78306,5
2023-02-15,21.7696,-13.6054,5.1583,0.85436,0.66846,5.52212,4.03592,4.81501,5.18275,4.75176,4.82383,4.48537,5.02147,0.9439,1.00707,0.78306,5
2023-02-16,21.7696,-13.6054,5.7641,0.95182,0.85436,5.50179,5.17387,5.64423,5.54691,5.7141,5.59128,5.64366,5.37124,0.9439,1.00707,0.78306,5
2023-02-17,21.7696,-13.6054,5.9486,0.98329,0.95182,5.45113,5.75823,5.77347,5.81702,5.5769,5.685,5.26286,5.31564,0.9439,1.00707,0.78306,5
2023-02-18,21.7696,-13.6054,5.6431,0.92927,0.98329,5.4591,5.97113,5.85085,5.93018,5.57985,5.72723,5.56038,5.55883,0.9439,1.00707,0.78306,5
2023-02-19,21.7696,-13.6054,4.841,0.79403,0.92927,5.45087,5.66552,5.50461,5.45463,5.36444,5.36962,5.09837,5.45374,0.9439,1.00707,0.78306,5
2023-02-20,21.7696,-13.6054,5.6033,0.91258,0.79403,5.50373,4.87542,4.98344,4.82248,4.96871,4.81686,4.81078,5.14206,0.9439,1.00707,0.78306,5
2023-02-21,21.7696,-13.6054,3.9888,0.64547,0.91258,5.57476,5.63946,5.66737,5.628,5.61569,5.68901,5.74601,5.50929,0.9439,1.00707,0.78306,5
2023-02-22,21.7696,-13.6054,6.1174,0.98262,0.64547,5.67177,4.01841,4.94101,4.75738,4.91449,4.69514,4.94141,4.8727,0.9439,1.00707,0.78306,5
2023-02-23,21.7696,-13.6054,6.3535,1.01074,0.98262,5.81952,6.17677,5.99002,5.96966,6.04343,6.06763,6.22472,6.07679,0.9439,1.00707,0.78306,5
2023-02-24,21.7696,-13.6054,6.5042,1.02384,1.01074,5.93176,6.42095,6.23426,6.29147,6.20489,6.28223,6.37457,6.35693,0.9439,1.00707,0.78306,5
2023-02-25,21.7696,-13.6054,6.57,1.02339,1.02384,6.03532,6.5729,6.33969,6.39561,6.30957,6.37465,6.39467,6.55563,0.9439,1.00707,0.78306,5
2023-02-26,21.7696,-13.6054,6.6132,1.02043,1.02339,6.14286,6.63239,6.32778,6.33977,6.27892,6.31272,6.22904,6.31506,0.9439,1.00707,0.78306,5
2023-02-27,21.7696,-13.6054,6.6146,1.01307,1.02043,6.22318,6.66266,6.32333,6.31139,6.29381,6.29878,6.44245,6.44992,0.9439,1.00707,0.78306,5
2023-02-28,21.7696,-13.6054,6.4841,0.98898,1.01307,6.25185,6.64205,6.44117,6.4438,6.40909,6.41134,6.48356,6.4536,0.9439,1.00707,0.78306,5
2023-03-01,21.7696,-13.6054,6.5914,1.00353,0.98898,6.22978,6.49584,6.46777,6.46603,6.48549,6.46235,6.52299,6.55178,0.9439,1.00707,0.78306,5
2023-03-02,21.7696,-13.6054,6.7162,1.02002,1.00353,6.21529,6.60764,6.47099,6.50045,6.54288,6.52805,6.60546,6.585,0.9439,1.00707,0.78306,5
2023-03-03,21.7696,-13.6054,6.6254,1.00303,1.02002,6.2863,6.73758,6.57314,6.6244,6.6322,6.64303,6.7573,6.69261,0.9439,1.00707,0.78306,5
2023-03-04,21.7696,-13.6054,6.6511,0.9994,1.00303,6.39098,6.67526,6.50852,6.48881,6.53386,6.50443,6.45636,6.50818,0.9439,1.00707,0.78306,5
2023-03-05,21.7696,-13.6054,6.6912,0.99915,0.9994,6.45724,6.69286,6.51471,6.47845,6.51009,6.4624,6.47638,6.5007,0.9439,1.00707,0.78306,5
2023-03-06,21.7696,-13.6054,6.9958,1.03701,0.99915,6.55066,6.74044,6.7001,6.68871,6.69184,6.69216,6.79047,6.72797,0.9439,1.00707,0.78306,5
2023-03-07,21.7696,-13.6054,6.996,1.03403,1.03701,6.55372,7.01616,6.7024,6.71125,6.73963,6.76475,6.59476,6.64008,0.9439,1.00707,0.78306,5
2023-03-08,21.7696,-13.6054,7.097,1.04512,1.03403,6.55788,7.02164,6.67302,6.66241,6.70266,6.73778,6.61093,6.61967,0.9439,1.00707,0.78306,5
2023-03-09,21.7696,-13.6054,7.1506,1.04923,1.04512,6.56681,7.12265,6.747,6.76719,6.73722,6.82551,6.84794,6.80835,0.9439,1.00707,0.78306,5
2023-03-10,21.7696,-13.6054,7.0584,1.02932,1.04923,6.62929,7.19493,6.83389,6.86409,6.89414,6.93231,6.96185,6.96619,0.9439,1.00707,0.78306,5
2023-03-11,21.7696,-13.6054,6.8371,0.99122,1.02932,6.67797,7.09985,6.85432,6.86031,6.95695,6.94718,6.9133,7.00254,0.9439,1.00707,0.78306,5
2023-03-12,21.7696,-13.6054,6.9257,1.00076,0.99122,6.68805,6.85969,6.80176,6.76817,6.91836,6.869,6.92643,6.92354,0.9439,1.00707,0.78306,5
2023-03-13,21.7696,-13.6054,6.751,0.97092,1.00076,6.68933,6.95849,6.81665,6.79218,6.89622,6.88214,6.84966,6.84951,0.9439,1.00707,0.78306,5
2023-03-14,21.7696,-13.6054,6.8695,0.98468,0.97092,6.68421,6.77351,6.49667,6.36452,6.63048,6.57787,6.44579,6.53541,0.9439,1.00707,0.78306,5
2023-03-15,21.7696,-13.6054,6.6751,0.95207,0.98468,6.70317,6.90374,6.67807,6.59051,6.79582,6.7695,6.76973,6.73761,0.9439,1.00707,0.78306,5
2023-03-16,21.7696,-13.6054,5.4636,0.7738,0.95207,6.777,6.7223,6.53463,6.40156,6.61993,6.6045,6.30174,6.46624,0.9439,1.00707,0.78306,5
2023-03-17,21.7696,-13.6054,6.5179,0.91701,0.7738,6.8691,5.50001,6.01356,5.77958,6.03136,5.95644,6.06579,6.24835,0.9439,1.00707,0.78306,5
2023-03-18,21.7696,-13.6054,6.8186,0.95237,0.91701,6.90663,6.56537,6.46057,6.29555,6.50603,6.58372,6.57741,6.46583,0.9439,1.00707,0.78306,5
2023-03-19,21.7696,-13.6054,7.2571,1.00851,0.95237,6.9215,6.85317,6.98049,6.89798,6.97856,6.99434,7.24636,6.88734,0.9439,1.00707,0.78306,5
2023-03-20,21.7696,-13.6054,6.9566,0.96391,1.00851,6.87785,7.27849,7.1049,7.11374,7.09999,7.12992,7.12562,7.01595,0.9439,1.00707,0.78306,5
2023-03-21,21.7696,-13.6054,7.0639,0.97787,0.96391,6.84422,6.96302,7.03835,7.01366,7.03071,7.04435,6.9104,7.00915,0.9439,1.00707,0.78306,5
2023-03-22,21.7696,-13.6054,6.2494,0.86206,0.97787,6.86467,7.08892,6.8029,6.71196,6.79764,6.77084,6.646,6.66395,0.9439,1.00707,0.78306,5
2023-03-23,21.7696,-13.6054,6.162,0.84839,0.86206,6.84481,6.26134,6.25361,5.9542,6.14836,5.94927,6.27112,6.12459,0.9439,1.00707,0.78306,5
2023-03-24,21.7696,-13.6054,5.6561,0.77695,0.84839,6.84662,6.17615,6.22149,5.89765,6.20874,6.08882,6.23569,6.13785,0.9439,1.00707,0.78306,5
2023-03-25,21.7696,-13.6054,6.7558,0.92641,0.77695,6.8364,5.66589,6.34695,6.14949,6.34449,6.17324,6.42809,6.30431,0.9439,1.00707,0.78306,5
2023-03-26,21.7696,-13.6054,7.386,1.00938,0.92641,6.88431,6.77886,6.76538,6.58975,6.92118,6.82732,6.66306,6.77352,0.9439,1.00707,0.78306,5
2023-03-27,21.7696,-13.6054,7.3999,1.00812,1.00938,6.90041,7.40917,7.14981,7.15595,7.22927,7.30261,7.42042,7.25475,0.9439,1.00707,0.78306,5
2023-03-28,21.7696,-13.6054,7.3678,1.00012,1.00812,6.93543,7.42672,7.13494,7.143,7.21046,7.26697,7.24686,7.15201,0.9439,1.00707,0.78306,5
2023-03-29,21.7696,-13.6054,7.5077,1.01362,1.00012,7.01099,7.4077,7.12646,7.108,7.12496,7.17808,7.04783,7.12654,0.9439,1.00707,0.78306,5
2023-03-30,21.7696,-13.6054,6.7841,0.91278,1.01362,7.06918,7.53356,7.25773,7.24556,7.27278,7.39762,7.1904,7.23656,0.9439,1.00707,0.78306,5
2023-03-31,21.7696,-13.6054,7.3171,0.98209,0.91278,7.0787,6.80075,6.93716,6.82492,7.02684,6.92294,6.97595,6.98519,0.9439,1.00707,0.78306,5
2023-04-01,21.7696,-13.6054,7.669,1.02753,0.98209,7.08314,7.32982,7.07036,6.97692,7.24867,7.19161,7.08628,7.15984,0.9439,1.00707,0.78306,5
2023-04-02,21.7696,-13.6054,7.7998,1.0429,1.02753,7.10902,7.68489,7.36103,7.38033,7.60976,7.56903,7.55617,7.46996,0.9439,1.00707,0.78306,5
2023-04-03,21.7696,-13.6054,7.7623,1.0354,1.0429,7.14961,7.8185,7.41135,7.4513,7.60357,7.60888,7.645,7.60724,0.9439,1.00707,0.78306,5
2023-04-04,21.7696,-13.6054,7.6968,1.02433,1.0354,7.18879,7.77996,7.39255,7.41183,7.49587,7.52151,7.45386,7.5628,0.9439,1.00707,0.78306,5
2023-04-05,21.7696,-13.6054,7.6908,1.02052,1.02433,7.20711,7.71952,7.35491,7.34681,7.31205,7.3314,7.44349,7.49543,0.9439,1.00707,0.78306,5
2023-04-06,21.7696,-13.6054,7.6344,1.01061,1.02052,7.218,7.70927,7.4197,7.43809,7.32423,7.33689,7.50235,7.46008,0.9439,1.00707,0.78306,5
2023-04-07,21.7696,-13.6054,5.051,0.6662,1.01061,7.27735,7.66221,7.43832,7.43736,7.40269,7.37985,7.15865,7.27285,0.9439,1.00707,0.78306,5
2023-04-08,21.7696,-13.6054,6.8162,0.89745,0.6662,7.28012,5.05987,6.33973,6.47491,6.29724,6.18613,6.15381,6.24542,0.9439,1.00707,0.78306,5
2023-04-09,21.7696,-13.6054,7.8358,1.02847,0.89745,7.30799,6.83755,6.88991,6.7115,6.80359,6.60995,6.90159,6.69487,0.9439,1.00707,0.78306,5
2023-04-10,21.7696,-13.6054,7.3829,0.96833,1.02847,7.27757,7.84143,7.58347,7.59569,7.46784,7.62467,7.50312,7.1526,0.9439,1.00707,0.78306,5
2023-04-11,21.7696,-13.6054,6.467,0.84814,0.96833,7.25592,7.38352,7.47941,7.44669,7.43057,7.47566,7.33071,7.26518,0.9439,1.00707,0.78306,5
2023-04-12,21.7696,-13.6054,5.7751,0.75766,0.84814,7.24641,6.46469,6.48232,7.17589,6.54685,7.17815,6.32481,6.57487,0.9439,1.00707,0.78306,5
2023-04-13,21.7696,-13.6054,6.9598,0.91374,0.75766,7.19482,5.77099,6.09347,6.7658,6.1349,6.826,6.05774,6.43152,0.9439,1.00707,0.78306,5
2023-04-14,21.7696,-13.6054,7.4328,0.9743,0.91374,7.21547,6.97077,7.12306,6.93114,7.1682,7.05671,7.08523,6.99967,0.9439,1.00707,0.78306,5
2023-04-15,21.7696,-13.6054,5.5613,0.72795,0.9743,7.22874,7.4434,7.25559,7.17122,7.31179,7.26992,7.07305,7.15471,0.9439,1.00707,0.78306,5
2023-04-16,21.7696,-13.6054,7.763,1.01362,0.72795,7.26198,5.5751,6.22882,6.61049,6.2504,6.5194,6.32853,6.82536,0.9439,1.00707,0.78306,5
2023-04-17,21.7696,-13.6054,7.6834,1.00123,1.01362,7.30323,7.77853,7.59313,7.48002,7.46889,7.52033,7.63588,7.2917,0.9439,1.00707,0.78306,5
2023-04-18,21.7696,-13.6054,7.9238,1.02867,1.00123,7.35645,7.71242,7.69063,7.70067,7.53703,7.66139,7.49651,7.37955,0.9439,1.00707,0.78306,5
2023-04-19,21.7696,-13.6054,8.0542,1.0425,1.02867,7.42791,7.94736,7.80518,7.86828,7.60443,7.74194,7.69044,7.69553,0.9439,1.00707,0.78306,5
2023-04-20,21.7696,-13.6054,7.5276,0.97216,1.0425,7.46578,8.07226,7.72948,7.78536,7.55603,7.63423,7.33154,7.56371,0.9439,1.00707,0.78306,5
2023-04-21,21.7696,-13.6054,7.8564,1.01383,0.97216,7.44904,7.5335,7.23583,7.2214,7.137,7.01293,7.17221,7.19807,0.9439,1.00707,0.78306,5
2023-04-22,21.7696,-13.6054,7.7702,1.0018,1.01383,7.42352,7.86353,7.12099,7.18782,7.01415,6.92091,6.96912,7.05049,0.9439,1.00707,0.78306,5
2023-04-23,21.7696,-13.6054,7.7021,0.99058,1.0018,7.43323,7.78928,7.41522,7.40258,7.26039,7.20987,7.45105,7.37737,0.9439,1.00707,0.78306,5
2023-04-24,21.7696,-13.6054,8.2452,1.05947,0.99058,7.45434,7.70912,7.75683,7.74071,7.66823,7.70753,7.76339,7.81397,0.9439,1.00707,0.78306,5
2023-04-25,21.7696,-13.6054,7.9975,1.02539,1.05947,7.47246,8.26331,7.82111,7.88659,7.76062,7.90615,7.72909,7.8173,0.9439,1.00707,0.78306,5
2023-04-26,21.7696,-13.6054,7.8814,1.0058,1.02539,7.56279,8.03489,7.78398,7.79782,7.79067,7.85125,7.93513,7.86017,0.9439,1.00707,0.78306,5
2023-04-27,21.7696,-13.6054,7.7201,0.98217,1.0058,7.60823,7.90585,7.74741,7.7247,7.71168,7.76887,7.68208,7.6225,0.9439,1.00707,0.78306,5
2023-04-28,21.7696,-13.6054,7.8506,0.99609,0.98217,7.62758,7.74084,7.77838,7.73244,7.77725,7.7928,7.70664,7.69949,0.9439,1.00707,0.78306,5
2023-04-29,21.7696,-13.6054,7.9313,1.00491,0.99609,7.61182,7.86168,7.74742,7.69571,7.83707,7.81222,7.70843,7.69563,0.9439,1.00707,0.78306,5
2023-04-30,21.7696,-13.6054,8.028,1.01548,1.00491,7.6291,7.94442,7.78987,7.74241,7.95943,7.92,7.90774,7.86346,0.9439,1.00707,0.78306,5
2023-05-01,21.7696,-13.6054,8.0047,1.01182,1.01548,7.62299,8.03371,7.78487,7.74196,7.91804,7.93779,7.7334,7.83014,0.9439,1.00707,0.78306,5
2023-05-02,21.7696,-13.6054,7.9942,1.01011,1.01182,7.58697,8.00771,7.49878,7.4484,7.60893,7.56323,7.44932,7.49927,0.9439,1.00707,0.78306,5
2023-05-03,21.7696,-13.6054,7.9627,1.00774,1.01011,7.5298,7.9814,7.50315,7.46158,7.57781,7.53516,7.62552,7.5657,0.9439,1.00707,0.78306,5
2023-05-04,21.7696,-13.6054,7.8754,0.99875,1.00774,7.46896,7.94628,7.38554,7.34175,7.43212,7.39139,7.49068,7.59431,0.9439,1.00707,0.78306,5
2023-05-05,21.7696,-13.6054,7.9666,1.01069,0.99875,7.46754,7.87249,7.39343,7.35109,7.51458,7.48114,7.59462,7.67699,0.9439,1.00707,0.78306,5
2023-05-06,21.7696,-13.6054,7.8204,0.99077,1.01069,7.51203,7.97768,7.52696,7.50141,7.65526,7.64807,7.75004,7.77035,0.9439,1.00707,0.78306,5
2023-05-07,21.7696,-13.6054,7.4508,0.94395,0.99077,7.53394,7.82036,7.65379,7.63113,7.72877,7.69361,8.07835,7.90657,0.9439,1.00707,0.78306,5
2023-05-08,21.7696,-13.6054,7.9625,1.00793,0.94395,7.57411,7.45709,7.85848,7.78077,7.88099,7.77139,7.92542,7.81277,0.9439,1.00707,0.78306,5
2023-05-09,21.7696,-13.6054,7.903,0.99824,1.00793,7.61112,7.97966,7.86821,7.84724,7.86831,7.86494,7.64155,7.64026,0.9439,1.00707,0.78306,5
2023-05-10,21.7696,-13.6054,7.3711,0.93056,0.99824,7.62526,7.90719,7.82647,7.7966,7.92222,7.91638,7.70802,7.6006,0.9439,1.00707,0.78306,5
2023-05-11,21.7696,-13.6054,6.0132,0.75955,0.93056,7.58421,7.36708,7.2133,7.13067,7.26781,7.18349,6.96345,7.01992,0.9439,1.00707,0.78306,5
2023-05-12,21.7696,-13.6054,6.9905,0.88242,0.75955,7.59782,6.01716,6.74791,6.76278,6.81686,6.85685,6.86164,6.76906,0.9439,1.00707,0.78306,5
2023-05-13,21.7696,-13.6054,6.859,0.86577,0.88242,7.63793,6.9909,7.02973,6.89047,7.06142,6.99488,6.90656,6.86327,0.9439,1.00707,0.78306,5
2023-05-14,21.7696,-13.6054,6.3502,0.80122,0.86577,7.66215,6.86176,6.98991,6.91695,6.98895,6.93932,7.00332,6.91334,0.9439,1.00707,0.78306,5
2023-05-15,21.7696,-13.6054,7.721,0.9748,0.80122,7.65071,6.34617,6.71443,6.73708,6.65248,6.71614,6.72147,6.86312,0.9439,1.00707,0.78306,5
2023-05-16,21.7696,-13.6054,6.2594,0.79053,0.9748,7.6502,7.71845,7.15865,7.01491,7.27601,7.2769,7.36351,7.3095,0.9439,1.00707,0.78306,5
2023-05-17,21.7696,-13.6054,7.6891,0.97064,0.79053,7.68828,6.2623,7.0404,7.11492,7.05264,7.20759,7.20704,7.05481,0.9439,1.00707,0.78306,5
2023-05-18,21.7696,-13.6054,7.9157,0.99725,0.97064,7.73167,7.70452,7.89063,7.71421,7.84247,7.80433,7.95255,7.61377,0.9439,1.00707,0.78306,5
2023-05-19,21.7696,-13.6054,7.7546,0.97486,0.99725,7.78505,7.93265,7.80815,7.84087,7.63155,7.59686,7.72687,7.6468,0.9439,1.00707,0.78306,5
2023-05-20,21.7696,-13.6054,8.329,1.04578,0.97486,7.81081,7.76421,7.80036,7.84819,7.7113,7.67644,7.85265,7.8235,0.9439,1.00707,0.78306,5
2023-05-21,21.7696,-13.6054,8.1977,1.02992,1.04578,7.77717,8.32391,7.99688,8.0534,7.961,7.96558,7.802,7.79387,0.9439,1.00707,0.78306,5
2023-05-22,21.7696,-13.6054,7.8406,0.98482,1.02992,7.7728,8.19963,8.02299,8.0606,7.92575,7.91999,7.83426,7.86844,0.9439,1.00707,0.78306,5
2023-05-23,21.7696,-13.6054,7.3949,0.92914,0.98482,7.77229,7.83807,7.81014,7.8497,7.64173,7.5988,7.70044,7.78745,0.9439,1.00707,0.78306,5
2023-05-24,21.7696,-13.6054,4.2931,0.54077,0.92914,7.71318,7.37635,7.41544,7.59263,7.24882,7.22655,7.33162,7.5208,0.9439,1.00707,0.78306,5
2023-05-25,21.7696,-13.6054,4.7736,0.60235,0.54077,7.69125,4.28559,6.32491,7.10925,6.26652,6.78385,6.2784,6.61757,0.9439,1.00707,0.78306,5
2023-05-26,21.7696,-13.6054,4.1712,0.52715,0.60235,7.70152,4.76622,6.02199,7.04134,6.02637,6.95114,5.84894,6.65786,0.9439,1.00707,0.78306,5
2023-05-27,21.7696,-13.6054,6.7963,0.86092,0.52715,7.63944,4.16142,5.98067,6.91554,5.9303,6.74033,6.00006,6.92282,0.9439,1.00707,0.78306,5
2023-05-28,21.7696,-13.6054,7.0565,0.8958,0.86092,7.56404,6.78178,6.78389,6.95545,6.76511,7.05157,6.59254,7.12964,0.9439,1.00707,0.78306,5
2023-05-29,21.7696,-13.6054,6.5486,0.83322,0.8958,7.49369,7.04044,7.09756,7.08811,6.99804,7.2169,6.87226,7.01124,0.9439,1.00707,0.78306,5
2023-05-30,21.7696,-13.6054,7.5178,0.95757,0.83322,7.47492,6.54156,7.02762,7.08166,6.84089,7.29618,6.75479,7.13595,0.9439,1.00707,0.78306,5
2023-05-31,21.7696,-13.6054,7.7381,0.98741,0.95757,7.42575,7.50424,7.60095,7.46962,7.4157,7.44925,7.32785,7.30383,0.9439,1.00707,0.78306,5
2023-06-01,21.7696,-13.6054,7.9572,1.01641,0.98741,7.39936,7.73015,7.48588,7.47286,7.33525,7.3919,7.08497,7.38039,0.9439,1.00707,0.78306,5
2023-06-02,21.7696,-13.6054,8.3278,1.06661,1.01641,7.37153,7.93582,7.43429,7.5178,7.2376,7.28168,7.44192,7.37608,0.9439,1.00707,0.78306,5
2023-06-03,21.7696,-13.6054,8.1442,1.04444,1.06661,7.33872,8.31708,7.77448,7.95558,7.55407,7.59343,7.53889,7.33957,0.9439,1.00707,0.78306,5
2023-06-04,21.7696,-13.6054,7.8012,1.00158,1.04444,7.3267,8.13504,7.85024,7.92257,7.72337,7.80784,7.49237,7.52525,0.9439,1.00707,0.78306,5
2023-06-05,21.7696,-13.6054,7.8199,1.00405,1.00158,7.35828,7.80065,7.84211,7.82463,7.74148,7.75235,7.62733,7.58285,0.9439,1.00707,0.78306,5
2023-06-06,21.7696,-13.6054,8.0422,1.03324,1.00405,7.37567,7.81503,7.7993,7.77235,7.82244,7.7871,7.77637,7.78518,0.9439,1.00707,0.78306,5
2023-06-07,21.7696,-13.6054,6.8393,0.87996,1.03324,7.32859,8.03062,7.71348,7.73488,7.67411,7.70477,7.71269,7.83533,0.9439,1.00707,0.78306,5
2023-06-08,21.7696,-13.6054,7.8106,1.00522,0.87996,7.34098,6.83731,6.78183,6.91169,6.72566,6.80624,6.60581,6.99197,0.9439,1.00707,0.78306,5
2023-06-09,21.7696,-13.6054,7.9538,1.02404,1.00522,7.33061,7.80766,7.56972,7.51826,7.59425,7.57911,7.79998,7.66373,0.9439,1.00707,0.78306,5
2023-06-10,21.7696,-13.6054,7.805,1.00583,1.02404,7.29693,7.94627,7.74644,7.74684,7.7924,7.78581,7.89236,7.83766,0.9439,1.00707,0.78306,5
2023-06-11,21.7696,-13.6054,8.147,1.0511,1.00583,7.30987,7.79615,7.74372,7.71915,7.80589,7.76455,7.82887,7.85332,0.9439,1.00707,0.78306,5
2023-06-12,21.7696,-13.6054,8.3021,1.07142,1.0511,7.33219,8.14463,7.74064,7.78916,7.80191,7.8455,7.7383,7.79712,0.9439,1.00707,0.78306,5
2023-06-13,21.7696,-13.6054,8.2294,1.06204,1.07142,7.36687,8.30211,7.85738,7.92803,7.85169,7.92851,8.07559,8.00575,0.9439,1.00707,0.78306,5
2023-06-14,21.7696,-13.6054,7.8377,1.01165,1.06204,7.38504,8.22807,7.85735,7.90159,7.85834,7.90796,7.84404,7.96743,0.9439,1.00707,0.78306,5
2023-06-15,21.7696,-13.6054,7.8127,1.0089,1.01165,7.40611,7.834,7.78791,7.74923,7.78979,7.73655,7.79042,7.82059,0.9439,1.00707,0.78306,5
2023-06-16,21.7696,-13.6054,7.7431,1.0007,1.0089,7.41399,7.80653,7.7265,7.68779,7.72934,7.66924,7.56984,7.68864,0.9439,1.00707,0.78306,5
2023-06-17,21.7696,-13.6054,6.8794,0.88827,1.0007,7.42827,7.75017,7.61158,7.58521,7.64575,7.58683,7.52478,7.61929,0.9439,1.00707,0.78306,5
2023-06-18,21.7696,-13.6054,7.7448,0.99949,0.88827,7.46018,6.88295,7.11988,7.16779,7.18198,7.20139,7.18596,7.22301,0.9439,1.00707,0.78306,5
2023-06-19,21.7696,-13.6054,7.8514,1.01375,0.99949,7.45126,7.741,7.42585,7.39383,7.47785,7.4528,7.60071,7.55803,0.9439,1.00707,0.78306,5
2023-06-20,21.7696,-13.6054,7.7671,1.00364,1.01375,7.43321,7.84529,7.57856,7.55654,7.63208,7.5947,7.67984,7.74223,0.9439,1.00707,0.78306,5
2023-06-21,21.7696,-13.6054,7.8626,1.01586,1.00364,7.44053,7.76804,7.67212,7.62083,7.69515,7.61871,7.83935,7.85078,0.9439,1.00707,0.78306,5
2023-06-22,21.7696,-13.6054,7.5641,0.97629,1.01586,7.49566,7.87073,7.54457,7.53801,7.56479,7.5459,7.55812,7.65098,0.9439,1.00707,0.78306,5
2023-06-23,21.7696,-13.6054,7.6867,0.99178,0.97629,7.5205,7.5666,7.30569,7.3354,7.35756,7.351,7.34041,7.39923,0.9439,1.00707,0.78306,5
2023-06-24,21.7696,-13.6054,7.6668,0.98869,0.99178,7.56298,7.69079,7.48142,7.48647,7.56136,7.53628,7.61619,7.58066,0.9439,1.00707,0.78306,5
2023-06-25,21.7696,-13.6054,7.8067,1.0072,0.98869,7.59211,7.6632,7.67162,7.60454,7.71493,7.65967,7.85734,7.7846,0.9439,1.00707,0.78306,5
2023-06-26,21.7696,-13.6054,7.9572,1.02656,1.0072,7.60122,7.80715,7.86875,7.77463,7.81223,7.72324,8.06995,7.96082,0.9439,1.00707,0.78306,5
2023-06-27,21.7696,-13.6054,7.9385,1.02601,1.02656,7.60322,7.94271,7.82792,7.76755,7.81025,7.73485,7.76351,7.73882,0.9439,1.00707,0.78306,5
2023-06-28,21.7696,-13.6054,7.8048,1.00954,1.02601,7.60905,7.9322,7.68132,7.65208,7.60158,7.55613,7.56385,7.57418,0.9439,1.00707,0.78306,5
2023-06-29,21.7696,-13.6054,6.9991,0.90807,1.00954,7.56537,7.78118,7.73618,7.66415,7.69023,7.60909,7.77402,7.73482,0.9439,1.00707,0.78306,5
2023-06-30,21.7696,-13.6054,7.212,0.93756,0.90807,7.53713,6.98517,7.10319,7.22484,7.15359,7.21479,6.89527,7.11908,0.9439,1.00707,0.78306,5
2023-07-01,21.7696,-13.6054,7.104,0.92437,0.93756,7.51277,7.20533,7.43516,7.39327,7.48798,7.42236,7.6579,7.55735,0.9439,1.00707,0.78306,5
2023-07-02,21.7696,-13.6054,7.2768,0.94731,0.92437,7.52413,7.10056,7.59821,7.45859,7.63755,7.51288,7.67054,7.56177,0.9439,1.00707,0.78306,5
2023-07-03,21.7696,-13.6054,7.4554,0.97139,0.94731,7.52777,7.27062,7.29542,7.33019,7.38987,7.42533,7.46446,7.46828,0.9439,1.00707,0.78306,5
2023-07-04,21.7696,-13.6054,7.2026,0.93943,0.97139,7.51176,7.44762,7.55029,7.52367,7.68036,7.58084,7.71251,7.66573,0.9439,1.00707,0.78306,5
2023-07-05,21.7696,-13.6054,5.6474,0.73764,0.93943,7.51223,7.19233,7.52975,7.47891,7.62892,7.51965,7.64826,7.68154,0.9439,1.00707,0.78306,5
2023-07-06,21.7696,-13.6054,5.9201,0.77592,0.73764,7.47052,5.62804,6.80906,7.27795,6.91076,7.24831,6.79792,6.90154,0.9439,1.00707,0.78306,5
2023-07-07,21.7696,-13.6054,7.4134,0.9745,0.77592,7.42784,5.90271,6.44001,6.8573,6.43477,6.84309,6.06103,6.58564,0.9439,1.00707,0.78306,5
2023-07-08,21.7696,-13.6054,7.5007,0.98833,0.9745,7.39817,7.39575,7.23344,7.19347,7.17145,7.13099,7.33151,7.3051,0.9439,1.00707,0.78306,5
2023-07-09,21.7696,-13.6054,7.3402,0.96884,0.98833,7.3778,7.48783,7.5531,7.4324,7.59349,7.50932,7.79538,7.58642,0.9439,1.00707,0.78306,5
2023-07-10,21.7696,-13.6054,7.1314,0.94408,0.96884,7.30211,7.31849,7.42602,7.29045,7.50324,7.43422,7.41489,7.44588,0.9439,1.00707,0.78306,5
2023-07-11,21.7696,-13.6054,7.0296,0.93225,0.94408,7.26896,7.11878,7.32701,7.22893,7.3668,7.27955,7.08774,7.25478,0.9439,1.00707,0.78306,5
2023-07-12,21.7696,-13.6054,7.1162,0.94316,0.93225,7.28367,7.03388,7.21476,7.20129,7.26643,7.19267,7.30462,7.27357,0.9439,1.00707,0.78306,5
2023-07-13,21.7696,-13.6054,7.4578,0.98987,0.94316,7.27619,7.10587,7.24675,7.22528,7.22872,7.1354,7.29084,7.2327,0.9439,1.00707,0.78306,5
2023-07-14,21.7696,-13.6054,7.26,0.96308,0.98987,7.29397,7.46193,7.40224,7.402,7.54951,7.4385,7.23879,7.31774,0.9439,1.00707,0.78306,5
2023-07-15,21.7696,-13.6054,6.6235,0.87884,0.96308,7.28813,7.25838,7.2958,7.301,7.33008,7.21805,7.21449,7.24784,0.9439,1.00707,0.78306,5
2023-07-16,21.7696,-13.6054,7.1561,0.94989,0.87884,7.29549,6.62088,7.03727,7.12681,7.03313,7.03041,7.17906,7.07583,0.9439,1.00707,0.78306,5
2023-07-17,21.7696,-13.6054,7.0243,0.93354,0.94989,7.27908,7.14731,7.49613,7.30124,7.44478,7.28767,7.83112,7.67323,0.9439,1.00707,0.78306,5
2023-07-18,21.7696,-13.6054,7.3378,0.97849,0.93354,7.22912,7.00073,7.4157,7.21249,7.37034,7.2193,7.14502,7.29511,0.9439,1.00707,0.78306,5
2023-07-19,21.7696,-13.6054,7.2446,0.9669,0.97849,7.23982,7.33143,7.13583,7.15744,7.22222,7.21936,6.79844,7.07985,0.9439,1.00707,0.78306,5
2023-07-20,21.7696,-13.6054,7.2571,0.97066,0.9669,7.21579,7.22901,6.91204,7.03172,7.09389,7.1363,6.99425,7.02849,0.9439,1.00707,0.78306,5
2023-07-21,21.7696,-13.6054,6.7632,0.90283,0.97066,7.25586,7.27132,7.33623,7.30176,7.48003,7.40254,7.77929,7.54522,0.9439,1.00707,0.78306,5
2023-07-22,21.7696,-13.6054,7.2758,0.97225,0.90283,7.24472,6.75627,7.40593,7.18435,7.40506,7.23639,7.43894,7.35439,0.9439,1.00707,0.78306,5
2023-07-23,21.7696,-13.6054,6.8119,0.91414,0.97225,7.15168,7.24491,7.42462,7.23498,7.26289,7.2138,7.03745,7.14596,0.9439,1.00707,0.78306,5
2023-07-24,21.7696,-13.6054,6.799,0.91402,0.91414,7.13454,6.79988,7.24444,7.03102,7.08483,7.03288,7.16456,6.94128,0.9439,1.00707,0.78306,5
2023-07-25,21.7696,-13.6054,7.189,0.96444,0.91402,7.20423,6.81321,6.90087,6.93216,6.92281,6.98902,6.72461,6.68301,0.9439,1.00707,0.78306,5
2023-07-26,21.7696,-13.6054,6.7483,0.90444,0.96444,7.24717,7.19598,6.90488,7.00504,7.07825,7.18966,6.92641,7.07683,0.9439,1.00707,0.78306,5
2023-07-27,21.7696,-13.6054,6.2138,0.83361,0.90444,7.25066,6.74173,6.97238,7.05964,7.10814,7.14666,6.9234,7.1048,0.9439,1.00707,0.78306,5
2023-07-28,21.7696,-13.6054,7.3109,0.97963,0.83361,7.2768,6.22118,6.73899,6.95558,6.72457,6.93993,6.90025,7.1421,0.9439,1.00707,0.78306,5
2023-07-29,21.7696,-13.6054,7.2943,0.97974,0.97963,7.25085,7.29352,7.4529,7.2615,7.44113,7.32933,7.74629,7.5831,0.9439,1.00707,0.78306,5
2023-07-30,21.7696,-13.6054,7.2295,0.97243,0.97974,7.25362,7.28384,7.37324,7.25916,7.42976,7.32603,7.2295,7.18146,0.9439,1.00707,0.78306,5
2023-07-31,21.7696,-13.6054,6.9569,0.93773,0.97243,7.23741,7.21431,6.98434,7.01358,7.10033,7.19662,6.99983,7.02402,0.9439,1.00707,0.78306,5
2023-08-01,21.7696,-13.6054,7.3421,0.99143,0.93773,7.19872,6.94442,7.06314,7.05312,7.15834,7.14294,7.1896,7.123,0.9439,1.00707,0.78306,5
2023-08-02,21.7696,-13.6054,7.237,0.97727,0.99143,7.20615,7.34183,7.27055,7.28313,7.46838,7.41361,7.48103,7.46933,0.9439,1.00707,0.78306,5
2023-08-03,21.7696,-13.6054,7.5098,1.01466,0.97727,7.20566,7.2331,7.37192,7.31941,7.4464,7.2972,7.38717,7.42067,0.9439,1.00707,0.78306,5
2023-08-04,21.7696,-13.6054,7.5245,1.01556,1.01466,7.21183,7.51786,7.43686,7.40627,7.48447,7.35923,7.44522,7.46288,0.9439,1.00707,0.78306,5
2023-08-05,21.7696,-13.6054,7.9142,1.0719,1.01556,7.13478,7.49822,7.33909,7.27804,7.34528,7.25139,7.45997,7.51558,0.9439,1.00707,0.78306,5
2023-08-06,21.7696,-13.6054,7.3589,0.99695,1.0719,7.13354,7.91215,7.53763,7.49633,7.5287,7.49587,7.54261,7.60914,0.9439,1.00707,0.78306,5
2023-08-07,21.7696,-13.6054,7.3834,0.99937,0.99695,7.19381,7.36546,7.57474,7.32184,7.60548,7.48502,7.65758,7.55693,0.9439,1.00707,0.78306,5
2023-08-08,21.7696,-13.6054,7.3034,0.98928,0.99937,7.18289,7.3779,7.54845,7.30612,7.56494,7.45696,7.67938,7.52625,0.9439,1.00707,0.78306,5
2023-08-09,21.7696,-13.6054,7.3015,0.99298,0.98928,7.14123,7.27433,7.36462,7.15077,7.43746,7.35581,7.30054,7.27811,0.9439,1.00707,0.78306,5
2023-08-10,21.7696,-13.6054,6.3302,0.86372,0.99298,7.09109,7.27755,7.35478,7.21796,7.42222,7.29114,7.23781,7.25371,0.9439,1.00707,0.78306,5
2023-08-11,21.7696,-13.6054,6.6214,0.9052,0.86372,7.03897,6.318,6.65024,6.88862,6.72291,6.84087,6.44802,6.6211,0.9439,1.00707,0.78306,5
2023-08-12,21.7696,-13.6054,6.815,0.93515,0.9052,6.95042,6.59671,6.56102,6.85685,6.59951,6.69758,6.46696,6.60613,0.9439,1.00707,0.78306,5
2023-08-13,21.7696,-13.6054,7.1681,0.98309,0.93515,6.95053,6.81858,6.9431,7.01827,6.95862,6.85418,6.97991,6.96921,0.9439,1.00707,0.78306,5
2023-08-14,21.7696,-13.6054,7.4374,1.02093,0.98309,6.9308,7.16173,7.11765,7.16624,7.26346,7.12733,7.1555,7.16405,0.9439,1.00707,0.78306,5
2023-08-15,21.7696,-13.6054,6.8923,0.94674,1.02093,6.91298,7.4324,7.197,7.23276,7.32594,7.18539,7.38045,7.36826,0.9439,1.00707,0.78306,5
2023-08-16,21.7696,-13.6054,6.7963,0.9349,0.94674,6.92995,6.8824,6.99674,6.97817,6.96763,6.85527,7.02874,6.94165,0.9439,1.00707,0.78306,5
2023-08-17,21.7696,-13.6054,6.5611,0.90452,0.9349,6.88511,6.78145,6.52883,6.73879,6.48967,6.47185,6.36094,6.32088,0.9439,1.00707,0.78306,5
2023-08-18,21.7696,-13.6054,7.0147,0.97085,0.90452,6.84308,6.53545,6.65041,6.67953,6.57113,6.53775,6.82341,6.60149,0.9439,1.00707,0.78306,5
2023-08-19,21.7696,-13.6054,6.8237,0.94817,0.97085,6.80874,6.98693,7.07129,7.0018,7.1233,6.97003,7.05332,6.89927,0.9439,1.00707,0.78306,5
2023-08-20,21.7696,-13.6054,5.7938,0.80558,0.94817,6.81783,6.81926,6.64284,6.65113,6.61082,6.57842,6.32958,6.43312,0.9439,1.00707,0.78306,5
2023-08-21,21.7696,-13.6054,5.4094,0.75426,0.80558,6.79046,5.7775,6.06342,6.448,6.02074,6.35313,6.1353,6.21089,0.9439,1.00707,0.78306,5
2023-08-22,21.7696,-13.6054,6.384,0.89079,0.75426,6.78269,5.40552,5.88004,6.46645,5.86106,6.34772,6.0369,5.96406,0.9439,1.00707,0.78306,5
2023-08-23,21.7696,-13.6054,6.8664,0.96071,0.89079,6.72417,6.36671,6.28784,6.54012,6.31879,6.43287,6.29334,6.21409,0.9439,1.00707,0.78306,5
2023-08-24,21.7696,-13.6054,4.5454,0.6359,0.96071,6.74414,6.86705,6.68859,6.83046,6.57708,6.5802,6.4193,6.38957,0.9439,1.00707,0.78306,5
2023-08-25,21.7696,-13.6054,6.8976,0.96597,0.6359,6.75342,4.54076,5.70867,6.42866,5.63282,6.15856,5.72503,5.9356,0.9439,1.00707,0.78306,5
2023-08-26,21.7696,-13.6054,7.0733,0.99222,0.96597,6.75377,6.88615,6.68493,6.69151,6.64709,6.62467,6.88889,6.75665,0.9439,1.00707,0.78306,5
2023-08-27,21.7696,-13.6054,7.1873,1.00983,0.99222,6.76375,7.06192,7.02235,7.03815,7.17123,7.06417,6.9913,6.95262,0.9439,1.00707,0.78306,5
2023-08-28,21.7696,-13.6054,6.6953,0.94408,1.00983,6.73586,7.16164,7.01992,7.0426,7.06096,6.95956,6.67314,6.75825,0.9439,1.00707,0.78306,5
2023-08-29,21.7696,-13.6054,6.9842,0.98758,0.94408,6.70672,6.67656,6.84224,6.79937,6.76655,6.71613,6.70657,6.81646,0.9439,1.00707,0.78306,5
2023-08-30,21.7696,-13.6054,7.0649,1.00323,0.98758,6.67326,6.95471,6.8361,6.75407,6.78774,6.71121,7.04944,6.75642,0.9439,1.00707,0.78306,5
2023-08-31,21.7696,-13.6054,6.9991,0.99627,1.00323,6.61101,7.04797,6.72091,6.68775,6.80691,6.79348,6.73545,6.69632,0.9439,1.00707,0.78306,5
2023-09-01,21.7696,-13.6054,6.0778,0.86717,0.99627,6.62164,6.98261,6.62724,6.67262,6.73999,6.75575,6.55033,6.66018,0.9439,1.00707,0.78306,5
2023-09-02,21.7696,-13.6054,6.943,0.9923,0.86717,6.59266,6.0675,6.45001,6.53286,6.576,6.55656,6.63594,6.55825,0.9439,1.00707,0.78306,5
2023-09-03,21.7696,-13.6054,7.0793,1.01264,0.9923,6.60382,6.9371,6.9569,6.9858,6.9001,6.94461,7.05097,6.93989,0.9439,1.00707,0.78306,5
2023-09-04,21.7696,-13.6054,7.2869,1.04513,1.01264,6.60849,7.06037,7.04192,6.96724,6.98844,6.98632,6.88546,6.96916,0.9439,1.00707,0.78306,5
2023-09-05,21.7696,-13.6054,6.5818,0.94443,1.04513,6.62223,7.28357,6.87603,6.82646,6.80209,6.79736,6.72255,6.73333,0.9439,1.00707,0.78306,5
2023-09-06,21.7696,-13.6054,6.8383,0.984,0.94443,6.59084,6.5633,6.43071,6.32998,6.43268,6.39482,6.35044,6.37007,0.9439,1.00707,0.78306,5
2023-09-07,21.7696,-13.6054,5.9719,0.86169,0.984,6.60707,6.81962,6.52566,6.5547,6.50965,6.45137,6.3689,6.44235,0.9439,1.00707,0.78306,5
2023-09-08,21.7696,-13.6054,6.3626,0.92162,0.86169,6.5668,5.94881,6.07968,6.2657,6.11335,6.21676,5.98576,5.99548,0.9439,1.00707,0.78306,5
2023-09-09,21.7696,-13.6054,6.5935,0.9573,0.92162,6.54662,6.34775,6.40207,6.5455,6.49758,6.4591,6.57505,6.54728,0.9439,1.00707,0.78306,5
2023-09-10,21.7696,-13.6054,6.125,0.89201,0.9573,6.52504,6.57334,6.71916,6.74663,6.77511,6.62443,6.71585,6.63835,0.9439,1.00707,0.78306,5
2023-09-11,21.7696,-13.6054,5.7154,0.83508,0.89201,6.4683,6.10508,6.12491,6.25214,6.03325,6.09331,5.87592,5.97885,0.9439,1.00707,0.78306,5
2023-09-12,21.7696,-13.6054,5.9621,0.87355,0.83508,6.40011,5.69948,5.75861,6.08863,5.73287,5.87982,5.91983,5.97901,0.9439,1.00707,0.78306,5
2023-09-13,21.7696,-13.6054,6.6557,0.97807,0.87355,6.37416,5.94449,6.10785,6.28234,6.07063,6.04769,6.07071,6.02536,0.9439,1.00707,0.78306,5
2023-09-14,21.7696,-13.6054,6.6578,0.98011,0.97807,6.36864,6.64394,6.62411,6.68335,6.63467,6.53883,6.48907,6.44697,0.9439,1.00707,0.78306,5
2023-09-15,21.7696,-13.6054,6.4778,0.95733,0.98011,6.35684,6.63193,6.72557,6.6813,6.69431,6.58974,6.7543,6.63745,0.9439,1.00707,0.78306,5
2023-09-16,21.7696,-13.6054,4.9001,0.72535,0.95733,6.34301,6.46727,6.63304,6.54699,6.55893,6.45833,6.50539,6.46804,0.9439,1.00707,0.78306,5
2023-09-17,21.7696,-13.6054,5.9849,0.88898,0.72535,6.31357,4.88326,5.87873,6.14941,5.78223,5.9193,5.65816,5.57455,0.9439,1.00707,0.78306,5
2023-09-18,21.7696,-13.6054,5.5678,0.83149,0.88898,6.17641,5.95275,5.97257,6.14728,5.93741,5.85477,5.71476,5.62525,0.9439,1.00707,0.78306,5
2023-09-19,21.7696,-13.6054,5.8313,0.8738,0.83149,6.11969,5.54897,5.7284,5.95068,5.73326,5.79917,5.59907,5.51133,0.9439,1.00707,0.78306,5
2023-09-20,21.7696,-13.6054,5.9407,0.89458,0.8738,6.06785,5.8027,6.05621,6.15557,6.09656,6.00688,6.166,6.17811,0.9439,1.00707,0.78306,5
2023-09-21,21.7696,-13.6054,6.2587,0.94525,0.89458,6.06937,5.92318,6.20465,6.28584,6.21202,6.08475,5.92278,5.96435,0.9439,1.00707,0.78306,5
2023-09-22,21.7696,-13.6054,6.4363,0.97403,0.94525,6.07287,6.24617,6.18788,6.29919,6.16703,6.11408,5.95953,5.93389,0.9439,1.00707,0.78306,5
2023-09-23,21.7696,-13.6054,6.4058,0.97144,0.97403,6.04598,6.42284,6.23526,6.29612,6.1228,6.18179,6.49156,6.29049,0.9439,1.00707,0.78306,5
2023-09-24,21.7696,-13.6054,6.4596,0.98372,0.97144,6.0215,6.37899,6.39051,6.38129,6.37059,6.31296,6.39118,6.33338,0.9439,1.00707,0.78306,5
2023-09-25,21.7696,-13.6054,6.6576,1.01638,0.98372,6.02968,6.44364,6.31627,6.36802,6.35328,6.2947,5.99216,6.13629,0.9439,1.00707,0.78306,5
2023-09-26,21.7696,-13.6054,6.0043,0.91922,1.01638,6.05048,6.63896,6.33259,6.40525,6.31618,6.36481,6.37025,6.40564,0.9439,1.00707,0.78306,5
2023-09-27,21.7696,-13.6054,6.5054,0.99837,0.91922,6.09352,5.98964,5.75502,5.77578,5.78056,5.86274,5.72978,5.85654,0.9439,1.00707,0.78306,5
2023-09-28,21.7696,-13.6054,6.4627,0.99344,0.99837,6.10663,6.49479,5.94083,6.03688,5.988,6.02772,6.03863,6.07595,0.9439,1.00707,0.78306,5
2023-09-29,21.7696,-13.6054,6.3257,0.97548,0.99344,6.08553,6.44217,6.16437,6.14305,6.20742,6.17005,6.23865,6.2793,0.9439,1.00707,0.78306,5
2023-09-30,21.7696,-13.6054,6.1438,0.94927,0.97548,6.08356,6.31342,6.19017,6.22461,6.20634,6.13208,6.21952,6.24472,0.9439,1.00707,0.78306,5
2023-10-01,21.7696,-13.6054,5.9184,0.91821,0.94927,6.05029,6.11861,5.97167,6.05339,5.99533,5.9171,6.00016,6.16258,0.9439,1.00707,0.78306,5
2023-10-02,21.7696,-13.6054,6.4874,1.00787,0.91821,6.03817,5.91029,5.83474,5.88722,5.851,5.82996,5.96912,5.96773,0.9439,1.00707,0.78306,5
2023-10-03,21.7696,-13.6054,6.349,0.98758,1.00787,6.09728,6.4794,6.35598,6.44946,6.42535,6.37316,6.50596,6.43288,0.9439,1.00707,0.78306,5
2023-10-04,21.7696,-13.6054,5.4454,0.8488,0.98758,6.1238,6.33575,6.21084,6.22265,6.24525,6.16924,6.11856,6.20601,0.9439,1.00707,0.78306,5
2023-10-05,21.7696,-13.6054,5.7286,0.89554,0.8488,6.12951,5.42959,5.88777,5.97964,5.91142,5.82217,5.83809,5.94343,0.9439,1.00707,0.78306,5
2023-10-06,21.7696,-13.6054,5.8265,0.91476,0.89554,6.08135,5.7041,5.94499,6.04375,5.86907,5.78483,5.99946,5.88332,0.9439,1.00707,0.78306,5
2023-10-07,21.7696,-13.6054,6.3655,1.00515,0.91476,5.99934,5.79305,5.77376,5.89808,5.76628,5.6879,5.67273,5.64069,0.9439,1.00707,0.78306,5
2023-10-08,21.7696,-13.6054,6.1507,0.97706,1.00515,5.93746,6.32755,6.2015,6.33042,6.2543,6.20394,6.08487,6.00854,0.9439,1.00707,0.78306,5
2023-10-09,21.7696,-13.6054,6.0218,0.9617,0.97706,5.85594,6.11801,6.00905,6.06135,5.98231,5.9428,5.77311,5.86157,0.9439,1.00707,0.78306,5
2023-10-10,21.7696,-13.6054,5.9112,0.94985,0.9617,5.76877,5.98494,5.77854,5.84568,5.76623,5.67066,5.95058,5.82569,0.9439,1.00707,0.78306,5
2023-10-11,21.7696,-13.6054,6.469,1.04405,0.94985,5.71735,5.88531,5.6554,5.71891,5.64111,5.56021,5.56613,5.58298,0.9439,1.00707,0.78306,5
2023-10-12,21.7696,-13.6054,6.3257,1.02614,1.04405,5.66321,6.4361,6.04234,6.17316,6.07694,6.11275,6.13282,6.00359,0.9439,1.00707,0.78306,5
2023-10-13,21.7696,-13.6054,6.0377,0.98335,1.02614,5.62304,6.30043,5.95992,5.99595,5.93009,5.98244,5.81187,5.9057,0.9439,1.00707,0.78306,5
2023-10-14,21.7696,-13.6054,5.6486,0.92278,0.98335,5.59699,6.0194,5.80998,5.85252,5.8171,5.79526,5.694,5.79576,0.9439,1.00707,0.78306,5
2023-10-15,21.7696,-13.6054,6.3538,1.04324,0.92278,5.55547,5.62013,5.51713,5.59665,5.54768,5.5152,5.5644,5.63238,0.9439,1.00707,0.78306,5
2023-10-16,21.7696,-13.6054,6.0866,1.00358,1.04324,5.50517,6.32713,5.92235,6.12946,6.00584,6.09125,6.1642,6.08708,0.9439,1.00707,0.78306,5
2023-10-17,21.7696,-13.6054,6.0403,1.00327,1.00358,5.46681,6.04215,5.74005,5.79853,5.79531,5.84957,5.61852,5.75779,0.9439,1.00707,0.78306,5
2023-10-18,21.7696,-13.6054,6.1562,1.02951,1.00327,5.39449,5.99933,5.73338,5.85615,5.74779,5.76052,5.67994,5.66551,0.9439,1.00707,0.78306,5
2023-10-19,21.7696,-13.6054,6.0506,1.01983,1.02951,5.28452,6.10804,5.68636,5.84042,5.65978,5.72458,5.62804,5.6295,0.9439,1.00707,0.78306,5
2023-10-20,21.7696,-13.6054,5.9647,1.01222,1.01983,5.16238,6.0095,5.65308,5.77603,5.66203,5.71917,5.78579,5.6422,0.9439,1.00707,0.78306,5
2023-10-21,21.7696,-13.6054,5.9071,1.00691,1.01222,5.14075,5.93825,5.72058,5.75205,5.6404,5.79993,5.76479,5.65525,0.9439,1.00707,0.78306,5
2023-10-22,21.7696,-13.6054,5.3525,0.915,1.00691,5.14822,5.89018,5.71672,5.75347,5.68977,5.72499,5.57373,5.53564,0.9439,1.00707,0.78306,5
2023-10-23,21.7696,-13.6054,5.987,1.02478,0.915,5.16924,5.34565,5.4131,5.28448,5.30129,5.31661,5.22544,5.17536,0.9439,1.00707,0.78306,5
2023-10-24,21.7696,-13.6054,5.9731,1.02436,1.02478,5.20924,5.97555,5.67733,5.8108,5.62823,5.65652,5.61355,5.39958,0.9439,1.00707,0.78306,5
2023-10-25,21.7696,-13.6054,5.6575,0.97166,1.02436,5.25631,5.96435,5.7491,5.85389,5.75235,5.78784,5.73208,5.51296,0.9439,1.00707,0.78306,5
2023-10-26,21.7696,-13.6054,5.8615,1.00991,0.97166,5.28575,5.63946,5.66622,5.7343,5.72432,5.71011,5.63682,5.60734,0.9439,1.00707,0.78306,5
2023-10-27,21.7696,-13.6054,5.6218,0.97037,1.00991,5.30597,5.8509,5.60282,5.75221,5.63819,5.70344,5.56118,5.56632,0.9439,1.00707,0.78306,5
2023-10-28,21.7696,-13.6054,5.5997,0.97042,0.97037,5.30804,5.59943,5.44119,5.50161,5.46186,5.47868,5.60768,5.53094,0.9439,1.00707,0.78306,5
2023-10-29,21.7696,-13.6054,5.5373,0.96314,0.97042,5.30629,5.57916,5.44283,5.54883,5.45112,5.44483,5.57195,5.56568,0.9439,1.00707,0.78306,5
2023-10-30,21.7696,-13.6054,5.459,0.95273,0.96314,5.30107,5.51864,5.38196,5.47092,5.36937,5.40111,5.36662,5.49984,0.9439,1.00707,0.78306,5
2023-10-31,21.7696,-13.6054,5.6198,0.98486,0.95273,5.31432,5.43642,5.40037,5.46046,5.34188,5.42138,5.31169,5.37508,0.9439,1.00707,0.78306,5
2023-11-01,21.7696,-13.6054,5.7427,1.0087,0.98486,5.31424,5.607,5.57892,5.6629,5.56088,5.61879,5.65325,5.47523,0.9439,1.00707,0.78306,5
2023-11-02,21.7696,-13.6054,5.833,1.02803,1.0087,5.31617,5.72333,5.58913,5.67371,5.64279,5.66311,5.59109,5.58875,0.9439,1.00707,0.78306,5
2023-11-03,21.7696,-13.6054,5.7533,1.01653,1.02803,5.32373,5.81835,5.61194,5.68923,5.73212,5.72382,5.59624,5.63695,0.9439,1.00707,0.78306,5
2023-11-04,21.7696,-13.6054,5.761,1.02103,1.01653,5.34987,5.73564,5.63906,5.67942,5.72296,5.69597,5.76247,5.63622,0.9439,1.00707,0.78306,5
2023-11-05,21.7696,-13.6054,5.7,1.01317,1.02103,5.34463,5.74423,5.60927,5.61255,5.64625,5.6341,5.75613,5.55437,0.9439,1.00707,0.78306,5
2023-11-06,21.7696,-13.6054,5.7382,1.02199,1.01317,5.35862,5.68864,5.62239,5.60716,5.61058,5.62448,5.64562,5.53509,0.9439,1.00707,0.78306,5
2023-11-07,21.7696,-13.6054,5.7343,1.02667,1.02199,5.31276,5.7082,5.54639,5.52102,5.52479,5.51577,5.51205,5.46968,0.9439,1.00707,0.78306,5
2023-11-08,21.7696,-13.6054,5.4439,0.98026,1.02667,5.23962,5.70161,5.49765,5.43605,5.48192,5.44821,5.55314,5.46485,0.9439,1.00707,0.78306,5
2023-11-09,21.7696,-13.6054,5.1437,0.93236,0.98026,5.13628,5.40794,5.44304,5.33782,5.45559,5.38106,5.4167,5.30823,0.9439,1.00707,0.78306,5
2023-11-10,21.7696,-13.6054,5.417,0.98691,0.93236,5.06885,5.1176,5.33827,5.26803,5.35858,5.25441,5.25593,5.14059,0.9439,1.00707,0.78306,5
2023-11-11,21.7696,-13.6054,5.4485,0.99992,0.98691,4.96418,5.37764,5.28634,5.34872,5.28676,5.27767,5.15158,5.11168,0.9439,1.00707,0.78306,5
2023-11-12,21.7696,-13.6054,5.6455,1.04179,0.99992,4.90103,5.41856,5.25006,5.33399,5.22693,5.27915,5.16001,5.13913,0.9439,1.00707,0.78306,5
2023-11-13,21.7696,-13.6054,5.5471,1.02943,1.04179,4.86767,5.61371,5.27386,5.40182,5.34003,5.37703,5.41406,5.30017,0.9439,1.00707,0.78306,5
2023-11-14,21.7696,-13.6054,5.4763,1.02218,1.02943,4.83292,5.51517,5.1973,5.27461,5.26647,5.30806,5.1116,5.18211,0.9439,1.00707,0.78306,5
2023-11-15,21.7696,-13.6054,5.525,1.03606,1.02218,4.77533,5.45097,5.09988,5.16897,5.2123,5.22919,5.13223,5.16658,0.9439,1.00707,0.78306,5
2023-11-16,21.7696,-13.6054,5.3105,1.00014,1.03606,4.76099,5.50122,4.94565,4.99181,5.06919,5.10756,5.11117,5.11843,0.9439,1.00707,0.78306,5
2023-11-17,21.7696,-13.6054,5.2392,0.98987,1.00014,4.75946,5.29354,5.12172,5.1835,5.23084,5.20867,5.35879,5.20273,0.9439,1.00707,0.78306,5
2023-11-18,21.7696,-13.6054,5.2997,1.00534,0.98987,4.71686,5.21819,5.05915,5.12823,5.18504,5.1392,5.07602,5.11263,0.9439,1.00707,0.78306,5
2023-11-19,21.7696,-13.6054,5.1324,0.97591,1.00534,4.73277,5.28717,5.08967,5.18599,5.19603,5.18858,5.18328,5.14624,0.9439,1.00707,0.78306,5
2023-11-20,21.7696,-13.6054,4.6987,0.89674,0.97591,4.70293,5.11353,4.8917,4.90989,4.98736,4.96721,4.88487,4.98414,0.9439,1.00707,0.78306,5
2023-11-21,21.7696,-13.6054,4.069,0.78145,0.89674,4.64881,4.66929,4.51681,4.45715,4.60958,4.59814,4.56532,4.72262,0.9439,1.00707,0.78306,5
2023-11-22,21.7696,-13.6054,4.0939,0.79146,0.78145,4.59579,4.04215,4.11211,4.10637,4.2158,4.33181,4.10571,4.38002,0.9439,1.00707,0.78306,5
2023-11-23,21.7696,-13.6054,5.3059,1.02948,0.79146,4.57275,4.07913,4.094,4.09994,4.22518,4.35576,4.26567,4.40025,0.9439,1.00707,0.78306,5
2023-11-24,21.7696,-13.6054,5.3786,1.04603,1.02948,4.60612,5.29352,4.76652,4.88324,4.85291,4.90014,4.93999,4.92025,0.9439,1.00707,0.78306,5
2023-11-25,21.7696,-13.6054,5.191,1.01324,1.04603,4.60255,5.35897,5.0107,5.11638,5.03165,5.10762,5.11808,5.06302,0.9439,1.00707,0.78306,5
2023-11-26,21.7696,-13.6054,5.1799,1.01265,1.01324,4.64487,5.18294,5.02252,5.07414,4.982,5.06972,5.00122,5.00347,0.9439,1.00707,0.78306,5
2023-11-27,21.7696,-13.6054,5.087,0.99741,1.01265,4.65998,5.16474,5.01513,5.06552,4.9553,5.05702,4.96242,4.95443,0.9439,1.00707,0.78306,5
2023-11-28,21.7696,-13.6054,4.8298,0.9516,0.99741,4.61581,5.06227,4.90808,4.93197,4.87545,4.91475,4.84749,4.82691,0.9439,1.00707,0.78306,5
2023-11-29,21.7696,-13.6054,5.2361,1.03392,0.9516,4.60927,4.81921,4.73629,4.69545,4.77294,4.733,4.7028,4.71996,0.9439,1.00707,0.78306,5
2023-11-30,21.7696,-13.6054,4.2264,0.83739,1.03392,4.61498,5.21834,4.93878,5.05652,4.96509,5.02633,4.92374,4.92268,0.9439,1.00707,0.78306,5
2023-12-01,21.7696,-13.6054,4.679,0.92962,0.83739,4.60762,4.21477,4.35609,4.22941,4.30921,4.26098,4.36022,4.39464,0.9439,1.00707,0.78306,5
2023-12-02,21.7696,-13.6054,4.7918,0.95366,0.92962,4.61539,4.671,4.54045,4.52385,4.53965,4.54877,4.47302,4.46477,0.9439,1.00707,0.78306,5
2023-12-03,21.7696,-13.6054,4.7926,0.95419,0.95366,4.66306,4.78994,4.78001,4.79115,4.81374,4.82133,4.8647,4.76564,0.9439,1.00707,0.78306,5
2023-12-04,21.7696,-13.6054,4.9579,0.98989,0.95419,4.64964,4.77908,4.84176,4.86227,4.91281,4.87714,4.94255,4.92087,0.9439,1.00707,0.78306,5
2023-12-05,21.7696,-13.6054,4.087,0.81734,0.98989,4.65983,4.94985,4.73846,4.73645,4.77671,4.73418,4.52441,4.6563,0.9439,1.00707,0.78306,5
2023-12-06,21.7696,-13.6054,3.6242,0.72619,0.81734,4.66489,4.07911,4.09148,4.04113,4.16774,4.27698,4.10002,4.13444,0.9439,1.00707,0.78306,5
2023-12-07,21.7696,-13.6054,3.6,0.7209,0.72619,4.71772,3.62639,3.96071,3.93788,3.95685,3.86781,4.24459,4.18012,0.9439,1.00707,0.78306,5
2023-12-08,21.7696,-13.6054,4.7899,0.96009,0.7209,4.75009,3.5966,3.991,3.93529,4.00901,4.04293,4.15433,4.28496,0.9439,1.00707,0.78306,5
2023-12-09,21.7696,-13.6054,4.8449,0.97177,0.96009,4.75259,4.78664,4.67215,4.62752,4.74896,4.69879,4.74197,4.87393,0.9439,1.00707,0.78306,5
2023-12-10,21.7696,-13.6054,4.0829,0.82004,0.97177,4.74485,4.83837,4.60895,4.56397,4.70278,4.6677,4.69533,4.85099,0.9439,1.00707,0.78306,5
2023-12-11,21.7696,-13.6054,4.4614,0.89883,0.82004,4.70839,4.07031,4.30568,4.23433,4.40334,4.42354,4.4996,4.64008,0.9439,1.00707,0.78306,5
2023-12-12,21.7696,-13.6054,3.7082,0.74956,0.89883,4.66641,4.4467,4.76875,4.7397,4.77206,4.63941,4.95737,4.85572,0.9439,1.00707,0.78306,5
2023-12-13,21.7696,-13.6054,4.11,0.83006,0.74956,4.68588,3.71138,4.50126,4.48883,4.5467,4.53359,4.40553,4.48699,0.9439,1.00707,0.78306,5
2023-12-14,21.7696,-13.6054,4.7978,0.96993,0.83006,4.68801,4.10592,4.56798,4.5205,4.61052,4.54531,4.40856,4.41051,0.9439,1.00707,0.78306,5
2023-12-15,21.7696,-13.6054,4.925,0.99759,0.96993,4.64945,4.78846,4.76747,4.78683,4.75351,4.75924,4.67135,4.68036,0.9439,1.00707,0.78306,5
2023-12-16,21.7696,-13.6054,4.4882,0.91247,0.99759,4.58897,4.9069,4.7746,4.81599,4.7469,4.77574,4.7036,4.66851,0.9439,1.00707,0.78306,5
2023-12-17,21.7696,-13.6054,3.6953,0.75448,0.91247,4.55033,4.46912,4.7068,4.6483,4.71874,4.65907,4.60055,4.65514,0.9439,1.00707,0.78306,5
2023-12-18,21.7696,-13.6054,4.2715,0.87599,0.75448,4.51619,3.67897,4.36528,4.2623,4.35188,4.28671,4.31389,4.34092,0.9439,1.00707,0.78306,5
2023-12-19,21.7696,-13.6054,4.8444,0.99626,0.87599,4.48865,4.25957,4.56171,4.48766,4.56546,4.44745,4.53553,4.52868,0.9439,1.00707,0.78306,5
2023-12-20,21.7696,-13.6054,3.9482,0.81506,0.99626,4.42718,4.82596,4.52008,4.53994,4.53391,4.5182,4.41972,4.51764,0.9439,1.00707,0.78306,5
2023-12-21,21.7696,-13.6054,5.1242,1.05966,0.81506,4.40353,3.94137,4.01197,4.04161,4.0272,4.14806,4.05096,4.24728,0.9439,1.00707,0.78306,5
2023-12-22,21.7696,-13.6054,5.1576,1.06854,1.05966,4.37046,5.11475,4.66269,4.7608,4.70915,4.72279,4.77124,4.67288,0.9439,1.00707,0.78306,5
2023-12-23,21.7696,-13.6054,4.4753,0.9288,1.06854,4.35177,5.14863,4.75357,4.80964,4.74283,4.80659,4.73895,4.67202,0.9439,1.00707,0.78306,5
2023-12-24,21.7696,-13.6054,3.9547,0.82221,0.9288,4.33539,4.46739,4.38803,4.27659,4.3493,4.27347,4.37615,4.40819,0.9439,1.00707,0.78306,5
2023-12-25,21.7696,-13.6054,3.6096,0.75278,0.82221,4.3193,3.94251,4.12681,4.07882,4.12524,4.02575,4.03687,4.18432,0.9439,1.00707,0.78306,5
2023-12-26,21.7696,-13.6054,4.6589,0.97206,0.75278,4.33382,3.60791,3.9019,3.84074,3.93247,3.89237,3.82056,3.96847,0.9439,1.00707,0.78306,5
2023-12-27,21.7696,-13.6054,4.9644,1.03482,0.97206,4.36318,4.66334,4.40624,4.4117,4.43847,4.47355,4.34457,4.25422,0.9439,1.00707,0.78306,5
2023-12-28,21.7696,-13.6054,4.8358,1.00919,1.03482,4.35956,4.95861,4.63965,4.73421,4.61575,4.77968,4.67035,4.61024,0.9439,1.00707,0.78306,5
2023-12-29,21.7696,-13.6054,4.8398,1.00867,1.00919,4.30535,4.84226,4.46137,4.47531,4.50466,4.5905,4.39889,4.47363,0.9439,1.00707,0.78306,5
2023-12-30,21.7696,-13.6054,4.7244,0.98098,1.00867,4.34239,4.85777,4.44262,4.45962,4.48399,4.52635,4.45462,4.50625,0.9439,1.00707,0.78306,5
2023-12-31,21.7696,-13.6054,5.0556,1.04582,0.98098,4.36214,4.74217,4.36859,4.34712,4.40157,4.41565,4.53301,4.44643,0.9439,1.00707,0.78306,5
2024-01-01,21.7696,-13.6054,4.5271,0.93291,1.04582,4.39771,5.07499,4.69105,4.80319,4.74553,4.80849,4.8371,4.72655,0.9439,1.00707,0.78306,5
2024-01-02,21.7696,-13.6054,4.2233,0.86753,0.93291,4.42232,4.54159,4.41345,4.34852,4.45473,4.52942,4.39541,4.49513,0.9439,1.00707,0.78306,5
2024-01-03,21.7696,-13.6054,5.004,1.02389,0.86753,4.44616,4.23984,4.25369,4.18934,4.29586,4.33254,4.41012,4.34101,0.9439,1.00707,0.78306,5
2024-01-04,21.7696,-13.6054,5.1062,1.0385,1.02389,4.50248,5.03435,4.81279,4.9266,4.84907,4.93061,4.95133,4.85453,0.9439,1.00707,0.78306,5
2024-01-05,21.7696,-13.6054,5.2514,1.06291,1.0385,4.5116,5.13082,4.83943,4.93039,4.86944,4.9598,4.81133,4.83694,0.9439,1.00707,0.78306,5
2024-01-06,21.7696,-13.6054,5.2123,1.05182,1.06291,4.52402,5.26723,4.85484,4.9571,4.87219,4.99201,4.86304,4.9183,0.9439,1.00707,0.78306,5
2024-01-07,21.7696,-13.6054,4.669,0.94102,1.05182,4.50425,5.21876,4.77952,4.84062,4.78917,4.91229,4.76391,4.82914,0.9439,1.00707,0.78306,5
2024-01-08,21.7696,-13.6054,5.1941,1.04371,0.94102,4.49797,4.68306,4.51684,4.45574,4.54428,4.55662,4.54818,4.52246,0.9439,1.00707,0.78306,5
2024-01-09,21.7696,-13.6054,3.9029,0.77836,1.04371,4.52624,5.23342,4.81298,4.92324,4.85637,4.95498,4.86094,4.81986,0.9439,1.00707,0.78306,5
2024-01-10,21.7696,-13.6054,5.1312,1.01791,0.77836,4.54534,3.92365,3.96367,3.90177,3.99065,4.06859,3.90032,3.97068,0.9439,1.00707,0.78306,5
2024-01-11,21.7696,-13.6054,5.0863,1.00388,1.01791,4.56096,5.1574,4.68631,4.71242,4.71682,4.81045,4.80182,4.62802,0.9439,1.00707,0.78306,5
2024-01-12,21.7696,-13.6054,4.8758,0.9546,1.00388,4.62682,5.12749,4.80181,4.81455,4.8021,4.93592,4.79336,4.72728,0.9439,1.00707,0.78306,5
2024-01-13,21.7696,-13.6054,4.5103,0.87805,0.9546,4.71205,4.90355,4.77786,4.73188,4.78069,4.8947,4.81345,4.72967,0.9439,1.00707,0.78306,5
2024-01-14,21.7696,-13.6054,3.461,0.6705,0.87805,4.75321,4.53229,4.34528,4.21672,4.33135,4.21307,4.29073,4.45551,0.9439,1.00707,0.78306,5
2024-01-15,21.7696,-13.6054,4.5324,0.87286,0.6705,4.81847,3.48165,4.0502,3.84223,4.14546,4.2029,4.38297,4.31154,0.9439,1.00707,0.78306,5
2024-01-16,21.7696,-13.6054,4.6901,0.89682,0.87286,4.85932,4.5648,4.41743,4.25157,4.56728,4.69944,4.58865,4.61271,0.9439,1.00707,0.78306,5
2024-01-17,21.7696,-13.6054,4.0433,0.76822,0.89682,4.87419,4.72015,4.39441,4.26454,4.54627,4.79059,4.52526,4.77025,0.9439,1.00707,0.78306,5
2024-01-18,21.7696,-13.6054,4.6517,0.87907,0.76822,4.89468,4.06509,4.23806,4.04355,4.33031,4.42367,4.46685,4.63941,0.9439,1.00707,0.78306,5
2024-01-19,21.7696,-13.6054,4.7172,0.88771,0.87907,4.90451,4.6713,4.61162,4.46006,4.6209,4.45782,4.88017,4.74145,0.9439,1.00707,0.78306,5
2024-01-20,21.7696,-13.6054,4.9879,0.9332,0.88771,4.94633,4.74476,4.68121,4.55049,4.63481,4.54478,4.63877,4.58885,0.9439,1.00707,0.78306,5
2024-01-21,21.7696,-13.6054,5.1298,0.95222,0.9332,5.01035,5.02733,5.05051,5.01804,4.9886,5.14097,4.99508,4.81833,0.9439,1.00707,0.78306,5
2024-01-22,21.7696,-13.6054,4.5002,0.82759,0.95222,5.08097,5.17789,5.03868,4.97291,5.06626,5.10181,4.91065,4.99131,0.9439,1.00707,0.78306,5
2024-01-23,21.7696,-13.6054,3.8813,0.70881,0.82759,5.12574,4.53171,4.52505,4.36129,4.59897,4.58989,4.56617,4.76359,0.9439,1.00707,0.78306,5
2024-01-24,21.7696,-13.6054,3.4121,0.61943,0.70881,5.16293,3.90449,4.47688,4.27595,4.6219,4.72902,4.71829,4.81257,0.9439,1.00707,0.78306,5
2024-01-25,21.7696,-13.6054,4.5691,0.82427,0.61943,5.19203,3.43362,4.50535,4.33706,4.63812,4.73408,4.70172,4.92791,0.9439,1.00707,0.78306,5
2024-01-26,21.7696,-13.6054,5.2349,0.93825,0.82427,5.22855,4.59894,5.17926,5.04712,5.36863,5.22063,5.21552,5.31196,0.9439,1.00707,0.78306,5
2024-01-27,21.7696,-13.6054,5.3064,0.94731,0.93825,5.23214,5.25563,5.4255,5.42312,5.45748,5.38362,5.46903,5.36572,0.9439,1.00707,0.78306,5
2024-01-28,21.7696,-13.6054,5.5248,0.98226,0.94731,5.25426,5.32821,5.40953,5.40722,5.38816,5.31981,5.38714,5.30541,0.9439,1.00707,0.78306,5
2024-01-29,21.7696,-13.6054,5.5769,0.98648,0.98226,5.28565,5.55304,5.53056,5.57298,5.52023,5.49988,5.33551,5.32372,0.9439,1.00707,0.78306,5
2024-01-30,21.7696,-13.6054,5.4979,0.96651,0.98648,5.31667,5.61152,5.5647,5.60264,5.62821,5.59416,5.36638,5.4453,0.9439,1.00707,0.78306,5
2024-01-31,21.7696,-13.6054,5.7278,1.00206,0.96651,5.30456,5.52457,5.53133,5.54621,5.59162,5.53813,5.43592,5.50803,0.9439,1.00707,0.78306,5
2024-02-01,21.7696,-13.6054,4.9538,0.86125,1.00206,5.34625,5.76373,5.62317,5.69039,5.69888,5.68423,5.65286,5.70422,0.9439,1.00707,0.78306,5
2024-02-02,21.7696,-13.6054,5.4862,0.94778,0.86125,5.3909,4.98536,5.20428,5.09637,5.26279,5.18906,5.18957,5.33553,0.9439,1.00707,0.78306,5
2024-02-03,21.7696,-13.6054,5.7946,0.99538,0.94778,5.44984,5.51745,5.6552,5.66865,5.78347,5.66828,5.76504,5.72042,0.9439,1.00707,0.78306,5
2024-02-04,21.7696,-13.6054,5.7619,0.98492,0.99538,5.50055,5.82311,5.66128,5.6857,5.7753,5.72477,5.67472,5.81283,0.9439,1.00707,0.78306,5
2024-02-05,21.7696,-13.6054,5.6112,0.95467,0.98492,5.52892,5.78899,5.56745,5.53848,5.63614,5.61296,5.6729,5.73455,0.9439,1.00707,0.78306,5
2024-02-06,21.7696,-13.6054,5.467,0.92557,0.95467,5.55948,5.63891,5.68476,5.66041,5.77164,5.69195,5.654,5.81362,0.9439,1.00707,0.78306,5
2024-02-07,21.7696,-13.6054,5.2942,0.89294,0.92557,5.56692,5.48765,5.75467,5.73211,5.85982,5.72985,5.81615,5.81997,0.9439,1.00707,0.78306,5
2024-02-08,21.7696,-13.6054,5.8344,0.9852,0.89294,5.48097,5.28806,5.52251,5.46493,5.63942,5.50766,5.46667,5.5209,0.9439,1.00707,0.78306,5
2024-02-09,21.7696,-13.6054,5.9698,1.00957,0.9852,5.43282,5.82566,5.65519,5.70011,5.74991,5.73702,5.66089,5.66971,0.9439,1.00707,0.78306,5
2024-02-10,21.7696,-13.6054,5.4742,0.92496,1.00957,5.41807,5.97496,5.57282,5.59749,5.62663,5.65503,5.51688,5.64016,0.9439,1.00707,0.78306,5
2024-02-11,21.7696,-13.6054,5.8493,0.98784,0.92496,5.38931,5.47698,5.4261,5.36591,5.47381,5.49693,5.35324,5.43218,0.9439,1.00707,0.78306,5
2024-02-12,21.7696,-13.6054,6.0492,1.01827,0.98784,5.39586,5.8684,5.68387,5.74095,5.69039,5.84147,5.50487,5.56999,0.9439,1.00707,0.78306,5
2024-02-13,21.7696,-13.6054,5.5978,0.93781,1.01827,5.40352,6.07805,5.72978,5.79161,5.79524,5.89083,5.63747,5.64297,0.9439,1.00707,0.78306,5
2024-02-14,21.7696,-13.6054,6.0857,1.01377,0.93781,5.45819,5.62974,5.51045,5.44036,5.60535,5.64737,5.30947,5.39749,0.9439,1.00707,0.78306,5
2024-02-15,21.7696,-13.6054,6.0694,1.00526,1.01377,5.52212,6.12077,5.78302,5.75117,5.88379,5.97284,5.84513,5.62394,0.9439,1.00707,0.78306,5
2024-02-16,21.7696,-13.6054,5.8824,0.97136,1.00526,5.50179,6.08772,5.68773,5.68626,5.7096,5.8222,5.74005,5.66341,0.9439,1.00707,0.78306,5
2024-02-17,21.7696,-13.6054,6.2602,1.0348,0.97136,5.45113,5.87641,5.36217,5.27489,5.49053,5.48442,5.65371,5.60378,0.9439,1.00707,0.78306,5
2024-02-18,21.7696,-13.6054,6.1541,1.01342,1.0348,5.4591,6.28391,5.74686,5.78597,5.89278,5.95415,5.91017,5.85293,0.9439,1.00707,0.78306,5
2024-02-19,21.7696,-13.6054,5.7499,0.94311,1.01342,5.45087,6.17855,5.76338,5.79826,5.8994,5.93223,5.93063,5.84135,0.9439,1.00707,0.78306,5
2024-02-20,21.7696,-13.6054,6.0696,0.98852,0.94311,5.50373,5.79079,5.78049,5.80035,5.89777,5.84199,6.13745,5.86757,0.9439,1.00707,0.78306,5
2024-02-21,21.7696,-13.6054,5.7612,0.93228,0.98852,5.57476,6.10876,5.86737,5.94464,6.0301,5.97492,5.90587,5.86223,0.9439,1.00707,0.78306,5
2024-02-22,21.7696,-13.6054,6.2695,1.00705,0.93228,5.67177,5.80397,5.3881,5.29956,5.5223,5.56085,5.52582,5.65932,0.9439,1.00707,0.78306,5
2024-02-23,21.7696,-13.6054,6.5599,1.04357,1.00705,5.81952,6.33034,6.06841,6.13792,6.20733,6.18433,6.42527,6.2133,0.9439,1.00707,0.78306,5
2024-02-24,21.7696,-13.6054,6.1159,0.96272,1.04357,5.93176,6.62954,6.22313,6.29913,6.30273,6.36749,6.11152,6.21275,0.9439,1.00707,0.78306,5
2024-02-25,21.7696,-13.6054,6.3067,0.98238,0.96272,6.03532,6.1805,6.26086,6.23865,6.31538,6.27395,6.36134,6.33428,0.9439,1.00707,0.78306,5
2024-02-26,21.7696,-13.6054,6.2666,0.96695,0.98238,6.14286,6.36659,6.36829,6.38652,6.41856,6.39709,6.4545,6.30121,0.9439,1.00707,0.78306,5
2024-02-27,21.7696,-13.6054,6.4068,0.98124,0.96695,6.22318,6.31347,6.36736,6.34695,6.43018,6.3995,6.25285,6.16678,0.9439,1.00707,0.78306,5
2024-02-28,21.7696,-13.6054,5.9201,0.90295,0.98124,6.25185,6.43338,6.40367,6.39323,6.40727,6.43809,6.31168,6.32421,0.9439,1.00707,0.78306,5
2024-02-29,21.7696,-13.6054,4.859,0.73977,0.90295,6.22978,5.93081,6.02961,5.96548,5.91481,5.71546,6.01253,5.93433,0.9439,1.00707,0.78306,5
2024-03-01,21.7696,-13.6054,5.1509,0.78229,0.73977,6.21529,4.87097,5.57877,5.41863,5.6377,5.61847,5.43555,5.51243,0.9439,1.00707,0.78306,5
2024-03-02,21.7696,-13.6054,6.6005,0.99926,0.78229,6.2863,5.1673,5.83834,5.69482,5.86249,5.79469,5.86315,5.77525,0.9439,1.00707,0.78306,5
2024-03-03,21.7696,-13.6054,6.7438,1.01333,0.99926,6.39098,6.65017,6.6302,6.65516,6.57774,6.61405,6.65583,6.5323,0.9439,1.00707,0.78306,5
2024-03-04,21.7696,-13.6054,6.9276,1.03445,1.01333,6.45724,6.78614,6.68836,6.7037,6.55355,6.6026,6.68418,6.61282,0.9439,1.00707,0.78306,5
2024-03-05,21.7696,-13.6054,6.9511,1.03038,1.03445,6.55066,6.97858,6.79472,6.82607,6.75533,6.77601,6.60831,6.78193,0.9439,1.00707,0.78306,5
2024-03-06,21.7696,-13.6054,6.8563,1.01338,1.03038,6.55372,6.97133,6.75235,6.75814,6.78193,6.77441,6.66422,6.64331,0.9439,1.00707,0.78306,5
2024-03-07,21.7696,-13.6054,6.557,0.9656,1.01338,6.55788,6.88142,6.71692,6.71211,6.7723,6.75815,6.69988,6.56195,0.9439,1.00707,0.78306,5
2024-03-08,21.7696,-13.6054,6.5556,0.96192,0.9656,6.56681,6.5807,6.69771,6.65563,6.60738,6.64003,6.62383,6.55045,0.9439,1.00707,0.78306,5
2024-03-09,21.7696,-13.6054,6.8803,1.00334,0.96192,6.62929,6.59625,6.7871,6.75183,6.6882,6.68967,6.79421,6.77513,0.9439,1.00707,0.78306,5
2024-03-10,21.7696,-13.6054,6.0919,0.88318,1.00334,6.67797,6.92071,6.54749,6.58002,6.51611,6.47901,6.5518,6.54358,0.9439,1.00707,0.78306,5
2024-03-11,21.7696,-13.6054,5.9582,0.86096,0.88318,6.68805,6.11203,5.96669,6.09223,5.9749,6.07395,5.88565,5.99076,0.9439,1.00707,0.78306,5
2024-03-12,21.7696,-13.6054,6.5806,0.94641,0.86096,6.68933,5.98641,6.15491,6.0473,6.20193,6.16025,6.3044,6.19757,0.9439,1.00707,0.78306,5
2024-03-13,21.7696,-13.6054,7.2038,1.0326,0.94641,6.68421,6.60254,6.3763,6.20413,6.43425,6.33969,6.36051,6.28262,0.9439,1.00707,0.78306,5
2024-03-14,21.7696,-13.6054,7.337,1.04647,1.0326,6.70317,7.23971,6.94435,6.98599,6.97368,7.02323,7.24621,6.98465,0.9439,1.00707,0.78306,5
2024-03-15,21.7696,-13.6054,7.4719,1.05823,1.04647,6.777,7.38888,7.02962,7.07741,7.06276,7.13649,7.15799,7.07581,0.9439,1.00707,0.78306,5
2024-03-16,21.7696,-13.6054,7.2238,1.01632,1.05823,6.8691,7.5217,7.08623,7.11979,7.14627,7.22841,7.08413,7.16034,0.9439,1.00707,0.78306,5
2024-03-17,21.7696,-13.6054,6.9883,0.97608,1.01632,6.90663,7.27641,7.02736,6.99667,7.1088,7.12846,7.00094,7.08265,0.9439,1.00707,0.78306,5
2024-03-18,21.7696,-13.6054,6.5184,0.90585,0.97608,6.9215,7.02373,7.02415,6.97573,7.17371,7.097,7.18774,7.10135,0.9439,1.00707,0.78306,5
2024-03-19,21.7696,-13.6054,7.0824,0.98134,0.90585,6.87785,6.53762,6.60633,6.43193,6.75942,6.6691,6.5523,6.70136,0.9439,1.00707,0.78306,5
2024-03-20,21.7696,-13.6054,7.1009,0.98299,0.98134,6.84422,7.08894,6.98891,6.92956,7.1001,7.06961,7.13616,7.05995,0.9439,1.00707,0.78306,5
2024-03-21,21.7696,-13.6054,6.7488,0.93095,0.98299,6.86467,7.12605,7.03935,7.01659,7.10623,7.09527,7.0045,7.1048,0.9439,1.00707,0.78306,5
2024-03-22,21.7696,-13.6054,7.4057,1.01962,0.93095,6.84481,6.76169,7.02056,6.96823,6.99397,6.95506,7.11008,7.0679,0.9439,1.00707,0.78306,5
2024-03-23,21.7696,-13.6054,7.6118,1.0456,1.01962,6.84662,7.42271,7.19834,7.26293,7.16082,7.22465,7.06372,7.15069,0.9439,1.00707,0.78306,5
2024-03-24,21.7696,-13.6054,7.3685,1.01043,1.0456,6.8364,7.62497,7.27606,7.36895,7.16576,7.24375,7.13526,7.20819,0.9439,1.00707,0.78306,5
2024-03-25,21.7696,-13.6054,7.428,1.01512,1.01043,6.88431,7.39365,7.26781,7.30856,7.13742,7.22678,6.96921,7.10192,0.9439,1.00707,0.78306,5
2024-03-26,21.7696,-13.6054,7.3282,0.99835,1.01512,6.90041,7.4513,7.26645,7.31867,7.17614,7.28985,7.13377,7.11401,0.9439,1.00707,0.78306,5
2024-03-27,21.7696,-13.6054,6.7858,0.92112,0.99835,6.93543,7.35476,7.25635,7.28259,7.23478,7.29893,7.18425,7.20781,0.9439,1.00707,0.78306,5
2024-03-28,21.7696,-13.6054,7.2384,0.97726,0.92112,7.01099,6.82255,7.07807,7.00158,7.0224,6.94331,7.12363,7.09138,0.9439,1.00707,0.78306,5
2024-03-29,21.7696,-13.6054,7.8346,1.05412,0.97726,7.06918,7.26333,7.1276,7.07522,7.11783,7.07214,7.01355,7.09928,0.9439,1.00707,0.78306,5
2024-03-30,21.7696,-13.6054,7.8583,1.05473,1.05412,7.0787,7.85383,7.43398,7.53558,7.32549,7.48469,7.52723,7.46884,0.9439,1.00707,0.78306,5
2024-03-31,21.7696,-13.6054,7.4873,1.00319,1.05473,7.08314,7.87196,7.41114,7.47162,7.32544,7.42349,7.58142,7.45092,0.9439,1.00707,0.78306,5
2024-04-01,21.7696,-13.6054,7.0846,0.94727,1.00319,7.10902,7.50281,7.29197,7.2758,7.21545,7.22475,7.20096,7.22849,0.9439,1.00707,0.78306,5
2024-04-02,21.7696,-13.6054,7.0562,0.94121,0.94727,7.14961,7.10158,7.35382,7.30759,7.33225,7.32867,7.18696,7.27436,0.9439,1.00707,0.78306,5
2024-04-03,21.7696,-13.6054,7.3718,0.98108,0.94121,7.18879,7.07225,7.31702,7.25017,7.33013,7.33571,7.21198,7.09222,0.9439,1.00707,0.78306,5
2024-04-04,21.7696,-13.6054,7.8487,1.04147,0.98108,7.20711,7.39356,7.40443,7.37019,7.44949,7.44436,7.43997,7.36298,0.9439,1.00707,0.78306,5
2024-04-05,21.7696,-13.6054,7.6003,1.0061,1.04147,7.218,7.86755,7.36884,7.37088,7.3862,7.44407,7.29465,7.36646,0.9439,1.00707,0.78306,5
2024-04-06,21.7696,-13.6054,7.4772,0.98621,1.0061,7.27735,7.62798,7.30469,7.25964,7.38043,7.35893,7.23802,7.35551,0.9439,1.00707,0.78306,5
2024-04-07,21.7696,-13.6054,7.4062,0.97513,0.98621,7.28012,7.49033,7.4103,7.3712,7.34298,7.37212,7.45926,7.45402,0.9439,1.00707,0.78306,5
2024-04-08,21.7696,-13.6054,7.4062,0.97209,0.97513,7.30799,7.4294,7.5472,7.51315,7.48602,7.47568,7.68768,7.53966,0.9439,1.00707,0.78306,5
2024-04-09,21.7696,-13.6054,7.1933,0.94347,0.97209,7.27757,7.41152,7.56255,7.53481,7.60348,7.49549,7.67087,7.56193,0.9439,1.00707,0.78306,5
2024-04-10,21.7696,-13.6054,7.7362,1.01459,0.94347,7.25592,7.1939,7.51425,7.4544,7.60194,7.44543,7.3483,7.43004,0.9439,1.00707,0.78306,5
2024-04-11,21.7696,-13.6054,7.319,0.96022,1.01459,7.24641,7.73344,7.50546,7.50585,7.56521,7.59084,7.29048,7.28273,0.9439,1.00707,0.78306,5
2024-04-12,21.7696,-13.6054,7.2108,0.94669,0.96022,7.19482,7.31379,7.34001,7.28496,7.31813,7.42487,7.22421,7.01646,0.9439,1.00707,0.78306,5
2024-04-13,21.7696,-13.6054,7.3824,0.9677,0.94669,7.21547,7.22217,7.35876,7.28571,7.42524,7.44527,7.44071,7.24084,0.9439,1.00707,0.78306,5
2024-04-14,21.7696,-13.6054,6.4308,0.84176,0.9677,7.22874,7.39293,7.38195,7.31385,7.49292,7.49927,7.44315,7.30229,0.9439,1.00707,0.78306,5
2024-04-15,21.7696,-13.6054,7.7494,1.01185,0.84176,7.26198,6.44675,6.95632,6.82307,7.08081,6.96032,7.03336,7.04669,0.9439,1.00707,0.78306,5
2024-04-16,21.7696,-13.6054,7.7138,1.00519,1.01185,7.30323,7.7649,7.54964,7.48374,7.70499,7.67343,7.7164,7.60359,0.9439,1.00707,0.78306,5
2024-04-17,21.7696,-13.6054,7.9166,1.02774,1.00519,7.35645,7.74293,7.56709,7.5509,7.82312,7.74963,7.65131,7.73943,0.9439,1.00707,0.78306,5
2024-04-18,21.7696,-13.6054,7.9267,1.026,1.02774,7.42791,7.94014,7.6653,7.66946,7.80138,7.83317,7.89353,7.82204,0.9439,1.00707,0.78306,5
2024-04-19,21.7696,-13.6054,7.6272,0.98502,1.026,7.46578,7.94447,7.42841,7.38298,7.48015,7.44308,7.5086,7.62203,0.9439,1.00707,0.78306,5
2024-04-20,21.7696,-13.6054,6.7788,0.87477,0.98502,7.44904,7.63317,7.04787,6.94677,7.13434,7.05235,6.95448,7.10677,0.9439,1.00707,0.78306,5
2024-04-21,21.7696,-13.6054,7.3219,0.944,0.87477,7.42352,6.78495,6.68304,6.59818,6.73716,6.72582,6.88364,6.83564,0.9439,1.00707,0.78306,5
2024-04-22,21.7696,-13.6054,7.4167,0.95388,0.944,7.43323,7.33988,7.33623,7.21977,7.31355,7.20953,7.44082,7.2415,0.9439,1.00707,0.78306,5
2024-04-23,21.7696,-13.6054,7.8343,1.00667,0.95388,7.45434,7.42346,7.54188,7.46404,7.46186,7.41693,7.24189,7.26181,0.9439,1.00707,0.78306,5
2024-04-24,21.7696,-13.6054,8.0796,1.03591,1.00667,7.47246,7.85151,7.62769,7.59656,7.5695,7.58988,7.39335,7.28024,0.9439,1.00707,0.78306,5
2024-04-25,21.7696,-13.6054,6.6542,0.84919,1.03591,7.56279,8.11738,7.80343,7.81437,7.73188,7.89935,7.61249,7.46101,0.9439,1.00707,0.78306,5
2024-04-26,21.7696,-13.6054,5.7514,0.7317,0.84919,7.60823,6.67484,7.03958,6.93501,7.00286,6.89475,6.95724,6.75091,0.9439,1.00707,0.78306,5
2024-04-27,21.7696,-13.6054,3.4776,0.44124,0.7317,7.62758,5.76685,6.68341,6.65108,6.64199,6.5575,6.64033,6.41758,0.9439,1.00707,0.78306,5
2024-04-28,21.7696,-13.6054,5.8721,0.74401,0.44124,7.61182,3.48251,6.05064,6.57992,5.99444,6.26392,6.09264,6.26247,0.9439,1.00707,0.78306,5
2024-04-29,21.7696,-13.6054,7.8048,0.98725,0.74401,7.6291,5.88182,6.5041,6.85516,6.47514,6.47314,6.32962,6.81004,0.9439,1.00707,0.78306,5
2024-04-30,21.7696,-13.6054,8.1139,1.02562,0.98725,7.62299,7.81035,7.83317,7.72853,7.75266,7.70381,8.19961,7.6769,0.9439,1.00707,0.78306,5
2024-05-01,21.7696,-13.6054,8.5387,1.07891,1.02562,7.58697,8.11695,7.65108,7.77174,7.55802,7.5998,7.43051,7.58608,0.9439,1.00707,0.78306,5
2024-05-02,21.7696,-13.6054,7.6414,0.96708,1.07891,7.5298,8.52503,7.77072,7.88163,7.65509,7.68938,7.5424,7.80053,0.9439,1.00707,0.78306,5
2024-05-03,21.7696,-13.6054,8.0678,1.02315,0.96708,7.46896,7.62564,7.25012,7.24805,7.09196,7.14981,7.08051,7.42143,0.9439,1.00707,0.78306,5
2024-05-04,21.7696,-13.6054,8.1324,1.03173,1.02315,7.46754,8.06482,7.59038,7.5941,7.46724,7.50149,7.54884,7.57085,0.9439,1.00707,0.78306,5
2024-05-05,21.7696,-13.6054,8.3561,1.05864,1.03173,7.51203,8.14371,7.58796,7.59342,7.5767,7.58281,7.57476,7.60124,0.9439,1.00707,0.78306,5
2024-05-06,21.7696,-13.6054,8.0222,1.01634,1.05864,7.53394,8.35606,7.83655,7.89758,7.90345,7.98255,8.01746,7.87035,0.9439,1.00707,0.78306,5
2024-05-07,21.7696,-13.6054,7.3632,0.93206,1.01634,7.57411,8.02897,7.6141,7.60112,7.63985,7.61881,7.48451,7.60218,0.9439,1.00707,0.78306,5
2024-05-08,21.7696,-13.6054,7.7141,0.97438,0.93206,7.61112,7.37907,7.44408,7.36872,7.47816,7.38266,7.43555,7.38538,0.9439,1.00707,0.78306,5
2024-05-09,21.7696,-13.6054,6.0317,0.76147,0.97438,7.62526,7.71819,7.33471,7.24191,7.43356,7.38323,7.32602,7.22156,0.9439,1.00707,0.78306,5
2024-05-10,21.7696,-13.6054,5.1403,0.64929,0.76147,7.58421,6.02841,6.51774,6.54347,6.54887,6.61043,6.71435,6.6463,0.9439,1.00707,0.78306,5
2024-05-11,21.7696,-13.6054,7.7717,0.98103,0.64929,7.59782,5.14368,6.34702,6.56963,6.35317,6.49652,6.60455,6.51549,0.9439,1.00707,0.78306,5
2024-05-12,21.7696,-13.6054,7.6625,0.96719,0.98103,7.63793,7.77215,7.50022,7.24921,7.47343,7.41039,7.42576,7.36568,0.9439,1.00707,0.78306,5
2024-05-13,21.7696,-13.6054,7.6618,0.96671,0.96719,7.66215,7.66558,7.83838,7.76515,7.83068,7.73942,7.88667,7.60941,0.9439,1.00707,0.78306,5
2024-05-14,21.7696,-13.6054,7.7664,0.98053,0.96671,7.65071,7.65694,7.85756,7.77547,7.7024,7.73944,7.74094,7.76194,0.9439,1.00707,0.78306,5
2024-05-15,21.7696,-13.6054,7.7434,0.97795,0.98053,7.6502,7.76383,7.87382,7.80508,7.7432,7.77767,7.6363,7.68126,0.9439,1.00707,0.78306,5
2024-05-16,21.7696,-13.6054,8.0467,1.01578,0.97795,7.68828,7.74699,7.91409,7.84732,7.84338,7.76361,7.6895,7.62401,0.9439,1.00707,0.78306,5
2024-05-17,21.7696,-13.6054,8.2774,1.04281,1.01578,7.73167,8.06284,8.00505,8.0005,7.85069,7.84756,7.93068,7.79486,0.9439,1.00707,0.78306,5
2024-05-18,21.7696,-13.6054,8.1314,1.02223,1.04281,7.78505,8.29513,8.03045,8.07197,7.95164,7.94021,7.90649,7.95151,0.9439,1.00707,0.78306,5
2024-05-19,21.7696,-13.6054,7.7798,0.97682,1.02223,7.81081,8.14147,8.06398,8.05026,8.03165,8.01404,7.99701,8.03786,0.9439,1.00707,0.78306,5
2024-05-20,21.7696,-13.6054,7.9085,0.99359,0.97682,7.77717,7.77505,7.89677,7.828,7.88521,7.81003,7.92437,7.90239,0.9439,1.00707,0.78306,5
2024-05-21,21.7696,-13.6054,7.0003,0.87928,0.99359,7.7728,7.91037,7.85958,7.79911,7.84425,7.78477,7.89346,7.83825,0.9439,1.00707,0.78306,5
2024-05-22,21.7696,-13.6054,8.0294,1.00886,0.87928,7.77229,6.99804,7.34465,7.38015,7.3452,7.34887,7.42458,7.37345,0.9439,1.00707,0.78306,5
2024-05-23,21.7696,-13.6054,7.8941,0.99436,1.00886,7.71318,8.00926,7.95444,7.86369,8.01254,7.96622,8.21656,8.10895,0.9439,1.00707,0.78306,5
2024-05-24,21.7696,-13.6054,7.9176,0.99907,0.99436,7.69125,7.88029,7.94804,7.90788,7.95184,7.89387,7.99311,7.99116,0.9439,1.00707,0.78306,5
2024-05-25,21.7696,-13.6054,7.9133,1.00007,0.99907,7.70152,7.90536,7.95487,7.91003,7.94519,7.89803,7.88922,7.93124,0.9439,1.00707,0.78306,5
2024-05-26,21.7696,-13.6054,7.9414,1.00598,1.00007,7.63944,7.89474,7.82208,7.77467,7.75781,7.74072,7.64723,7.75032,0.9439,1.00707,0.78306,5
2024-05-27,21.7696,-13.6054,8.106,1.02903,1.00598,7.56404,7.92444,7.66647,7.64412,7.70705,7.6784,7.72361,7.76553,0.9439,1.00707,0.78306,5
2024-05-28,21.7696,-13.6054,7.8953,1.00457,1.02903,7.49369,8.08755,7.77351,7.776,7.84221,7.84814,7.74745,7.74817,0.9439,1.00707,0.78306,5
2024-05-29,21.7696,-13.6054,7.3884,0.94108,1.00457,7.47492,7.88682,7.72186,7.70392,7.81711,7.7909,7.71441,7.74983,0.9439,1.00707,0.78306,5
2024-05-30,21.7696,-13.6054,7.7753,0.99215,0.94108,7.42575,7.37507,7.29424,7.25322,7.37005,7.33103,7.36441,7.38253,0.9439,1.00707,0.78306,5
2024-05-31,21.7696,-13.6054,7.9493,1.0154,0.99215,7.39936,7.76731,7.69293,7.67229,7.64714,7.6193,7.98874,7.84538,0.9439,1.00707,0.78306,5
2024-06-01,21.7696,-13.6054,7.639,0.97839,1.0154,7.37153,7.92794,7.87806,7.89107,7.80253,7.78567,7.85981,7.9016,0.9439,1.00707,0.78306,5
2024-06-02,21.7696,-13.6054,7.571,0.97093,0.97839,7.33872,7.62917,7.80471,7.76653,7.67566,7.6197,7.63552,7.70049,0.9439,1.00707,0.78306,5
2024-06-03,21.7696,-13.6054,7.8979,1.014,0.97093,7.3267,7.56249,7.76824,7.69934,7.70229,7.64617,7.47644,7.57516,0.9439,1.00707,0.78306,5
2024-06-04,21.7696,-13.6054,7.4741,0.95965,1.014,7.35828,7.89734,7.83049,7.82011,7.8276,7.82223,7.75896,7.79559,0.9439,1.00707,0.78306,5
2024-06-05,21.7696,-13.6054,7.3781,0.94792,0.95965,7.37567,7.46945,7.77776,7.69074,7.71351,7.64251,7.70302,7.7517,0.9439,1.00707,0.78306,5
2024-06-06,21.7696,-13.6054,7.3008,0.93934,0.94792,7.32859,7.36748,7.68771,7.56552,7.6519,7.54391,7.59643,7.63037,0.9439,1.00707,0.78306,5
2024-06-07,21.7696,-13.6054,8.136,1.0471,0.93934,7.34098,7.29868,7.66816,7.53296,7.64916,7.52644,7.60757,7.58329,0.9439,1.00707,0.78306,5
2024-06-08,21.7696,-13.6054,7.6238,0.98155,1.0471,7.33061,8.13293,7.80936,7.83034,7.80349,7.82664,7.78959,7.80975,0.9439,1.00707,0.78306,5
2024-06-09,21.7696,-13.6054,7.416,0.9557,0.98155,7.29693,7.61659,7.60447,7.55053,7.61563,7.56794,7.6428,7.61536,0.9439,1.00707,0.78306,5
2024-06-10,21.7696,-13.6054,5.9129,0.76286,0.9557,7.30987,7.40759,7.39057,7.33804,7.46587,7.40655,7.31371,7.44607,0.9439,1.00707,0.78306,5
2024-06-11,21.7696,-13.6054,7.116,0.91835,0.76286,7.33219,5.91118,6.827,7.01562,6.84382,6.95995,6.80976,6.80549,0.9439,1.00707,0.78306,5
2024-06-12,21.7696,-13.6054,7.6063,0.98162,0.91835,7.36687,7.11601,7.33507,7.20129,7.38669,7.32489,7.47157,7.3271,0.9439,1.00707,0.78306,5
2024-06-13,21.7696,-13.6054,7.4239,0.95824,0.98162,7.38504,7.60507,7.69964,7.60362,7.78966,7.68283,7.83174,7.76762,0.9439,1.00707,0.78306,5
2024-06-14,21.7696,-13.6054,6.9799,0.90135,0.95824,7.40611,7.4204,7.35477,7.32101,7.44677,7.42146,7.14867,7.35529,0.9439,1.00707,0.78306,5
2024-06-15,21.7696,-13.6054,4.7426,0.61292,0.90135,7.41399,6.97439,7.15068,7.16187,7.13588,7.1115,7.13682,7.09929,0.9439,1.00707,0.78306,5
2024-06-16,21.7696,-13.6054,7.0356,0.90844,0.61292,7.42827,4.74693,6.35609,7.00209,6.32656,6.87294,6.44877,6.37892,0.9439,1.00707,0.78306,5
2024-06-17,21.7696,-13.6054,6.9286,0.89416,0.90844,7.46018,7.03923,7.25023,7.0951,7.2111,7.17703,7.07263,7.0005,0.9439,1.00707,0.78306,5
2024-06-18,21.7696,-13.6054,7.4453,0.96131,0.89416,7.45126,6.9252,7.30991,7.29632,7.28049,7.2003,7.07331,7.06509,0.9439,1.00707,0.78306,5
2024-06-19,21.7696,-13.6054,5.0441,0.65178,0.96131,7.43321,7.4395,7.26574,7.2724,7.25652,7.20932,7.09168,7.05502,0.9439,1.00707,0.78306,5
2024-06-20,21.7696,-13.6054,7.5365,0.97373,0.65178,7.44053,5.04471,6.4914,7.08011,6.46999,6.91311,6.61462,6.65538,0.9439,1.00707,0.78306,5
2024-06-21,21.7696,-13.6054,7.4592,0.96275,0.97373,7.49566,7.54429,7.69198,7.4307,7.71949,7.61605,7.90731,7.64977,0.9439,1.00707,0.78306,5
2024-06-22,21.7696,-13.6054,7.5355,0.97227,0.96275,7.5205,7.46167,7.5067,7.45038,7.50624,7.44731,7.26982,7.33351,0.9439,1.00707,0.78306,5
2024-06-23,21.7696,-13.6054,7.6541,0.98705,0.97227,7.56298,7.53951,7.74786,7.63741,7.74637,7.64044,7.85169,7.73195,0.9439,1.00707,0.78306,5
2024-06-24,21.7696,-13.6054,7.7405,0.99866,0.98705,7.59211,7.65051,7.53629,7.51389,7.51382,7.46419,7.36002,7.49213,0.9439,1.00707,0.78306,5
2024-06-25,21.7696,-13.6054,7.8149,1.0082,0.99866,7.60122,7.74095,7.69346,7.63306,7.61676,7.54649,7.77883,7.63752,0.9439,1.00707,0.78306,5
2024-06-26,21.7696,-13.6054,7.3306,0.94745,1.0082,7.60322,7.80067,7.71729,7.65361,7.6424,7.56877,7.68365,7.6628,0.9439,1.00707,0.78306,5
2024-06-27,21.7696,-13.6054,7.7141,0.9978,0.94745,7.60905,7.32478,7.57062,7.48802,7.5224,7.45992,7.64668,7.61318,0.9439,1.00707,0.78306,5
2024-06-28,21.7696,-13.6054,6.9706,0.90437,0.9978,7.56537,7.69075,7.73843,7.63148,7.74031,7.64765,7.7496,7.77629,0.9439,1.00707,0.78306,5
2024-06-29,21.7696,-13.6054,7.536,0.97968,0.90437,7.53713,6.95673,7.39331,7.34104,7.39664,7.37114,7.37443,7.39098,0.9439,1.00707,0.78306,5
2024-06-30,21.7696,-13.6054,6.9931,0.90994,0.97968,7.51277,7.52903,7.47176,7.42487,7.5208,7.47264,7.4274,7.52582,0.9439,1.00707,0.78306,5
2024-07-01,21.7696,-13.6054,7.103,0.92469,0.90994,7.52413,6.98972,7.22564,7.27823,7.28439,7.3189,7.23153,7.29977,0.9439,1.00707,0.78306,5
2024-07-02,21.7696,-13.6054,6.919,0.9015,0.92469,7.52777,7.09697,7.39206,7.39484,7.3934,7.32388,7.36744,7.34998,0.9439,1.00707,0.78306,5
2024-07-03,21.7696,-13.6054,7.3258,0.9555,0.9015,7.51176,6.91178,7.17838,7.29125,7.20259,7.21082,7.00586,7.05094,0.9439,1.00707,0.78306,5
2024-07-04,21.7696,-13.6054,7.3164,0.95564,0.9555,7.51223,7.31536,7.42341,7.43187,7.46392,7.37465,7.66492,7.57443,0.9439,1.00707,0.78306,5
2024-07-05,21.7696,-13.6054,7.2041,0.94421,0.95564,7.47052,7.29131,7.33422,7.34171,7.29283,7.23911,7.36452,7.32119,0.9439,1.00707,0.78306,5
2024-07-06,21.7696,-13.6054,7.2084,0.94755,0.94421,7.42784,7.18294,7.46863,7.38893,7.40971,7.29794,7.2013,7.15226,0.9439,1.00707,0.78306,5
2024-07-07,21.7696,-13.6054,6.8282,0.89972,0.94755,7.39817,7.19124,7.28636,7.30127,7.24298,7.18759,7.06973,7.08084,0.9439,1.00707,0.78306,5
2024-07-08,21.7696,-13.6054,7.5048,0.99057,0.89972,7.3778,6.81649,7.20241,7.24364,7.25182,7.20844,7.52253,7.36708,0.9439,1.00707,0.78306,5
2024-07-09,21.7696,-13.6054,7.5854,1.00418,0.99057,7.30211,7.48261,7.27603,7.22992,7.26273,7.22008,7.27317,7.25404,0.9439,1.00707,0.78306,5
2024-07-10,21.7696,-13.6054,7.2122,0.95647,1.00418,7.26896,7.57197,7.26112,7.22717,7.21068,7.20741,7.32379,7.1983,0.9439,1.00707,0.78306,5
2024-07-11,21.7696,-13.6054,6.8611,0.90935,0.95647,7.28367,7.21659,7.44229,7.30121,7.32404,7.28578,7.20303,7.26478,0.9439,1.00707,0.78306,5
2024-07-12,21.7696,-13.6054,6.9079,0.91688,0.90935,7.27619,6.85114,7.225,7.20772,7.19891,7.15899,7.02103,7.04706,0.9439,1.00707,0.78306,5
2024-07-13,21.7696,-13.6054,6.5498,0.86887,0.91688,7.29397,6.91172,7.14817,7.15783,7.0909,7.04621,7.16694,7.12357,0.9439,1.00707,0.78306,5
2024-07-14,21.7696,-13.6054,6.7598,0.89693,0.86887,7.28813,6.54834,7.10292,7.1133,7.051,7.03178,7.09083,7.00479,0.9439,1.00707,0.78306,5
2024-07-15,21.7696,-13.6054,6.8748,0.91255,0.89693,7.29549,6.75712,6.97371,7.07026,7.03422,7.12843,6.88584,6.9276,0.9439,1.00707,0.78306,5
2024-07-16,21.7696,-13.6054,6.7661,0.89923,0.91255,7.27908,6.86636,7.07285,7.09901,7.1009,7.11095,7.11979,7.04871,0.9439,1.00707,0.78306,5
2024-07-17,21.7696,-13.6054,7.0375,0.93844,0.89923,7.22912,6.7434,7.32162,7.19982,7.24998,7.17754,7.28759,7.20975,0.9439,1.00707,0.78306,5
2024-07-18,21.7696,-13.6054,6.9946,0.93353,0.93844,7.23982,7.03139,7.44,7.28494,7.46653,7.30436,7.4909,7.43665,0.9439,1.00707,0.78306,5
2024-07-19,21.7696,-13.6054,6.9151,0.92491,0.93353,7.21579,6.97955,7.04216,7.03572,7.05351,7.04194,6.91221,6.98797,0.9439,1.00707,0.78306,5
2024-07-20,21.7696,-13.6054,7.4688,0.99702,0.92491,7.25586,6.92865,7.10589,7.17488,7.20343,7.15596,7.04728,7.12031,0.9439,1.00707,0.78306,5
2024-07-21,21.7696,-13.6054,7.1275,0.95243,0.99702,7.24472,7.46115,7.05758,7.16544,7.20424,7.22489,7.00802,7.14946,0.9439,1.00707,0.78306,5
2024-07-22,21.7696,-13.6054,7.0044,0.93998,0.95243,7.15168,7.09724,6.95435,7.04183,6.9727,6.93274,6.87565,6.88232,0.9439,1.00707,0.78306,5
2024-07-23,21.7696,-13.6054,7.0735,0.95093,0.93998,7.13454,6.99204,6.85344,6.98507,6.82117,6.80004,6.71464,6.80095,0.9439,1.00707,0.78306,5
2024-07-24,21.7696,-13.6054,6.6293,0.88935,0.95093,7.20423,7.08829,7.2431,7.18981,7.21846,7.1078,7.49054,7.32509,0.9439,1.00707,0.78306,5
2024-07-25,21.7696,-13.6054,7.247,0.97128,0.88935,7.24717,6.63573,6.69013,6.96019,6.88538,7.03422,6.6542,6.852,0.9439,1.00707,0.78306,5
2024-07-26,21.7696,-13.6054,6.5983,0.8852,0.97128,7.25066,7.23995,7.0733,7.19271,7.24231,7.23593,7.341,7.29741,0.9439,1.00707,0.78306,5
2024-07-27,21.7696,-13.6054,6.9062,0.9254,0.8852,7.2768,6.60614,7.18478,7.17288,7.16073,7.08558,7.29341,7.01985,0.9439,1.00707,0.78306,5
2024-07-28,21.7696,-13.6054,6.9478,0.9332,0.9254,7.25085,6.88978,7.32504,7.30234,7.25078,7.18034,7.26103,7.13551,0.9439,1.00707,0.78306,5
2024-07-29,21.7696,-13.6054,7.0229,0.94464,0.9332,7.25362,6.93784,7.41252,7.2392,7.33191,7.19875,7.34235,7.32205,0.9439,1.00707,0.78306,5
2024-07-30,21.7696,-13.6054,7.5679,1.02009,0.94464,7.23741,7.00814,7.41637,7.22286,7.38099,7.22898,7.32183,7.25341,0.9439,1.00707,0.78306,5
2024-07-31,21.7696,-13.6054,7.2281,0.97604,1.02009,7.19872,7.55432,7.32249,7.28321,7.31553,7.2359,7.04393,7.16479,0.9439,1.00707,0.78306,5
2024-08-01,21.7696,-13.6054,6.6307,0.8954,0.97604,7.20615,7.22783,7.32259,7.2516,7.34852,7.21745,7.00168,7.16676,0.9439,1.00707,0.78306,5
2024-08-02,21.7696,-13.6054,6.2638,0.84631,0.8954,7.20566,6.62713,7.16856,7.2157,7.20336,7.07723,7.02852,7.01725,0.9439,1.00707,0.78306,5
2024-08-03,21.7696,-13.6054,7.2888,0.98374,0.84631,7.21183,6.27052,6.8099,7.1021,6.75444,6.86149,6.7149,6.64734,0.9439,1.00707,0.78306,5
2024-08-04,21.7696,-13.6054,5.7761,0.78231,0.98374,7.13478,7.26334,7.13546,7.16738,7.04853,7.02132,7.02872,7.03148,0.9439,1.00707,0.78306,5
2024-08-05,21.7696,-13.6054,7.3946,1.00178,0.78231,7.13354,5.7746,6.48893,6.90483,6.50598,6.84047,6.5116,6.61755,0.9439,1.00707,0.78306,5
2024-08-06,21.7696,-13.6054,6.8172,0.92274,1.00178,7.19381,7.40119,7.45379,7.37178,7.57241,7.45763,7.71738,7.63901,0.9439,1.00707,0.78306,5
2024-08-07,21.7696,-13.6054,7.0171,0.9505,0.92274,7.18289,6.81212,7.21947,7.08974,7.22426,7.11553,7.05378,6.98566,0.9439,1.00707,0.78306,5
2024-08-08,21.7696,-13.6054,6.3756,0.86706,0.9505,7.14123,6.98917,7.28831,7.19918,7.06599,7.1386,7.13354,7.03254,0.9439,1.00707,0.78306,5
2024-08-09,21.7696,-13.6054,7.0915,0.96759,0.86706,7.09109,6.35469,6.90127,7.03453,6.77966,6.868,6.66726,6.75753,0.9439,1.00707,0.78306,5
2024-08-10,21.7696,-13.6054,7.2821,0.99552,0.96759,7.03897,7.07783,7.01427,7.12405,7.03071,6.93558,6.89756,6.98308,0.9439,1.00707,0.78306,5
2024-08-11,21.7696,-13.6054,6.9432,0.95274,0.99552,6.95042,7.25494,7.13516,7.14629,7.16571,7.04908,6.92212,6.82959,0.9439,1.00707,0.78306,5
2024-08-12,21.7696,-13.6054,7.0975,0.9734,0.95274,6.95053,6.94685,6.65679,6.81405,6.63943,6.63431,6.49347,6.65026,0.9439,1.00707,0.78306,5
2024-08-13,21.7696,-13.6054,7.205,0.98903,0.9734,6.9308,7.09119,6.95505,7.02262,6.98418,6.90348,7.27731,7.06937,0.9439,1.00707,0.78306,5
2024-08-14,21.7696,-13.6054,7.452,1.02362,0.98903,6.91298,7.20015,7.20946,7.19325,7.20255,7.0591,7.20294,7.07388,0.9439,1.00707,0.78306,5
2024-08-15,21.7696,-13.6054,7.428,1.02179,1.02362,6.92995,7.44129,7.27844,7.28978,7.17919,7.17986,7.13768,6.94237,0.9439,1.00707,0.78306,5
2024-08-16,21.7696,-13.6054,7.2643,1.00146,1.02179,6.88511,7.41177,7.18406,7.12435,7.05114,7.01134,7.08578,6.97586,0.9439,1.00707,0.78306,5
2024-08-17,21.7696,-13.6054,7.2463,1.0029,1.00146,6.84308,7.2359,7.13485,7.04825,7.09547,6.97469,7.15937,7.03122,0.9439,1.00707,0.78306,5
2024-08-18,21.7696,-13.6054,6.1063,0.84848,1.0029,6.80874,7.21761,6.98909,6.91266,7.06297,7.00406,7.07613,7.01313,0.9439,1.00707,0.78306,5
2024-08-19,21.7696,-13.6054,6.7954,0.94485,0.84848,6.81783,6.10232,6.27933,6.33388,6.29563,6.36077,5.97053,6.19261,0.9439,1.00707,0.78306,5
2024-08-20,21.7696,-13.6054,7.3226,1.02103,0.94485,6.79046,6.77628,6.77484,6.73682,6.66154,6.5811,6.93989,6.64695,0.9439,1.00707,0.78306,5
2024-08-21,21.7696,-13.6054,7.0793,0.98781,1.02103,6.78269,7.31734,7.05793,6.97217,6.88699,6.9197,7.01275,6.89512,0.9439,1.00707,0.78306,5
2024-08-22,21.7696,-13.6054,7.0308,0.98371,0.98781,6.72417,7.06013,6.88685,6.85676,6.9424,6.84684,6.74397,6.77309,0.9439,1.00707,0.78306,5
2024-08-23,21.7696,-13.6054,6.4044,0.89598,0.98371,6.74414,7.03146,6.82433,6.88888,6.93642,6.86422,6.73823,6.7643,0.9439,1.00707,0.78306,5
2024-08-24,21.7696,-13.6054,7.1498,1.00129,0.89598,6.75342,6.39786,6.74658,6.74581,6.7183,6.70747,7.12927,6.94754,0.9439,1.00707,0.78306,5
2024-08-25,21.7696,-13.6054,6.8928,0.9669,1.00129,6.75377,7.13793,7.1927,7.06152,7.08973,7.06462,7.26149,7.18947,0.9439,1.00707,0.78306,5
2024-08-26,21.7696,-13.6054,7.0918,0.99642,0.9669,6.76375,6.88171,6.74431,6.64302,6.69939,6.64496,6.38105,6.61313,0.9439,1.00707,0.78306,5
2024-08-27,21.7696,-13.6054,6.9775,0.98387,0.99642,6.73586,7.06648,7.08268,7.04196,7.06979,6.993,7.04589,6.96993,0.9439,1.00707,0.78306,5
2024-08-28,21.7696,-13.6054,6.8266,0.96529,0.98387,6.70672,6.95797,6.76546,6.79577,6.84699,6.80465,6.64892,6.72881,0.9439,1.00707,0.78306,5
2024-08-29,21.7696,-13.6054,6.8887,0.97821,0.96529,6.67326,6.79777,6.67736,6.71002,6.77608,6.7287,6.79258,6.75889,0.9439,1.00707,0.78306,5
2024-08-30,21.7696,-13.6054,7.0306,1.00075,0.97821,6.61101,6.87219,6.98112,6.88317,6.98754,6.82717,6.95175,6.86014,0.9439,1.00707,0.78306,5
2024-08-31,21.7696,-13.6054,7.1926,1.02623,1.00075,6.62164,7.01403,7.05648,6.95039,6.93693,6.925,6.99602,6.93071,0.9439,1.00707,0.78306,5
2024-09-01,21.7696,-13.6054,7.2305,1.03339,1.02623,6.59266,7.18041,6.93982,6.88154,6.90132,6.83233,6.87439,6.90797,0.9439,1.00707,0.78306,5
2024-09-02,21.7696,-13.6054,6.8035,0.97319,1.03339,6.60382,7.22436,7.07848,7.01549,7.05571,6.97766,7.06322,7.08559,0.9439,1.00707,0.78306,5
2024-09-03,21.7696,-13.6054,6.5998,0.94658,0.97319,6.60849,6.78531,6.97396,6.79791,6.95133,6.80285,6.83845,6.89385,0.9439,1.00707,0.78306,5
2024-09-04,21.7696,-13.6054,6.3242,0.90747,0.94658,6.62223,6.59678,6.70164,6.61636,6.63513,6.54747,6.40763,6.46739,0.9439,1.00707,0.78306,5
2024-09-05,21.7696,-13.6054,4.7266,0.68014,0.90747,6.59084,6.30642,6.43878,6.40385,6.38268,6.3673,6.38619,6.34537,0.9439,1.00707,0.78306,5
2024-09-06,21.7696,-13.6054,4.6625,0.67275,0.68014,6.60707,4.71369,5.89606,6.19482,5.81833,6.19008,6.00678,6.01432,0.9439,1.00707,0.78306,5
2024-09-07,21.7696,-13.6054,6.0187,0.87181,0.67275,6.5668,4.64447,5.81205,6.02957,5.66247,6.0461,5.78426,6.03168,0.9439,1.00707,0.78306,5
2024-09-08,21.7696,-13.6054,6.7176,0.97532,0.87181,6.54662,6.00466,6.43592,6.33504,6.29566,6.36684,6.27154,6.37692,0.9439,1.00707,0.78306,5
2024-09-09,21.7696,-13.6054,6.3492,0.92466,0.97532,6.52504,6.69706,6.77048,6.66814,6.72047,6.62103,6.69565,6.63169,0.9439,1.00707,0.78306,5
2024-09-10,21.7696,-13.6054,6.4469,0.94195,0.92466,6.4683,6.32855,6.37984,6.39143,6.46407,6.40516,6.29192,6.43778,0.9439,1.00707,0.78306,5
2024-09-11,21.7696,-13.6054,6.4296,0.94205,0.94195,6.40011,6.42895,6.12833,6.29746,6.23911,6.256,6.22977,6.25195,0.9439,1.00707,0.78306,5
2024-09-12,21.7696,-13.6054,6.9766,1.02522,0.94205,6.37416,6.41061,6.30356,6.35219,6.38431,6.36001,6.72837,6.48888,0.9439,1.00707,0.78306,5
2024-09-13,21.7696,-13.6054,6.3842,0.93983,1.02522,6.36864,6.96427,6.8912,6.71667,6.84813,6.78923,7.37287,7.00556,0.9439,1.00707,0.78306,5
2024-09-14,21.7696,-13.6054,6.5066,0.96159,0.93983,6.35684,6.3594,6.76808,6.45479,6.70669,6.54086,6.619,6.58219,0.9439,1.00707,0.78306,5
2024-09-15,21.7696,-13.6054,6.4253,0.95112,0.96159,6.34301,6.49602,6.67483,6.58684,6.58837,6.50726,6.41311,6.37147,0.9439,1.00707,0.78306,5
2024-09-16,21.7696,-13.6054,6.2515,0.92858,0.95112,6.31357,6.40322,6.51865,6.52508,6.53631,6.42463,6.30391,6.24313,0.9439,1.00707,0.78306,5
2024-09-17,21.7696,-13.6054,6.1404,0.917,0.92858,6.17641,6.21792,6.17161,6.14837,6.20634,6.0336,6.15782,6.09,0.9439,1.00707,0.78306,5
2024-09-18,21.7696,-13.6054,6.5311,0.97866,0.917,6.11969,6.11964,5.35633,5.57958,5.44798,5.66608,5.45433,5.53078,0.9439,1.00707,0.78306,5
2024-09-19,21.7696,-13.6054,6.193,0.93257,0.97866,6.06785,6.49907,6.23194,6.13969,6.1543,6.08086,6.0849,6.01736,0.9439,1.00707,0.78306,5
2024-09-20,21.7696,-13.6054,5.635,0.85106,0.93257,6.06937,6.17473,6.19818,6.03578,6.07149,5.98393,5.99606,6.11566,0.9439,1.00707,0.78306,5
2024-09-21,21.7696,-13.6054,6.0067,0.90901,0.85106,6.07287,5.62372,5.73849,5.67449,5.62133,5.60392,5.75346,5.95624,0.9439,1.00707,0.78306,5
2024-09-22,21.7696,-13.6054,6.0818,0.92231,0.90901,6.04598,5.99414,5.9298,6.0263,5.79599,5.78235,5.75333,5.94753,0.9439,1.00707,0.78306,5
2024-09-23,21.7696,-13.6054,5.2231,0.79541,0.92231,6.0215,6.05635,5.92223,6.05411,5.81566,5.79161,5.78775,5.81311,0.9439,1.00707,0.78306,5
2024-09-24,21.7696,-13.6054,5.6501,0.86257,0.79541,6.02968,5.2102,5.74379,5.9416,5.69794,5.67078,5.51262,5.83127,0.9439,1.00707,0.78306,5
2024-09-25,21.7696,-13.6054,6.0235,0.92216,0.86257,6.05048,5.63428,5.96087,6.18928,5.88748,5.96635,5.96353,6.02653,0.9439,1.00707,0.78306,5
2024-09-26,21.7696,-13.6054,4.8734,0.74791,0.92216,6.09352,6.00879,5.93121,6.12727,5.88064,5.79958,5.74126,5.95398,0.9439,1.00707,0.78306,5
2024-09-27,21.7696,-13.6054,5.9158,0.90937,0.74791,6.10663,4.86545,5.39229,5.63823,5.29909,5.5727,5.4526,5.57431,0.9439,1.00707,0.78306,5
2024-09-28,21.7696,-13.6054,5.1756,0.79812,0.90937,6.08553,5.89701,5.79321,5.99546,5.88629,5.98642,5.94622,6.03222,0.9439,1.00707,0.78306,5
2024-09-29,21.7696,-13.6054,5.1893,0.80179,0.79812,6.08356,5.16555,5.42286,5.74239,5.41836,5.60374,5.19491,5.39216,0.9439,1.00707,0.78306,5
2024-09-30,21.7696,-13.6054,5.7583,0.89337,0.80179,6.05029,5.16803,5.53344,5.82139,5.52396,5.6194,5.59022,5.63182,0.9439,1.00707,0.78306,5
2024-10-01,21.7696,-13.6054,4.9802,0.77371,0.89337,6.03817,5.7504,5.63414,5.86256,5.52145,5.81004,5.58575,5.73887,0.9439,1.00707,0.78306,5
2024-10-02,21.7696,-13.6054,6.1915,0.96309,0.77371,6.09728,4.97406,5.48625,5.75904,5.47922,5.57706,5.41387,5.46108,0.9439,1.00707,0.78306,5
2024-10-03,21.7696,-13.6054,6.3583,0.9911,0.96309,6.1238,6.17858,5.85461,6.00684,5.77952,5.6346,5.72198,5.66199,0.9439,1.00707,0.78306,5
2024-10-04,21.7696,-13.6054,6.1162,0.95614,0.9911,6.12951,6.33984,6.13139,6.19323,6.05251,5.9558,5.9354,5.82355,0.9439,1.00707,0.78306,5
2024-10-05,21.7696,-13.6054,6.2496,0.98119,0.95614,6.08135,6.09004,6.15419,6.18237,6.14112,6.04049,6.05957,5.82867,0.9439,1.00707,0.78306,5
2024-10-06,21.7696,-13.6054,6.4685,1.02142,0.98119,5.99934,6.21372,6.11241,6.19749,6.10939,6.02435,6.21377,6.03421,0.9439,1.00707,0.78306,5
2024-10-07,21.7696,-13.6054,6.5318,1.0376,1.02142,5.93746,6.42993,6.20525,6.26351,6.18074,6.16508,6.27593,6.21603,0.9439,1.00707,0.78306,5
2024-10-08,21.7696,-13.6054,6.348,1.01379,1.0376,5.85594,6.49708,6.19921,6.22638,6.19508,6.18265,6.14599,6.14147,0.9439,1.00707,0.78306,5
2024-10-09,21.7696,-13.6054,6.1344,0.98571,1.01379,5.76877,6.30914,6.06195,6.05125,6.03057,6.02588,5.98061,5.98591,0.9439,1.00707,0.78306,5
2024-10-10,21.7696,-13.6054,6.1678,0.99544,0.98571,5.71735,6.10753,5.99046,6.02222,6.03954,6.01018,5.94934,5.94295,0.9439,1.00707,0.78306,5
2024-10-11,21.7696,-13.6054,5.4029,0.87645,0.99544,5.66321,6.13643,5.93591,6.02523,6.01423,6.01746,5.88198,5.87185,0.9439,1.00707,0.78306,5
2024-10-12,21.7696,-13.6054,5.5502,0.90395,0.87645,5.62304,5.38131,5.4712,5.5318,5.57346,5.55727,5.51584,5.55032,0.9439,1.00707,0.78306,5
2024-10-13,21.7696,-13.6054,4.524,0.73906,0.90395,5.59699,5.53338,5.51941,5.69642,5.6061,5.58383,5.64668,5.58433,0.9439,1.00707,0.78306,5
2024-10-14,21.7696,-13.6054,5.7835,0.9496,0.73906,5.55547,4.5012,5.01183,5.35991,5.08324,5.29575,5.06018,5.14305,0.9439,1.00707,0.78306,5
2024-10-15,21.7696,-13.6054,5.6021,0.92369,0.9496,5.50517,5.75922,5.72094,5.89232,5.70877,5.72374,5.81268,5.74624,0.9439,1.00707,0.78306,5
2024-10-16,21.7696,-13.6054,5.3035,0.88089,0.92369,5.46681,5.56119,5.54031,5.67639,5.54354,5.54234,5.31996,5.43669,0.9439,1.00707,0.78306,5
2024-10-17,21.7696,-13.6054,4.4662,0.74689,0.88089,5.39449,5.26753,5.24297,5.46255,5.2087,5.23162,5.14609,5.19925,0.9439,1.00707,0.78306,5
2024-10-18,21.7696,-13.6054,4.6512,0.78396,0.74689,5.28452,4.43126,4.79779,5.23441,4.81476,5.04768,4.72808,4.77677,0.9439,1.00707,0.78306,5
2024-10-19,21.7696,-13.6054,5.6465,0.95822,0.78396,5.16238,4.6196,4.81818,5.22921,4.87676,5.08082,4.90764,4.93497,0.9439,1.00707,0.78306,5
2024-10-20,21.7696,-13.6054,5.725,0.97587,0.95822,5.14075,5.62146,5.22839,5.51875,5.33154,5.44142,5.22739,5.32091,0.9439,1.00707,0.78306,5
2024-10-21,21.7696,-13.6054,5.8061,0.99254,0.97587,5.14822,5.7086,5.54907,5.68896,5.64087,5.66106,5.61084,5.60142,0.9439,1.00707,0.78306,5
2024-10-22,21.7696,-13.6054,5.9748,1.02269,0.99254,5.16924,5.79866,5.58098,5.71813,5.59077,5.72988,5.60793,5.68441,0.9439,1.00707,0.78306,5
2024-10-23,21.7696,-13.6054,6.1406,1.05308,1.02269,5.20924,5.96337,5.6707,5.81891,5.6803,5.82716,5.69648,5.72823,0.9439,1.00707,0.78306,5
2024-10-24,21.7696,-13.6054,6.1183,1.0508,1.05308,5.25631,6.1316,5.77333,5.91277,5.83142,5.85846,5.80246,5.7683,0.9439,1.00707,0.78306,5
2024-10-25,21.7696,-13.6054,5.9086,1.01803,1.0508,5.28575,6.09879,5.75981,5.87211,5.7963,5.82638,5.7411,5.74384,0.9439,1.00707,0.78306,5
2024-10-26,21.7696,-13.6054,5.7986,1.00089,1.01803,5.30597,5.89791,5.62437,5.6976,5.69722,5.73463,5.64146,5.71991,0.9439,1.00707,0.78306,5
2024-10-27,21.7696,-13.6054,5.994,1.03875,1.00089,5.30804,5.77553,5.46447,5.50511,5.53333,5.60876,5.561,5.56249,0.9439,1.00707,0.78306,5
2024-10-28,21.7696,-13.6054,5.5562,0.96642,1.03875,5.30629,5.97201,5.7309,5.69345,5.74058,5.79278,6.03546,5.73732,0.9439,1.00707,0.78306,5
2024-10-29,21.7696,-13.6054,5.837,1.0187,0.96642,5.30107,5.53748,5.27173,5.10591,5.27825,5.3717,5.14118,5.14694,0.9439,1.00707,0.78306,5
2024-10-30,21.7696,-13.6054,5.4874,0.96166,1.0187,5.31432,5.81286,5.53682,5.49485,5.4919,5.4916,5.5645,5.399,0.9439,1.00707,0.78306,5
2024-10-31,21.7696,-13.6054,5.016,0.88105,0.96166,5.31424,5.4749,5.14007,5.08526,5.11785,5.04208,4.97554,4.98561,0.9439,1.00707,0.78306,5
2024-11-01,21.7696,-13.6054,5.5147,0.97193,0.88105,5.31617,4.99908,4.97177,5.02554,4.98229,4.88299,4.91653,4.85854,0.9439,1.00707,0.78306,5
2024-11-02,21.7696,-13.6054,5.5318,0.9774,0.97193,5.32373,5.50085,5.50025,5.58594,5.52528,5.47229,5.59583,5.47889,0.9439,1.00707,0.78306,5
2024-11-03,21.7696,-13.6054,5.7307,1.01566,0.9774,5.34987,5.51482,5.59497,5.62791,5.59696,5.55479,5.7255,5.67566,0.9439,1.00707,0.78306,5
2024-11-04,21.7696,-13.6054,5.6755,1.00881,1.01566,5.34463,5.71401,5.5814,5.64358,5.57446,5.59912,5.52154,5.63185,0.9439,1.00707,0.78306,5
2024-11-05,21.7696,-13.6054,5.5121,0.98172,1.00881,5.35862,5.66419,5.54861,5.56405,5.49211,5.48461,5.51156,5.61167,0.9439,1.00707,0.78306,5
2024-11-06,21.7696,-13.6054,5.4089,0.96841,0.98172,5.31276,5.48328,5.33497,5.31843,5.41227,5.34405,5.2919,5.35323,0.9439,1.00707,0.78306,5
2024-11-07,21.7696,-13.6054,5.514,0.99288,0.96841,5.23962,5.37806,5.39903,5.41699,5.49568,5.44729,5.46188,5.43386,0.9439,1.00707,0.78306,5
2024-11-08,21.7696,-13.6054,5.3359,0.9672,0.99288,5.13628,5.47757,5.30941,5.35346,5.3527,5.3172,5.19402,5.33073,0.9439,1.00707,0.78306,5
2024-11-09,21.7696,-13.6054,5.4778,0.99799,0.9672,5.06885,5.30882,5.0109,4.9855,5.13043,5.17996,5.13484,5.17017,0.9439,1.00707,0.78306,5
2024-11-10,21.7696,-13.6054,5.5649,1.02128,0.99799,4.96418,5.438,5.06887,5.1007,5.16314,5.13719,5.26281,5.3118,0.9439,1.00707,0.78306,5
2024-11-11,21.7696,-13.6054,5.6206,1.0372,1.02128,4.90103,5.53432,5.26948,5.37266,5.38482,5.37364,5.46252,5.4817,0.9439,1.00707,0.78306,5
2024-11-12,21.7696,-13.6054,5.1799,0.96129,1.0372,4.86767,5.58896,5.27156,5.38285,5.34954,5.38198,5.26411,5.35315,0.9439,1.00707,0.78306,5
2024-11-13,21.7696,-13.6054,5.3098,0.9911,0.96129,4.83292,5.15008,5.16842,5.17242,5.17753,5.16134,5.21483,5.20798,0.9439,1.00707,0.78306,5
2024-11-14,21.7696,-13.6054,5.399,1.01243,0.9911,4.77533,5.28524,5.1502,5.21771,5.12671,5.17671,5.10457,5.1228,0.9439,1.00707,0.78306,5
2024-11-15,21.7696,-13.6054,4.7042,0.88595,1.01243,4.76099,5.37577,5.06096,5.14865,5.02576,5.11496,4.89746,4.95764,0.9439,1.00707,0.78306,5
2024-11-16,21.7696,-13.6054,4.6562,0.87972,0.88595,4.75946,4.68917,4.68249,4.59288,4.64191,4.64015,4.39679,4.55803,0.9439,1.00707,0.78306,5
2024-11-17,21.7696,-13.6054,4.3764,0.83019,0.87972,4.71686,4.63752,4.61061,4.45976,4.54081,4.56364,4.4603,4.41262,0.9439,1.00707,0.78306,5
2024-11-18,21.7696,-13.6054,4.7683,0.90667,0.83019,4.73277,4.36605,4.52699,4.47427,4.49593,4.47503,4.47113,4.40264,0.9439,1.00707,0.78306,5
2024-11-19,21.7696,-13.6054,3.1776,0.60644,0.90667,4.70293,4.75077,4.52124,4.51405,4.60142,4.62809,4.46741,4.67224,0.9439,1.00707,0.78306,5
2024-11-20,21.7696,-13.6054,4.4453,0.85372,0.60644,4.64881,3.15771,3.90944,3.99434,3.91864,3.91218,4.01387,4.09295,0.9439,1.00707,0.78306,5
2024-11-21,21.7696,-13.6054,5.3974,1.04346,0.85372,4.59579,4.41597,4.39535,4.34102,4.47348,4.33804,4.47148,4.49196,0.9439,1.00707,0.78306,5
2024-11-22,21.7696,-13.6054,5.0611,0.98198,1.04346,4.57275,5.37793,4.95505,5.09831,4.92057,4.97527,5.04415,4.96113,0.9439,1.00707,0.78306,5
2024-11-23,21.7696,-13.6054,5.1444,1.00048,0.98198,4.60612,5.04929,4.78191,4.77942,4.86826,4.86797,4.78997,4.89938,0.9439,1.00707,0.78306,5
2024-11-24,21.7696,-13.6054,5.1146,0.99833,1.00048,4.60255,5.12563,4.89364,4.94798,4.91421,4.98856,5.02088,5.01817,0.9439,1.00707,0.78306,5
2024-11-25,21.7696,-13.6054,5.1506,1.00692,0.99833,4.64487,5.10665,4.93429,4.98503,4.99294,5.04169,4.94809,4.96864,0.9439,1.00707,0.78306,5
2024-11-26,21.7696,-13.6054,4.7875,0.93868,1.00692,4.65998,5.13553,4.92661,4.96905,5.03501,5.0486,5.04076,4.95309,0.9439,1.00707,0.78306,5
2024-11-27,21.7696,-13.6054,3.1778,0.62611,0.93868,4.61581,4.76422,4.67955,4.64159,4.80888,4.77766,4.75362,4.82539,0.9439,1.00707,0.78306,5
2024-11-28,21.7696,-13.6054,4.679,0.92392,0.62611,4.60927,3.17083,4.20597,4.28637,4.29934,4.3971,4.30326,4.37997,0.9439,1.00707,0.78306,5
2024-11-29,21.7696,-13.6054,4.9462,0.98,0.92392,4.61498,4.66313,4.52453,4.4628,4.67382,4.70518,4.51265,4.63806,0.9439,1.00707,0.78306,5
2024-11-30,21.7696,-13.6054,4.9106,0.97563,0.98,4.60762,4.93259,4.6185,4.61467,4.77612,4.8,4.69518,4.84252,0.9439,1.00707,0.78306,5
2024-12-01,21.7696,-13.6054,4.7722,0.94976,0.97563,4.61539,4.9022,4.77178,4.78953,4.88582,4.84304,4.8908,4.95116,0.9439,1.00707,0.78306,5
2024-12-02,21.7696,-13.6054,4.9034,0.97625,0.94976,4.66306,4.77035,4.71975,4.69615,4.80477,4.74335,4.77864,4.95796,0.9439,1.00707,0.78306,5
2024-12-03,21.7696,-13.6054,4.2413,0.84682,0.97625,4.64964,4.88957,4.72158,4.72056,4.80889,4.76385,4.77067,4.84003,0.9439,1.00707,0.78306,5
2024-12-04,21.7696,-13.6054,2.4782,0.4956,0.84682,4.65983,4.23441,4.40762,4.32866,4.43871,4.36163,4.45606,4.53638,0.9439,1.00707,0.78306,5
2024-12-05,21.7696,-13.6054,3.6641,0.73418,0.4956,4.66489,2.47342,3.75097,3.8186,3.76129,3.83613,3.70962,3.96759,0.9439,1.00707,0.78306,5
2024-12-06,21.7696,-13.6054,2.9066,0.58205,0.73418,4.71772,3.66631,4.00897,3.94446,4.07424,4.16363,3.92845,4.22797,0.9439,1.00707,0.78306,5
2024-12-07,21.7696,-13.6054,4.7515,0.95239,0.58205,4.75009,2.90385,3.87096,3.8263,3.94511,4.14955,3.90068,4.31395,0.9439,1.00707,0.78306,5
2024-12-08,21.7696,-13.6054,4.9812,0.99911,0.95239,4.75259,4.74827,4.67704,4.58761,4.78729,4.73505,4.74846,4.82691,0.9439,1.00707,0.78306,5
2024-12-09,21.7696,-13.6054,2.8793,0.5783,0.99911,4.74485,4.97449,4.82094,4.81131,4.83045,4.79462,4.75286,4.84341,0.9439,1.00707,0.78306,5
2024-12-10,21.7696,-13.6054,4.878,0.98276,0.5783,4.70839,2.87042,3.87633,3.99677,3.84034,4.01475,3.7781,4.21919,0.9439,1.00707,0.78306,5
2024-12-11,21.7696,-13.6054,5.0587,1.02254,0.98276,4.66641,4.86193,4.58,4.50298,4.50532,4.36212,4.42578,4.50353,0.9439,1.00707,0.78306,5
2024-12-12,21.7696,-13.6054,4.9378,0.99724,1.02254,4.68588,5.06304,4.91784,4.95218,4.81781,4.86857,4.80618,4.64019,0.9439,1.00707,0.78306,5
2024-12-13,21.7696,-13.6054,4.8766,0.98586,0.99724,4.68801,4.9329,4.72089,4.66483,4.67398,4.60311,4.50919,4.47749,0.9439,1.00707,0.78306,5
2024-12-14,21.7696,-13.6054,4.7196,0.95598,0.98586,4.64945,4.8671,4.60271,4.56021,4.56266,4.42005,4.35618,4.35153,0.9439,1.00707,0.78306,5
2024-12-15,21.7696,-13.6054,3.5827,0.72838,0.95598,4.58897,4.70226,4.4201,4.34399,4.42904,4.25556,4.22845,4.25479,0.9439,1.00707,0.78306,5
2024-12-16,21.7696,-13.6054,3.7786,0.77148,0.72838,4.55033,3.56747,3.81163,3.75099,3.82556,3.65297,3.72649,3.78469,0.9439,1.00707,0.78306,5
2024-12-17,21.7696,-13.6054,3.1858,0.65334,0.77148,4.51619,3.76191,3.94062,3.84417,3.98034,3.96317,4.2505,4.16832,0.9439,1.00707,0.78306,5
2024-12-18,21.7696,-13.6054,3.7541,0.77204,0.65334,4.48865,3.1769,3.98114,3.94616,4.04307,4.11297,4.31668,4.33694,0.9439,1.00707,0.78306,5
2024-12-19,21.7696,-13.6054,4.3634,0.90077,0.77204,4.42718,3.73981,4.24573,4.15528,4.36566,4.28879,4.36842,4.49269,0.9439,1.00707,0.78306,5
2024-12-20,21.7696,-13.6054,5.0258,1.03931,0.90077,4.40353,4.35585,4.41553,4.38511,4.48027,4.40389,4.41946,4.53234,0.9439,1.00707,0.78306,5
2024-12-21,21.7696,-13.6054,4.8857,1.01221,1.03931,4.37046,5.01653,4.67296,4.78501,4.67241,4.66778,4.68418,4.59988,0.9439,1.00707,0.78306,5
2024-12-22,21.7696,-13.6054,4.9507,1.02746,1.01221,4.35177,4.8772,4.61048,4.63626,4.54957,4.53363,4.48718,4.44878,0.9439,1.00707,0.78306,5
2024-12-23,21.7696,-13.6054,4.8142,1.0009,1.02746,4.33539,4.94195,4.66555,4.74577,4.65699,4.71384,4.42406,4.46025,0.9439,1.00707,0.78306,5
2024-12-24,21.7696,-13.6054,3.7303,0.77795,1.0009,4.3193,4.79936,4.34253,4.31917,4.27452,4.218,4.1692,4.26313,0.9439,1.00707,0.78306,5
2024-12-25,21.7696,-13.6054,4.6735,0.97511,0.77795,4.33382,3.72855,3.99841,3.94747,3.95609,3.84851,3.91193,3.97106,0.9439,1.00707,0.78306,5
2024-12-26,21.7696,-13.6054,4.4074,0.91871,0.97511,4.36318,4.67796,4.51358,4.57869,4.41631,4.56401,4.30865,4.24847,0.9439,1.00707,0.78306,5
2024-12-27,21.7696,-13.6054,4.697,0.98022,0.91871,4.35956,4.40226,4.23251,4.1793,4.14762,4.01323,4.03917,4.10244,0.9439,1.00707,0.78306,5
2024-12-28,21.7696,-13.6054,4.6044,0.95961,0.98022,4.30535,4.70328,4.33007,4.34372,4.35247,4.35845,4.43453,4.39748,0.9439,1.00707,0.78306,5
2024-12-29,21.7696,-13.6054,4.5612,0.94709,0.95961,4.34239,4.62149,4.33606,4.32037,4.33249,4.28211,4.31115,4.39947,0.9439,1.00707,0.78306,5
2024-12-30,21.7696,-13.6054,4.9872,1.03167,0.94709,4.36214,4.57836,4.56136,4.59684,4.55158,4.59123,4.68218,4.59179,0.9439,1.00707,0.78306,5
2024-12-31,21.7696,-13.6054,4.9555,1.02511,1.03167,4.36214,4.9872,4.7362,4.86616,4.73159,4.83427,4.78224,4.67986,0.9439,1.00707,0.78306,5
2025-01-01,21.7696,-13.6054,5.0978,1.05052,1.02511,4.39771,4.97451,4.80449,4.86264,4.79415,4.84595,4.92592,4.83188,0.9439,1.00707,0.78306,5
2025-01-02,21.7696,-13.6054,5.0928,1.04614,1.05052,4.42232,5.11412,4.75344,4.8089,4.76261,4.80666,4.85106,4.76332,0.9439,1.00707,0.78306,5
2025-01-03,21.7696,-13.6054,4.9217,1.00705,1.04614,4.44616,5.11274,4.84401,4.91218,4.83598,4.90335,4.8305,4.76237,0.9439,1.00707,0.78306,5
2025-01-04,21.7696,-13.6054,4.8598,0.98839,1.00705,4.50248,4.95155,4.89021,4.91805,4.84701,4.8998,4.83923,4.79585,0.9439,1.00707,0.78306,5
2025-01-05,21.7696,-13.6054,5.0798,1.02818,0.98839,4.5116,4.88323,4.86812,4.89166,4.84873,4.85883,4.84116,4.76495,0.9439,1.00707,0.78306,5
2025-01-06,21.7696,-13.6054,5.2891,1.06732,1.02818,4.52402,5.09511,4.90484,4.99127,4.8665,4.95321,4.83412,4.79719,0.9439,1.00707,0.78306,5
2025-01-07,21.7696,-13.6054,5.2212,1.05231,1.06732,4.50425,5.29566,4.88638,4.98929,4.81333,4.98323,4.8041,4.84165,0.9439,1.00707,0.78306,5
2025-01-08,21.7696,-13.6054,4.793,0.96311,1.05231,4.49797,5.23692,4.75368,4.79792,4.73976,4.81929,4.60965,4.69415,0.9439,1.00707,0.78306,5
2025-01-09,21.7696,-13.6054,5.1571,1.02849,0.96311,4.52624,4.82928,4.68647,4.65902,4.66581,4.66051,4.65139,4.65892,0.9439,1.00707,0.78306,5
2025-01-10,21.7696,-13.6054,5.2066,1.03287,1.02849,4.54534,5.18452,4.91384,5.03393,4.92995,5.00237,4.98151,4.89802,0.9439,1.00707,0.78306,5
2025-01-11,21.7696,-13.6054,5.1662,1.01965,1.03287,4.56096,5.23319,4.93797,5.03473,4.94739,5.02969,4.947,4.89875,0.9439,1.00707,0.78306,5
2025-01-12,21.7696,-13.6054,5.3194,1.04145,1.01965,4.62682,5.20804,4.97442,5.05449,4.99666,5.05853,5.02203,4.96695,0.9439,1.00707,0.78306,5
2025-01-13,21.7696,-13.6054,5.3054,1.03283,1.04145,4.71205,5.34967,5.05079,5.14747,5.12443,5.1488,5.14498,5.0828,0.9439,1.00707,0.78306,5
2025-01-14,21.7696,-13.6054,5.4067,1.04745,1.03283,4.75321,5.33127,5.0679,5.13624,5.11483,5.15059,5.16731,5.12986,0.9439,1.00707,0.78306,5
2025-01-15,21.7696,-13.6054,5.2222,1.0057,1.04745,4.81847,5.43896,5.14268,5.22981,5.16949,5.23818,5.23659,5.1935,0.9439,1.00707,0.78306,5
2025-01-16,21.7696,-13.6054,5.147,0.98418,1.0057,4.85932,5.25953,5.13923,5.17322,5.10904,5.21304,5.14988,5.15106,0.9439,1.00707,0.78306,5
2025-01-17,21.7696,-13.6054,5.7053,1.08399,0.98418,4.87419,5.17998,5.14704,5.15299,5.09204,5.17262,5.20426,5.09981,0.9439,1.00707,0.78306,5
2025-01-18,21.7696,-13.6054,5.533,1.04562,1.08399,4.89468,5.73604,5.30071,5.39684,5.29747,5.35101,5.38841,5.25527,0.9439,1.00707,0.78306,5
2025-01-19,21.7696,-13.6054,5.4223,1.0204,1.04562,4.90451,5.55632,5.25392,5.27841,5.31179,5.29352,5.27827,5.24275,0.9439,1.00707,0.78306,5
2025-01-20,21.7696,-13.6054,5.4828,1.02579,1.0204,4.94633,5.45398,5.27904,5.32674,5.3548,5.32319,5.29366,5.21885,0.9439,1.00707,0.78306,5
2025-01-21,21.7696,-13.6054,5.5399,1.02835,1.02579,5.01035,5.52615,5.31597,5.38867,5.32113,5.37046,5.35164,5.17571,0.9439,1.00707,0.78306,5
2025-01-22,21.7696,-13.6054,3.9713,0.73033,1.02835,5.08097,5.59183,5.36941,5.43767,5.37067,5.45283,5.46368,5.31846,0.9439,1.00707,0.78306,5
2025-01-23,21.7696,-13.6054,5.4034,0.98678,0.73033,5.12574,3.99911,4.54056,4.46873,4.5299,4.49801,4.45315,4.60587,0.9439,1.00707,0.78306,5
2025-01-24,21.7696,-13.6054,5.0892,0.92388,0.98678,5.16293,5.43568,5.16825,5.11158,5.10606,5.1409,5.15849,5.13925,0.9439,1.00707,0.78306,5
2025-01-25,21.7696,-13.6054,5.6568,1.02049,0.92388,5.19203,5.12129,5.09838,5.02023,5.05404,5.07304,5.04583,5.2174,0.9439,1.00707,0.78306,5
2025-01-26,21.7696,-13.6054,5.7202,1.02523,1.02049,5.22855,5.69374,5.51599,5.60357,5.53485,5.59513,5.53672,5.65115,0.9439,1.00707,0.78306,5
2025-01-27,21.7696,-13.6054,5.6114,1.00176,1.02523,5.23214,5.74286,5.52212,5.58879,5.53372,5.58905,5.46205,5.59968,0.9439,1.00707,0.78306,5
2025-01-28,21.7696,-13.6054,5.6894,1.01153,1.00176,5.25426,5.63446,5.50621,5.54681,5.52745,5.5528,5.59496,5.61265,0.9439,1.00707,0.78306,5
2025-01-29,21.7696,-13.6054,5.8495,1.0347,1.01153,5.28565,5.71848,5.52673,5.57462,5.59517,5.61192,5.50144,5.53977,0.9439,1.00707,0.78306,5
2025-01-30,21.7696,-13.6054,5.7185,1.00529,1.0347,5.31667,5.88582,5.59699,5.67205,5.71769,5.69872,5.86971,5.70059,0.9439,1.00707,0.78306,5
2025-01-31,21.7696,-13.6054,5.7773,1.01072,1.00529,5.30456,5.74624,5.57262,5.61164,5.69978,5.63794,5.84052,5.71817,0.9439,1.00707,0.78306,5
2025-02-01,21.7696,-13.6054,5.8548,1.0179,1.01072,5.34625,5.81354,5.67861,5.73686,5.79724,5.70709,5.83568,5.69422,0.9439,1.00707,0.78306,5
2025-02-02,21.7696,-13.6054,6.1022,1.05419,1.0179,5.3909,5.8921,5.71757,5.76966,5.80148,5.7575,5.8002,5.70388,0.9439,1.00707,0.78306,5
2025-02-03,21.7696,-13.6054,6.0228,1.03458,1.05419,5.44984,6.13695,5.80313,5.87876,5.8642,5.86038,6.01261,5.80438,0.9439,1.00707,0.78306,5
2025-02-04,21.7696,-13.6054,5.8656,1.00265,1.03458,5.50055,6.05243,5.85122,5.89118,5.87902,5.88688,5.7217,5.75956,0.9439,1.00707,0.78306,5
2025-02-05,21.7696,-13.6054,5.9954,1.02004,1.00265,5.52892,5.89317,5.80721,5.81979,5.78305,5.79471,5.88433,5.79111,0.9439,1.00707,0.78306,5
2025-02-06,21.7696,-13.6054,5.8337,0.98765,1.02004,5.55948,6.02501,5.88838,5.94883,5.87506,5.91556,5.77016,5.85371,0.9439,1.00707,0.78306,5
2025-02-07,21.7696,-13.6054,5.9417,1.00215,0.98765,5.56692,5.85573,5.86907,5.88149,5.89557,5.86154,5.88429,5.92395,0.9439,1.00707,0.78306,5
2025-02-08,21.7696,-13.6054,5.9628,1.00688,1.00215,5.48097,5.93481,5.82648,5.86635,5.81349,5.8138,5.87188,5.78963,0.9439,1.00707,0.78306,5
2025-02-09,21.7696,-13.6054,5.9472,1.00575,1.00688,5.43282,5.95387,5.82039,5.87623,5.82251,5.8271,5.70068,5.7456,0.9439,1.00707,0.78306,5
2025-02-10,21.7696,-13.6054,5.7569,0.97273,1.00575,5.41807,5.95234,5.80477,5.86841,5.82502,5.83602,5.77833,5.73064,0.9439,1.00707,0.78306,5
2025-02-11,21.7696,-13.6054,4.4071,0.74428,0.97273,5.38931,5.75983,5.61951,5.62923,5.57339,5.60038,5.4162,5.45958,0.9439,1.00707,0.78306,5
2025-02-12,21.7696,-13.6054,4.7321,0.79656,0.74428,5.39586,4.42149,4.74861,4.65304,4.63329,4.28645,4.55377,4.72595,0.9439,1.00707,0.78306,5
2025-02-13,21.7696,-13.6054,5.8099,0.97335,0.79656,5.40352,4.75467,5.051,4.87048,4.96343,4.85164,4.95086,4.90824,0.9439,1.00707,0.78306,5
2025-02-14,21.7696,-13.6054,5.8795,0.97942,0.97335,5.45819,5.84305,5.67065,5.69862,5.66243,5.77953,5.44153,5.43545,0.9439,1.00707,0.78306,5
2025-02-15,21.7696,-13.6054,5.8637,0.97119,0.97942,5.52212,5.91338,5.79414,5.81956,5.81354,5.91342,5.6303,5.57434,0.9439,1.00707,0.78306,5
2025-02-16,21.7696,-13.6054,6.3216,1.04388,0.97119,5.50179,5.8814,5.60858,5.58177,5.60168,5.72706,5.56627,5.54972,0.9439,1.00707,0.78306,5
2025-02-17,21.7696,-13.6054,6.4094,1.05946,1.04388,5.45113,6.31516,5.82032,5.94932,5.6862,5.93852,6.012,5.67663,0.9439,1.00707,0.78306,5
2025-02-18,21.7696,-13.6054,6.6722,1.09874,1.05946,5.4591,6.43367,5.88421,6.00268,5.82884,6.01569,5.89944,5.61351,0.9439,1.00707,0.78306,5
2025-02-19,21.7696,-13.6054,6.473,1.06172,1.09874,5.45087,6.69871,5.93392,6.06134,5.8595,6.05157,5.88899,5.77837,0.9439,1.00707,0.78306,5
2025-02-20,21.7696,-13.6054,6.419,1.04542,1.06172,5.50373,6.51903,5.95594,6.03757,5.90555,6.12051,5.93397,5.81813,0.9439,1.00707,0.78306,5
2025-02-21,21.7696,-13.6054,6.1402,0.99361,1.04542,5.57476,6.46042,6.0066,6.09777,6.02264,6.15508,6.18433,5.84765,0.9439,1.00707,0.78306,5
2025-02-22,21.7696,-13.6054,6.4027,1.02845,0.99361,5.67177,6.18579,6.00221,6.04789,6.06706,6.10583,6.11363,5.89076,0.9439,1.00707,0.78306,5
2025-02-23,21.7696,-13.6054,6.2057,0.98723,1.02845,5.81952,6.46484,6.17475,6.27096,6.25939,6.28766,6.43319,6.16217,0.9439,1.00707,0.78306,5
2025-02-24,21.7696,-13.6054,6.4934,1.02214,0.98723,5.93176,6.27158,6.18438,6.19527,6.25305,6.24751,6.32533,6.18192,0.9439,1.00707,0.78306,5
2025-02-25,21.7696,-13.6054,6.2011,0.96593,1.02214,6.03532,6.56199,6.29222,6.34959,6.43383,6.41402,6.5455,6.39702,0.9439,1.00707,0.78306,5
2025-02-26,21.7696,-13.6054,6.5482,1.0104,0.96593,6.14286,6.25999,6.36715,6.34846,6.48869,6.40976,6.62973,6.46158,0.9439,1.00707,0.78306,5
2025-02-27,21.7696,-13.6054,6.8952,1.05604,1.0104,6.22318,6.59717,6.48129,6.52136,6.65112,6.58006,6.63737,6.56675,0.9439,1.00707,0.78306,5
2025-02-28,21.7696,-13.6054,6.4318,0.981,1.05604,6.25185,6.92381,6.50273,6.5612,6.62204,6.62075,6.6366,6.62453,0.9439,1.00707,0.78306,5
2025-03-01,21.7696,-13.6054,6.3614,0.96851,0.981,6.22978,6.44344,6.09408,6.01624,6.13856,6.08912,6.08075,6.2039,0.9439,1.00707,0.78306,5
2025-03-02,21.7696,-13.6054,6.2611,0.9509,0.96851,6.21529,6.37707,6.00854,5.97919,5.88246,5.6975,5.85682,6.08732,0.9439,1.00707,0.78306,5
2025-03-03,21.7696,-13.6054,6.7042,1.01496,0.9509,6.2863,6.28103,6.41312,6.37891,6.32862,6.38349,6.32192,6.32449,0.9439,1.00707,0.78306,5
2025-03-04,21.7696,-13.6054,6.0,0.90157,1.01496,6.39098,6.75466,6.56443,6.60233,6.35416,6.54314,6.18336,6.41597,0.9439,1.00707,0.78306,5
2025-03-05,21.7696,-13.6054,3.6398,0.54351,0.90157,6.45724,6.03767,5.85889,6.02377,5.69445,5.7937,5.61345,5.94181,0.9439,1.00707,0.78306,5
2025-03-06,21.7696,-13.6054,7.0469,1.04458,0.54351,6.55066,3.66658,5.34291,5.71339,5.09974,4.90669,5.42696,5.7131,0.9439,1.00707,0.78306,5
2025-03-07,21.7696,-13.6054,6.9619,1.02899,1.04458,6.55372,7.06741,6.60426,6.5757,6.49235,6.55742,6.2968,6.46042,0.9439,1.00707,0.78306,5
2025-03-08,21.7696,-13.6054,6.4534,0.95035,1.02899,6.55788,6.98741,6.79536,6.80719,6.65805,6.76407,6.72223,6.52867,0.9439,1.00707,0.78306,5
2025-03-09,21.7696,-13.6054,6.7942,0.99693,0.95035,6.56681,6.47673,6.73308,6.67219,6.5455,6.58351,6.71741,6.82414,0.9439,1.00707,0.78306,5
2025-03-10,21.7696,-13.6054,6.5952,0.96177,0.99693,6.62929,6.83632,6.84392,6.85547,6.60294,6.68582,6.7825,6.81272,0.9439,1.00707,0.78306,5
2025-03-11,21.7696,-13.6054,6.8618,0.9948,0.96177,6.67797,6.63393,6.85906,6.81545,6.71609,6.76415,6.718,6.88378,0.9439,1.00707,0.78306,5
2025-03-12,21.7696,-13.6054,7.1155,1.02819,0.9948,6.68805,6.88448,6.91214,6.91262,6.82245,6.85493,6.89899,6.87159,0.9439,1.00707,0.78306,5
2025-03-13,21.7696,-13.6054,6.5563,0.94292,1.02819,6.68933,7.14919,6.94941,6.98233,6.93323,6.95461,6.87834,7.02465,0.9439,1.00707,0.78306,5
2025-03-14,21.7696,-13.6054,6.5628,0.94071,0.94292,6.68421,6.57816,6.84068,6.77337,6.80634,6.74727,6.79493,7.01316,0.9439,1.00707,0.78306,5
2025-03-15,21.7696,-13.6054,6.6859,0.95361,0.94071,6.70317,6.59551,6.8847,6.8367,6.7778,6.7876,6.93893,6.98415,0.9439,1.00707,0.78306,5
2025-03-16,21.7696,-13.6054,6.9715,0.98736,0.95361,6.777,6.73318,6.9586,6.9209,6.91579,6.89423,6.89997,6.95581,0.9439,1.00707,0.78306,5
2025-03-17,21.7696,-13.6054,7.1698,1.00872,0.98736,6.8691,7.01796,7.0436,7.02864,7.16234,7.0932,7.09726,7.13971,0.9439,1.00707,0.78306,5
2025-03-18,21.7696,-13.6054,6.7123,0.93753,1.00872,6.90663,7.22202,7.06256,7.0512,7.21989,7.17357,7.18162,7.20319,0.9439,1.00707,0.78306,5
2025-03-19,21.7696,-13.6054,6.8018,0.94524,0.93753,6.9215,6.74633,7.03358,6.96594,7.08947,7.00666,7.16486,7.16751,0.9439,1.00707,0.78306,5
2025-03-20,21.7696,-13.6054,6.9118,0.9577,0.94524,6.87785,6.82185,6.98258,6.91728,7.04375,6.96415,6.96826,6.98958,0.9439,1.00707,0.78306,5
2025-03-21,21.7696,-13.6054,7.0214,0.97199,0.9577,6.84422,6.91818,7.05149,7.01965,7.06867,7.02082,7.11375,7.08377,0.9439,1.00707,0.78306,5
2025-03-22,21.7696,-13.6054,7.0152,0.9677,0.97199,6.86467,7.04627,7.09203,7.0805,7.1891,7.12291,7.13451,7.05571,0.9439,1.00707,0.78306,5
2025-03-23,21.7696,-13.6054,6.8616,0.94471,0.9677,6.84481,7.0286,7.07934,7.06479,7.12807,7.09996,7.10732,7.0489,0.9439,1.00707,0.78306,5
2025-03-24,21.7696,-13.6054,6.99,0.96018,0.94471,6.84662,6.87736,7.11476,7.08183,7.16508,7.06767,7.00183,7.07868,0.9439,1.00707,0.78306,5
2025-03-25,21.7696,-13.6054,7.1659,0.98264,0.96018,6.8364,7.00209,7.15618,7.14894,7.21813,7.12711,7.14144,7.03153,0.9439,1.00707,0.78306,5
2025-03-26,21.7696,-13.6054,7.2852,0.99561,0.98264,6.88431,7.19036,7.22555,7.24796,7.33808,7.26661,7.23714,7.0621,0.9439,1.00707,0.78306,5
2025-03-27,21.7696,-13.6054,7.7513,1.05599,0.99561,6.90041,7.30805,7.06617,7.07043,7.12331,7.09882,7.12635,6.98974,0.9439,1.00707,0.78306,5
2025-03-28,21.7696,-13.6054,4.2943,0.58292,1.05599,6.93543,7.7794,7.26303,7.35048,7.24554,7.35104,7.26981,7.18647,0.9439,1.00707,0.78306,5
2025-03-29,21.7696,-13.6054,3.8302,0.51712,0.58292,7.01099,4.31755,5.90054,6.11798,5.78694,5.53942,5.74553,6.0585,0.9439,1.00707,0.78306,5
2025-03-30,21.7696,-13.6054,6.2546,0.84154,0.51712,7.06918,3.84339,5.82278,5.90515,5.77748,5.60792,5.73217,5.9723,0.9439,1.00707,0.78306,5
2025-03-31,21.7696,-13.6054,7.117,0.95523,0.84154,7.0787,6.26995,6.76219,6.58313,6.74521,6.58755,6.63547,6.57553,0.9439,1.00707,0.78306,5
2025-04-01,21.7696,-13.6054,6.6689,0.89353,0.95523,7.08314,7.12937,7.10981,7.01138,7.18509,7.10187,7.20526,6.98465,0.9439,1.00707,0.78306,5
2025-04-02,21.7696,-13.6054,6.4279,0.85946,0.89353,7.10902,6.68272,6.54224,6.46677,6.55344,6.49035,6.44295,6.64649,0.9439,1.00707,0.78306,5
2025-04-03,21.7696,-13.6054,6.9821,0.93133,0.85946,7.14961,6.44331,6.35725,6.36835,6.26638,6.17271,6.20841,6.37234,0.9439,1.00707,0.78306,5
2025-04-04,21.7696,-13.6054,7.0507,0.93835,0.93133,7.18879,6.99798,6.91324,6.8504,6.77658,6.70772,7.04273,6.86775,0.9439,1.00707,0.78306,5
2025-04-05,21.7696,-13.6054,4.6394,0.61562,0.93835,7.20711,7.07151,6.90732,6.80614,6.85994,6.72766,6.78506,6.68312,0.9439,1.00707,0.78306,5
2025-04-06,21.7696,-13.6054,7.6884,1.01776,0.61562,7.218,4.65054,6.15395,6.35992,6.1264,6.26995,6.36632,6.28107,0.9439,1.00707,0.78306,5
2025-04-07,21.7696,-13.6054,6.9862,0.92145,1.01776,7.27735,7.7164,7.17497,6.98121,7.24344,7.23888,7.2499,7.191,0.9439,1.00707,0.78306,5
2025-04-08,21.7696,-13.6054,6.8501,0.90191,0.92145,7.28012,6.99846,6.75877,6.59769,6.77336,6.60471,6.64791,6.63127,0.9439,1.00707,0.78306,5
2025-04-09,21.7696,-13.6054,7.3495,0.96465,0.90191,7.30799,6.87156,6.673,6.44199,6.71693,6.522,6.50859,6.67351,0.9439,1.00707,0.78306,5
2025-04-10,21.7696,-13.6054,7.6394,1.00198,0.96465,7.27757,7.35478,7.1225,6.97649,7.06299,6.95773,7.46486,7.16801,0.9439,1.00707,0.78306,5
2025-04-11,21.7696,-13.6054,7.4482,0.97682,1.00198,7.25592,7.64004,7.54616,7.55026,7.55482,7.52363,7.8925,7.5935,0.9439,1.00707,0.78306,5
2025-04-12,21.7696,-13.6054,5.3962,0.70795,0.97682,7.24641,7.44554,7.34585,7.30336,7.26602,7.23125,7.10269,7.1681,0.9439,1.00707,0.78306,5
2025-04-13,21.7696,-13.6054,7.9834,1.04813,0.70795,7.19482,5.39236,6.74101,6.83297,6.56361,6.6004,6.72259,6.67096,0.9439,1.00707,0.78306,5
2025-04-14,21.7696,-13.6054,7.7551,1.01655,1.04813,7.21547,7.99599,7.57232,7.53684,7.47549,7.61294,7.44543,7.38995,0.9439,1.00707,0.78306,5
2025-04-15,21.7696,-13.6054,7.627,0.99834,1.01655,7.22874,7.76616,7.60735,7.64342,7.5879,7.65319,7.38446,7.29618,0.9439,1.00707,0.78306,5
2025-04-16,21.7696,-13.6054,7.7045,1.00599,0.99834,7.26198,7.64592,7.54191,7.54865,7.51912,7.53995,7.38722,7.56159,0.9439,1.00707,0.78306,5
2025-04-17,21.7696,-13.6054,7.879,1.02672,1.00599,7.30323,7.71991,7.3612,7.34608,7.31375,7.29225,7.25922,7.32933,0.9439,1.00707,0.78306,5
2025-04-18,21.7696,-13.6054,7.8914,1.02446,1.02672,7.35645,7.90875,7.68397,7.72254,7.71547,7.76793,7.80265,7.76664,0.9439,1.00707,0.78306,5
2025-04-19,21.7696,-13.6054,6.563,0.84948,1.02446,7.42791,7.91487,7.65726,7.67107,7.61823,7.6843,7.58431,7.56199,0.9439,1.00707,0.78306,5
2025-04-20,21.7696,-13.6054,5.3861,0.69559,0.84948,7.46578,6.57772,6.81393,6.73877,6.75903,6.6227,6.72998,6.76683,0.9439,1.00707,0.78306,5
2025-04-21,21.7696,-13.6054,3.2184,0.41532,0.69559,7.44904,5.39032,6.35481,6.42491,6.32116,6.32827,6.5459,6.42068,0.9439,1.00707,0.78306,5
2025-04-22,21.7696,-13.6054,6.2839,0.81017,0.41532,7.42352,3.22132,5.87785,6.55854,5.82109,6.12322,6.02994,6.13728,0.9439,1.00707,0.78306,5
2025-04-23,21.7696,-13.6054,7.4198,0.95428,0.81017,7.43323,6.29933,6.80052,6.86421,6.95993,6.99876,6.60287,6.92061,0.9439,1.00707,0.78306,5
2025-04-24,21.7696,-13.6054,7.447,0.9569,0.95428,7.45434,7.42657,7.34377,7.17676,7.42017,7.34372,7.32761,7.05569,0.9439,1.00707,0.78306,5
2025-04-25,21.7696,-13.6054,7.0822,0.90803,0.9569,7.47246,7.46336,7.54562,7.47242,7.5462,7.54393,7.4824,7.1904,0.9439,1.00707,0.78306,5
2025-04-26,21.7696,-13.6054,7.3704,0.94059,0.90803,7.56279,7.11531,7.38193,7.27101,7.23009,7.33371,7.06834,7.07676,0.9439,1.00707,0.78306,5
2025-04-27,21.7696,-13.6054,7.0025,0.89087,0.94059,7.60823,7.39326,7.64353,7.54146,7.64367,7.63509,7.35398,7.38842,0.9439,1.00707,0.78306,5
2025-04-28,21.7696,-13.6054,5.119,0.6495,0.89087,7.62758,7.02131,7.20369,7.07453,7.2718,7.15276,6.91138,6.99051,0.9439,1.00707,0.78306,5
2025-04-29,21.7696,-13.6054,4.4662,0.56588,0.6495,7.61182,5.12623,6.24856,6.31256,6.23519,6.24929,5.98038,6.10902,0.9439,1.00707,0.78306,5
2025-04-30,21.7696,-13.6054,5.201,0.65789,0.56588,7.6291,4.47359,6.18111,6.46583,6.07468,6.22027,6.1769,6.28029,0.9439,1.00707,0.78306,5
2025-05-01,21.7696,-13.6054,7.0673,0.89333,0.65789,7.62299,5.2047,6.71833,6.85634,6.64076,6.65685,6.73099,6.67172,0.9439,1.00707,0.78306,5
2025-05-02,21.7696,-13.6054,6.9458,0.87764,0.89333,7.58697,7.06996,7.52872,7.31018,7.4611,7.34984,7.42159,7.2089,0.9439,1.00707,0.78306,5
2025-05-03,21.7696,-13.6054,6.6629,0.84324,0.87764,7.5298,6.93468,7.29417,7.20189,7.12949,7.14565,6.80327,6.99854,0.9439,1.00707,0.78306,5
2025-05-04,21.7696,-13.6054,7.4472,0.94445,0.84324,7.46896,6.64916,6.80148,6.68836,6.81191,6.85812,6.3294,6.6884,0.9439,1.00707,0.78306,5
2025-05-05,21.7696,-13.6054,6.8518,0.86926,0.94445,7.46754,7.44445,7.52571,7.39998,7.46323,7.48613,7.57873,7.21351,0.9439,1.00707,0.78306,5
2025-05-06,21.7696,-13.6054,4.8703,0.61702,0.86926,7.51203,6.86133,7.1099,7.04137,7.03993,6.97638,6.92982,6.92986,0.9439,1.00707,0.78306,5
2025-05-07,21.7696,-13.6054,6.5244,0.82658,0.61702,7.53394,4.87027,6.57759,6.96358,6.53076,6.74688,6.82965,6.80413,0.9439,1.00707,0.78306,5
2025-05-08,21.7696,-13.6054,4.6279,0.58582,0.82658,7.57411,6.5299,7.04803,6.90173,7.06155,7.08985,6.86066,6.95803,0.9439,1.00707,0.78306,5
2025-05-09,21.7696,-13.6054,6.6012,0.83381,0.58582,7.61112,4.63788,6.40124,6.89745,6.31035,6.90427,6.36091,6.26278,0.9439,1.00707,0.78306,5
2025-05-10,21.7696,-13.6054,7.0008,0.88382,0.83381,7.62526,6.6047,7.18565,7.02569,7.1379,7.2189,6.91984,6.89735,0.9439,1.00707,0.78306,5
2025-05-11,21.7696,-13.6054,7.6063,0.96078,0.88382,7.58421,6.99699,7.4876,7.36618,7.20219,7.40431,7.11861,6.95331,0.9439,1.00707,0.78306,5
2025-05-12,21.7696,-13.6054,7.5422,0.95206,0.96078,7.59782,7.61131,7.66483,7.58705,7.60374,7.55573,7.30689,7.29961,0.9439,1.00707,0.78306,5
2025-05-13,21.7696,-13.6054,7.3418,0.92671,0.95206,7.63793,7.54264,7.60075,7.51937,7.5724,7.54396,7.42878,7.18495,0.9439,1.00707,0.78306,5
2025-05-14,21.7696,-13.6054,7.9606,1.00441,0.92671,7.66215,7.34475,7.65985,7.60744,7.50643,7.50409,7.56386,7.46271,0.9439,1.00707,0.78306,5
2025-05-15,21.7696,-13.6054,8.1418,1.02792,1.00441,7.65071,7.95555,7.95404,7.95964,7.81532,7.82574,7.77955,7.84293,0.9439,1.00707,0.78306,5
2025-05-16,21.7696,-13.6054,8.2738,1.04494,1.02792,7.6502,8.13911,7.98729,8.02636,7.88382,7.91097,7.7498,7.78632,0.9439,1.00707,0.78306,5
2025-05-17,21.7696,-13.6054,6.5189,0.82292,1.04494,7.68828,8.27764,8.0059,8.05351,7.96029,7.99782,7.7709,7.75388,0.9439,1.00707,0.78306,5
2025-05-18,21.7696,-13.6054,6.9079,0.87028,0.82292,7.73167,6.53197,7.09208,7.25764,6.92631,7.02491,6.99386,6.86836,0.9439,1.00707,0.78306,5
2025-05-19,21.7696,-13.6054,7.5173,0.94503,0.87028,7.78505,6.92269,7.27621,7.27147,7.13001,7.09565,7.13866,7.21087,0.9439,1.00707,0.78306,5
2025-05-20,21.7696,-13.6054,4.872,0.61172,0.94503,7.81081,7.52661,7.87356,7.73105,7.8225,7.74232,7.68286,7.72756,0.9439,1.00707,0.78306,5
2025-05-21,21.7696,-13.6054,7.2888,0.91573,0.61172,7.77717,4.86903,6.60077,7.01385,6.67446,6.98003,6.34318,6.56234,0.9439,1.00707,0.78306,5
2025-05-22,21.7696,-13.6054,6.3991,0.80376,0.91573,7.7728,7.29052,7.3019,7.15016,7.44932,7.42013,7.34009,7.26312,0.9439,1.00707,0.78306,5
2025-05-23,21.7696,-13.6054,6.2916,0.79052,0.80376,7.77229,6.39703,6.83921,6.92563,6.96194,7.1286,6.92536,7.04864,0.9439,1.00707,0.78306,5
2025-05-24,21.7696,-13.6054,7.3783,0.92939,0.79052,7.71318,6.27582,6.71416,6.82308,6.85788,7.06476,6.94758,6.90582,0.9439,1.00707,0.78306,5
2025-05-25,21.7696,-13.6054,5.1802,0.65365,0.92939,7.69125,7.36539,7.69898,7.52899,7.76197,7.65772,7.8859,7.68686,0.9439,1.00707,0.78306,5
2025-05-26,21.7696,-13.6054,7.0325,0.88876,0.65365,7.70152,5.17219,6.36748,6.72745,6.35813,6.8862,6.16317,6.61749,0.9439,1.00707,0.78306,5
2025-05-27,21.7696,-13.6054,7.2689,0.92079,0.88876,7.63944,7.016,7.23899,7.09341,7.34653,7.3431,7.36697,7.30655,0.9439,1.00707,0.78306,5
2025-05-28,21.7696,-13.6054,7.5794,0.96218,0.92079,7.56404,7.25337,7.59827,7.49772,7.74759,7.65416,7.52089,7.42617,0.9439,1.00707,0.78306,5
2025-05-29,21.7696,-13.6054,7.7345,0.98411,0.96218,7.49369,7.56215,7.67308,7.57822,7.76926,7.69821,7.68765,7.48181,0.9439,1.00707,0.78306,5
2025-05-30,21.7696,-13.6054,7.9272,1.00971,0.98411,7.47492,7.72619,7.72504,7.66721,7.7823,7.74755,7.57814,7.60692,0.9439,1.00707,0.78306,5
2025-05-31,21.7696,-13.6054,7.7158,0.98456,1.00971,7.42575,7.9129,7.65773,7.6406,7.68422,7.69875,7.60429,7.56789,0.9439,1.00707,0.78306,5
2025-06-01,21.7696,-13.6054,7.2564,0.92689,0.98456,7.39936,7.70787,7.40345,7.38532,7.5079,7.47104,7.11321,7.3094,0.9439,1.00707,0.78306,5
2025-06-02,21.7696,-13.6054,7.5197,0.96311,0.92689,7.37153,7.2369,7.24026,7.20788,7.36695,7.29462,7.15985,7.18161,0.9439,1.00707,0.78306,5
2025-06-03,21.7696,-13.6054,7.5842,0.97263,0.96311,7.33872,7.51002,7.23468,7.20025,7.37421,7.32822,7.34788,7.32323,0.9439,1.00707,0.78306,5
2025-06-04,21.7696,-13.6054,7.861,1.00926,0.97263,7.3267,7.57567,7.65196,7.58752,7.72392,7.62988,7.90748,7.80898,0.9439,1.00707,0.78306,5
2025-06-05,21.7696,-13.6054,8.1782,1.05006,1.00926,7.35828,7.86044,7.76544,7.74889,7.83606,7.80923,7.61001,7.7234,0.9439,1.00707,0.78306,5
2025-06-06,21.7696,-13.6054,7.9625,1.023,1.05006,7.37567,8.17311,7.86431,7.91493,7.87062,7.91843,7.97828,7.90257,0.9439,1.00707,0.78306,5
2025-06-07,21.7696,-13.6054,7.8187,1.00597,1.023,7.32859,7.95104,7.8044,7.80924,7.82648,7.8152,7.93469,7.80821,0.9439,1.00707,0.78306,5
2025-06-08,21.7696,-13.6054,7.9162,1.01881,1.00597,7.34098,7.81643,7.77625,7.75351,7.78266,7.76488,7.63939,7.59524,0.9439,1.00707,0.78306,5
2025-06-09,21.7696,-13.6054,8.1115,1.04434,1.01881,7.33061,7.91322,7.71804,7.71584,7.77484,7.77361,7.41307,7.51944,0.9439,1.00707,0.78306,5
2025-06-10,21.7696,-13.6054,7.8866,1.01635,1.04434,7.29693,8.10382,7.69137,7.72544,7.74226,7.78889,7.66111,7.60602,0.9439,1.00707,0.78306,5
2025-06-11,21.7696,-13.6054,7.8146,1.00821,1.01635,7.30987,7.87765,7.68304,7.68659,7.74475,7.73606,7.86989,7.78384,0.9439,1.00707,0.78306,5
2025-06-12,21.7696,-13.6054,7.6262,0.98419,1.00821,7.33219,7.81233,7.6484,7.63895,7.75892,7.70877,7.4772,7.60001,0.9439,1.00707,0.78306,5
2025-06-13,21.7696,-13.6054,7.1273,0.91981,0.98419,7.36687,7.62621,7.55315,7.52747,7.63783,7.52387,7.4591,7.5565,0.9439,1.00707,0.78306,5
2025-06-14,21.7696,-13.6054,7.9567,1.02701,0.91981,7.38504,7.12615,7.27383,7.23772,7.25765,7.18451,7.52874,7.40977,0.9439,1.00707,0.78306,5
2025-06-15,21.7696,-13.6054,7.861,1.01514,1.02701,7.40611,7.95294,7.71492,7.68643,7.76729,7.75372,7.92918,7.82551,0.9439,1.00707,0.78306,5
2025-06-16,21.7696,-13.6054,7.7026,0.99547,1.01514,7.41399,7.8548,7.72362,7.69366,7.82246,7.77869,7.61934,7.73143,0.9439,1.00707,0.78306,5
2025-06-17,21.7696,-13.6054,7.7242,0.99735,0.99547,7.42827,7.70963,7.46586,7.45029,7.52167,7.48361,7.3767,7.46308,0.9439,1.00707,0.78306,5
2025-06-18,21.7696,-13.6054,7.7196,0.99624,0.99735,7.46018,7.72818,7.67911,7.64437,7.69983,7.66059,7.75264,7.61403,0.9439,1.00707,0.78306,5
2025-06-19,21.7696,-13.6054,7.7045,0.99478,0.99624,7.45126,7.71582,7.6669,7.62503,7.71817,7.65372,7.75318,7.67382,0.9439,1.00707,0.78306,5
2025-06-20,21.7696,-13.6054,7.7148,0.99689,0.99478,7.43321,7.6985,7.61988,7.58282,7.64097,7.56281,7.54797,7.55865,0.9439,1.00707,0.78306,5
2025-06-21,21.7696,-13.6054,7.8463,1.01375,0.99689,7.44053,7.71573,7.42885,7.43365,7.44015,7.38895,7.26594,7.43373,0.9439,1.00707,0.78306,5
2025-06-22,21.7696,-13.6054,7.7448,0.99961,1.01375,7.49566,7.85441,7.67474,7.6651,7.74385,7.69004,7.6931,7.75443,0.9439,1.00707,0.78306,5
2025-06-23,21.7696,-13.6054,7.2758,0.93876,0.99961,7.5205,7.74736,7.55583,7.55025,7.64311,7.58647,7.53548,7.62107,0.9439,1.00707,0.78306,5
2025-06-24,21.7696,-13.6054,7.7647,1.00131,0.93876,7.56298,7.27967,7.42218,7.43304,7.48499,7.41554,7.41282,7.42166,0.9439,1.00707,0.78306,5
2025-06-25,21.7696,-13.6054,8.0606,1.03996,1.00131,7.59211,7.76106,7.65428,7.63213,7.71956,7.63913,7.87494,7.82145,0.9439,1.00707,0.78306,5
2025-06-26,21.7696,-13.6054,7.9051,1.01984,1.03996,7.60122,8.06107,7.79705,7.78811,7.78165,7.72017,7.87885,7.82058,0.9439,1.00707,0.78306,5
2025-06-27,21.7696,-13.6054,7.6865,0.99344,1.01984,7.60322,7.8907,7.75271,7.7332,7.77914,7.69316,7.56163,7.61555,0.9439,1.00707,0.78306,5
2025-06-28,21.7696,-13.6054,7.5211,0.97284,0.99344,7.60905,7.6804,7.72021,7.66468,7.65669,7.57586,7.86418,7.71359,0.9439,1.00707,0.78306,5
2025-06-29,21.7696,-13.6054,7.4741,0.9697,0.97284,7.56537,7.49834,7.57851,7.55813,7.67607,7.57361,7.62693,7.571,0.9439,1.00707,0.78306,5
2025-06-30,21.7696,-13.6054,7.7774,1.01106,0.9697,7.53713,7.45922,7.56133,7.54565,7.68313,7.56762,7.59701,7.6031,0.9439,1.00707,0.78306,5
2025-07-01,21.7696,-13.6054,7.5338,0.9803,1.01106,7.51277,7.7702,7.5063,7.51923,7.57077,7.5056,7.52231,7.35873,0.9439,1.00707,0.78306,5
2025-07-02,21.7696,-13.6054,7.0099,0.91257,0.9803,7.52413,7.53015,7.49439,7.48536,7.43065,7.38119,7.41533,7.33106,0.9439,1.00707,0.78306,5
2025-07-03,21.7696,-13.6054,6.6564,0.86729,0.91257,7.52777,7.00395,7.22698,7.28137,7.1175,7.13574,7.15568,7.13011,0.9439,1.00707,0.78306,5
2025-07-04,21.7696,-13.6054,7.1309,0.93008,0.86729,7.51176,6.64945,6.91394,7.14552,6.86224,7.00314,6.83296,6.95223,0.9439,1.00707,0.78306,5
2025-07-05,21.7696,-13.6054,7.745,1.01162,0.93008,7.51223,7.12073,7.22909,7.31269,7.32648,7.3077,7.1836,7.22307,0.9439,1.00707,0.78306,5
2025-07-06,21.7696,-13.6054,7.5202,0.98564,1.01162,7.47052,7.71844,7.4571,7.47351,7.57077,7.51325,7.52577,7.25299,0.9439,1.00707,0.78306,5
2025-07-07,21.7696,-13.6054,7.0997,0.93327,0.98564,7.42784,7.49811,7.50599,7.44554,7.43483,7.37801,7.69807,7.29693,0.9439,1.00707,0.78306,5
2025-07-08,21.7696,-13.6054,7.3226,0.96486,0.93327,7.39817,7.0828,7.54906,7.36303,7.34064,7.35479,7.5478,7.52104,0.9439,1.00707,0.78306,5
2025-07-09,21.7696,-13.6054,7.453,0.98373,0.96486,7.3778,7.31004,7.51879,7.38012,7.44104,7.36236,7.4199,7.40202,0.9439,1.00707,0.78306,5
2025-07-10,21.7696,-13.6054,7.4268,0.98318,0.98373,7.30211,7.43096,7.4867,7.38999,7.54789,7.43528,7.41802,7.29693,0.9439,1.00707,0.78306,5
2025-07-11,21.7696,-13.6054,7.0764,0.93846,0.98318,7.26896,7.41366,7.4404,7.38682,7.46053,7.38679,7.22362,7.17931,0.9439,1.00707,0.78306,5
2025-07-12,21.7696,-13.6054,7.2166,0.95647,0.93846,7.28367,7.0807,7.36425,7.30398,7.42041,7.31206,7.31661,7.34184,0.9439,1.00707,0.78306,5
2025-07-13,21.7696,-13.6054,7.4227,0.98521,0.95647,7.27619,7.20613,7.09568,7.13551,7.09914,7.06365,6.90972,7.09809,0.9439,1.00707,0.78306,5
2025-07-14,21.7696,-13.6054,7.135,0.9465,0.98521,7.29397,7.42681,7.57324,7.42134,7.49545,7.37574,7.62994,7.51963,0.9439,1.00707,0.78306,5
2025-07-15,21.7696,-13.6054,7.2485,0.96177,0.9465,7.28813,7.13341,7.39533,7.24339,7.38573,7.24945,7.12325,7.22291,0.9439,1.00707,0.78306,5
2025-07-16,21.7696,-13.6054,7.4794,0.9928,0.96177,7.29549,7.24563,7.3542,7.21053,7.38166,7.27553,7.23445,7.17444,0.9439,1.00707,0.78306,5
2025-07-17,21.7696,-13.6054,6.6835,0.88825,0.9928,7.27908,7.47021,7.46384,7.36314,7.60606,7.53517,7.46702,7.34029,0.9439,1.00707,0.78306,5
2025-07-18,21.7696,-13.6054,7.2938,0.97262,0.88825,7.22912,6.66107,7.00849,7.0391,7.19007,7.17538,7.29376,7.23506,0.9439,1.00707,0.78306,5
2025-07-19,21.7696,-13.6054,6.4042,0.85474,0.97262,7.23982,7.28746,7.21946,7.25193,7.35922,7.30898,7.05045,7.06993,0.9439,1.00707,0.78306,5
2025-07-20,21.7696,-13.6054,7.0469,0.94254,0.85474,7.21579,6.39042,6.90066,7.00345,6.77535,6.96226,6.83433,6.95716,0.9439,1.00707,0.78306,5
2025-07-21,21.7696,-13.6054,7.2367,0.96604,0.94254,7.25586,7.0607,7.4391,7.27444,7.39359,7.30335,7.75748,7.61185,0.9439,1.00707,0.78306,5
2025-07-22,21.7696,-13.6054,7.3901,0.98753,0.96604,7.24472,7.22929,7.4649,7.27985,7.46754,7.33171,7.28719,7.22319,0.9439,1.00707,0.78306,5
2025-07-23,21.7696,-13.6054,7.3099,0.98097,0.98753,7.15168,7.35873,7.41726,7.27626,7.47653,7.34999,7.29481,7.28481,0.9439,1.00707,0.78306,5
2025-07-24,21.7696,-13.6054,7.404,0.99536,0.98097,7.13454,7.297,7.45169,7.2647,7.4003,7.31504,7.41774,7.45343,0.9439,1.00707,0.78306,5
2025-07-25,21.7696,-13.6054,7.3586,0.98719,0.99536,7.20423,7.41948,7.60657,7.42917,7.47301,7.38993,7.49343,7.52394,0.9439,1.00707,0.78306,5
2025-07-26,21.7696,-13.6054,7.4683,1.00094,0.98719,7.24717,7.36574,7.59557,7.40046,7.478,7.34081,7.35367,7.25503,0.9439,1.00707,0.78306,5
2025-07-27,21.7696,-13.6054,7.2362,0.97077,1.00094,7.25066,7.46103,7.34109,7.2381,7.35475,7.29263,6.97438,6.9888,0.9439,1.00707,0.78306,5
2025-07-28,21.7696,-13.6054,7.326,0.98165,0.97077,7.2768,7.2448,6.98712,7.06654,7.09938,7.16856,6.86694,6.89579,0.9439,1.00707,0.78306,5
2025-07-29,21.7696,-13.6054,7.218,0.96949,0.98165,7.25085,7.30859,7.16809,7.23787,7.35543,7.3173,7.4041,7.28136,0.9439,1.00707,0.78306,5
2025-07-30,21.7696,-13.6054,6.8962,0.9276,0.96949,7.25362,7.20765,7.20946,7.22213,7.28582,7.20752,7.36454,7.27303,0.9439,1.00707,0.78306,5
2025-07-31,21.7696,-13.6054,7.3826,0.99511,0.9276,7.23741,6.88171,7.10876,7.07765,7.12447,7.06729,7.28389,7.32229,0.9439,1.00707,0.78306,5
2025-08-01,21.7696,-13.6054,7.3541,0.99305,0.99511,7.19872,7.36935,7.38185,7.33079,7.42537,7.30111,7.66914,7.62274,0.9439,1.00707,0.78306,5
2025-08-02,21.7696,-13.6054,7.3788,0.99642,0.99305,7.20615,7.35383,7.36587,7.26478,7.41768,7.31661,7.33694,7.44368,0.9439,1.00707,0.78306,5
2025-08-03,21.7696,-13.6054,7.3027,0.98668,0.99642,7.20566,7.37483,7.23277,7.13433,7.20721,7.15045,7.2077,7.21955,0.9439,1.00707,0.78306,5
2025-08-04,21.7696,-13.6054,7.3025,0.98559,0.98668,7.21183,7.31053,7.27235,7.15432,7.25165,7.18074,7.35067,7.37848,0.9439,1.00707,0.78306,5
2025-08-05,21.7696,-13.6054,6.7039,0.90797,0.98559,7.13478,7.27699,7.03185,7.1003,7.18294,7.17834,6.74336,7.08089,0.9439,1.00707,0.78306,5
2025-08-06,21.7696,-13.6054,7.0685,0.9576,0.90797,7.13354,6.70216,6.89203,7.05181,7.00998,7.03293,6.87627,6.8318,0.9439,1.00707,0.78306,5
2025-08-07,21.7696,-13.6054,6.713,0.90863,0.9576,7.19381,7.0748,7.07041,7.22142,7.20017,7.15051,7.24799,7.24298,0.9439,1.00707,0.78306,5
2025-08-08,21.7696,-13.6054,7.5302,1.02,0.90863,7.18289,6.708,6.97499,7.14913,7.02594,6.991,7.01616,6.99938,0.9439,1.00707,0.78306,5
2025-08-09,21.7696,-13.6054,7.2826,0.99041,1.02,7.14123,7.50022,7.29034,7.36987,7.37112,7.26079,7.31286,7.31117,0.9439,1.00707,0.78306,5
2025-08-10,21.7696,-13.6054,6.8402,0.93331,0.99041,7.09109,7.25871,7.10396,7.12926,7.02701,6.9721,7.03625,7.14733,0.9439,1.00707,0.78306,5
2025-08-11,21.7696,-13.6054,7.1395,0.97602,0.93331,7.03897,6.82701,6.87939,6.90928,6.89009,6.8385,6.67998,6.78839,0.9439,1.00707,0.78306,5
2025-08-12,21.7696,-13.6054,7.2806,0.99904,0.97602,6.95042,7.11288,6.80324,6.9093,6.88196,6.89641,6.97955,6.95737,0.9439,1.00707,0.78306,5
2025-08-13,21.7696,-13.6054,7.2768,0.99799,0.99904,6.95053,7.28442,7.24393,7.2288,7.27114,7.14715,7.24784,7.10745,0.9439,1.00707,0.78306,5
2025-08-14,21.7696,-13.6054,6.769,0.92918,0.99799,6.9308,7.27033,7.25416,7.1702,7.16352,7.06828,6.95823,6.96146,0.9439,1.00707,0.78306,5
2025-08-15,21.7696,-13.6054,5.7718,0.79283,0.92918,6.91298,6.76445,6.71612,6.7316,6.60407,6.64487,6.6827,6.68478,0.9439,1.00707,0.78306,5
2025-08-16,21.7696,-13.6054,6.8758,0.94583,0.79283,6.92995,5.76351,6.30691,6.62185,6.31235,6.60617,6.45429,6.4011,0.9439,1.00707,0.78306,5
2025-08-17,21.7696,-13.6054,6.702,0.92394,0.94583,6.88511,6.86077,7.01494,7.03659,7.15735,7.02271,6.99773,6.91527,0.9439,1.00707,0.78306,5
2025-08-18,21.7696,-13.6054,6.9209,0.95787,0.92394,6.84308,6.6758,6.73008,6.76829,6.78612,6.73129,6.55626,6.56539,0.9439,1.00707,0.78306,5
2025-08-19,21.7696,-13.6054,7.4873,1.04038,0.95787,6.80874,6.8935,6.76796,6.84856,6.80282,6.71944,6.93476,6.83889,0.9439,1.00707,0.78306,5
2025-08-20,21.7696,-13.6054,7.0764,0.98392,1.04038,6.81783,7.48243,7.19998,7.23234,7.18931,7.15377,7.26617,7.21703,0.9439,1.00707,0.78306,5
2025-08-21,21.7696,-13.6054,4.9157,0.68542,0.98392,6.79046,7.05649,6.84959,6.72405,6.78207,6.69345,6.72376,6.84616,0.9439,1.00707,0.78306,5
2025-08-22,21.7696,-13.6054,6.9782,0.9737,0.68542,6.78269,4.91217,6.01451,6.47319,5.97965,6.42623,6.01625,6.01699,0.9439,1.00707,0.78306,5
2025-08-23,21.7696,-13.6054,7.0961,0.99284,0.9737,6.72417,6.9593,6.65666,6.52631,6.74677,6.62667,6.62734,6.51641,0.9439,1.00707,0.78306,5
2025-08-24,21.7696,-13.6054,7.0877,0.99157,0.99284,6.74414,7.09677,7.02373,7.01506,7.15648,7.0585,7.09108,6.91235,0.9439,1.00707,0.78306,5
2025-08-25,21.7696,-13.6054,7.2127,1.01009,0.99157,6.75342,7.08046,7.06602,7.02929,7.11572,7.00467,7.16729,7.01157,0.9439,1.00707,0.78306,5
2025-08-26,21.7696,-13.6054,6.9696,0.97767,1.01009,6.75377,7.20073,7.18714,7.09116,7.10069,7.07801,7.05866,7.15964,0.9439,1.00707,0.78306,5
2025-08-27,21.7696,-13.6054,7.0118,0.98518,0.97767,6.76375,6.95838,7.22229,6.94687,7.07294,7.06999,7.12505,7.12359,0.9439,1.00707,0.78306,5
2025-08-28,21.7696,-13.6054,5.0227,0.70823,0.98518,6.73586,6.98676,6.8641,6.70813,6.83766,6.80191,6.78647,6.72346,0.9439,1.00707,0.78306,5
2025-08-29,21.7696,-13.6054,6.9566,0.98368,0.70823,6.70672,5.00864,5.89087,6.34592,5.90969,6.34595,5.59425,5.77833,0.9439,1.00707,0.78306,5
2025-08-30,21.7696,-13.6054,6.978,0.99089,0.98368,6.67326,6.92722,6.8636,6.88218,6.99696,6.91346,7.00917,6.85085,0.9439,1.00707,0.78306,5
2025-08-31,21.7696,-13.6054,6.6557,0.94739,0.99089,6.61101,6.96128,6.95532,6.84853,6.97479,6.8646,7.15697,7.0037,0.9439,1.00707,0.78306,5
2025-09-01,21.7696,-13.6054,6.5498,0.93452,0.94739,6.62164,6.64002,6.93883,6.74907,6.99968,6.84365,6.82448,6.84928,0.9439,1.00707,0.78306,5
2025-09-02,21.7696,-13.6054,6.7471,0.9643,0.93452,6.59266,6.5387,6.81851,6.69955,6.82838,6.69603,6.73028,6.80222,0.9439,1.00707,0.78306,5
2025-09-03,21.7696,-13.6054,7.0368,1.00656,0.9643,6.60382,6.74137,6.9834,6.84735,6.96064,6.84899,7.09436,7.00968,0.9439,1.00707,0.78306,5
2025-09-04,21.7696,-13.6054,6.9504,0.99687,1.00656,6.60849,7.01799,7.05819,6.96867,7.06201,6.95804,6.76664,6.8891,0.9439,1.00707,0.78306,5
2025-09-05,21.7696,-13.6054,6.433,0.92308,0.99687,6.62223,6.94722,6.92899,6.83837,6.96843,6.86111,6.76407,6.84302,0.9439,1.00707,0.78306,5
2025-09-06,21.7696,-13.6054,6.2083,0.89335,0.92308,6.59084,6.41491,6.67016,6.58753,6.63704,6.52591,6.43326,6.52979,0.9439,1.00707,0.78306,5
2025-09-07,21.7696,-13.6054,6.5105,0.9394,0.89335,6.60707,6.19134,6.36517,6.44361,6.28803,6.37283,6.13342,6.2419,0.9439,1.00707,0.78306,5
2025-09-08,21.7696,-13.6054,6.1812,0.89535,0.9394,6.5668,6.48533,6.46256,6.5202,6.50577,6.54823,6.59427,6.48569,0.9439,1.00707,0.78306,5
2025-09-09,21.7696,-13.6054,6.5614,0.95264,0.89535,6.54662,6.16678,6.22199,6.35248,6.36326,6.46284,6.23435,6.35547,0.9439,1.00707,0.78306,5
2025-09-10,21.7696,-13.6054,6.2119,0.90467,0.95264,6.52504,6.54133,6.21753,6.32658,6.3581,6.49143,6.44547,6.52294,0.9439,1.00707,0.78306,5
2025-09-11,21.7696,-13.6054,6.768,0.98887,0.90467,6.4683,6.1917,6.36589,6.25479,6.30477,6.22833,6.67597,6.55438,0.9439,1.00707,0.78306,5
2025-09-12,21.7696,-13.6054,6.7711,0.99209,0.98887,6.40011,6.74915,6.78129,6.68749,6.74866,6.71217,6.8851,6.82317,0.9439,1.00707,0.78306,5
2025-09-13,21.7696,-13.6054,6.846,1.00603,0.99209,6.37416,6.7511,6.77525,6.69461,6.78466,6.75548,6.66771,6.6824,0.9439,1.00707,0.78306,5
2025-09-14,21.7696,-13.6054,6.9276,1.01983,1.00603,6.36864,6.8339,6.73107,6.74794,6.68901,6.72908,6.6381,6.60109,0.9439,1.00707,0.78306,5
2025-09-15,21.7696,-13.6054,6.8825,1.01714,1.01983,6.35684,6.90069,6.5708,6.61446,6.5367,6.53293,6.41084,6.48827,0.9439,1.00707,0.78306,5
2025-09-16,21.7696,-13.6054,6.2909,0.93122,1.01714,6.34301,6.87131,6.69437,6.69294,6.70336,6.6303,6.63717,6.69208,0.9439,1.00707,0.78306,5
2025-09-17,21.7696,-13.6054,6.378,0.94737,0.93122,6.31357,6.26928,6.25833,6.21869,6.27307,6.19422,6.15023,6.28789,0.9439,1.00707,0.78306,5
2025-09-18,21.7696,-13.6054,6.786,1.01342,0.94737,6.17641,6.34374,6.19995,6.30811,6.30269,6.24077,6.18616,6.20526,0.9439,1.00707,0.78306,5
2025-09-19,21.7696,-13.6054,6.5921,0.9878,1.01342,6.11969,6.76305,6.29918,6.42373,6.34263,6.29804,6.40225,6.49836,0.9439,1.00707,0.78306,5
2025-09-20,21.7696,-13.6054,6.6324,0.99874,0.9878,6.06785,6.55977,6.11799,6.16419,6.18122,6.13692,6.09784,6.13243,0.9439,1.00707,0.78306,5
2025-09-21,21.7696,-13.6054,6.7178,1.01459,0.99874,6.06937,6.61284,6.27424,6.34291,6.32662,6.28346,6.37221,6.40237,0.9439,1.00707,0.78306,5
2025-09-22,21.7696,-13.6054,6.6209,1.00196,1.01459,6.07287,6.70435,6.48864,6.53813,6.51062,6.47735,6.7383,6.72051,0.9439,1.00707,0.78306,5
2025-09-23,21.7696,-13.6054,6.462,0.97996,1.00196,6.04598,6.60706,6.34203,6.32448,6.3573,6.30731,6.23642,6.34558,0.9439,1.00707,0.78306,5
2025-09-24,21.7696,-13.6054,6.2026,0.94458,0.97996,6.0215,6.43495,6.39171,6.36674,6.41859,6.34179,6.51942,6.48314,0.9439,1.00707,0.78306,5
2025-09-25,21.7696,-13.6054,5.5507,0.8474,0.94458,6.02968,6.18728,6.0332,5.90879,6.03131,6.00901,6.1873,6.19736,0.9439,1.00707,0.78306,5
2025-09-26,21.7696,-13.6054,6.5681,1.00553,0.8474,6.05048,5.53516,5.85497,5.76056,5.87561,5.91259,5.87169,5.88002,0.9439,1.00707,0.78306,5
2025-09-27,21.7696,-13.6054,6.517,1.00015,1.00553,6.09352,6.55206,6.33801,6.42717,6.41548,6.41317,6.28398,6.35393,0.9439,1.00707,0.78306,5
2025-09-28,21.7696,-13.6054,6.5875,1.01262,1.00015,6.10663,6.50637,6.41492,6.39166,6.48907,6.4529,6.45407,6.48422,0.9439,1.00707,0.78306,5
2025-09-29,21.7696,-13.6054,6.4066,0.98795,1.01262,6.08553,6.56657,6.47772,6.42049,6.53252,6.50304,6.61237,6.59249,0.9439,1.00707,0.78306,5
2025-09-30,21.7696,-13.6054,2.7667,0.42748,0.98795,6.08356,6.39416,6.38389,6.20934,6.38525,6.3413,6.4666,6.44542,0.9439,1.00707,0.78306,5
2023-01-01,21.7696,-14.1054,4.8574,1.00853,0.97976,4.36713,4.71883,4.57873,4.61965,4.59888,4.52471,4.45771,4.52942,0.94516,1.00391,0.79122,6
2023-01-02,21.7696,-14.1054,4.9644,1.02809,1.00853,4.39477,4.86995,4.62497,4.68224,4.67715,4.68608,4.61937,4.59832,0.94516,1.00391,0.79122,6
2023-01-03,21.7696,-14.1054,4.7417,0.97863,1.02809,4.42301,4.98139,4.77546,4.80032,4.71524,4.76221,4.7394,4.63712,0.94516,1.00391,0.79122,6
2023-01-04,21.7696,-14.1054,4.8547,0.99656,0.97863,4.47567,4.76734,4.77637,4.79293,4.6414,4.59571,4.76135,4.69166,0.94516,1.00391,0.79122,6
2023-01-05,21.7696,-14.1054,5.0134,1.02503,0.99656,4.48281,4.87413,4.80776,4.85201,4.67786,4.66459,4.85187,4.73193,0.94516,1.00391,0.79122,6
2023-01-06,21.7696,-14.1054,4.9531,1.0097,1.02503,4.49482,5.02831,4.70807,4.7521,4.64661,4.63642,4.59274,4.66711,0.94516,1.00391,0.79122,6
2023-01-07,21.7696,-14.1054,4.4448,0.90406,1.0097,4.48158,4.96418,4.7813,4.83732,4.79143,4.84478,4.89931,4.77995,0.94516,1.00391,0.79122,6
2023-01-08,21.7696,-14.1054,3.4978,0.70917,0.90406,4.47088,4.45905,4.3968,4.33594,4.40192,4.33748,4.34138,4.34586,0.94516,1.00391,0.79122,6
2023-01-09,21.7696,-14.1054,4.1563,0.83602,0.70917,4.50476,3.52568,3.99074,3.93422,4.07228,4.08183,4.10602,3.98329,0.94516,1.00391,0.79122,6
2023-01-10,21.7696,-14.1054,3.8393,0.76856,0.83602,4.51961,4.17626,4.37218,4.38631,4.40604,4.37379,4.52105,4.40188,0.94516,1.00391,0.79122,6
2023-01-11,21.7696,-14.1054,4.9138,0.97743,0.76856,4.5489,3.86378,4.2609,4.22855,4.38528,4.38059,4.42788,4.43573,0.94516,1.00391,0.79122,6
2023-01-12,21.7696,-14.1054,4.8077,0.94972,0.97743,4.59337,4.94794,4.85922,4.87764,5.00448,4.91771,4.96689,4.85675,0.94516,1.00391,0.79122,6
2023-01-13,21.7696,-14.1054,5.0278,0.98688,0.94972,4.67035,4.8385,4.91953,4.93981,4.99111,4.96955,4.97095,4.74162,0.94516,1.00391,0.79122,6
2023-01-14,21.7696,-14.1054,5.0822,0.99375,0.98688,4.70471,5.04707,4.90616,4.92836,4.93721,4.95686,4.75197,4.70113,0.94516,1.00391,0.79122,6
2023-01-15,21.7696,-14.1054,4.7683,0.92716,0.99375,4.75313,5.11079,4.98801,5.00803,4.92854,4.89161,4.78486,4.84779,0.94516,1.00391,0.79122,6
2023-01-16,21.7696,-14.1054,5.0402,0.97411,0.92716,4.78199,4.79727,4.89902,4.87806,4.77216,4.63693,4.79741,4.84057,0.94516,1.00391,0.79122,6
2023-01-17,21.7696,-14.1054,4.3591,0.83728,0.97411,4.78917,5.07145,4.73825,4.71308,4.76434,4.75073,4.57908,4.67543,0.94516,1.00391,0.79122,6
2023-01-18,21.7696,-14.1054,5.1562,0.98515,0.83728,4.80955,4.38227,4.43616,4.38809,4.44888,4.43327,4.50778,4.40808,0.94516,1.00391,0.79122,6
2023-01-19,21.7696,-14.1054,5.1118,0.97231,0.98515,4.82121,5.17929,5.05046,5.08122,5.00241,5.00978,5.17495,5.09075,0.94516,1.00391,0.79122,6
2023-01-20,21.7696,-14.1054,5.2601,0.99494,0.97231,4.85431,5.14046,5.10724,5.13379,5.10356,5.11053,5.1974,5.19174,0.94516,1.00391,0.79122,6
2023-01-21,21.7696,-14.1054,5.2646,0.98842,0.99494,4.91154,5.29936,5.18569,5.24828,5.24256,5.30332,5.21321,5.23641,0.94516,1.00391,0.79122,6
2023-01-22,21.7696,-14.1054,5.3952,1.00464,0.98842,4.963,5.30806,5.1715,5.20407,5.22155,5.31765,5.13463,5.06119,0.94516,1.00391,0.79122,6
2023-01-23,21.7696,-14.1054,5.5025,1.01816,1.00464,5.01889,5.42942,5.34805,5.37371,5.23136,5.36539,5.11739,5.14038,0.94516,1.00391,0.79122,6
2023-01-24,21.7696,-14.1054,5.5454,1.02037,1.01816,5.05284,5.5334,5.39079,5.44522,5.25075,5.4112,5.14077,5.27822,0.94516,1.00391,0.79122,6
2023-01-25,21.7696,-14.1054,5.4168,0.99045,1.02037,5.08259,5.58047,5.30802,5.35521,5.19591,5.35163,5.20273,5.25796,0.94516,1.00391,0.79122,6
2023-01-26,21.7696,-14.1054,5.0822,0.92336,0.99045,5.11433,5.45145,5.15753,5.11602,5.09082,5.20639,5.02379,5.08035,0.94516,1.00391,0.79122,6
2023-01-27,21.7696,-14.1054,5.4305,0.98251,0.92336,5.13214,5.10355,5.15285,5.10661,5.07468,5.15446,5.23276,5.09986,0.94516,1.00391,0.79122,6
2023-01-28,21.7696,-14.1054,5.3225,0.95835,0.98251,5.16555,5.45667,5.32436,5.34334,5.24292,5.30372,5.38719,5.19738,0.94516,1.00391,0.79122,6
2023-01-29,21.7696,-14.1054,5.7144,1.02312,0.95835,5.20409,5.35264,5.18816,5.19634,5.19161,5.17562,5.21333,5.20222,0.94516,1.00391,0.79122,6
2023-01-30,21.7696,-14.1054,5.2694,0.93783,1.02312,5.22864,5.74863,5.42261,5.47736,5.49043,5.5179,5.75755,5.60939,0.94516,1.00391,0.79122,6
2023-01-31,21.7696,-14.1054,5.4012,0.95594,0.93783,5.22875,5.2989,5.0945,5.06766,5.14932,5.16199,5.15973,5.1996,0.94516,1.00391,0.79122,6
2023-02-01,21.7696,-14.1054,4.4808,0.78852,0.95594,5.27732,5.43216,5.16661,5.0933,5.23087,5.19618,5.24653,5.29985,0.94516,1.00391,0.79122,6
2023-02-02,21.7696,-14.1054,5.4814,0.95829,0.78852,5.32173,4.51032,4.77983,4.65047,4.81214,4.72682,4.87721,4.80084,0.94516,1.00391,0.79122,6
2023-02-03,21.7696,-14.1054,4.2314,0.73558,0.95829,5.37764,5.51255,5.28803,5.20321,5.24038,5.17541,5.33547,5.31567,0.94516,1.00391,0.79122,6
2023-02-04,21.7696,-14.1054,5.1043,0.88332,0.73558,5.42443,4.25055,4.66243,4.63837,4.61357,4.52159,4.6352,4.76245,0.94516,1.00391,0.79122,6
2023-02-05,21.7696,-14.1054,4.1806,0.72022,0.88332,5.45348,5.12735,5.07456,5.09659,4.9887,5.02535,5.21775,5.19885,0.94516,1.00391,0.79122,6
2023-02-06,21.7696,-14.1054,5.7014,0.97787,0.72022,5.49046,4.19916,4.89813,4.95774,4.93223,4.93335,5.11301,5.14048,0.94516,1.00391,0.79122,6
2023-02-07,21.7696,-14.1054,6.1159,1.04464,0.97787,5.49863,5.72501,5.74362,5.75396,5.81706,5.79006,5.86762,5.75202,0.94516,1.00391,0.79122,6
2023-02-08,21.7696,-14.1054,5.669,0.9709,1.04464,5.41045,6.09957,5.80969,5.89789,5.81043,5.87253,5.70504,5.59169,0.94516,1.00391,0.79122,6
2023-02-09,21.7696,-14.1054,1.2694,0.21754,0.9709,5.37186,5.66536,5.35604,5.33749,5.31924,5.31136,5.14122,5.18429,0.94516,1.00391,0.79122,6
2023-02-10,21.7696,-14.1054,4.2242,0.72395,0.21754,5.34258,1.26935,3.83734,4.58278,3.73911,4.50488,3.65146,4.18971,0.94516,1.00391,0.79122,6
2023-02-11,21.7696,-14.1054,4.7321,0.80962,0.72395,5.33139,4.23137,4.79566,5.08867,4.59502,4.60093,4.27588,4.70604,0.94516,1.00391,0.79122,6
2023-02-12,21.7696,-14.1054,1.979,0.33761,0.80962,5.33544,4.74588,4.85375,4.74582,4.90935,4.76026,4.73948,4.94154,0.94516,1.00391,0.79122,6
2023-02-13,21.7696,-14.1054,0.9077,0.15414,0.33761,5.34457,1.98815,4.0241,4.11791,4.04256,4.05101,4.02956,4.73322,0.94516,1.00391,0.79122,6
2023-02-14,21.7696,-14.1054,5.063,0.85437,0.15414,5.39951,0.91341,3.82617,4.63077,3.901,4.4636,3.60787,4.87342,0.94516,1.00391,0.79122,6
2023-02-15,21.7696,-14.1054,5.2046,0.87309,0.85437,5.46089,5.09303,5.1468,5.36512,5.11723,4.93922,5.04116,5.05419,0.94516,1.00391,0.79122,6
2023-02-16,21.7696,-14.1054,5.441,0.90815,0.87309,5.47147,5.23096,5.63501,5.57976,5.52848,5.36981,5.75132,5.34869,0.94516,1.00391,0.79122,6
2023-02-17,21.7696,-14.1054,5.5874,0.93259,0.90815,5.43102,5.44098,5.81347,5.77081,5.67475,5.73223,5.32951,5.40222,0.94516,1.00391,0.79122,6
2023-02-18,21.7696,-14.1054,5.7761,0.96007,0.93259,5.44117,5.61078,5.756,5.77141,5.54441,5.65409,5.46603,5.47079,0.94516,1.00391,0.79122,6
2023-02-19,21.7696,-14.1054,5.177,0.85578,0.96007,5.47046,5.80789,5.43954,5.40014,5.30275,5.35711,5.11717,5.44463,0.94516,1.00391,0.79122,6
2023-02-20,21.7696,-14.1054,5.7413,0.94208,0.85578,5.53098,5.21532,5.06538,4.92061,5.04679,4.87229,4.96664,5.26709,0.94516,1.00391,0.79122,6
2023-02-21,21.7696,-14.1054,3.8261,0.62355,0.94208,5.59373,5.78065,5.74306,5.68043,5.70616,5.7405,5.84665,5.69142,0.94516,1.00391,0.79122,6
2023-02-22,21.7696,-14.1054,6.1454,0.99443,0.62355,5.68516,3.8534,4.88628,4.75958,4.76049,4.47316,4.75097,4.77762,0.94516,1.00391,0.79122,6
2023-02-23,21.7696,-14.1054,6.4097,1.02521,0.99443,5.83963,6.21726,6.16251,6.05562,6.12575,6.18059,6.46554,6.21677,0.94516,1.00391,0.79122,6
2023-02-24,21.7696,-14.1054,6.6103,1.04761,1.02521,5.94366,6.46898,6.32357,6.37298,6.28572,6.36276,6.48261,6.42751,0.94516,1.00391,0.79122,6
2023-02-25,21.7696,-14.1054,6.6564,1.04416,1.04761,6.04378,6.67843,6.36551,6.44416,6.34951,6.45993,6.32784,6.52553,0.94516,1.00391,0.79122,6
2023-02-26,21.7696,-14.1054,6.6557,1.03608,1.04416,6.11852,6.70756,6.29657,6.34404,6.35558,6.36542,6.32369,6.38361,0.94516,1.00391,0.79122,6
2023-02-27,21.7696,-14.1054,6.5532,1.01242,1.03608,6.18944,6.70633,6.25853,6.26919,6.28425,6.28683,6.37096,6.41091,0.94516,1.00391,0.79122,6
2023-02-28,21.7696,-14.1054,5.6594,0.87107,1.01242,6.20681,6.57781,6.38903,6.41763,6.45018,6.45631,6.47352,6.4932,0.94516,1.00391,0.79122,6
2023-03-01,21.7696,-14.1054,6.6053,1.01477,0.87107,6.1979,5.66991,6.23606,6.17847,6.2509,6.14283,6.37604,6.35713,0.94516,1.00391,0.79122,6
2023-03-02,21.7696,-14.1054,6.6427,1.01816,1.01477,6.18122,6.62058,6.42835,6.4072,6.46081,6.43573,6.49395,6.50111,0.94516,1.00391,0.79122,6
2023-03-03,21.7696,-14.1054,6.4781,0.98998,1.01816,6.23774,6.6625,6.51769,6.55446,6.52893,6.52556,6.72631,6.59737,0.94516,1.00391,0.79122,6
2023-03-04,21.7696,-14.1054,6.5585,0.99515,0.98998,6.33932,6.52442,6.42927,6.41768,6.48934,6.45537,6.3586,6.45606,0.94516,1.00391,0.79122,6
2023-03-05,21.7696,-14.1054,6.6893,1.00943,0.99515,6.39228,6.59469,6.48837,6.44477,6.45184,6.40795,6.44221,6.45348,0.94516,1.00391,0.79122,6
2023-03-06,21.7696,-14.1054,6.9514,1.04143,1.00943,6.4618,6.7378,6.60887,6.60284,6.60826,6.60752,6.66104,6.62138,0.94516,1.00391,0.79122,6
2023-03-07,21.7696,-14.1054,6.9233,1.03348,1.04143,6.46719,6.97659,6.62724,6.61358,6.62267,6.62994,6.50903,6.53268,0.94516,1.00391,0.79122,6
2023-03-08,21.7696,-14.1054,7.0246,1.04347,1.03348,6.4968,6.95732,6.61282,6.56847,6.63781,6.63447,6.61352,6.6044,0.94516,1.00391,0.79122,6
2023-03-09,21.7696,-14.1054,6.9936,1.03494,1.04347,6.50576,7.05126,6.78703,6.71822,6.67218,6.67946,6.80729,6.78244,0.94516,1.00391,0.79122,6
2023-03-10,21.7696,-14.1054,6.8558,1.00816,1.03494,6.57043,7.0379,6.84433,6.82006,6.73268,6.72962,6.85868,6.87644,0.94516,1.00391,0.79122,6
2023-03-11,21.7696,-14.1054,6.9401,1.01485,1.00816,6.60405,6.89435,6.76226,6.74642,6.80432,6.79944,6.80751,6.87052,0.94516,1.00391,0.79122,6
2023-03-12,21.7696,-14.1054,6.9588,1.01406,1.01485,6.62278,6.96422,6.76394,6.71593,6.85666,6.84392,6.86949,6.84728,0.94516,1.00391,0.79122,6
2023-03-13,21.7696,-14.1054,6.5006,0.94181,1.01406,6.64384,6.99928,6.86352,6.77437,6.83939,6.8313,6.81556,6.83614,0.94516,1.00391,0.79122,6
2023-03-14,21.7696,-14.1054,6.4786,0.9354,0.94181,6.63778,6.52302,6.41366,6.34816,6.47802,6.46522,6.35448,6.48643,0.94516,1.00391,0.79122,6
2023-03-15,21.7696,-14.1054,6.769,0.9717,0.9354,6.66462,6.51611,6.67588,6.57478,6.68293,6.67001,6.72696,6.70928,0.94516,1.00391,0.79122,6
2023-03-16,21.7696,-14.1054,5.479,0.7812,0.9717,6.72214,6.81509,6.68736,6.63491,6.68708,6.64276,6.469,6.57194,0.94516,1.00391,0.79122,6
2023-03-17,21.7696,-14.1054,6.4193,0.90905,0.7812,6.81529,5.5165,6.11261,6.27133,6.06611,6.11098,6.11198,6.29954,0.94516,1.00391,0.79122,6
2023-03-18,21.7696,-14.1054,6.5054,0.91498,0.90905,6.85084,6.46321,6.70362,6.74014,6.47263,6.43465,6.67935,6.61723,0.94516,1.00391,0.79122,6
2023-03-19,21.7696,-14.1054,7.1165,0.99585,0.91498,6.86872,6.53858,7.01799,6.93302,6.85376,6.77696,6.99155,6.77422,0.94516,1.00391,0.79122,6
2023-03-20,21.7696,-14.1054,7.0402,0.98153,0.99585,6.86535,7.14293,7.22802,7.11717,7.09952,7.10035,7.02862,6.99226,0.94516,1.00391,0.79122,6
2023-03-21,21.7696,-14.1054,7.0954,0.98785,0.98153,6.83555,7.05003,6.99301,7.0106,7.07756,7.06438,6.93405,7.02449,0.94516,1.00391,0.79122,6
2023-03-22,21.7696,-14.1054,5.6143,0.77815,0.98785,6.87423,7.12724,6.70107,6.60332,6.68226,6.58704,6.62367,6.70794,0.94516,1.00391,0.79122,6
2023-03-23,21.7696,-14.1054,7.1321,0.9862,0.77815,6.8673,5.62753,6.28697,6.10017,6.08705,5.87237,6.17838,6.14502,0.94516,1.00391,0.79122,6
2023-03-24,21.7696,-14.1054,6.8515,0.94523,0.9862,6.86827,7.14848,6.97651,6.89783,6.84032,6.88745,7.08783,6.77824,0.94516,1.00391,0.79122,6
2023-03-25,21.7696,-14.1054,6.9674,0.95893,0.94523,6.87,6.86779,6.94364,6.94499,7.04439,7.01051,7.04578,6.93092,0.94516,1.00391,0.79122,6
2023-03-26,21.7696,-14.1054,7.3793,1.0116,0.95893,6.92795,6.99515,7.03969,6.96295,7.11749,7.12203,6.93946,7.12513,0.94516,1.00391,0.79122,6
2023-03-27,21.7696,-14.1054,7.4933,1.0232,1.0116,6.9535,7.40833,7.20436,7.10802,7.26081,7.2497,7.33463,7.29294,0.94516,1.00391,0.79122,6
2023-03-28,21.7696,-14.1054,7.4738,1.01704,1.0232,6.98239,7.51905,7.25427,7.14849,7.10514,7.0382,7.19407,7.1182,0.94516,1.00391,0.79122,6
2023-03-29,21.7696,-14.1054,7.5038,1.0154,1.01704,7.06742,7.51595,7.22036,7.15868,7.11609,7.06083,7.07969,7.15326,0.94516,1.00391,0.79122,6
2023-03-30,21.7696,-14.1054,6.8069,0.91811,1.0154,7.12142,7.52818,7.30519,7.22901,7.23601,7.18956,7.31103,7.37072,0.94516,1.00391,0.79122,6
2023-03-31,21.7696,-14.1054,7.2617,0.97666,0.91811,7.14598,6.82637,6.98038,6.9085,6.93628,6.9128,6.93603,7.09917,0.94516,1.00391,0.79122,6
2023-04-01,21.7696,-14.1054,7.5362,1.01191,0.97666,7.14861,7.27366,7.21887,7.13254,7.1774,7.19465,7.21245,7.2901,0.94516,1.00391,0.79122,6
2023-04-02,21.7696,-14.1054,7.7184,1.03484,1.01191,7.15805,7.54741,7.48529,7.33658,7.46865,7.42876,7.51997,7.50658,0.94516,1.00391,0.79122,6
2023-04-03,21.7696,-14.1054,7.6315,1.02019,1.03484,7.19221,7.74108,7.46653,7.39079,7.49452,7.43544,7.49563,7.61135,0.94516,1.00391,0.79122,6
2023-04-04,21.7696,-14.1054,7.6524,1.02084,1.02019,7.18231,7.64751,7.35287,7.30068,7.34947,7.30471,7.33318,7.48918,0.94516,1.00391,0.79122,6
2023-04-05,21.7696,-14.1054,7.5739,1.0081,1.02084,7.18598,7.66964,7.52922,7.42539,7.34327,7.29452,7.44509,7.43274,0.94516,1.00391,0.79122,6
2023-04-06,21.7696,-14.1054,7.5996,1.01049,1.0081,7.16945,7.58165,7.40774,7.37866,7.21256,7.27335,7.32776,7.32826,0.94516,1.00391,0.79122,6
2023-04-07,21.7696,-14.1054,6.1555,0.81622,1.01049,7.20062,7.62055,7.29273,7.31232,7.32478,7.32743,7.10186,7.23175,0.94516,1.00391,0.79122,6
2023-04-08,21.7696,-14.1054,7.4138,0.97995,0.81622,7.23274,6.17512,6.66228,6.64927,6.73528,6.67159,6.55183,6.5509,0.94516,1.00391,0.79122,6
2023-04-09,21.7696,-14.1054,7.7722,1.02371,0.97995,7.25666,7.43996,7.18688,7.01567,7.14805,7.12409,7.16101,6.98906,0.94516,1.00391,0.79122,6
2023-04-10,21.7696,-14.1054,7.6375,1.00439,1.02371,7.23663,7.7844,7.52751,7.54644,7.48155,7.53869,7.51383,7.33509,0.94516,1.00391,0.79122,6
2023-04-11,21.7696,-14.1054,6.9302,0.91041,1.00439,7.23276,7.64561,7.49334,7.5367,7.4171,7.43124,7.4075,7.44257,0.94516,1.00391,0.79122,6
2023-04-12,21.7696,-14.1054,6.7829,0.8908,0.91041,7.23195,6.93219,6.99982,6.94468,6.95389,6.7171,6.8629,6.87546,0.94516,1.00391,0.79122,6
2023-04-13,21.7696,-14.1054,7.0966,0.93266,0.8908,7.17848,6.77811,7.08697,6.94882,6.74514,6.78405,6.80658,6.66841,0.94516,1.00391,0.79122,6
2023-04-14,21.7696,-14.1054,7.2516,0.95078,0.93266,7.20374,7.11336,7.10055,7.03448,7.12236,7.0321,7.05033,6.96314,0.94516,1.00391,0.79122,6
2023-04-15,21.7696,-14.1054,4.7599,0.62284,0.95078,7.21341,7.26614,7.15507,7.08238,7.2155,7.1657,7.12776,7.18515,0.94516,1.00391,0.79122,6
2023-04-16,21.7696,-14.1054,7.8029,1.0181,0.62284,7.24697,4.77356,6.30775,6.21865,6.11396,6.56347,6.14573,6.4395,0.94516,1.00391,0.79122,6
2023-04-17,21.7696,-14.1054,7.6234,0.99163,1.0181,7.29418,7.82686,7.8481,7.49281,7.57535,7.57522,7.61365,7.37396,0.94516,1.00391,0.79122,6
2023-04-18,21.7696,-14.1054,7.9286,1.02842,0.99163,7.33555,7.64503,7.82324,7.69199,7.48728,7.50797,7.64814,7.33282,0.94516,1.00391,0.79122,6
2023-04-19,21.7696,-14.1054,8.0549,1.04158,1.02842,7.42175,7.95312,7.87762,7.86303,7.65528,7.83113,7.55513,7.70106,0.94516,1.00391,0.79122,6
2023-04-20,21.7696,-14.1054,7.2845,0.94032,1.04158,7.4552,8.0689,7.71562,7.82501,7.67358,7.80322,7.47524,7.58969,0.94516,1.00391,0.79122,6
2023-04-21,21.7696,-14.1054,7.9034,1.01846,0.94032,7.46926,7.29706,7.07289,7.13577,7.08309,7.11637,6.96844,7.10764,0.94516,1.00391,0.79122,6
2023-04-22,21.7696,-14.1054,7.9243,1.02028,1.01846,7.45045,7.91012,7.36412,7.31441,7.24316,7.32407,7.25903,7.15587,0.94516,1.00391,0.79122,6
2023-04-23,21.7696,-14.1054,7.5007,0.96437,1.02028,7.44749,7.93557,7.23894,7.25032,7.21445,7.27136,7.22417,7.25406,0.94516,1.00391,0.79122,6
2023-04-24,21.7696,-14.1054,8.1017,1.04195,0.96437,7.45747,7.49848,7.40846,7.40204,7.34079,7.33123,7.51486,7.5068,0.94516,1.00391,0.79122,6
2023-04-25,21.7696,-14.1054,7.7328,0.99271,1.04195,7.50019,8.11639,7.5391,7.46831,7.5287,7.50511,7.54566,7.60127,0.94516,1.00391,0.79122,6
2023-04-26,21.7696,-14.1054,7.915,1.01264,0.99271,7.56822,7.75923,7.61321,7.59969,7.58756,7.53167,7.84951,7.76538,0.94516,1.00391,0.79122,6
2023-04-27,21.7696,-14.1054,7.7604,0.98999,1.01264,7.62025,7.93793,7.85856,7.76318,7.74372,7.70754,7.80548,7.77959,0.94516,1.00391,0.79122,6
2023-04-28,21.7696,-14.1054,7.8468,0.9983,0.98999,7.65784,7.78151,7.80087,7.75484,7.7559,7.70157,7.76511,7.81715,0.94516,1.00391,0.79122,6
2023-04-29,21.7696,-14.1054,8.0213,1.01989,0.9983,7.6502,7.85145,7.78971,7.70837,7.74601,7.69983,7.69504,7.75198,0.94516,1.00391,0.79122,6
2023-04-30,21.7696,-14.1054,7.9567,1.01071,1.01989,7.66267,8.02901,7.8128,7.7243,7.83065,7.81474,7.84555,7.8251,0.94516,1.00391,0.79122,6
2023-05-01,21.7696,-14.1054,8.009,1.01728,1.01071,7.65748,7.95722,7.82793,7.70397,7.83815,7.81988,7.79612,7.8374,0.94516,1.00391,0.79122,6
2023-05-02,21.7696,-14.1054,7.9949,1.01608,1.01728,7.62145,8.00439,7.90025,7.72482,7.77593,7.71818,7.78206,7.74727,0.94516,1.00391,0.79122,6
2023-05-03,21.7696,-14.1054,7.9627,1.01328,1.01608,7.5718,7.98467,7.79217,7.68002,7.72563,7.63612,7.78037,7.75778,0.94516,1.00391,0.79122,6
2023-05-04,21.7696,-14.1054,7.8775,1.00411,1.01328,7.51554,7.94948,7.48841,7.42784,7.39411,7.31669,7.39356,7.58162,0.94516,1.00391,0.79122,6
2023-05-05,21.7696,-14.1054,7.7342,0.98551,1.00411,7.52606,7.88014,7.66723,7.5705,7.61753,7.58397,7.77648,7.80583,0.94516,1.00391,0.79122,6
2023-05-06,21.7696,-14.1054,7.673,0.97721,0.98551,7.53904,7.7382,7.55891,7.48199,7.47027,7.4089,7.50724,7.65098,0.94516,1.00391,0.79122,6
2023-05-07,21.7696,-14.1054,7.2264,0.91983,0.97721,7.56914,7.6772,7.81099,7.70613,7.71336,7.68152,8.02141,7.92612,0.94516,1.00391,0.79122,6
2023-05-08,21.7696,-14.1054,7.4165,0.94377,0.91983,7.58566,7.22836,7.7392,7.68124,7.76552,7.70356,7.71483,7.69259,0.94516,1.00391,0.79122,6
2023-05-09,21.7696,-14.1054,8.2411,1.04603,0.94377,7.62596,7.43542,7.71798,7.6533,7.83602,7.77022,7.63349,7.55214,0.94516,1.00391,0.79122,6
2023-05-10,21.7696,-14.1054,7.673,0.97325,1.04603,7.61018,8.24683,7.67005,7.66963,7.88032,7.85701,7.64127,7.60758,0.94516,1.00391,0.79122,6
2023-05-11,21.7696,-14.1054,6.5345,0.82894,0.97325,7.56987,7.67204,7.46226,7.41603,7.44116,7.42034,7.34371,7.27028,0.94516,1.00391,0.79122,6
2023-05-12,21.7696,-14.1054,7.2084,0.91379,0.82894,7.57401,6.53911,6.86389,6.82102,6.70001,6.73251,6.67184,6.70838,0.94516,1.00391,0.79122,6
2023-05-13,21.7696,-14.1054,6.2597,0.79362,0.91379,7.59647,7.20747,7.15082,7.18631,7.08201,7.03228,7.1454,6.93774,0.94516,1.00391,0.79122,6
2023-05-14,21.7696,-14.1054,5.7967,0.73437,0.79362,7.61823,6.26446,6.90329,6.92295,6.77364,6.71528,6.87356,6.67109,0.94516,1.00391,0.79122,6
2023-05-15,21.7696,-14.1054,6.9982,0.88672,0.73437,7.61662,5.79579,6.51093,6.68423,6.50565,6.49567,6.43649,6.72358,0.94516,1.00391,0.79122,6
2023-05-16,21.7696,-14.1054,6.8503,0.86813,0.88672,7.61506,6.99696,6.96912,7.04163,6.89576,7.06,7.10333,7.20988,0.94516,1.00391,0.79122,6
2023-05-17,21.7696,-14.1054,7.8199,0.99087,0.86813,7.64714,6.85128,7.22187,7.22762,7.14026,7.19341,7.33268,7.14807,0.94516,1.00391,0.79122,6
2023-05-18,21.7696,-14.1054,7.759,0.98117,0.99087,7.69997,7.83568,8.01467,7.82844,7.81191,7.7693,7.91515,7.56056,0.94516,1.00391,0.79122,6
2023-05-19,21.7696,-14.1054,7.7282,0.97487,0.98117,7.75929,7.77815,7.91436,7.85326,7.69805,7.75232,7.73249,7.59238,0.94516,1.00391,0.79122,6
2023-05-20,21.7696,-14.1054,8.2543,1.03964,0.97487,7.79271,7.74002,7.60764,7.67091,7.59625,7.7162,7.52647,7.5364,0.94516,1.00391,0.79122,6
2023-05-21,21.7696,-14.1054,8.1814,1.0305,1.03964,7.78181,8.25403,7.92877,7.94986,7.90559,7.92928,7.77186,7.70391,0.94516,1.00391,0.79122,6
2023-05-22,21.7696,-14.1054,7.7318,0.97457,1.0305,7.75139,8.17551,7.95687,8.03391,7.88147,7.90533,7.77142,7.72478,0.94516,1.00391,0.79122,6
2023-05-23,21.7696,-14.1054,7.1755,0.90501,0.97457,7.7473,7.72699,7.62174,7.75295,7.54646,7.7082,7.55961,7.63906,0.94516,1.00391,0.79122,6
2023-05-24,21.7696,-14.1054,5.5848,0.70636,0.90501,7.67466,7.15537,7.19889,7.41933,7.13109,7.49574,7.2312,7.36013,0.94516,1.00391,0.79122,6
2023-05-25,21.7696,-14.1054,4.0786,0.51674,0.70636,7.672,5.57533,6.3501,6.81477,6.47629,6.9692,6.37883,6.61965,0.94516,1.00391,0.79122,6
2023-05-26,21.7696,-14.1054,3.4526,0.43824,0.51674,7.68245,4.07107,6.05711,6.65469,5.82337,6.97417,5.7851,6.48406,0.94516,1.00391,0.79122,6
2023-05-27,21.7696,-14.1054,6.8446,0.87103,0.43824,7.62161,3.44367,5.83679,6.67877,5.76146,6.70076,5.75538,6.76685,0.94516,1.00391,0.79122,6
2023-05-28,21.7696,-14.1054,7.1093,0.90736,0.87103,7.54963,6.82467,6.78129,7.20158,6.87354,7.07817,6.68695,6.99656,0.94516,1.00391,0.79122,6
2023-05-29,21.7696,-14.1054,6.2726,0.80267,0.90736,7.49455,7.09068,7.0401,7.01472,6.98198,7.11338,6.84367,7.02303,0.94516,1.00391,0.79122,6
2023-05-30,21.7696,-14.1054,7.4736,0.95811,0.80267,7.46712,6.26113,6.90849,7.02216,6.77525,6.93438,6.68413,7.1209,0.94516,1.00391,0.79122,6
2023-05-31,21.7696,-14.1054,7.6615,0.98355,0.95811,7.43199,7.46333,7.40152,7.24985,7.24778,7.21787,7.11866,7.17003,0.94516,1.00391,0.79122,6
2023-06-01,21.7696,-14.1054,8.0846,1.03831,0.98355,7.41707,7.65826,7.48254,7.45306,7.2027,7.23275,7.15129,7.30316,0.94516,1.00391,0.79122,6
2023-06-02,21.7696,-14.1054,8.3119,1.07159,1.03831,7.35977,8.05373,7.61999,7.63574,7.28684,7.36352,7.38422,7.33927,0.94516,1.00391,0.79122,6
2023-06-03,21.7696,-14.1054,8.226,1.06283,1.07159,7.32439,8.2938,7.85119,7.91786,7.55785,7.60573,7.52842,7.25636,0.94516,1.00391,0.79122,6
2023-06-04,21.7696,-14.1054,7.7515,1.00332,1.06283,7.30206,8.21128,7.75394,7.85289,7.63794,7.58555,7.40802,7.47952,0.94516,1.00391,0.79122,6
2023-06-05,21.7696,-14.1054,7.7678,1.007,1.00332,7.3054,7.7394,7.65107,7.7311,7.68436,7.6144,7.53218,7.58519,0.94516,1.00391,0.79122,6
2023-06-06,21.7696,-14.1054,7.945,1.03013,1.007,7.31536,7.76663,7.63405,7.67497,7.68959,7.63214,7.67759,7.84092,0.94516,1.00391,0.79122,6
2023-06-07,21.7696,-14.1054,7.2132,0.93622,1.03013,7.29249,7.93672,7.7471,7.7581,7.71156,7.67189,7.76817,7.89593,0.94516,1.00391,0.79122,6
2023-06-08,21.7696,-14.1054,7.7868,1.0109,0.93622,7.32173,7.21157,6.91174,7.02877,6.90281,7.05675,6.77545,7.18189,0.94516,1.00391,0.79122,6
2023-06-09,21.7696,-14.1054,8.0006,1.03954,1.0109,7.30448,7.78018,7.44094,7.38609,7.43359,7.41546,7.66254,7.51257,0.94516,1.00391,0.79122,6
2023-06-10,21.7696,-14.1054,7.8998,1.0275,1.03954,7.27269,7.99234,7.81374,7.78458,7.74524,7.71578,7.93461,7.79408,0.94516,1.00391,0.79122,6
2023-06-11,21.7696,-14.1054,8.1672,1.06372,1.0275,7.28033,7.88908,7.66201,7.72098,7.78591,7.74872,7.72894,7.75601,0.94516,1.00391,0.79122,6
2023-06-12,21.7696,-14.1054,8.2068,1.06826,1.06372,7.30195,8.17197,7.72647,7.80736,7.85093,7.81204,7.8959,7.85682,0.94516,1.00391,0.79122,6
2023-06-13,21.7696,-14.1054,7.8473,1.02175,1.06826,7.315,8.20447,7.84632,7.90324,7.85008,7.82841,8.0101,7.92367,0.94516,1.00391,0.79122,6
2023-06-14,21.7696,-14.1054,7.7551,1.00995,1.02175,7.3318,7.84574,7.75096,7.78245,7.72823,7.67012,7.74455,7.84239,0.94516,1.00391,0.79122,6
2023-06-15,21.7696,-14.1054,7.937,1.03455,1.00995,7.33901,7.74826,7.66266,7.68057,7.70101,7.63026,7.66999,7.71343,0.94516,1.00391,0.79122,6
2023-06-16,21.7696,-14.1054,7.8101,1.01929,1.03455,7.33572,7.92699,7.5757,7.6298,7.69585,7.61335,7.52203,7.62729,0.94516,1.00391,0.79122,6
2023-06-17,21.7696,-14.1054,6.569,0.85572,1.01929,7.373,7.82467,7.56503,7.59034,7.60953,7.5564,7.51764,7.59936,0.94516,1.00391,0.79122,6
2023-06-18,21.7696,-14.1054,7.6306,0.99381,0.85572,7.39153,6.57037,6.89087,7.00515,6.87637,7.03642,6.86083,6.89206,0.94516,1.00391,0.79122,6
2023-06-19,21.7696,-14.1054,7.8199,1.0183,0.99381,7.39018,7.63179,7.42904,7.34295,7.35792,7.34613,7.53028,7.44228,0.94516,1.00391,0.79122,6
2023-06-20,21.7696,-14.1054,7.8571,1.02351,1.0183,7.38105,7.81713,7.69262,7.55324,7.64325,7.58254,7.79278,7.77079,0.94516,1.00391,0.79122,6
2023-06-21,21.7696,-14.1054,7.9121,1.03088,1.02351,7.40559,7.85555,7.74306,7.64412,7.72419,7.63308,7.81833,7.83187,0.94516,1.00391,0.79122,6
2023-06-22,21.7696,-14.1054,7.4702,0.9723,1.03088,7.45042,7.92023,7.66038,7.64102,7.73028,7.63795,7.78527,7.82885,0.94516,1.00391,0.79122,6
2023-06-23,21.7696,-14.1054,6.745,0.87759,0.9723,7.47052,7.47294,7.0495,7.18154,7.21635,7.25498,7.05027,7.14211,0.94516,1.00391,0.79122,6
2023-06-24,21.7696,-14.1054,7.4878,0.97321,0.87759,7.51536,6.75213,6.94496,7.10252,6.9183,7.13091,6.99751,6.92444,0.94516,1.00391,0.79122,6
2023-06-25,21.7696,-14.1054,7.9231,1.03016,0.97321,7.54024,7.48505,7.5752,7.5317,7.41434,7.42529,7.64395,7.48208,0.94516,1.00391,0.79122,6
2023-06-26,21.7696,-14.1054,7.8367,1.01868,1.03016,7.54854,7.92503,7.92241,7.73976,7.85308,7.76612,8.0922,7.96505,0.94516,1.00391,0.79122,6
2023-06-27,21.7696,-14.1054,7.8914,1.02764,1.01868,7.55163,7.8226,7.58931,7.58213,7.69701,7.62909,7.61305,7.62676,0.94516,1.00391,0.79122,6
2023-06-28,21.7696,-14.1054,7.6776,1.00021,1.02764,7.56051,7.88814,7.63273,7.63896,7.70362,7.60317,7.68112,7.57764,0.94516,1.00391,0.79122,6
2023-06-29,21.7696,-14.1054,6.8076,0.88948,1.00021,7.52062,7.65504,7.6412,7.63185,7.60989,7.53973,7.58369,7.60998,0.94516,1.00391,0.79122,6
2023-06-30,21.7696,-14.1054,7.0754,0.92646,0.88948,7.49298,6.79301,6.96268,7.17447,7.09549,7.24751,6.87887,7.12763,0.94516,1.00391,0.79122,6
2023-07-01,21.7696,-14.1054,6.9773,0.91437,0.92646,7.47645,7.06956,7.66388,7.54464,7.48416,7.42764,7.73421,7.55643,0.94516,1.00391,0.79122,6
2023-07-02,21.7696,-14.1054,7.013,0.91965,0.91437,7.48361,6.97276,7.52136,7.47619,7.49564,7.43714,7.51776,7.45656,0.94516,1.00391,0.79122,6
2023-07-03,21.7696,-14.1054,7.404,0.97133,0.91965,7.49515,7.01003,7.04598,7.16549,7.30007,7.3228,7.41667,7.42195,0.94516,1.00391,0.79122,6
2023-07-04,21.7696,-14.1054,6.9173,0.90922,0.97133,7.46884,7.38985,7.36496,7.39545,7.58037,7.55257,7.5905,7.54223,0.94516,1.00391,0.79122,6
2023-07-05,21.7696,-14.1054,6.0134,0.79074,0.90922,7.47352,6.91436,7.34451,7.36315,7.34112,7.45851,7.39516,7.44452,0.94516,1.00391,0.79122,6
2023-07-06,21.7696,-14.1054,5.82,0.76769,0.79074,7.4339,5.99475,6.8803,7.21284,6.96448,7.2794,6.96006,7.03585,0.94516,1.00391,0.79122,6
2023-07-07,21.7696,-14.1054,7.159,0.94783,0.76769,7.38086,5.79844,6.36706,6.78841,6.4101,6.76679,6.07194,6.50657,0.94516,1.00391,0.79122,6
2023-07-08,21.7696,-14.1054,7.3354,0.97299,0.94783,7.36042,7.14569,7.27072,7.3346,7.06466,7.11616,7.16762,7.18415,0.94516,1.00391,0.79122,6
2023-07-09,21.7696,-14.1054,7.3502,0.97707,0.97299,7.33377,7.31949,7.51335,7.39142,7.30833,7.23342,7.56548,7.40209,0.94516,1.00391,0.79122,6
2023-07-10,21.7696,-14.1054,7.0582,0.94036,0.97707,7.26684,7.33374,7.30597,7.22225,7.42752,7.40239,7.35318,7.34707,0.94516,1.00391,0.79122,6
2023-07-11,21.7696,-14.1054,6.7459,0.90122,0.94036,7.2192,7.0389,7.17055,7.14809,7.41421,7.39712,7.22729,7.31112,0.94516,1.00391,0.79122,6
2023-07-12,21.7696,-14.1054,7.0274,0.93908,0.90122,7.2243,6.74405,7.06334,7.12072,7.11596,7.15018,7.12664,7.13993,0.94516,1.00391,0.79122,6
2023-07-13,21.7696,-14.1054,7.218,0.96558,0.93908,7.22131,7.01997,7.2704,7.25546,7.23995,7.17833,7.32748,7.22432,0.94516,1.00391,0.79122,6
2023-07-14,21.7696,-14.1054,7.0114,0.9365,0.96558,7.25613,7.22909,7.08319,7.19499,7.2149,7.29363,7.05833,7.16475,0.94516,1.00391,0.79122,6
2023-07-15,21.7696,-14.1054,6.2578,0.83572,0.9365,7.26147,7.01244,7.2541,7.17282,7.1348,7.12119,7.18508,7.07867,0.94516,1.00391,0.79122,6
2023-07-16,21.7696,-14.1054,7.1028,0.9495,0.83572,7.25885,6.25165,6.97119,7.07222,6.86117,6.96301,6.95191,6.87723,0.94516,1.00391,0.79122,6
2023-07-17,21.7696,-14.1054,7.2178,0.96666,0.9495,7.23166,7.08969,7.59244,7.38264,7.4287,7.27385,7.76698,7.61015,0.94516,1.00391,0.79122,6
2023-07-18,21.7696,-14.1054,7.3157,0.98342,0.96666,7.1752,7.19098,7.35174,7.21317,7.41769,7.27416,7.19728,7.30424,0.94516,1.00391,0.79122,6
2023-07-19,21.7696,-14.1054,7.3013,0.98194,0.98342,7.19256,7.3123,6.88867,6.92637,7.10058,7.15134,6.80295,7.04423,0.94516,1.00391,0.79122,6
2023-07-20,21.7696,-14.1054,6.7298,0.90734,0.98194,7.16411,7.28314,6.79088,6.97125,6.95123,7.16606,6.95698,7.00362,0.94516,1.00391,0.79122,6
2023-07-21,21.7696,-14.1054,6.1536,0.82917,0.90734,7.18753,6.73373,7.11968,7.12523,7.05036,7.2257,7.42147,7.19304,0.94516,1.00391,0.79122,6
2023-07-22,21.7696,-14.1054,7.141,0.96242,0.82917,7.18834,6.15232,7.32467,7.23634,7.19125,7.09007,7.20217,7.21367,0.94516,1.00391,0.79122,6
2023-07-23,21.7696,-14.1054,6.8746,0.93148,0.96242,7.08886,7.10297,7.27445,7.15273,7.27999,7.11147,6.96595,7.06752,0.94516,1.00391,0.79122,6
2023-07-24,21.7696,-14.1054,6.4975,0.88194,0.93148,7.05702,6.86246,7.20064,7.0674,7.1003,6.93412,7.06038,6.87875,0.94516,1.00391,0.79122,6
2023-07-25,21.7696,-14.1054,7.3618,0.99784,0.88194,7.11403,6.50673,6.61557,6.61378,6.69186,6.81124,6.38408,6.43975,0.94516,1.00391,0.79122,6
2023-07-26,21.7696,-14.1054,6.5892,0.89092,0.99784,7.17911,7.37993,6.99523,6.95654,7.06227,7.12528,7.04621,7.07236,0.94516,1.00391,0.79122,6
2023-07-27,21.7696,-14.1054,6.4054,0.8661,0.89092,7.18735,6.58901,6.7755,6.9466,6.96259,7.14735,6.7759,6.9824,0.94516,1.00391,0.79122,6
2023-07-28,21.7696,-14.1054,7.6106,1.02781,0.8661,7.21131,6.41317,6.90172,7.0943,6.8451,6.96109,6.97954,7.0877,0.94516,1.00391,0.79122,6
2023-07-29,21.7696,-14.1054,6.977,0.94409,1.02781,7.18619,7.59572,7.60045,7.41618,7.48468,7.35779,7.74333,7.6406,0.94516,1.00391,0.79122,6
2023-07-30,21.7696,-14.1054,7.3682,0.99849,0.94409,7.1795,6.96674,6.8622,6.84696,7.0692,7.08996,6.87161,6.92355,0.94516,1.00391,0.79122,6
2023-07-31,21.7696,-14.1054,7.0721,0.95943,0.99849,7.17712,7.36001,7.07136,7.08408,7.12054,7.15289,7.1032,7.07445,0.94516,1.00391,0.79122,6
2023-08-01,21.7696,-14.1054,7.3618,0.99892,0.95943,7.18139,7.07078,7.0889,7.11428,7.2047,7.24281,7.32347,7.2299,0.94516,1.00391,0.79122,6
2023-08-02,21.7696,-14.1054,7.1688,0.9723,0.99892,7.1961,7.36502,7.29949,7.30163,7.45252,7.53907,7.57616,7.61257,0.94516,1.00391,0.79122,6
2023-08-03,21.7696,-14.1054,7.1993,0.97687,0.9723,7.19478,7.16564,7.30532,7.29511,7.37682,7.38272,7.35131,7.43332,0.94516,1.00391,0.79122,6
2023-08-04,21.7696,-14.1054,7.3718,0.99928,0.97687,7.20729,7.20647,7.3428,7.30812,7.33798,7.29584,7.29846,7.35314,0.94516,1.00391,0.79122,6
2023-08-05,21.7696,-14.1054,7.7261,1.04963,0.99928,7.16092,7.3555,7.35095,7.29283,7.38845,7.38484,7.46677,7.48834,0.94516,1.00391,0.79122,6
2023-08-06,21.7696,-14.1054,7.2857,0.98987,1.04963,7.15735,7.72559,7.58499,7.45913,7.47576,7.41865,7.43047,7.54312,0.94516,1.00391,0.79122,6
2023-08-07,21.7696,-14.1054,7.2814,0.98728,0.98987,7.22388,7.3005,7.65154,7.4278,7.5653,7.42976,7.56441,7.52765,0.94516,1.00391,0.79122,6
2023-08-08,21.7696,-14.1054,7.363,0.9995,0.98728,7.21304,7.27298,7.46991,7.27421,7.61301,7.4843,7.64471,7.52867,0.94516,1.00391,0.79122,6
2023-08-09,21.7696,-14.1054,7.194,0.97943,0.9995,7.19018,7.34143,7.35546,7.17253,7.53561,7.42256,7.44456,7.36273,0.94516,1.00391,0.79122,6
2023-08-10,21.7696,-14.1054,6.0259,0.82323,0.97943,7.13426,7.16925,7.15857,7.05594,7.4227,7.36997,7.16521,7.16582,0.94516,1.00391,0.79122,6
2023-08-11,21.7696,-14.1054,5.8598,0.80233,0.82323,7.08441,6.01238,6.38116,6.73448,6.61638,6.96069,6.2397,6.45651,0.94516,1.00391,0.79122,6
2023-08-12,21.7696,-14.1054,6.8395,0.94078,0.80233,6.98578,5.83301,6.25995,6.72451,6.25764,6.55841,6.21008,6.3074,0.94516,1.00391,0.79122,6
2023-08-13,21.7696,-14.1054,7.0577,0.97166,0.94078,6.97357,6.83338,7.01723,7.09137,6.93057,6.92705,7.05677,7.00101,0.94516,1.00391,0.79122,6
2023-08-14,21.7696,-14.1054,7.5202,1.03694,0.97166,6.95092,7.04679,6.85873,6.94634,6.97578,7.0521,7.04975,7.07095,0.94516,1.00391,0.79122,6
2023-08-15,21.7696,-14.1054,6.7385,0.93008,1.03694,6.93285,7.51268,7.304,7.16262,7.27766,7.15419,7.5233,7.31146,0.94516,1.00391,0.79122,6
2023-08-16,21.7696,-14.1054,6.6854,0.92482,0.93008,6.91733,6.72347,7.05093,6.91512,7.10621,6.88504,7.0966,6.95864,0.94516,1.00391,0.79122,6
2023-08-17,21.7696,-14.1054,6.3564,0.88127,0.92482,6.88271,6.67051,6.49122,6.7029,6.49432,6.62835,6.35811,6.35092,0.94516,1.00391,0.79122,6
2023-08-18,21.7696,-14.1054,6.9629,0.9691,0.88127,6.84193,6.33186,6.74382,6.82562,6.42946,6.51023,6.75065,6.49318,0.94516,1.00391,0.79122,6
2023-08-19,21.7696,-14.1054,6.7522,0.94375,0.9691,6.80537,6.93353,6.99053,6.94755,7.0091,6.88694,6.96174,6.85675,0.94516,1.00391,0.79122,6
2023-08-20,21.7696,-14.1054,6.6166,0.92509,0.94375,6.8077,6.75004,6.54312,6.61053,6.61333,6.59164,6.29278,6.37117,0.94516,1.00391,0.79122,6
2023-08-21,21.7696,-14.1054,5.6657,0.79422,0.92509,6.78483,6.5993,6.27594,6.49548,6.322,6.54885,6.29307,6.42324,0.94516,1.00391,0.79122,6
2023-08-22,21.7696,-14.1054,6.8582,0.96211,0.79422,6.78133,5.66143,5.94878,6.33181,5.87516,6.39896,6.13766,6.0577,0.94516,1.00391,0.79122,6
2023-08-23,21.7696,-14.1054,6.7486,0.94877,0.96211,6.73164,6.84347,6.66125,6.82989,6.53211,6.58222,6.52,6.48065,0.94516,1.00391,0.79122,6
2023-08-24,21.7696,-14.1054,5.2421,0.73763,0.94877,6.73197,6.74262,6.48997,6.62478,6.5301,6.57814,6.38298,6.39424,0.94516,1.00391,0.79122,6
2023-08-25,21.7696,-14.1054,6.6994,0.94334,0.73763,6.7479,5.23852,5.92231,6.29411,5.76832,6.18742,5.94632,6.08589,0.94516,1.00391,0.79122,6
2023-08-26,21.7696,-14.1054,6.6734,0.94109,0.94334,6.7483,6.6893,6.71062,6.87489,6.50756,6.53273,6.75054,6.67533,0.94516,1.00391,0.79122,6
2023-08-27,21.7696,-14.1054,6.7584,0.95402,0.94109,6.75996,6.66686,6.4397,6.58506,6.59385,6.75417,6.50196,6.60984,0.94516,1.00391,0.79122,6
2023-08-28,21.7696,-14.1054,6.4694,0.91606,0.95402,6.71833,6.73744,6.82052,6.87708,6.89942,6.94169,6.61566,6.67777,0.94516,1.00391,0.79122,6
2023-08-29,21.7696,-14.1054,6.9053,0.97927,0.91606,6.69849,6.45959,6.75996,6.78555,6.68888,6.69514,6.56861,6.67769,0.94516,1.00391,0.79122,6
2023-08-30,21.7696,-14.1054,7.1885,1.02261,0.97927,6.67163,6.88386,6.94304,6.89585,6.7343,6.646,7.13393,6.82505,0.94516,1.00391,0.79122,6
2023-08-31,21.7696,-14.1054,6.834,0.97464,1.02261,6.60318,7.17029,6.72314,6.72568,6.81915,6.8616,6.83817,6.75772,0.94516,1.00391,0.79122,6
2023-09-01,21.7696,-14.1054,5.4,0.77177,0.97464,6.60317,6.81946,6.39347,6.44183,6.50648,6.6731,6.36423,6.5018,0.94516,1.00391,0.79122,6
2023-09-02,21.7696,-14.1054,6.9444,0.99491,0.77177,6.55106,5.38693,6.00781,6.27566,6.13961,6.61407,6.2273,6.2621,0.94516,1.00391,0.79122,6
2023-09-03,21.7696,-14.1054,7.1998,1.03242,0.99491,6.54688,6.93819,6.98275,6.9414,6.98407,7.04212,6.9872,6.90207,0.94516,1.00391,0.79122,6
2023-09-04,21.7696,-14.1054,7.3303,1.05439,1.03242,6.54291,7.1776,7.08261,6.99161,6.85537,6.7887,6.84488,6.90865,0.94516,1.00391,0.79122,6
2023-09-05,21.7696,-14.1054,6.9065,0.99334,1.05439,6.55885,7.33092,7.03686,7.00238,6.92603,6.86767,6.90913,6.83328,0.94516,1.00391,0.79122,6
2023-09-06,21.7696,-14.1054,6.8294,0.9844,0.99334,6.53014,6.89144,6.52466,6.42635,6.49307,6.46289,6.34265,6.35002,0.94516,1.00391,0.79122,6
2023-09-07,21.7696,-14.1054,6.4558,0.93243,0.9844,6.55226,6.81563,6.44291,6.45128,6.50395,6.50553,6.41572,6.37976,0.94516,1.00391,0.79122,6
2023-09-08,21.7696,-14.1054,6.6235,0.96048,0.93243,6.50901,6.43007,6.27015,6.33489,6.27127,6.39121,6.22817,6.13477,0.94516,1.00391,0.79122,6
2023-09-09,21.7696,-14.1054,6.5894,0.95886,0.96048,6.47669,6.60056,6.42555,6.50821,6.42028,6.51762,6.53859,6.51268,0.94516,1.00391,0.79122,6
2023-09-10,21.7696,-14.1054,6.0835,0.88764,0.95886,6.45624,6.57157,6.63278,6.67267,6.69889,6.72021,6.69944,6.65798,0.94516,1.00391,0.79122,6
2023-09-11,21.7696,-14.1054,6.143,0.89917,0.88764,6.41114,6.06425,6.06844,6.22051,6.05177,6.19165,5.76042,5.90549,0.94516,1.00391,0.79122,6
2023-09-12,21.7696,-14.1054,6.2134,0.91157,0.89917,6.36196,6.12888,5.97247,6.20186,5.83589,6.00629,6.05838,6.06358,0.94516,1.00391,0.79122,6
2023-09-13,21.7696,-14.1054,6.7116,0.98796,0.91157,6.34362,6.19265,6.24988,6.36675,6.15446,6.17232,6.22012,6.1427,0.94516,1.00391,0.79122,6
2023-09-14,21.7696,-14.1054,6.6658,0.98344,0.98796,6.32582,6.69642,6.60568,6.66037,6.59062,6.56626,6.50645,6.51747,0.94516,1.00391,0.79122,6
2023-09-15,21.7696,-14.1054,6.8196,1.01018,0.98344,6.31696,6.6391,6.71439,6.70122,6.65,6.57602,6.75503,6.70932,0.94516,1.00391,0.79122,6
2023-09-16,21.7696,-14.1054,5.4077,0.80285,1.01018,6.29338,6.80422,6.70048,6.70387,6.65687,6.56905,6.63298,6.60109,0.94516,1.00391,0.79122,6
2023-09-17,21.7696,-14.1054,6.4495,0.96039,0.80285,6.28085,5.3915,5.9624,6.0113,5.99895,6.01596,5.80361,5.7963,0.94516,1.00391,0.79122,6
2023-09-18,21.7696,-14.1054,4.6327,0.69319,0.96039,6.1792,6.41843,6.20667,6.34993,6.11345,6.06686,5.93575,5.89344,0.94516,1.00391,0.79122,6
2023-09-19,21.7696,-14.1054,5.9266,0.88991,0.69319,6.11889,4.61649,5.41501,5.64313,5.33694,5.56678,5.39321,5.2146,0.94516,1.00391,0.79122,6
2023-09-20,21.7696,-14.1054,6.0682,0.91677,0.88991,6.05863,5.89042,6.01726,6.22775,6.10928,6.14603,6.11173,6.13849,0.94516,1.00391,0.79122,6
2023-09-21,21.7696,-14.1054,6.0086,0.91205,0.91677,6.04079,6.0397,6.15899,6.25614,6.21847,6.22088,6.00207,6.008,0.94516,1.00391,0.79122,6
2023-09-22,21.7696,-14.1054,6.2873,0.95766,0.91205,6.02949,5.98784,5.908,6.04203,5.9367,6.01075,5.74273,5.78182,0.94516,1.00391,0.79122,6
2023-09-23,21.7696,-14.1054,6.3391,0.96762,0.95766,6.00652,6.2739,6.33459,6.3055,6.09671,6.05525,6.4721,6.27659,0.94516,1.00391,0.79122,6
2023-09-24,21.7696,-14.1054,6.4507,0.98812,0.96762,5.98614,6.31687,6.3438,6.30288,6.15981,6.12055,6.11364,6.11759,0.94516,1.00391,0.79122,6
2023-09-25,21.7696,-14.1054,6.6538,1.0221,0.98812,5.99313,6.43258,6.05741,6.12042,6.10171,6.1447,5.84715,5.98015,0.94516,1.00391,0.79122,6
2023-09-26,21.7696,-14.1054,5.4828,0.84431,1.0221,5.99833,6.63732,6.37173,6.42716,6.37885,6.46362,6.47152,6.48973,0.94516,1.00391,0.79122,6
2023-09-27,21.7696,-14.1054,6.2808,0.97016,0.84431,6.03659,5.46607,5.4964,5.60551,5.40015,5.68425,5.31502,5.48637,0.94516,1.00391,0.79122,6
2023-09-28,21.7696,-14.1054,6.3835,0.98845,0.97016,6.02836,6.26533,5.79465,5.93678,5.7928,5.82635,5.92899,5.88232,0.94516,1.00391,0.79122,6
2023-09-29,21.7696,-14.1054,6.4097,0.99592,0.98845,5.99878,6.36166,6.12511,6.14386,6.15181,6.13998,6.19656,6.21922,0.94516,1.00391,0.79122,6
2023-09-30,21.7696,-14.1054,5.959,0.92728,0.99592,6.01212,6.40012,5.91664,5.96291,6.00604,6.02894,5.88969,5.96718,0.94516,1.00391,0.79122,6
2023-10-01,21.7696,-14.1054,5.9134,0.92357,0.92728,5.98702,5.93712,5.79804,5.86447,5.8056,5.8909,5.95053,6.03894,0.94516,1.00391,0.79122,6
2023-10-02,21.7696,-14.1054,6.4589,1.01058,0.92357,5.9667,5.90283,5.85308,5.96787,5.75826,5.81895,5.89079,5.89461,0.94516,1.00391,0.79122,6
2023-10-03,21.7696,-14.1054,6.3876,1.00089,1.01058,6.00679,6.44938,6.27406,6.36708,6.28898,6.32604,6.37262,6.37209,0.94516,1.00391,0.79122,6
2023-10-04,21.7696,-14.1054,5.7778,0.90657,1.00089,6.04271,6.37898,6.19432,6.24556,6.2286,6.25785,6.16281,6.27884,0.94516,1.00391,0.79122,6
2023-10-05,21.7696,-14.1054,5.6232,0.88424,0.90657,6.05626,5.76521,5.81765,5.90811,5.87876,6.00099,5.89594,5.99768,0.94516,1.00391,0.79122,6
2023-10-06,21.7696,-14.1054,6.036,0.95174,0.88424,6.02434,5.60787,5.89522,6.03889,5.78518,5.82071,5.8605,5.77823,0.94516,1.00391,0.79122,6
2023-10-07,21.7696,-14.1054,6.2935,0.99587,0.95174,5.96872,6.01461,5.81715,6.01332,5.73945,5.69714,5.66977,5.69235,0.94516,1.00391,0.79122,6
2023-10-08,21.7696,-14.1054,6.0862,0.96845,0.99587,5.91325,6.25852,6.12561,6.21204,6.1294,6.16052,6.0804,5.99559,0.94516,1.00391,0.79122,6
2023-10-09,21.7696,-14.1054,6.1346,0.98118,0.96845,5.83433,6.05502,5.8835,5.93897,5.92556,5.98326,5.78409,5.8498,0.94516,1.00391,0.79122,6
2023-10-10,21.7696,-14.1054,5.7876,0.93139,0.98118,5.74912,6.09699,5.92644,5.93577,5.77709,5.78528,5.97997,5.91511,0.94516,1.00391,0.79122,6
2023-10-11,21.7696,-14.1054,6.4814,1.04788,0.93139,5.71304,5.76088,5.67118,5.73309,5.60624,5.65479,5.58014,5.62143,0.94516,1.00391,0.79122,6
2023-10-12,21.7696,-14.1054,6.3641,1.03367,1.04788,5.66902,6.45162,6.09104,6.13838,5.9836,6.06565,6.01861,5.91101,0.94516,1.00391,0.79122,6
2023-10-13,21.7696,-14.1054,6.0912,0.9921,1.03367,5.64356,6.3464,5.98906,6.03687,5.98348,6.05778,5.85291,5.95274,0.94516,1.00391,0.79122,6
2023-10-14,21.7696,-14.1054,5.9138,0.96608,0.9921,5.62421,6.07307,5.87172,5.93725,5.85041,5.87048,5.77473,5.81955,0.94516,1.00391,0.79122,6
2023-10-15,21.7696,-14.1054,6.3934,1.04996,0.96608,5.57209,5.88264,5.68846,5.73434,5.71633,5.8367,5.67832,5.66692,0.94516,1.00391,0.79122,6
2023-10-16,21.7696,-14.1054,6.1349,1.01193,1.04996,5.52077,6.36546,5.9683,6.0094,5.9402,6.09917,6.09296,6.04804,0.94516,1.00391,0.79122,6
2023-10-17,21.7696,-14.1054,5.9462,0.98749,1.01193,5.49183,6.0934,5.72892,5.74115,5.71519,5.88232,5.63502,5.7793,0.94516,1.00391,0.79122,6
2023-10-18,21.7696,-14.1054,6.1169,1.02316,0.98749,5.40934,5.90361,5.62153,5.66791,5.63373,5.7205,5.5996,5.61021,0.94516,1.00391,0.79122,6
2023-10-19,21.7696,-14.1054,5.8951,0.99414,1.02316,5.27565,6.06722,5.63729,5.7169,5.64968,5.7017,5.62034,5.60082,0.94516,1.00391,0.79122,6
2023-10-20,21.7696,-14.1054,6.0598,1.02884,0.99414,5.15192,5.85537,5.60888,5.64016,5.58014,5.6994,5.61128,5.53568,0.94516,1.00391,0.79122,6
2023-10-21,21.7696,-14.1054,5.9822,1.02083,1.02884,5.12306,6.02914,5.82538,5.79222,5.68819,5.74649,5.7897,5.65757,0.94516,1.00391,0.79122,6
2023-10-22,21.7696,-14.1054,5.6695,0.97186,1.02083,5.12432,5.95518,5.58115,5.64482,5.63027,5.7076,5.51101,5.50053,0.94516,1.00391,0.79122,6
2023-10-23,21.7696,-14.1054,6.1529,1.0565,0.97186,5.16052,5.66,5.44192,5.39035,5.39628,5.34203,5.32887,5.17337,0.94516,1.00391,0.79122,6
2023-10-24,21.7696,-14.1054,5.7878,0.99629,1.0565,5.1968,6.13754,5.5833,5.67732,5.64993,5.66891,5.60944,5.35552,0.94516,1.00391,0.79122,6
2023-10-25,21.7696,-14.1054,5.6683,0.97693,0.99629,5.24035,5.78064,5.56553,5.63787,5.68432,5.75566,5.71959,5.47191,0.94516,1.00391,0.79122,6
2023-10-26,21.7696,-14.1054,5.7814,0.99941,0.97693,5.25895,5.65136,5.53887,5.59718,5.62535,5.7561,5.52494,5.55833,0.94516,1.00391,0.79122,6
2023-10-27,21.7696,-14.1054,5.886,1.02013,0.99941,5.25952,5.76645,5.53359,5.59621,5.56104,5.71046,5.58391,5.56918,0.94516,1.00391,0.79122,6
2023-10-28,21.7696,-14.1054,5.6918,0.99104,1.02013,5.24404,5.85891,5.66296,5.71696,5.59865,5.71553,5.76753,5.6531,0.94516,1.00391,0.79122,6
2023-10-29,21.7696,-14.1054,5.6028,0.97924,0.99104,5.24578,5.67029,5.51839,5.58655,5.53967,5.62729,5.55946,5.56152,0.94516,1.00391,0.79122,6
2023-10-30,21.7696,-14.1054,5.5507,0.97308,0.97924,5.24606,5.58584,5.51309,5.5629,5.48694,5.51203,5.49366,5.50999,0.94516,1.00391,0.79122,6
2023-10-31,21.7696,-14.1054,5.7022,1.00311,0.97308,5.26825,5.53149,5.59954,5.62167,5.50834,5.47378,5.48053,5.442,0.94516,1.00391,0.79122,6
2023-11-01,21.7696,-14.1054,5.6705,0.99961,1.00311,5.27468,5.69036,5.53744,5.60329,5.51652,5.50594,5.54282,5.4002,0.94516,1.00391,0.79122,6
2023-11-02,21.7696,-14.1054,5.7122,1.01122,0.99961,5.2692,5.64659,5.54227,5.57553,5.56378,5.60269,5.498,5.50125,0.94516,1.00391,0.79122,6
2023-11-03,21.7696,-14.1054,5.5896,0.99272,1.01122,5.28677,5.69379,5.59241,5.60759,5.63681,5.70631,5.51178,5.53437,0.94516,1.00391,0.79122,6
2023-11-04,21.7696,-14.1054,5.4653,0.97408,0.99272,5.31383,5.56987,5.50037,5.51866,5.46247,5.52192,5.51844,5.40235,0.94516,1.00391,0.79122,6
2023-11-05,21.7696,-14.1054,5.531,0.9895,0.97408,5.30117,5.44483,5.45216,5.49383,5.43945,5.42062,5.60072,5.36919,0.94516,1.00391,0.79122,6
2023-11-06,21.7696,-14.1054,5.6446,1.01191,0.9895,5.30199,5.5196,5.39024,5.4086,5.39257,5.33849,5.39513,5.29169,0.94516,1.00391,0.79122,6
2023-11-07,21.7696,-14.1054,5.7139,1.03013,1.01191,5.23581,5.61282,5.45504,5.47198,5.46723,5.45004,5.47045,5.3964,0.94516,1.00391,0.79122,6
2023-11-08,21.7696,-14.1054,5.5003,0.99674,1.03013,5.17095,5.68456,5.53461,5.54877,5.50284,5.47799,5.5899,5.49732,0.94516,1.00391,0.79122,6
2023-11-09,21.7696,-14.1054,5.3779,0.98126,0.99674,5.06418,5.46272,5.39873,5.38206,5.44052,5.37818,5.36517,5.31666,0.94516,1.00391,0.79122,6
2023-11-10,21.7696,-14.1054,5.388,0.98849,0.98126,4.99809,5.3486,5.248,5.25348,5.3627,5.3464,5.24931,5.15457,0.94516,1.00391,0.79122,6
2023-11-11,21.7696,-14.1054,5.4146,1.00056,0.98849,4.90317,5.3493,5.20093,5.24198,5.27106,5.29596,5.14531,5.05228,0.94516,1.00391,0.79122,6
2023-11-12,21.7696,-14.1054,5.6208,1.04433,1.00056,4.85311,5.38524,5.22696,5.30449,5.20115,5.22317,5.1145,5.10614,0.94516,1.00391,0.79122,6
2023-11-13,21.7696,-14.1054,5.5397,1.03564,1.04433,4.80751,5.58614,5.2811,5.38344,5.17518,5.21366,5.3038,5.24546,0.94516,1.00391,0.79122,6
2023-11-14,21.7696,-14.1054,5.4029,1.01627,1.03564,4.76482,5.50591,5.14236,5.23955,5.20738,5.27943,5.11669,5.17951,0.94516,1.00391,0.79122,6
2023-11-15,21.7696,-14.1054,5.3314,1.00845,1.01627,4.70182,5.37272,5.00779,5.04885,5.05211,5.10768,4.99662,5.08219,0.94516,1.00391,0.79122,6
2023-11-16,21.7696,-14.1054,5.5834,1.06091,1.00845,4.68433,5.3073,4.80262,4.81021,4.79721,4.84185,4.87678,4.94253,0.94516,1.00391,0.79122,6
2023-11-17,21.7696,-14.1054,5.545,1.05623,1.06091,4.68498,5.56958,5.19466,5.23862,5.1856,5.24518,5.32445,5.23803,0.94516,1.00391,0.79122,6
2023-11-18,21.7696,-14.1054,5.2932,1.01199,1.05623,4.64687,5.5246,5.10733,5.17147,5.14148,5.20095,5.09936,5.1287,0.94516,1.00391,0.79122,6
2023-11-19,21.7696,-14.1054,5.2027,0.99693,1.01199,4.65412,5.2813,5.05014,5.1081,5.1319,5.15746,5.14839,5.11801,0.94516,1.00391,0.79122,6
2023-11-20,21.7696,-14.1054,4.3356,0.83416,0.99693,4.60985,5.18162,4.8901,4.93946,4.94089,5.00717,4.90278,4.96686,0.94516,1.00391,0.79122,6
2023-11-21,21.7696,-14.1054,3.953,0.76467,0.83416,4.5738,4.3122,4.32956,4.31756,4.3675,4.46523,4.33174,4.48338,0.94516,1.00391,0.79122,6
2023-11-22,21.7696,-14.1054,4.0212,0.78267,0.76467,4.5239,3.92875,3.98649,4.0874,4.04748,4.21428,3.98773,4.17513,0.94516,1.00391,0.79122,6
2023-11-23,21.7696,-14.1054,5.2822,1.03158,0.78267,4.50692,4.00766,4.11469,4.212,4.12733,4.32434,4.18905,4.30135,0.94516,1.00391,0.79122,6
2023-11-24,21.7696,-14.1054,5.3114,1.03957,1.03158,4.55134,5.27054,4.85246,4.90675,4.83897,4.89904,4.95256,4.95976,0.94516,1.00391,0.79122,6
2023-11-25,21.7696,-14.1054,5.0923,0.99993,1.03957,4.55633,5.29419,5.02752,5.08677,5.01974,5.10137,5.11221,5.0534,0.94516,1.00391,0.79122,6
2023-11-26,21.7696,-14.1054,5.1871,1.01987,0.99993,4.60165,5.08568,4.9982,5.05818,4.98398,5.05566,4.95649,4.95002,0.94516,1.00391,0.79122,6
2023-11-27,21.7696,-14.1054,5.0738,1.00054,1.01987,4.61376,5.17182,4.99214,5.07856,4.92392,5.01574,4.86464,4.86432,0.94516,1.00391,0.79122,6
2023-11-28,21.7696,-14.1054,4.831,0.95613,1.00054,4.58664,5.05537,4.85567,4.90098,4.84515,4.88651,4.76542,4.72301,0.94516,1.00391,0.79122,6
2023-11-29,21.7696,-14.1054,5.244,1.04042,0.95613,4.58061,4.81917,4.68545,4.65327,4.70141,4.67511,4.64038,4.65719,0.94516,1.00391,0.79122,6
2023-11-30,21.7696,-14.1054,3.6826,0.73344,1.04042,4.56917,5.22394,4.88046,4.97626,4.91117,4.99542,4.90189,4.91422,0.94516,1.00391,0.79122,6
2023-12-01,21.7696,-14.1054,4.9543,0.99026,0.73344,4.5536,3.66942,4.1034,4.06626,4.04252,3.92407,4.0681,4.06324,0.94516,1.00391,0.79122,6
2023-12-02,21.7696,-14.1054,4.5192,0.90473,0.99026,4.56882,4.94643,4.60639,4.66714,4.63042,4.63656,4.60068,4.59963,0.94516,1.00391,0.79122,6
2023-12-03,21.7696,-14.1054,5.1142,1.02438,0.90473,4.61671,4.51688,4.59436,4.54553,4.63147,4.63958,4.76949,4.64509,0.94516,1.00391,0.79122,6
2023-12-04,21.7696,-14.1054,5.0441,1.0137,1.02438,4.60308,5.09722,4.85229,4.92249,4.91625,4.98216,4.88294,4.87496,0.94516,1.00391,0.79122,6
2023-12-05,21.7696,-14.1054,3.6055,0.72543,1.0137,4.62472,5.03826,4.71886,4.71487,4.77566,4.83941,4.58698,4.72197,0.94516,1.00391,0.79122,6
2023-12-06,21.7696,-14.1054,3.5599,0.71819,0.72543,4.61741,3.59578,3.87729,3.91742,3.80691,3.76466,3.84575,4.04274,0.94516,1.00391,0.79122,6
2023-12-07,21.7696,-14.1054,3.7358,0.75314,0.71819,4.67024,3.56244,4.00227,4.0337,3.92069,3.85513,4.12648,4.14414,0.94516,1.00391,0.79122,6
2023-12-08,21.7696,-14.1054,4.9279,0.9947,0.75314,4.69637,3.73116,4.05724,4.16544,3.99972,3.88982,4.16266,4.34537,0.94516,1.00391,0.79122,6
2023-12-09,21.7696,-14.1054,5.0189,1.01401,0.9947,4.68739,4.92335,4.80206,4.87562,4.8336,4.85795,4.91529,4.924,0.94516,1.00391,0.79122,6
2023-12-10,21.7696,-14.1054,4.488,0.90885,1.01401,4.66961,5.00727,4.65087,4.66315,4.68703,4.71293,4.67309,4.83548,0.94516,1.00391,0.79122,6
2023-12-11,21.7696,-14.1054,4.458,0.90616,0.90885,4.61985,4.47123,4.39281,4.37184,4.43418,4.50948,4.56159,4.6577,0.94516,1.00391,0.79122,6
2023-12-12,21.7696,-14.1054,3.833,0.78105,0.90616,4.59115,4.447,4.79637,4.81831,4.7379,4.74358,4.89579,4.7716,0.94516,1.00391,0.79122,6
2023-12-13,21.7696,-14.1054,4.0142,0.81797,0.78105,4.59704,3.833,4.36105,4.48397,4.36425,4.22255,4.2474,4.37268,0.94516,1.00391,0.79122,6
2023-12-14,21.7696,-14.1054,4.6968,0.95859,0.81797,4.58641,4.00781,4.44501,4.52815,4.51298,4.54877,4.40571,4.4081,0.94516,1.00391,0.79122,6
2023-12-15,21.7696,-14.1054,4.8228,0.98555,0.95859,4.57203,4.69086,4.76022,4.78623,4.70554,4.73621,4.68327,4.66994,0.94516,1.00391,0.79122,6
2023-12-16,21.7696,-14.1054,4.4299,0.90778,0.98555,4.52224,4.8094,4.76033,4.7948,4.6911,4.71511,4.61145,4.6344,0.94516,1.00391,0.79122,6
2023-12-17,21.7696,-14.1054,3.552,0.73037,0.90778,4.48557,4.4148,4.71355,4.71669,4.61322,4.55843,4.55475,4.62079,0.94516,1.00391,0.79122,6
2023-12-18,21.7696,-14.1054,3.9499,0.81551,0.73037,4.44388,3.53756,4.21289,4.27506,4.20493,4.12569,4.14427,4.18315,0.94516,1.00391,0.79122,6
2023-12-19,21.7696,-14.1054,4.5936,0.95027,0.81551,4.41722,3.94214,4.3489,4.36174,4.42011,4.31405,4.33503,4.37947,0.94516,1.00391,0.79122,6
2023-12-20,21.7696,-14.1054,4.0236,0.83492,0.95027,4.37151,4.57952,4.4696,4.45907,4.49414,4.43934,4.37155,4.429,0.94516,1.00391,0.79122,6
2023-12-21,21.7696,-14.1054,4.7894,0.99487,0.83492,4.35351,4.01937,3.9102,3.86609,4.01024,4.09782,3.9028,4.11429,0.94516,1.00391,0.79122,6
2023-12-22,21.7696,-14.1054,4.8996,1.01956,0.99487,4.32156,4.78095,4.40231,4.37758,4.47858,4.46386,4.51787,4.49361,0.94516,1.00391,0.79122,6
2023-12-23,21.7696,-14.1054,4.3207,0.90108,1.01956,4.30291,4.88885,4.56454,4.59014,4.52792,4.53592,4.58767,4.555,0.94516,1.00391,0.79122,6
2023-12-24,21.7696,-14.1054,3.8522,0.80452,0.90108,4.28699,4.31454,4.18158,4.06251,4.20206,4.14239,4.16671,4.29756,0.94516,1.00391,0.79122,6
2023-12-25,21.7696,-14.1054,3.9859,0.83556,0.80452,4.26514,3.8378,3.95012,3.77024,4.02719,3.91813,4.016,4.1132,0.94516,1.00391,0.79122,6
2023-12-26,21.7696,-14.1054,4.7093,0.98723,0.83556,4.28324,3.9858,3.87406,3.76908,3.94451,3.88472,3.83698,3.9408,0.94516,1.00391,0.79122,6
2023-12-27,21.7696,-14.1054,4.883,1.02502,0.98723,4.29396,4.70299,4.43233,4.39915,4.38522,4.42287,4.45428,4.30342,0.94516,1.00391,0.79122,6
2023-12-28,21.7696,-14.1054,4.8703,1.02318,1.02502,4.30301,4.87907,4.66242,4.65868,4.57862,4.67267,4.59299,4.58251,0.94516,1.00391,0.79122,6
2023-12-29,21.7696,-14.1054,4.8996,1.02885,1.02318,4.2644,4.87259,4.50771,4.51913,4.47696,4.5425,4.41819,4.48928,0.94516,1.00391,0.79122,6
2023-12-30,21.7696,-14.1054,4.9807,1.04185,1.02885,4.29324,4.91854,4.55217,4.53222,4.54597,4.61086,4.55013,4.53931,0.94516,1.00391,0.79122,6
2023-12-31,21.7696,-14.1054,5.0239,1.04724,1.04185,4.32359,4.99805,4.55284,4.55773,4.48308,4.53052,4.60676,4.49982,0.94516,1.00391,0.79122,6
2024-01-01,21.7696,-14.1054,4.571,0.94907,1.04724,4.36713,5.04382,4.69878,4.74012,4.6792,4.77829,4.76999,4.66722,0.94516,1.00391,0.79122,6
2024-01-02,21.7696,-14.1054,4.6118,0.95507,0.94907,4.39477,4.58281,4.35869,4.3365,4.38844,4.44708,4.34582,4.39236,0.94516,1.00391,0.79122,6
2024-01-03,21.7696,-14.1054,5.0201,1.03608,0.95507,4.42301,4.62759,4.35827,4.34097,4.40813,4.47481,4.50228,4.42777,0.94516,1.00391,0.79122,6
2024-01-04,21.7696,-14.1054,5.1283,1.05272,1.03608,4.47567,5.04725,4.81272,4.8456,4.82589,4.89586,4.91511,4.84891,0.94516,1.00391,0.79122,6
2024-01-05,21.7696,-14.1054,5.19,1.06114,1.05272,4.48281,5.14883,4.83545,4.86917,4.78951,4.8706,4.77289,4.82183,0.94516,1.00391,0.79122,6
2024-01-06,21.7696,-14.1054,5.1319,1.04615,1.06114,4.49482,5.20543,4.83399,4.87385,4.78851,4.88887,4.82609,4.8867,0.94516,1.00391,0.79122,6
2024-01-07,21.7696,-14.1054,4.8358,0.98359,1.04615,4.48158,5.14338,4.68459,4.7071,4.67018,4.74473,4.69531,4.72914,0.94516,1.00391,0.79122,6
2024-01-08,21.7696,-14.1054,5.1691,1.04802,0.98359,4.47088,4.8513,4.55732,4.53193,4.5156,4.54021,4.53909,4.52167,0.94516,1.00391,0.79122,6
2024-01-09,21.7696,-14.1054,3.9065,0.78577,1.04802,4.50476,5.2103,4.79777,4.8386,4.79596,4.8765,4.8335,4.81065,0.94516,1.00391,0.79122,6
2024-01-10,21.7696,-14.1054,5.2258,1.04612,0.78577,4.51961,3.92526,3.93037,3.93753,3.93714,3.88484,3.87937,3.8955,0.94516,1.00391,0.79122,6
2024-01-11,21.7696,-14.1054,5.149,1.02421,1.04612,4.5489,5.25912,4.75729,4.72846,4.76344,4.82453,4.84566,4.71723,0.94516,1.00391,0.79122,6
2024-01-12,21.7696,-14.1054,5.005,0.9887,1.02421,4.59337,5.18477,4.86885,4.81302,4.77916,4.8455,4.8314,4.7449,0.94516,1.00391,0.79122,6
2024-01-13,21.7696,-14.1054,4.2434,0.83292,0.9887,4.67035,5.03706,4.77536,4.73514,4.71916,4.76249,4.75764,4.76185,0.94516,1.00391,0.79122,6
2024-01-14,21.7696,-14.1054,3.5544,0.69501,0.83292,4.70471,4.25966,4.17794,4.15139,4.14251,4.10201,4.11761,4.34365,0.94516,1.00391,0.79122,6
2024-01-15,21.7696,-14.1054,4.1868,0.81409,0.69501,4.75313,3.5744,4.00138,3.97786,3.97232,3.93974,4.19401,4.23179,0.94516,1.00391,0.79122,6
2024-01-16,21.7696,-14.1054,3.9154,0.75672,0.81409,4.78199,4.21223,4.26987,4.31521,4.30785,4.4631,4.42729,4.4483,0.94516,1.00391,0.79122,6
2024-01-17,21.7696,-14.1054,3.9756,0.76362,0.75672,4.78917,3.93968,4.08896,4.12815,4.14186,4.29208,4.24234,4.57559,0.94516,1.00391,0.79122,6
2024-01-18,21.7696,-14.1054,4.4254,0.84552,0.76362,4.80955,3.99673,4.13735,4.24064,4.20742,4.35928,4.35245,4.60714,0.94516,1.00391,0.79122,6
2024-01-19,21.7696,-14.1054,4.0351,0.76751,0.84552,4.82121,4.44522,4.62233,4.60369,4.51643,4.54681,4.77991,4.67443,0.94516,1.00391,0.79122,6
2024-01-20,21.7696,-14.1054,4.9867,0.94323,0.76751,4.85431,4.05773,4.34809,4.43663,4.25357,4.02558,4.21388,4.32574,0.94516,1.00391,0.79122,6
2024-01-21,21.7696,-14.1054,4.9046,0.92083,0.94323,4.91154,5.02392,5.07312,5.05285,4.93387,4.96439,4.96237,4.71135,0.94516,1.00391,0.79122,6
2024-01-22,21.7696,-14.1054,3.7829,0.70442,0.92083,4.963,4.94509,4.95719,4.91691,4.90476,4.86559,4.70834,4.76804,0.94516,1.00391,0.79122,6
2024-01-23,21.7696,-14.1054,3.9691,0.73443,0.70442,5.01889,3.8069,4.25347,4.16201,4.24794,4.25043,4.22841,4.52827,0.94516,1.00391,0.79122,6
2024-01-24,21.7696,-14.1054,3.4692,0.63834,0.73443,5.05284,3.99139,4.48511,4.46661,4.46636,4.57865,4.63775,4.7341,0.94516,1.00391,0.79122,6
2024-01-25,21.7696,-14.1054,4.0574,0.74188,0.63834,5.08259,3.49114,4.55234,4.65278,4.61801,4.73834,4.67544,4.86915,0.94516,1.00391,0.79122,6
2024-01-26,21.7696,-14.1054,5.3906,0.97939,0.74188,5.11433,4.08336,4.83696,4.96908,4.99912,5.07971,4.84908,5.07774,0.94516,1.00391,0.79122,6
2024-01-27,21.7696,-14.1054,5.1878,0.9386,0.97939,5.13214,5.41325,5.41822,5.36985,5.46046,5.47728,5.4112,5.28335,0.94516,1.00391,0.79122,6
2024-01-28,21.7696,-14.1054,5.3755,0.9679,0.9386,5.16555,5.2128,5.35696,5.3581,5.28637,5.1831,5.21175,5.14254,0.94516,1.00391,0.79122,6
2024-01-29,21.7696,-14.1054,5.142,0.92064,0.9679,5.20409,5.40595,5.4544,5.47925,5.34268,5.23886,5.18004,5.16644,0.94516,1.00391,0.79122,6
2024-01-30,21.7696,-14.1054,5.4797,0.97526,0.92064,5.22864,5.17281,5.39339,5.3884,5.33582,5.20572,5.17967,5.26735,0.94516,1.00391,0.79122,6
2024-01-31,21.7696,-14.1054,5.6062,0.99222,0.97526,5.22875,5.51038,5.47951,5.49659,5.4935,5.49395,5.35956,5.44976,0.94516,1.00391,0.79122,6
2024-02-01,21.7696,-14.1054,5.4178,0.95341,0.99222,5.27732,5.63834,5.5828,5.61715,5.55615,5.56298,5.58556,5.63309,0.94516,1.00391,0.79122,6
2024-02-02,21.7696,-14.1054,5.4821,0.95841,0.95341,5.32173,5.45349,5.34235,5.31911,5.38209,5.35424,5.26596,5.41842,0.94516,1.00391,0.79122,6
2024-02-03,21.7696,-14.1054,5.6326,0.97916,0.95841,5.37764,5.51325,5.61029,5.62222,5.66688,5.6447,5.66715,5.68518,0.94516,1.00391,0.79122,6
2024-02-04,21.7696,-14.1054,5.2829,0.91423,0.97916,5.42443,5.6581,5.63973,5.65833,5.70917,5.69209,5.68684,5.76125,0.94516,1.00391,0.79122,6
2024-02-05,21.7696,-14.1054,5.5831,0.96183,0.91423,5.45348,5.30676,5.44781,5.4191,5.49001,5.45086,5.51752,5.53421,0.94516,1.00391,0.79122,6
2024-02-06,21.7696,-14.1054,5.371,0.92121,0.96183,5.49046,5.60788,5.5233,5.50388,5.68359,5.67723,5.55144,5.67688,0.94516,1.00391,0.79122,6
2024-02-07,21.7696,-14.1054,5.3405,0.9122,0.92121,5.49863,5.39324,5.61769,5.56349,5.67822,5.6694,5.59395,5.65915,0.94516,1.00391,0.79122,6
2024-02-08,21.7696,-14.1054,5.8382,0.99988,0.9122,5.41045,5.32624,5.43468,5.40066,5.54408,5.55142,5.42199,5.48566,0.94516,1.00391,0.79122,6
2024-02-09,21.7696,-14.1054,5.9321,1.01661,0.99988,5.37186,5.83445,5.63944,5.63018,5.70971,5.71097,5.625,5.68229,0.94516,1.00391,0.79122,6
2024-02-10,21.7696,-14.1054,5.809,0.99556,1.01661,5.34258,5.93185,5.52811,5.50064,5.4735,5.43066,5.41067,5.53688,0.94516,1.00391,0.79122,6
2024-02-11,21.7696,-14.1054,5.8342,0.99818,0.99556,5.33139,5.81886,5.66146,5.63168,5.55549,5.60146,5.53925,5.55995,0.94516,1.00391,0.79122,6
2024-02-12,21.7696,-14.1054,5.9796,1.02009,0.99818,5.33544,5.85119,5.62198,5.62652,5.68306,5.70322,5.61777,5.57001,0.94516,1.00391,0.79122,6
2024-02-13,21.7696,-14.1054,5.4686,0.92862,1.02009,5.34457,6.00724,5.69121,5.64106,5.63621,5.68365,5.50548,5.55275,0.94516,1.00391,0.79122,6
2024-02-14,21.7696,-14.1054,5.947,1.00355,0.92862,5.39951,5.503,5.39551,5.306,5.43234,5.4449,5.23043,5.32651,0.94516,1.00391,0.79122,6
2024-02-15,21.7696,-14.1054,6.0701,1.01828,1.00355,5.46089,5.98227,5.75278,5.60696,5.71874,5.68847,5.77491,5.61004,0.94516,1.00391,0.79122,6
2024-02-16,21.7696,-14.1054,5.7646,0.96216,1.01828,5.47147,6.10084,5.78291,5.64439,5.70679,5.72339,5.67611,5.67083,0.94516,1.00391,0.79122,6
2024-02-17,21.7696,-14.1054,6.0218,1.00509,0.96216,5.43102,5.76458,5.38107,5.35103,5.33592,5.24733,5.59826,5.58814,0.94516,1.00391,0.79122,6
2024-02-18,21.7696,-14.1054,6.0876,1.01184,1.00509,5.44117,6.047,5.77185,5.64951,5.7509,5.75231,5.83157,5.80094,0.94516,1.00391,0.79122,6
2024-02-19,21.7696,-14.1054,5.5838,0.92302,1.01184,5.47046,6.1211,5.85864,5.74648,5.83967,5.84246,5.90523,5.8133,0.94516,1.00391,0.79122,6
2024-02-20,21.7696,-14.1054,5.9885,0.98265,0.92302,5.53098,5.62513,5.84768,5.75358,5.81269,5.83321,6.14105,5.88302,0.94516,1.00391,0.79122,6
2024-02-21,21.7696,-14.1054,5.5406,0.90296,0.98265,5.59373,6.02954,5.92751,5.91046,5.97722,5.94376,5.93085,5.90131,0.94516,1.00391,0.79122,6
2024-02-22,21.7696,-14.1054,6.1582,0.99651,0.90296,5.68516,5.58013,5.30708,5.29737,5.41297,5.37116,5.38003,5.56245,0.94516,1.00391,0.79122,6
2024-02-23,21.7696,-14.1054,6.3511,1.01584,0.99651,5.83963,6.23021,6.03446,6.00911,6.07181,6.03239,6.25618,6.14509,0.94516,1.00391,0.79122,6
2024-02-24,21.7696,-14.1054,5.9102,0.93666,1.01584,5.94366,6.40983,6.14896,6.16444,6.24932,6.18658,6.05233,6.18472,0.94516,1.00391,0.79122,6
2024-02-25,21.7696,-14.1054,6.2443,0.97951,0.93666,6.04378,5.97111,6.23489,6.21102,6.18258,6.11594,6.28294,6.33598,0.94516,1.00391,0.79122,6
2024-02-26,21.7696,-14.1054,6.2162,0.96767,0.97951,6.11852,6.2923,6.30056,6.30822,6.32372,6.29357,6.4312,6.33092,0.94516,1.00391,0.79122,6
2024-02-27,21.7696,-14.1054,6.0905,0.94094,0.96767,6.18944,6.26349,6.22796,6.20288,6.33426,6.32171,6.11674,6.10169,0.94516,1.00391,0.79122,6
2024-02-28,21.7696,-14.1054,5.6258,0.8659,0.94094,6.20681,6.11338,6.38745,6.29421,6.24127,6.21817,6.20127,6.19788,0.94516,1.00391,0.79122,6
2024-02-29,21.7696,-14.1054,4.5127,0.69329,0.8659,6.1979,5.63624,5.99568,6.06603,5.85687,5.83735,5.8474,5.80177,0.94516,1.00391,0.79122,6
2024-03-01,21.7696,-14.1054,5.8423,0.89548,0.69329,6.18122,4.52314,5.22805,5.29116,5.40372,5.20486,5.27654,5.29996,0.94516,1.00391,0.79122,6
2024-03-02,21.7696,-14.1054,6.3406,0.96897,0.89548,6.23774,5.85972,6.14031,5.99189,6.11947,6.0659,6.06239,5.96662,0.94516,1.00391,0.79122,6
2024-03-03,21.7696,-14.1054,6.6674,1.01168,0.96897,6.33932,6.38593,6.57541,6.56087,6.5174,6.54997,6.59694,6.54352,0.94516,1.00391,0.79122,6
2024-03-04,21.7696,-14.1054,6.6547,1.00421,1.01168,6.39228,6.70419,6.60239,6.63,6.60878,6.64282,6.67179,6.64026,0.94516,1.00391,0.79122,6
2024-03-05,21.7696,-14.1054,6.768,1.01395,1.00421,6.4618,6.70295,6.63435,6.65956,6.59706,6.57948,6.49704,6.61549,0.94516,1.00391,0.79122,6
2024-03-06,21.7696,-14.1054,6.7262,1.00405,1.01395,6.46719,6.79253,6.58489,6.59148,6.64813,6.61796,6.47437,6.4999,0.94516,1.00391,0.79122,6
2024-03-07,21.7696,-14.1054,6.2623,0.93023,1.00405,6.4968,6.75926,6.59204,6.56871,6.63238,6.6034,6.57963,6.44983,0.94516,1.00391,0.79122,6
2024-03-08,21.7696,-14.1054,6.7375,0.99704,0.93023,6.50576,6.28607,6.6524,6.57908,6.56213,6.54303,6.55128,6.48228,0.94516,1.00391,0.79122,6
2024-03-09,21.7696,-14.1054,7.0318,1.03404,0.99704,6.57043,6.78017,6.89057,6.86503,6.69414,6.74993,6.76758,6.7753,0.94516,1.00391,0.79122,6
2024-03-10,21.7696,-14.1054,6.1188,0.89475,1.03404,6.60405,7.07134,6.62585,6.6504,6.55087,6.56377,6.55425,6.58586,0.94516,1.00391,0.79122,6
2024-03-11,21.7696,-14.1054,5.9095,0.86115,0.89475,6.62278,6.14007,5.87881,6.01576,5.99475,5.97904,5.82566,5.89469,0.94516,1.00391,0.79122,6
2024-03-12,21.7696,-14.1054,6.6281,0.96028,0.86115,6.64384,5.94388,6.02785,5.8448,6.16958,6.06515,6.25925,6.10665,0.94516,1.00391,0.79122,6
2024-03-13,21.7696,-14.1054,7.0013,1.01087,0.96028,6.63778,6.65096,6.28367,6.04667,6.42293,6.31891,6.38211,6.32729,0.94516,1.00391,0.79122,6
2024-03-14,21.7696,-14.1054,7.3234,1.05128,1.01087,6.66462,7.04183,6.97879,6.91595,6.853,6.82633,7.24049,7.00944,0.94516,1.00391,0.79122,6
2024-03-15,21.7696,-14.1054,7.4251,1.05868,1.05128,6.72214,7.37327,6.9764,7.00797,6.99222,6.99294,7.04692,7.07175,0.94516,1.00391,0.79122,6
2024-03-16,21.7696,-14.1054,7.139,1.01096,1.05868,6.81529,7.47593,7.02234,7.03758,7.05881,7.03771,7.10546,7.15958,0.94516,1.00391,0.79122,6
2024-03-17,21.7696,-14.1054,6.9547,0.97817,1.01096,6.85084,7.18783,6.96012,6.88897,6.95016,6.89731,6.84216,7.03096,0.94516,1.00391,0.79122,6
2024-03-18,21.7696,-14.1054,6.6166,0.9259,0.97817,6.86872,6.99018,7.03561,6.90281,6.91869,6.86332,6.97708,7.01177,0.94516,1.00391,0.79122,6
2024-03-19,21.7696,-14.1054,7.069,0.98554,0.9259,6.86535,6.64117,6.6185,6.56552,6.65904,6.67215,6.61716,6.73293,0.94516,1.00391,0.79122,6
2024-03-20,21.7696,-14.1054,6.8136,0.94861,0.98554,6.83555,7.07887,7.03916,6.93408,7.02482,6.97446,7.18375,7.08699,0.94516,1.00391,0.79122,6
2024-03-21,21.7696,-14.1054,6.8174,0.9449,0.94861,6.87423,6.84417,7.07353,6.96688,7.01325,6.945,6.95125,7.06475,0.94516,1.00391,0.79122,6
2024-03-22,21.7696,-14.1054,7.1947,0.99485,0.9449,6.8673,6.83346,7.2369,7.10159,7.06796,7.02784,7.17705,7.12217,0.94516,1.00391,0.79122,6
2024-03-23,21.7696,-14.1054,7.5514,1.04178,0.99485,6.86827,7.21122,7.237,7.17675,7.19192,7.21308,7.13179,7.17166,0.94516,1.00391,0.79122,6
2024-03-24,21.7696,-14.1054,7.3894,1.01701,1.04178,6.87,7.56936,7.35588,7.37994,7.2548,7.36679,7.17356,7.19638,0.94516,1.00391,0.79122,6
2024-03-25,21.7696,-14.1054,7.429,1.01841,1.01701,6.92795,7.41883,7.19447,7.30433,7.24872,7.3295,7.01655,7.09958,0.94516,1.00391,0.79122,6
2024-03-26,21.7696,-14.1054,7.2842,0.99465,1.01841,6.9535,7.45822,7.28268,7.34471,7.29675,7.33098,7.21875,7.16787,0.94516,1.00391,0.79122,6
2024-03-27,21.7696,-14.1054,6.552,0.8916,0.99465,6.98239,7.30923,7.18372,7.2392,7.27888,7.2826,7.20843,7.23531,0.94516,1.00391,0.79122,6
2024-03-28,21.7696,-14.1054,7.2706,0.98384,0.8916,7.06742,6.58895,7.08624,7.02367,7.01701,6.94274,7.10833,7.07387,0.94516,1.00391,0.79122,6
2024-03-29,21.7696,-14.1054,7.7767,1.04892,0.98384,7.12142,7.29422,7.09038,6.99415,7.1149,7.05494,7.00165,7.08233,0.94516,1.00391,0.79122,6
2024-03-30,21.7696,-14.1054,7.9699,1.07191,1.04892,7.14598,7.79894,7.64951,7.61248,7.36215,7.47307,7.62691,7.49412,0.94516,1.00391,0.79122,6
2024-03-31,21.7696,-14.1054,7.5902,1.01916,1.07191,7.14861,7.98302,7.47583,7.53728,7.40799,7.49865,7.56655,7.43903,0.94516,1.00391,0.79122,6
2024-04-01,21.7696,-14.1054,7.0507,0.94532,1.01916,7.15805,7.60149,7.32539,7.42354,7.35879,7.3821,7.29056,7.30473,0.94516,1.00391,0.79122,6
2024-04-02,21.7696,-14.1054,7.1182,0.95157,0.94532,7.19221,7.07142,7.19477,7.22111,7.29319,7.22873,7.08641,7.1955,0.94516,1.00391,0.79122,6
2024-04-03,21.7696,-14.1054,7.3387,0.97899,0.95157,7.18231,7.13314,7.20883,7.13366,7.24902,7.17988,7.16384,7.09022,0.94516,1.00391,0.79122,6
2024-04-04,21.7696,-14.1054,7.7328,1.02925,0.97899,7.18598,7.35524,7.47736,7.34363,7.28943,7.21557,7.34444,7.35319,0.94516,1.00391,0.79122,6
2024-04-05,21.7696,-14.1054,7.6238,1.0137,1.02925,7.16945,7.74071,7.3549,7.32169,7.30868,7.27733,7.24895,7.33819,0.94516,1.00391,0.79122,6
2024-04-06,21.7696,-14.1054,7.5149,0.99648,1.0137,7.20062,7.64481,7.21319,7.16942,7.1231,7.05422,7.05134,7.22948,0.94516,1.00391,0.79122,6
2024-04-07,21.7696,-14.1054,7.6171,1.00682,0.99648,7.23274,7.53885,7.60218,7.46545,7.36256,7.32689,7.58752,7.46177,0.94516,1.00391,0.79122,6
2024-04-08,21.7696,-14.1054,7.3594,0.96934,1.00682,7.25666,7.64397,7.58909,7.54637,7.52838,7.53203,7.69082,7.55418,0.94516,1.00391,0.79122,6
2024-04-09,21.7696,-14.1054,6.9571,0.91491,0.96934,7.23663,7.37095,7.55997,7.53113,7.54792,7.50711,7.57527,7.52412,0.94516,1.00391,0.79122,6
2024-04-10,21.7696,-14.1054,7.5158,0.98734,0.91491,7.23276,6.96449,7.34118,7.33392,7.51397,7.43604,7.31971,7.39746,0.94516,1.00391,0.79122,6
2024-04-11,21.7696,-14.1054,7.1969,0.94517,0.98734,7.23195,7.51796,7.24685,7.23993,7.54977,7.44693,7.27499,7.23958,0.94516,1.00391,0.79122,6
2024-04-12,21.7696,-14.1054,7.23,0.95019,0.94517,7.17848,7.19182,7.20408,7.15257,7.26642,7.19301,7.12494,7.03064,0.94516,1.00391,0.79122,6
2024-04-13,21.7696,-14.1054,7.2823,0.95481,0.95019,7.20374,7.24708,7.42001,7.25192,7.25998,7.1819,7.34494,7.24996,0.94516,1.00391,0.79122,6
2024-04-14,21.7696,-14.1054,6.3658,0.83297,0.95481,7.21341,7.2969,7.43363,7.3065,7.33071,7.28764,7.48313,7.32811,0.94516,1.00391,0.79122,6
2024-04-15,21.7696,-14.1054,7.5067,0.97945,0.83297,7.24697,6.38407,6.9881,6.97671,6.82792,6.72472,6.92368,6.9681,0.94516,1.00391,0.79122,6
2024-04-16,21.7696,-14.1054,7.7796,1.01195,0.97945,7.29418,7.52975,7.61965,7.45794,7.60352,7.51822,7.65965,7.57206,0.94516,1.00391,0.79122,6
2024-04-17,21.7696,-14.1054,8.0054,1.03838,1.01195,7.33555,7.80167,7.63751,7.53902,7.70403,7.643,7.68277,7.72156,0.94516,1.00391,0.79122,6
2024-04-18,21.7696,-14.1054,7.7465,1.0017,1.03838,7.42175,8.03015,7.82231,7.69129,7.8426,7.73979,7.93471,7.8653,0.94516,1.00391,0.79122,6
2024-04-19,21.7696,-14.1054,7.2314,0.93347,1.0017,7.4552,7.75996,7.44064,7.39002,7.39973,7.31963,7.28355,7.54589,0.94516,1.00391,0.79122,6
2024-04-20,21.7696,-14.1054,6.6216,0.85328,0.93347,7.46926,7.24386,6.96943,6.95214,6.92297,6.85963,6.86827,7.03177,0.94516,1.00391,0.79122,6
2024-04-21,21.7696,-14.1054,7.3778,0.94992,0.85328,7.45045,6.62723,6.88994,6.83815,6.75897,6.67681,6.99358,6.8468,0.94516,1.00391,0.79122,6
2024-04-22,21.7696,-14.1054,7.4006,0.9515,0.94992,7.44749,7.38829,7.29527,7.25717,7.21715,7.12674,7.2367,7.12661,0.94516,1.00391,0.79122,6
2024-04-23,21.7696,-14.1054,7.7654,0.9987,0.9515,7.45747,7.39841,7.30847,7.26284,7.28081,7.25762,7.10804,7.1269,0.94516,1.00391,0.79122,6
2024-04-24,21.7696,-14.1054,7.9404,1.01936,0.9987,7.50019,7.77948,7.45275,7.37493,7.42944,7.40007,7.31667,7.22478,0.94516,1.00391,0.79122,6
2024-04-25,21.7696,-14.1054,6.0134,0.76935,1.01936,7.56822,7.96754,7.52082,7.4414,7.48696,7.42304,7.36163,7.26998,0.94516,1.00391,0.79122,6
2024-04-26,21.7696,-14.1054,4.5403,0.5792,0.76935,7.62025,6.03082,6.91376,6.82354,6.77456,6.66287,6.86076,6.67886,0.94516,1.00391,0.79122,6
2024-04-27,21.7696,-14.1054,2.3446,0.29829,0.5792,7.65784,4.55265,6.34937,6.43072,6.10561,6.02143,6.20136,6.09478,0.94516,1.00391,0.79122,6
2024-04-28,21.7696,-14.1054,6.4411,0.81897,0.29829,7.6502,2.34599,5.58047,6.60301,5.60826,6.26351,5.7484,6.20385,0.94516,1.00391,0.79122,6
2024-04-29,21.7696,-14.1054,7.8317,0.99483,0.81897,7.66267,6.44729,6.76965,7.269,6.72092,6.78231,6.50274,7.00833,0.94516,1.00391,0.79122,6
2024-04-30,21.7696,-14.1054,8.0184,1.01848,0.99483,7.65748,7.83221,8.00058,7.81742,7.82359,7.82916,8.09807,7.69815,0.94516,1.00391,0.79122,6
2024-05-01,21.7696,-14.1054,8.4713,1.07662,1.01848,7.62145,8.01379,7.97424,7.96001,8.03096,8.04176,7.73625,7.7111,0.94516,1.00391,0.79122,6
2024-05-02,21.7696,-14.1054,8.1511,1.03726,1.07662,7.5718,8.46046,7.88301,7.98784,7.93535,7.93906,7.68182,7.78135,0.94516,1.00391,0.79122,6
2024-05-03,21.7696,-14.1054,7.9531,1.01374,1.03726,7.51554,8.13756,7.76702,7.8995,7.66871,7.61494,7.70027,7.70728,0.94516,1.00391,0.79122,6
2024-05-04,21.7696,-14.1054,7.9757,1.01628,1.01374,7.52606,7.95576,7.7851,7.84209,7.66112,7.6373,7.57013,7.67218,0.94516,1.00391,0.79122,6
2024-05-05,21.7696,-14.1054,8.2318,1.04837,1.01628,7.53904,7.97983,7.76454,7.77896,7.71471,7.67148,7.66347,7.72783,0.94516,1.00391,0.79122,6
2024-05-06,21.7696,-14.1054,7.7772,0.98994,1.04837,7.56914,8.23631,7.76857,7.73978,7.73804,7.71141,7.73601,7.77711,0.94516,1.00391,0.79122,6
2024-05-07,21.7696,-14.1054,7.77,0.98875,0.98994,7.58566,7.77931,7.52979,7.46488,7.4663,7.39551,7.36627,7.42036,0.94516,1.00391,0.79122,6
2024-05-08,21.7696,-14.1054,7.157,0.90843,0.98875,7.62596,7.78982,7.36236,7.3396,7.37394,7.3141,7.29963,7.24568,0.94516,1.00391,0.79122,6
2024-05-09,21.7696,-14.1054,6.019,0.76345,0.90843,7.61018,7.16197,7.15389,7.13428,7.15251,7.13801,7.19782,7.03668,0.94516,1.00391,0.79122,6
2024-05-10,21.7696,-14.1054,4.4508,0.56461,0.76345,7.56987,6.01825,6.6025,6.70636,6.45188,6.44308,6.70383,6.63412,0.94516,1.00391,0.79122,6
2024-05-11,21.7696,-14.1054,7.5343,0.9551,0.56461,7.57401,4.45394,6.15682,6.53935,6.0927,6.11647,6.3523,6.47754,0.94516,1.00391,0.79122,6
2024-05-12,21.7696,-14.1054,7.8917,1.00053,0.9551,7.59647,7.53333,7.45514,7.45448,7.46102,7.34738,7.27567,7.34205,0.94516,1.00391,0.79122,6
2024-05-13,21.7696,-14.1054,7.6814,0.97313,1.00053,7.61823,7.8977,7.9498,7.79522,7.74478,7.71595,7.83071,7.58201,0.94516,1.00391,0.79122,6
2024-05-14,21.7696,-14.1054,7.8586,0.99574,0.97313,7.61662,7.6802,7.86118,7.76393,7.7749,7.72465,7.65899,7.63433,0.94516,1.00391,0.79122,6
2024-05-15,21.7696,-14.1054,7.9262,1.00448,0.99574,7.61506,7.85721,7.82977,7.76959,7.70075,7.65618,7.54991,7.57968,0.94516,1.00391,0.79122,6
2024-05-16,21.7696,-14.1054,8.2121,1.04056,1.00448,7.64714,7.92734,7.92882,7.87887,7.72142,7.75395,7.68565,7.51728,0.94516,1.00391,0.79122,6
2024-05-17,21.7696,-14.1054,8.2126,1.03853,1.04056,7.69997,8.22868,8.08459,8.04132,7.93577,7.96552,7.95412,7.7788,0.94516,1.00391,0.79122,6
2024-05-18,21.7696,-14.1054,8.1206,1.02437,1.03853,7.75929,8.23287,7.98847,8.04007,7.96681,7.98511,7.90978,7.93066,0.94516,1.00391,0.79122,6
2024-05-19,21.7696,-14.1054,7.8499,0.98871,1.02437,7.79271,8.13302,7.92987,8.00578,8.04634,8.01237,7.94571,8.00266,0.94516,1.00391,0.79122,6
2024-05-20,21.7696,-14.1054,7.9872,1.00603,0.98871,7.78181,7.84965,7.86339,7.87999,7.8775,7.84055,7.91933,7.88334,0.94516,1.00391,0.79122,6
2024-05-21,21.7696,-14.1054,7.1395,0.89991,1.00603,7.75139,7.98145,7.80991,7.77517,7.84217,7.80165,7.88513,7.83939,0.94516,1.00391,0.79122,6
2024-05-22,21.7696,-14.1054,8.0748,1.01843,0.89991,7.7473,7.13506,7.44093,7.46826,7.41243,7.43937,7.51678,7.47047,0.94516,1.00391,0.79122,6
2024-05-23,21.7696,-14.1054,7.847,0.99249,1.01843,7.67466,8.05215,7.9425,7.80236,7.93583,7.90435,8.08377,8.03633,0.94516,1.00391,0.79122,6
2024-05-24,21.7696,-14.1054,7.9224,1.00373,0.99249,7.672,7.83369,7.94278,7.90766,7.94138,7.89644,7.99062,7.97096,0.94516,1.00391,0.79122,6
2024-05-25,21.7696,-14.1054,7.735,0.9818,1.00373,7.68245,7.90778,7.85036,7.84381,7.94508,7.89574,7.81986,7.87353,0.94516,1.00391,0.79122,6
2024-05-26,21.7696,-14.1054,7.9385,1.01024,0.9818,7.62161,7.71499,7.51468,7.51328,7.57264,7.54486,7.34786,7.46448,0.94516,1.00391,0.79122,6
2024-05-27,21.7696,-14.1054,8.0662,1.02949,1.01024,7.54963,7.91538,7.58964,7.53651,7.46944,7.46986,7.5917,7.58705,0.94516,1.00391,0.79122,6
2024-05-28,21.7696,-14.1054,7.9147,1.01281,1.02949,7.49455,8.04508,7.69168,7.68932,7.78016,7.75606,7.75058,7.77963,0.94516,1.00391,0.79122,6
2024-05-29,21.7696,-14.1054,7.4599,0.95636,1.01281,7.46712,7.90022,7.73582,7.73577,7.78432,7.75537,7.75103,7.81524,0.94516,1.00391,0.79122,6
2024-05-30,21.7696,-14.1054,7.9409,1.01942,0.95636,7.43199,7.44965,7.39489,7.37288,7.41983,7.37451,7.52668,7.51139,0.94516,1.00391,0.79122,6
2024-05-31,21.7696,-14.1054,8.2123,1.05471,1.01942,7.41707,7.93754,7.96047,7.7944,7.80604,7.77789,8.05011,7.96257,0.94516,1.00391,0.79122,6
2024-06-01,21.7696,-14.1054,7.7506,0.99923,1.05471,7.35977,8.18094,7.88208,7.87452,7.84675,7.83055,7.81889,7.92865,0.94516,1.00391,0.79122,6
2024-06-02,21.7696,-14.1054,8.0995,1.04649,0.99923,7.32439,7.73372,7.71757,7.78735,7.75782,7.70243,7.56343,7.66329,0.94516,1.00391,0.79122,6
2024-06-03,21.7696,-14.1054,7.9301,1.02644,1.04649,7.30206,8.085,7.72886,7.75671,7.81274,7.78902,7.54094,7.64048,0.94516,1.00391,0.79122,6
2024-06-04,21.7696,-14.1054,7.4993,0.97219,1.02644,7.3054,7.91772,7.66678,7.76087,7.73478,7.69135,7.71794,7.70893,0.94516,1.00391,0.79122,6
2024-06-05,21.7696,-14.1054,7.7338,1.00274,0.97219,7.31536,7.49817,7.73597,7.74051,7.71058,7.63791,7.66068,7.70696,0.94516,1.00391,0.79122,6
2024-06-06,21.7696,-14.1054,7.7837,1.01027,1.00274,7.29249,7.72574,7.62844,7.62507,7.66424,7.59797,7.64843,7.67064,0.94516,1.00391,0.79122,6
2024-06-07,21.7696,-14.1054,8.298,1.07726,1.01027,7.32173,7.78194,7.64497,7.68701,7.70446,7.64327,7.7127,7.70629,0.94516,1.00391,0.79122,6
2024-06-08,21.7696,-14.1054,7.9061,1.02726,1.07726,7.30448,8.29094,7.92528,7.92129,7.82353,7.80151,7.90282,7.85408,0.94516,1.00391,0.79122,6
2024-06-09,21.7696,-14.1054,7.5156,0.97753,1.02726,7.27269,7.89794,7.62337,7.7197,7.76722,7.72616,7.73171,7.75433,0.94516,1.00391,0.79122,6
2024-06-10,21.7696,-14.1054,6.3816,0.83116,0.97753,7.28033,7.50541,7.50154,7.55121,7.55043,7.48689,7.52851,7.60982,0.94516,1.00391,0.79122,6
2024-06-11,21.7696,-14.1054,7.0248,0.9144,0.83116,7.30195,6.38533,6.86863,6.98755,6.94089,6.99211,6.82182,6.81857,0.94516,1.00391,0.79122,6
2024-06-12,21.7696,-14.1054,7.404,0.96403,0.9144,7.315,7.02281,7.22505,7.17079,7.20687,7.18778,7.37822,7.19428,0.94516,1.00391,0.79122,6
2024-06-13,21.7696,-14.1054,7.2838,0.94857,0.96403,7.3318,7.40253,7.51391,7.42055,7.63614,7.54874,7.72667,7.66318,0.94516,1.00391,0.79122,6
2024-06-14,21.7696,-14.1054,6.9869,0.91071,0.94857,7.33901,7.27738,7.28532,7.27513,7.4454,7.37515,7.23269,7.34229,0.94516,1.00391,0.79122,6
2024-06-15,21.7696,-14.1054,6.1262,0.79953,0.91071,7.33572,6.97808,7.21176,7.21114,7.29586,7.24435,7.27072,7.23009,0.94516,1.00391,0.79122,6
2024-06-16,21.7696,-14.1054,7.2422,0.94342,0.79953,7.373,6.13763,6.52223,6.77945,6.58243,6.80452,6.50684,6.4995,0.94516,1.00391,0.79122,6
2024-06-17,21.7696,-14.1054,6.7606,0.8805,0.94342,7.39153,7.24371,7.26565,7.23436,7.18047,7.19416,7.19659,7.04457,0.94516,1.00391,0.79122,6
2024-06-18,21.7696,-14.1054,7.1554,0.93177,0.8805,7.39018,6.76166,7.2434,7.2528,7.1412,7.14844,7.04372,7.0273,0.94516,1.00391,0.79122,6
2024-06-19,21.7696,-14.1054,6.1706,0.80382,0.93177,7.38105,7.15287,7.18456,7.21618,7.15122,7.16136,7.00672,7.02807,0.94516,1.00391,0.79122,6
2024-06-20,21.7696,-14.1054,7.3706,0.96032,0.80382,7.40559,6.16938,6.90027,7.05494,6.83086,6.99618,6.99236,6.9521,0.94516,1.00391,0.79122,6
2024-06-21,21.7696,-14.1054,7.2151,0.9391,0.96032,7.45042,7.37818,7.70656,7.54253,7.61051,7.54068,7.83557,7.68498,0.94516,1.00391,0.79122,6
2024-06-22,21.7696,-14.1054,7.5718,0.98516,0.9391,7.47052,7.21775,7.47736,7.42855,7.46126,7.42585,7.26759,7.37688,0.94516,1.00391,0.79122,6
2024-06-23,21.7696,-14.1054,7.4141,0.96363,0.98516,7.51536,7.5798,7.69795,7.60399,7.74991,7.67009,7.69943,7.68133,0.94516,1.00391,0.79122,6
2024-06-24,21.7696,-14.1054,7.6298,0.99203,0.96363,7.54024,7.41138,7.31088,7.34308,7.38744,7.40874,7.28208,7.29978,0.94516,1.00391,0.79122,6
2024-06-25,21.7696,-14.1054,7.8334,1.01825,0.99203,7.54854,7.63165,7.71452,7.62839,7.58232,7.53492,7.72389,7.57162,0.94516,1.00391,0.79122,6
2024-06-26,21.7696,-14.1054,7.0178,0.91388,1.01825,7.55163,7.81931,7.80126,7.70476,7.69856,7.63336,7.72889,7.72032,0.94516,1.00391,0.79122,6
2024-06-27,21.7696,-14.1054,7.6135,0.99186,0.91388,7.56051,7.0149,7.37123,7.39068,7.38673,7.39744,7.39736,7.3683,0.94516,1.00391,0.79122,6
2024-06-28,21.7696,-14.1054,7.356,0.96114,0.99186,7.52062,7.59113,7.65069,7.53437,7.71558,7.60229,7.76484,7.70969,0.94516,1.00391,0.79122,6
2024-06-29,21.7696,-14.1054,7.4527,0.97586,0.96114,7.49298,7.34024,7.46229,7.4376,7.59354,7.51313,7.50245,7.5398,0.94516,1.00391,0.79122,6
2024-06-30,21.7696,-14.1054,6.8026,0.89147,0.97586,7.47645,7.44655,7.41183,7.39782,7.53077,7.52591,7.38337,7.4751,0.94516,1.00391,0.79122,6
2024-07-01,21.7696,-14.1054,6.8402,0.89699,0.89147,7.48361,6.79817,7.08603,7.22014,7.09982,7.24567,7.08607,7.08314,0.94516,1.00391,0.79122,6
2024-07-02,21.7696,-14.1054,6.8345,0.89662,0.89699,7.49515,6.8373,7.28962,7.38593,7.34062,7.34894,7.3358,7.28762,0.94516,1.00391,0.79122,6
2024-07-03,21.7696,-14.1054,7.0466,0.92621,0.89662,7.46884,6.82144,7.08293,7.2509,7.09978,7.2101,6.9329,6.97973,0.94516,1.00391,0.79122,6
2024-07-04,21.7696,-14.1054,7.1818,0.94438,0.92621,7.47352,7.04361,7.39745,7.42601,7.37923,7.35641,7.65923,7.5291,0.94516,1.00391,0.79122,6
2024-07-05,21.7696,-14.1054,6.6962,0.88327,0.94438,7.4339,7.15952,7.40312,7.38225,7.29261,7.23404,7.32672,7.308,0.94516,1.00391,0.79122,6
2024-07-06,21.7696,-14.1054,6.9432,0.91926,0.88327,7.38086,6.67139,7.33515,7.33701,7.25213,7.17748,7.07978,6.9893,0.94516,1.00391,0.79122,6
2024-07-07,21.7696,-14.1054,7.2442,0.96089,0.91926,7.36042,6.9303,7.12505,7.2571,7.25117,7.236,7.06948,7.05878,0.94516,1.00391,0.79122,6
2024-07-08,21.7696,-14.1054,7.5466,1.00318,0.96089,7.33377,7.22848,7.34082,7.31939,7.21061,7.22494,7.4317,7.33441,0.94516,1.00391,0.79122,6
2024-07-09,21.7696,-14.1054,7.5274,1.00287,1.00318,7.26684,7.5297,7.5451,7.38522,7.37622,7.30054,7.44738,7.36366,0.94516,1.00391,0.79122,6
2024-07-10,21.7696,-14.1054,7.3231,0.97833,1.00287,7.2192,7.50682,7.28735,7.20357,7.20511,7.16975,7.16328,7.11798,0.94516,1.00391,0.79122,6
2024-07-11,21.7696,-14.1054,6.5573,0.87626,0.97833,7.2243,7.32109,7.20511,7.17856,7.4082,7.31956,7.15259,7.20874,0.94516,1.00391,0.79122,6
2024-07-12,21.7696,-14.1054,6.1018,0.81626,0.87626,7.22131,6.55036,7.01394,7.14857,7.07849,7.06473,6.9037,6.88921,0.94516,1.00391,0.79122,6
2024-07-13,21.7696,-14.1054,6.445,0.86085,0.81626,7.25613,6.11118,6.88477,7.11558,6.687,6.88624,6.79031,6.76396,0.94516,1.00391,0.79122,6
2024-07-14,21.7696,-14.1054,6.8146,0.91008,0.86085,7.26147,6.44596,7.0016,7.20909,6.8507,6.96228,6.9724,6.85179,0.94516,1.00391,0.79122,6
2024-07-15,21.7696,-14.1054,6.7913,0.90786,0.91008,7.25885,6.8079,7.05508,7.14912,7.0927,7.09363,7.06559,7.04839,0.94516,1.00391,0.79122,6
2024-07-16,21.7696,-14.1054,6.456,0.86463,0.90786,7.23166,6.77876,6.89541,7.0127,6.99014,7.00449,6.84039,6.84885,0.94516,1.00391,0.79122,6
2024-07-17,21.7696,-14.1054,7.0565,0.94858,0.86463,7.1752,6.43201,7.1061,7.14448,7.17299,7.13324,7.1782,7.07873,0.94516,1.00391,0.79122,6
2024-07-18,21.7696,-14.1054,6.6674,0.89669,0.94858,7.19256,7.05322,7.30999,7.25652,7.26502,7.16913,7.29848,7.27114,0.94516,1.00391,0.79122,6
2024-07-19,21.7696,-14.1054,7.1563,0.96484,0.89669,7.16411,6.65082,6.74888,6.89954,6.73446,6.89565,6.69995,6.74145,0.94516,1.00391,0.79122,6
2024-07-20,21.7696,-14.1054,6.7709,0.91235,0.96484,7.18753,7.16048,6.91332,7.05199,7.07879,7.20954,7.01109,7.07485,0.94516,1.00391,0.79122,6
2024-07-21,21.7696,-14.1054,6.5381,0.88116,0.91235,7.18834,6.76949,6.77736,6.96515,6.8218,7.12778,6.78637,6.87653,0.94516,1.00391,0.79122,6
2024-07-22,21.7696,-14.1054,6.7118,0.90942,0.88116,7.08886,6.50328,6.76725,6.90722,6.72016,6.84011,6.7155,6.69281,0.94516,1.00391,0.79122,6
2024-07-23,21.7696,-14.1054,7.0459,0.95637,0.90942,7.05702,6.69995,6.80785,6.9274,6.74401,6.79607,6.70799,6.74699,0.94516,1.00391,0.79122,6
2024-07-24,21.7696,-14.1054,6.8441,0.92767,0.95637,7.11403,7.05591,7.3416,7.19928,7.12448,7.04347,7.43124,7.27073,0.94516,1.00391,0.79122,6
2024-07-25,21.7696,-14.1054,6.8018,0.91967,0.92767,7.17911,6.86096,6.5961,6.8782,6.81369,7.11742,6.60753,6.86691,0.94516,1.00391,0.79122,6
2024-07-26,21.7696,-14.1054,6.8155,0.92155,0.91967,7.18735,6.8016,6.98989,7.1023,6.98681,7.20436,7.1861,7.15129,0.94516,1.00391,0.79122,6
2024-07-27,21.7696,-14.1054,6.9101,0.93321,0.92155,7.21131,6.82376,7.32032,7.26725,7.21648,7.16665,7.20996,7.04021,0.94516,1.00391,0.79122,6
2024-07-28,21.7696,-14.1054,7.1218,0.96368,0.93321,7.18619,6.89659,7.12091,7.19051,7.19582,7.129,7.16648,7.08619,0.94516,1.00391,0.79122,6
2024-07-29,21.7696,-14.1054,7.4393,1.00812,0.96368,7.1795,7.11133,7.51632,7.37828,7.25811,7.10875,7.30063,7.2969,0.94516,1.00391,0.79122,6
2024-07-30,21.7696,-14.1054,7.5862,1.02918,1.00812,7.17712,7.43103,7.43387,7.31375,7.40684,7.27762,7.34339,7.30297,0.94516,1.00391,0.79122,6
2024-07-31,21.7696,-14.1054,6.9787,0.94694,1.02918,7.18139,7.58478,7.2035,7.1874,7.25647,7.22676,7.06503,7.17371,0.94516,1.00391,0.79122,6
2024-08-01,21.7696,-14.1054,6.2198,0.84359,0.94694,7.1961,6.98176,7.18584,7.21808,7.25557,7.24503,7.01367,7.10006,0.94516,1.00391,0.79122,6
2024-08-02,21.7696,-14.1054,6.078,0.82472,0.84359,7.19478,6.21706,6.87916,7.12957,6.98181,7.12308,6.82868,6.84424,0.94516,1.00391,0.79122,6
2024-08-03,21.7696,-14.1054,7.1234,0.96561,0.82472,7.20729,6.08405,6.80805,7.13197,6.70069,6.82153,6.70435,6.59914,0.94516,1.00391,0.79122,6
2024-08-04,21.7696,-14.1054,6.3874,0.86776,0.96561,7.16092,7.10765,7.2744,7.29489,7.0922,7.02461,7.18823,7.14521,0.94516,1.00391,0.79122,6
2024-08-05,21.7696,-14.1054,7.2706,0.98782,0.86776,7.15735,6.38698,6.5753,6.86281,6.61173,6.77282,6.64618,6.80153,0.94516,1.00391,0.79122,6
2024-08-06,21.7696,-14.1054,6.7987,0.92183,0.98782,7.22388,7.28537,7.4904,7.4248,7.54804,7.52546,7.746,7.65349,0.94516,1.00391,0.79122,6
2024-08-07,21.7696,-14.1054,6.8026,0.92342,0.92183,7.21304,6.79083,7.04643,7.04252,7.16693,7.14849,6.87095,6.95498,0.94516,1.00391,0.79122,6
2024-08-08,21.7696,-14.1054,6.4771,0.88182,0.92342,7.19018,6.78267,7.16529,7.17696,7.2232,7.08804,7.27518,7.04735,0.94516,1.00391,0.79122,6
2024-08-09,21.7696,-14.1054,6.6926,0.91431,0.88182,7.13426,6.45481,6.86377,7.0444,6.79868,6.87521,6.63676,6.75192,0.94516,1.00391,0.79122,6
2024-08-10,21.7696,-14.1054,6.991,0.95722,0.91431,7.08441,6.67759,6.99357,7.14601,6.91852,6.94354,6.91048,6.96681,0.94516,1.00391,0.79122,6
2024-08-11,21.7696,-14.1054,6.8662,0.94445,0.95722,6.98578,6.95904,7.11882,7.12939,7.01755,6.9565,6.96774,6.85401,0.94516,1.00391,0.79122,6
2024-08-12,21.7696,-14.1054,6.87,0.94582,0.94445,6.97357,6.86005,6.69747,6.84688,6.76328,6.84503,6.5405,6.70094,0.94516,1.00391,0.79122,6
2024-08-13,21.7696,-14.1054,6.9962,0.96469,0.94582,6.95092,6.85938,6.70868,6.84556,6.56131,6.69685,6.78614,6.76578,0.94516,1.00391,0.79122,6
2024-08-14,21.7696,-14.1054,6.913,0.95417,0.96469,6.93285,6.9892,7.08534,7.07473,7.10777,6.99136,7.11837,6.91272,0.94516,1.00391,0.79122,6
2024-08-15,21.7696,-14.1054,7.0757,0.97881,0.95417,6.91733,6.89758,7.07277,7.05882,7.10776,6.93953,6.95977,6.78825,0.94516,1.00391,0.79122,6
2024-08-16,21.7696,-14.1054,6.9703,0.96638,0.97881,6.88271,7.05994,7.30317,7.129,6.97136,6.90202,7.16556,7.0241,0.94516,1.00391,0.79122,6
2024-08-17,21.7696,-14.1054,7.237,1.00725,0.96638,6.84193,6.94339,6.99803,6.93055,6.96162,6.83488,7.06499,6.96904,0.94516,1.00391,0.79122,6
2024-08-18,21.7696,-14.1054,6.1702,0.86241,1.00725,6.80537,7.20648,7.02351,6.97807,7.05146,6.97481,7.13829,7.02018,0.94516,1.00391,0.79122,6
2024-08-19,21.7696,-14.1054,6.2902,0.87946,0.86241,6.8077,6.16823,6.27117,6.41769,6.38733,6.22379,5.91202,6.09311,0.94516,1.00391,0.79122,6
2024-08-20,21.7696,-14.1054,7.3421,1.02922,0.87946,6.78483,6.27376,6.60259,6.74838,6.47208,6.45087,6.60191,6.3971,0.94516,1.00391,0.79122,6
2024-08-21,21.7696,-14.1054,7.278,1.021,1.02922,6.78133,7.33657,7.08841,7.02156,6.97041,6.83286,7.07408,6.95924,0.94516,1.00391,0.79122,6
2024-08-22,21.7696,-14.1054,6.9478,0.97678,1.021,6.73164,7.26237,6.53369,6.58338,6.63353,6.65945,6.47265,6.61818,0.94516,1.00391,0.79122,6
2024-08-23,21.7696,-14.1054,6.3511,0.89368,0.97678,6.73197,6.94165,6.82266,6.89005,6.88483,6.97857,7.02998,6.94536,0.94516,1.00391,0.79122,6
2024-08-24,21.7696,-14.1054,6.811,0.95905,0.89368,6.7479,6.34676,6.86776,6.81064,6.82813,6.93881,6.9779,6.94545,0.94516,1.00391,0.79122,6
2024-08-25,21.7696,-14.1054,6.7318,0.94933,0.95905,6.7483,6.80073,7.00695,6.92504,6.69806,6.62808,6.8108,6.87893,0.94516,1.00391,0.79122,6
2024-08-26,21.7696,-14.1054,6.5347,0.92244,0.94933,6.75996,6.7252,6.59739,6.54988,6.61114,6.58176,6.47366,6.58769,0.94516,1.00391,0.79122,6
2024-08-27,21.7696,-14.1054,6.9223,0.98019,0.92244,6.71833,6.51444,6.57606,6.59812,6.67242,6.71004,6.56878,6.57374,0.94516,1.00391,0.79122,6
2024-08-28,21.7696,-14.1054,6.6283,0.93999,0.98019,6.69849,6.9118,6.81686,6.86005,6.79724,6.84167,6.74665,6.76088,0.94516,1.00391,0.79122,6
2024-08-29,21.7696,-14.1054,6.9876,0.99403,0.93999,6.67163,6.60772,6.59747,6.66151,6.63006,6.76504,6.62245,6.6413,0.94516,1.00391,0.79122,6
2024-08-30,21.7696,-14.1054,7.0553,1.00621,0.99403,6.60318,6.9699,7.04286,6.9695,6.98162,6.8951,6.99835,6.89555,0.94516,1.00391,0.79122,6
2024-08-31,21.7696,-14.1054,7.231,1.03346,1.00621,6.60317,7.04029,7.04797,6.96645,7.03483,6.91101,6.91646,6.9461,0.94516,1.00391,0.79122,6
2024-09-01,21.7696,-14.1054,7.2967,1.04538,1.03346,6.55106,7.21349,6.90251,6.89987,6.85601,6.78897,6.8806,6.86549,0.94516,1.00391,0.79122,6
2024-09-02,21.7696,-14.1054,6.8786,0.98637,1.04538,6.54688,7.29017,7.04358,7.06198,7.02652,6.96586,6.99478,7.01392,0.94516,1.00391,0.79122,6
2024-09-03,21.7696,-14.1054,6.5462,0.9416,0.98637,6.54291,6.85739,6.93125,6.8751,6.91713,6.7841,6.84247,6.875,0.94516,1.00391,0.79122,6
2024-09-04,21.7696,-14.1054,6.3967,0.92002,0.9416,6.55885,6.54675,6.76727,6.68596,6.81267,6.627,6.65265,6.59969,0.94516,1.00391,0.79122,6
2024-09-05,21.7696,-14.1054,6.0082,0.86603,0.92002,6.53014,6.38275,6.48568,6.38692,6.46946,6.31475,6.33692,6.24194,0.94516,1.00391,0.79122,6
2024-09-06,21.7696,-14.1054,5.9117,0.85385,0.86603,6.55226,5.99608,6.36867,6.19316,6.29447,6.17761,6.41758,6.20757,0.94516,1.00391,0.79122,6
2024-09-07,21.7696,-14.1054,6.5206,0.94556,0.85385,6.50901,5.88814,6.18799,5.96661,6.1709,6.17472,6.14247,6.16138,0.94516,1.00391,0.79122,6
2024-09-08,21.7696,-14.1054,6.5645,0.95523,0.94556,6.47669,6.49801,6.33084,6.07816,6.43845,6.31813,6.37057,6.36357,0.94516,1.00391,0.79122,6
2024-09-09,21.7696,-14.1054,6.4973,0.94802,0.95523,6.45624,6.54674,6.39067,6.16675,6.60764,6.41632,6.5767,6.51314,0.94516,1.00391,0.79122,6
2024-09-10,21.7696,-14.1054,6.6926,0.97962,0.94802,6.41114,6.47674,6.2704,6.24438,6.52421,6.58427,6.55816,6.57275,0.94516,1.00391,0.79122,6
2024-09-11,21.7696,-14.1054,6.2698,0.91984,0.97962,6.36196,6.67722,6.27278,6.38687,6.39613,6.56245,6.55699,6.49122,0.94516,1.00391,0.79122,6
2024-09-12,21.7696,-14.1054,7.2826,1.07201,0.91984,6.34362,6.24886,6.43815,6.43115,6.34505,6.44709,6.8139,6.56384,0.94516,1.00391,0.79122,6
2024-09-13,21.7696,-14.1054,7.0406,1.03874,1.07201,6.32582,7.26613,7.15665,6.84002,6.96294,6.84493,7.38149,6.99544,0.94516,1.00391,0.79122,6
2024-09-14,21.7696,-14.1054,6.7603,1.00139,1.03874,6.31696,7.0124,6.72934,6.58095,6.86379,6.72701,6.68098,6.68828,0.94516,1.00391,0.79122,6
2024-09-15,21.7696,-14.1054,6.6338,0.98488,1.00139,6.29338,6.74505,6.48172,6.42577,6.67793,6.5787,6.4714,6.38502,0.94516,1.00391,0.79122,6
2024-09-16,21.7696,-14.1054,6.6034,0.98331,0.98488,6.28085,6.61393,6.47635,6.49883,6.53008,6.52224,6.39752,6.30365,0.94516,1.00391,0.79122,6
2024-09-17,21.7696,-14.1054,6.1495,0.92015,0.98331,6.1792,6.57159,6.30935,6.33604,6.21343,6.22198,6.28082,6.2053,0.94516,1.00391,0.79122,6
2024-09-18,21.7696,-14.1054,6.4531,0.96897,0.92015,6.11889,6.12799,5.98708,6.02294,5.61775,5.56237,5.77707,5.6888,0.94516,1.00391,0.79122,6
2024-09-19,21.7696,-14.1054,6.7464,1.01923,0.96897,6.05863,6.4137,6.34834,6.32773,6.31644,6.18399,6.30065,6.21239,0.94516,1.00391,0.79122,6
2024-09-20,21.7696,-14.1054,6.2647,0.95092,1.01923,6.04079,6.71472,6.36136,6.38544,6.41734,6.33105,6.35787,6.3374,0.94516,1.00391,0.79122,6
2024-09-21,21.7696,-14.1054,6.3295,0.96409,0.95092,6.02949,6.24306,6.1692,6.04409,6.04027,5.91787,6.14539,6.2352,0.94516,1.00391,0.79122,6
2024-09-22,21.7696,-14.1054,5.3623,0.81851,0.96409,6.00652,6.31601,5.83908,5.79953,5.95591,5.91087,5.83925,6.03286,0.94516,1.00391,0.79122,6
2024-09-23,21.7696,-14.1054,5.6597,0.86695,0.81851,5.98614,5.3435,5.55085,5.65746,5.46702,5.54855,5.46169,5.63572,0.94516,1.00391,0.79122,6
2024-09-24,21.7696,-14.1054,5.6242,0.86394,0.86695,5.99313,5.6438,5.72616,5.97328,5.62822,5.65999,5.5043,5.65529,0.94516,1.00391,0.79122,6
2024-09-25,21.7696,-14.1054,6.2602,0.96402,0.86394,5.99833,5.61027,5.84098,6.0181,5.78657,5.8812,5.90728,5.89684,0.94516,1.00391,0.79122,6
2024-09-26,21.7696,-14.1054,4.1928,0.64764,0.96402,6.03659,6.2411,6.07067,6.1584,5.85935,5.84803,5.83374,5.95758,0.94516,1.00391,0.79122,6
2024-09-27,21.7696,-14.1054,5.5099,0.85318,0.64764,6.02836,4.18247,5.18059,5.46477,5.0204,5.39394,5.12868,5.43574,0.94516,1.00391,0.79122,6
2024-09-28,21.7696,-14.1054,5.2793,0.82028,0.85318,5.99878,5.49104,5.42292,5.81519,5.52743,5.81401,5.53698,5.70879,0.94516,1.00391,0.79122,6
2024-09-29,21.7696,-14.1054,4.548,0.70771,0.82028,6.01212,5.27141,5.48765,5.72851,5.32911,5.6357,5.25756,5.35904,0.94516,1.00391,0.79122,6
2024-09-30,21.7696,-14.1054,5.8906,0.92001,0.70771,5.98702,4.5313,5.24741,5.58294,5.20352,5.52169,5.20943,5.38451,0.94516,1.00391,0.79122,6
2024-10-01,21.7696,-14.1054,5.7485,0.89942,0.92001,5.9667,5.88007,5.70074,5.93665,5.64763,5.74065,5.66792,5.75923,0.94516,1.00391,0.79122,6
2024-10-02,21.7696,-14.1054,6.2882,0.98532,0.89942,6.00679,5.74003,5.71719,5.81957,5.58685,5.64285,5.6291,5.5538,0.94516,1.00391,0.79122,6
2024-10-03,21.7696,-14.1054,6.2434,0.97962,0.98532,6.04271,6.27971,5.82965,5.94524,5.80084,5.77418,5.7163,5.66467,0.94516,1.00391,0.79122,6
2024-10-04,21.7696,-14.1054,6.1322,0.96428,0.97962,6.05626,6.2298,5.88236,5.9707,5.84083,5.80085,5.75071,5.65879,0.94516,1.00391,0.79122,6
2024-10-05,21.7696,-14.1054,6.1354,0.96742,0.96428,6.02434,6.11549,6.03526,6.09608,5.92299,5.87663,5.99468,5.7154,0.94516,1.00391,0.79122,6
2024-10-06,21.7696,-14.1054,6.5074,1.02972,0.96742,5.96872,6.11366,6.05173,6.11741,5.96266,5.96684,6.10489,5.91488,0.94516,1.00391,0.79122,6
2024-10-07,21.7696,-14.1054,6.4181,1.02127,1.02972,5.91325,6.47124,6.27399,6.31378,6.14261,6.15568,6.25564,6.22655,0.94516,1.00391,0.79122,6
2024-10-08,21.7696,-14.1054,6.409,1.02507,1.02127,5.83433,6.38522,6.18822,6.20976,6.11169,6.10716,6.09904,6.11927,0.94516,1.00391,0.79122,6
2024-10-09,21.7696,-14.1054,6.1013,0.98187,1.02507,5.74912,6.36971,6.11142,6.16954,6.12119,6.15447,6.03183,6.05159,0.94516,1.00391,0.79122,6
2024-10-10,21.7696,-14.1054,6.1615,0.99616,0.98187,5.71304,6.07313,5.94568,6.00119,5.97754,6.00464,5.91463,5.88924,0.94516,1.00391,0.79122,6
2024-10-11,21.7696,-14.1054,5.292,0.85953,0.99616,5.66902,6.13319,5.81903,5.90503,5.90911,6.03096,5.82321,5.80205,0.94516,1.00391,0.79122,6
2024-10-12,21.7696,-14.1054,5.7763,0.94081,0.85953,5.64356,5.27728,5.30112,5.37671,5.30786,5.57207,5.3257,5.32677,0.94516,1.00391,0.79122,6
2024-10-13,21.7696,-14.1054,4.992,0.8155,0.94081,5.62421,5.75911,5.7195,5.77341,5.71137,5.88815,5.8732,5.76884,0.94516,1.00391,0.79122,6
2024-10-14,21.7696,-14.1054,5.9021,0.96928,0.8155,5.57209,4.96569,5.11532,5.28782,5.10561,5.43719,5.09724,5.2266,0.94516,1.00391,0.79122,6
2024-10-15,21.7696,-14.1054,5.6088,0.92515,0.96928,5.52077,5.87631,5.71321,5.82053,5.66615,5.74547,5.78545,5.7816,0.94516,1.00391,0.79122,6
2024-10-16,21.7696,-14.1054,4.9759,0.82635,0.92515,5.49183,5.57086,5.54157,5.59195,5.54732,5.62339,5.4644,5.50758,0.94516,1.00391,0.79122,6
2024-10-17,21.7696,-14.1054,4.3656,0.73023,0.82635,5.40934,4.94026,5.11458,5.2308,5.18416,5.39091,5.00096,5.0494,0.94516,1.00391,0.79122,6
2024-10-18,21.7696,-14.1054,4.3375,0.73147,0.73023,5.27565,4.33015,4.64047,4.87484,4.63805,5.09165,4.58373,4.68514,0.94516,1.00391,0.79122,6
2024-10-19,21.7696,-14.1054,5.6076,0.95207,0.73147,5.15192,4.30827,4.69282,4.9228,4.68637,5.20409,4.84104,4.85968,0.94516,1.00391,0.79122,6
2024-10-20,21.7696,-14.1054,5.6983,0.97239,0.95207,5.12306,5.57923,5.19217,5.31491,5.20827,5.44182,5.1512,5.30604,0.94516,1.00391,0.79122,6
2024-10-21,21.7696,-14.1054,5.7886,0.99228,0.97239,5.12432,5.67256,5.40176,5.4444,5.45867,5.65138,5.44988,5.50346,0.94516,1.00391,0.79122,6
2024-10-22,21.7696,-14.1054,5.9426,1.02039,0.99228,5.16052,5.7789,5.59763,5.6035,5.6247,5.77627,5.62276,5.63702,0.94516,1.00391,0.79122,6
2024-10-23,21.7696,-14.1054,5.9522,1.02459,1.02039,5.1968,5.92777,5.63884,5.668,5.57972,5.70081,5.62988,5.62611,0.94516,1.00391,0.79122,6
2024-10-24,21.7696,-14.1054,6.078,1.04754,1.02459,5.24035,5.94483,5.71064,5.74615,5.61715,5.72664,5.68601,5.63374,0.94516,1.00391,0.79122,6
2024-10-25,21.7696,-14.1054,5.8049,1.00347,1.04754,5.25895,6.05984,5.66954,5.7535,5.70922,5.81154,5.63435,5.66563,0.94516,1.00391,0.79122,6
2024-10-26,21.7696,-14.1054,5.8106,1.00706,1.00347,5.25952,5.78989,5.51979,5.55281,5.57574,5.71368,5.55267,5.6498,0.94516,1.00391,0.79122,6
2024-10-27,21.7696,-14.1054,6.0132,1.047,1.00706,5.24404,5.78385,5.48261,5.5223,5.51213,5.63518,5.56339,5.5643,0.94516,1.00391,0.79122,6
2024-10-28,21.7696,-14.1054,5.6155,0.98146,1.047,5.24578,5.99048,5.80498,5.76485,5.69819,5.69672,5.90304,5.72225,0.94516,1.00391,0.79122,6
2024-10-29,21.7696,-14.1054,5.9717,1.04688,0.98146,5.24606,5.5985,5.1719,4.96485,5.25308,5.15679,5.10374,5.12839,0.94516,1.00391,0.79122,6
2024-10-30,21.7696,-14.1054,5.3225,0.93631,1.04688,5.26825,5.95104,5.48042,5.4219,5.56908,5.5348,5.58691,5.34302,0.94516,1.00391,0.79122,6
2024-10-31,21.7696,-14.1054,4.4856,0.79073,0.93631,5.27468,5.31145,4.85891,4.69661,4.99293,4.96307,4.74223,4.75012,0.94516,1.00391,0.79122,6
2024-11-01,21.7696,-14.1054,5.6976,1.00864,0.79073,5.2692,4.46669,4.69788,4.7233,4.77986,4.87956,4.79023,4.66008,0.94516,1.00391,0.79122,6
2024-11-02,21.7696,-14.1054,5.4187,0.96237,1.00864,5.28677,5.67924,5.5866,5.64723,5.50065,5.51039,5.63262,5.5425,0.94516,1.00391,0.79122,6
2024-11-03,21.7696,-14.1054,5.7422,1.02343,0.96237,5.31383,5.39957,5.41568,5.44705,5.30622,5.23126,5.39942,5.47332,0.94516,1.00391,0.79122,6
2024-11-04,21.7696,-14.1054,5.5598,0.99465,1.02343,5.30117,5.72069,5.40312,5.49076,5.34687,5.30271,5.41889,5.49929,0.94516,1.00391,0.79122,6
2024-11-05,21.7696,-14.1054,5.4838,0.98308,0.99465,5.30199,5.54834,5.45393,5.48294,5.38918,5.34762,5.33978,5.47532,0.94516,1.00391,0.79122,6
2024-11-06,21.7696,-14.1054,5.4658,0.9854,0.98308,5.23581,5.45292,5.17228,5.23742,5.2421,5.20055,5.17626,5.20111,0.94516,1.00391,0.79122,6
2024-11-07,21.7696,-14.1054,5.634,1.02097,0.9854,5.17095,5.43773,5.43633,5.43028,5.41869,5.46256,5.518,5.44131,0.94516,1.00391,0.79122,6
2024-11-08,21.7696,-14.1054,5.011,0.91432,1.02097,5.06418,5.59551,5.25225,5.27971,5.2495,5.30151,5.16111,5.29389,0.94516,1.00391,0.79122,6
2024-11-09,21.7696,-14.1054,5.3832,0.98761,0.91432,4.99809,4.9837,4.92897,4.94997,4.89163,4.91756,5.0597,5.05002,0.94516,1.00391,0.79122,6
2024-11-10,21.7696,-14.1054,5.4319,1.00375,0.98761,4.90317,5.34453,5.1157,5.19155,5.17883,5.23819,5.23111,5.2915,0.94516,1.00391,0.79122,6
2024-11-11,21.7696,-14.1054,5.3359,0.99139,1.00375,4.85311,5.40244,5.27365,5.32772,5.29925,5.32132,5.35171,5.4051,0.94516,1.00391,0.79122,6
2024-11-12,21.7696,-14.1054,5.375,1.00485,0.99139,4.80751,5.30299,5.20866,5.2717,5.23735,5.27414,5.19791,5.28378,0.94516,1.00391,0.79122,6
2024-11-13,21.7696,-14.1054,5.5723,1.04813,1.00485,4.76482,5.34222,5.178,5.26682,5.14958,5.20812,5.13672,5.19054,0.94516,1.00391,0.79122,6
2024-11-14,21.7696,-14.1054,5.2579,0.99455,1.04813,4.70182,5.54118,5.20389,5.31464,5.12205,5.22822,5.05983,5.08797,0.94516,1.00391,0.79122,6
2024-11-15,21.7696,-14.1054,4.5487,0.86431,0.99455,4.68433,5.23413,4.91445,4.97824,4.93257,4.98466,4.81965,4.83215,0.94516,1.00391,0.79122,6
2024-11-16,21.7696,-14.1054,4.812,0.91661,0.86431,4.68498,4.53744,4.56734,4.50127,4.47321,4.39186,4.27462,4.38209,0.94516,1.00391,0.79122,6
2024-11-17,21.7696,-14.1054,4.5816,0.87594,0.91661,4.64687,4.79429,4.72471,4.77917,4.61678,4.61978,4.64619,4.53588,0.94516,1.00391,0.79122,6
2024-11-18,21.7696,-14.1054,4.7035,0.90127,0.87594,4.65412,4.5713,4.47892,4.47225,4.53993,4.49168,4.47548,4.45887,0.94516,1.00391,0.79122,6
2024-11-19,21.7696,-14.1054,2.7883,0.53646,0.90127,4.60985,4.68444,4.42695,4.44725,4.51995,4.55852,4.40283,4.57294,0.94516,1.00391,0.79122,6
2024-11-20,21.7696,-14.1054,4.6879,0.90683,0.53646,4.5738,2.77325,3.81229,3.80939,3.77256,3.73167,3.93171,3.96701,0.94516,1.00391,0.79122,6
2024-11-21,21.7696,-14.1054,5.2978,1.03114,0.90683,4.5239,4.65914,4.39995,4.47576,4.49486,4.5671,4.46164,4.59365,0.94516,1.00391,0.79122,6
2024-11-22,21.7696,-14.1054,5.1302,1.00189,1.03114,4.50692,5.27997,4.99818,4.94653,4.87938,4.93003,4.97535,4.90539,0.94516,1.00391,0.79122,6
2024-11-23,21.7696,-14.1054,5.2116,1.02004,1.00189,4.55134,5.11888,4.80929,4.81747,4.75912,4.74233,4.81509,4.91197,0.94516,1.00391,0.79122,6
2024-11-24,21.7696,-14.1054,5.2226,1.02551,1.02004,4.55633,5.19471,4.89588,4.89168,4.85935,4.90971,4.97202,5.04249,0.94516,1.00391,0.79122,6
2024-11-25,21.7696,-14.1054,5.119,1.00648,1.02551,4.60165,5.21581,4.99954,4.98035,4.88215,4.91338,4.95724,4.90886,0.94516,1.00391,0.79122,6
2024-11-26,21.7696,-14.1054,5.0155,0.98904,1.00648,4.61376,5.10392,4.88211,4.88645,4.91118,4.96807,4.91415,4.86639,0.94516,1.00391,0.79122,6
2024-11-27,21.7696,-14.1054,3.4963,0.69197,0.98904,4.58664,4.99728,4.82681,4.81133,4.83668,4.89636,4.88789,4.89187,0.94516,1.00391,0.79122,6
2024-11-28,21.7696,-14.1054,4.5221,0.89719,0.69197,4.58061,3.48774,4.31842,4.36416,4.34343,4.50465,4.3793,4.43942,0.94516,1.00391,0.79122,6
2024-11-29,21.7696,-14.1054,5.0162,0.99905,0.89719,4.56917,4.5048,4.43803,4.55712,4.53494,4.63041,4.4144,4.57187,0.94516,1.00391,0.79122,6
2024-11-30,21.7696,-14.1054,4.9786,0.99512,0.99905,4.5536,4.99824,4.5966,4.62523,4.68728,4.7585,4.69842,4.79261,0.94516,1.00391,0.79122,6
2024-12-01,21.7696,-14.1054,4.4263,0.88614,0.99512,4.56882,4.97069,4.81836,4.79934,4.86317,4.90169,4.91164,4.9441,0.94516,1.00391,0.79122,6
2024-12-02,21.7696,-14.1054,4.7971,0.96086,0.88614,4.61671,4.42402,4.55149,4.56574,4.56031,4.64439,4.52137,4.74651,0.94516,1.00391,0.79122,6
2024-12-03,21.7696,-14.1054,4.8302,0.97072,0.96086,4.60308,4.78118,4.69854,4.77723,4.67927,4.66621,4.77956,4.81145,0.94516,1.00391,0.79122,6
2024-12-04,21.7696,-14.1054,2.0671,0.4159,0.97072,4.62472,4.82461,4.6357,4.68169,4.63216,4.62829,4.61035,4.67502,0.94516,1.00391,0.79122,6
2024-12-05,21.7696,-14.1054,2.4578,0.49585,0.4159,4.61741,2.06153,3.5386,3.7167,3.5961,3.63336,3.52295,3.78941,0.94516,1.00391,0.79122,6
2024-12-06,21.7696,-14.1054,2.4348,0.49086,0.49585,4.67024,2.45955,3.62458,3.61664,3.70381,3.76547,3.58979,3.92352,0.94516,1.00391,0.79122,6
2024-12-07,21.7696,-14.1054,4.5768,0.92383,0.49086,4.69637,2.43178,3.68104,3.57497,3.724,3.90941,3.64915,4.20552,0.94516,1.00391,0.79122,6
2024-12-08,21.7696,-14.1054,4.8329,0.97643,0.92383,4.68739,4.57257,4.60559,4.61791,4.63789,4.62299,4.60214,4.64491,0.94516,1.00391,0.79122,6
2024-12-09,21.7696,-14.1054,2.7425,0.55538,0.97643,4.66961,4.8217,4.64728,4.67373,4.67612,4.65724,4.5077,4.61557,0.94516,1.00391,0.79122,6
2024-12-10,21.7696,-14.1054,4.9661,1.00944,0.55538,4.61985,2.73225,3.71706,3.80482,3.67033,3.8189,3.58568,4.0951,0.94516,1.00391,0.79122,6
2024-12-11,21.7696,-14.1054,4.9272,1.00402,1.00944,4.59115,4.95384,4.61991,4.61379,4.59153,4.51557,4.47773,4.4848,0.94516,1.00391,0.79122,6
2024-12-12,21.7696,-14.1054,4.8994,0.99835,1.00402,4.59704,4.9272,4.88299,4.89878,4.6745,4.70142,4.76766,4.47408,0.94516,1.00391,0.79122,6
2024-12-13,21.7696,-14.1054,4.8698,0.9939,0.99835,4.58641,4.8916,4.63767,4.6068,4.57559,4.5214,4.39989,4.41206,0.94516,1.00391,0.79122,6
2024-12-14,21.7696,-14.1054,4.2866,0.87598,0.9939,4.57203,4.86364,4.60701,4.57073,4.65161,4.6401,4.47019,4.45524,0.94516,1.00391,0.79122,6
2024-12-15,21.7696,-14.1054,3.4598,0.70899,0.87598,4.52224,4.27469,4.15046,4.08966,4.18,3.98059,3.92762,4.00204,0.94516,1.00391,0.79122,6
2024-12-16,21.7696,-14.1054,3.4642,0.71232,0.70899,4.48557,3.44801,3.75272,3.78414,3.70973,3.69375,3.61777,3.71778,0.94516,1.00391,0.79122,6
2024-12-17,21.7696,-14.1054,3.2861,0.67846,0.71232,4.44388,3.45012,3.96704,3.98087,3.80207,3.76271,4.13593,4.06892,0.94516,1.00391,0.79122,6
2024-12-18,21.7696,-14.1054,3.5609,0.73664,0.67846,4.41722,3.27964,4.03759,4.2001,3.98166,3.99206,4.25186,4.30438,0.94516,1.00391,0.79122,6
2024-12-19,21.7696,-14.1054,3.9478,0.81919,0.73664,4.37151,3.54998,4.04775,4.21576,4.15883,4.18197,4.12587,4.36718,0.94516,1.00391,0.79122,6
2024-12-20,21.7696,-14.1054,4.7851,0.99398,0.81919,4.35351,3.94365,4.13483,4.14765,4.21996,4.21553,4.16687,4.35051,0.94516,1.00391,0.79122,6
2024-12-21,21.7696,-14.1054,4.9356,1.02705,0.99398,4.32156,4.77665,4.4944,4.52363,4.54893,4.52473,4.48586,4.43088,0.94516,1.00391,0.79122,6
2024-12-22,21.7696,-14.1054,4.9356,1.02931,1.02705,4.30291,4.92477,4.46621,4.4691,4.39999,4.39677,4.27082,4.30418,0.94516,1.00391,0.79122,6
2024-12-23,21.7696,-14.1054,4.819,1.00643,1.02931,4.28699,4.92857,4.54337,4.58057,4.41852,4.43777,4.37273,4.37144,0.94516,1.00391,0.79122,6
2024-12-24,21.7696,-14.1054,4.2718,0.8955,1.00643,4.26514,4.80099,4.33934,4.30606,4.30441,4.27451,4.253,4.27723,0.94516,1.00391,0.79122,6
2024-12-25,21.7696,-14.1054,4.992,1.0465,0.8955,4.28324,4.2717,4.16153,4.06196,4.09446,3.968,4.0509,4.10333,0.94516,1.00391,0.79122,6
2024-12-26,21.7696,-14.1054,4.4954,0.94366,1.0465,4.29396,4.98531,4.69798,4.77223,4.55973,4.73211,4.5232,4.44961,0.94516,1.00391,0.79122,6
2024-12-27,21.7696,-14.1054,4.6433,0.97549,0.94366,4.30301,4.49178,4.23181,4.18886,4.1627,4.10572,4.06186,4.15399,0.94516,1.00391,0.79122,6
2024-12-28,21.7696,-14.1054,4.7095,0.98893,0.97549,4.2644,4.64548,4.22515,4.18498,4.19992,4.10598,4.33833,4.30393,0.94516,1.00391,0.79122,6
2024-12-29,21.7696,-14.1054,4.4162,0.92377,0.98893,4.29324,4.72771,4.51021,4.51476,4.47415,4.53263,4.43524,4.50868,0.94516,1.00391,0.79122,6
2024-12-30,21.7696,-14.1054,4.8506,1.01112,0.92377,4.32359,4.43158,4.50546,4.50751,4.47683,4.50145,4.52233,4.54142,0.94516,1.00391,0.79122,6
2024-12-31,21.7696,-14.1054,4.8379,1.00847,1.01112,4.32359,4.8506,4.72812,4.77691,4.62356,4.71681,4.74706,4.68011,0.94516,1.00391,0.79122,6
2025-01-01,21.7696,-14.1054,4.8842,1.0141,1.00847,4.36713,4.85708,4.81319,4.83029,4.73184,4.77143,4.85555,4.74218,0.94516,1.00391,0.79122,6
2025-01-02,21.7696,-14.1054,4.9896,1.03331,1.0141,4.39477,4.89682,4.65186,4.67922,4.68699,4.68327,4.72243,4.62745,0.94516,1.00391,0.79122,6
2025-01-03,21.7696,-14.1054,4.9104,1.01344,1.03331,4.42301,5.00668,4.74973,4.8355,4.82499,4.86724,4.76962,4.71193,0.94516,1.00391,0.79122,6
2025-01-04,21.7696,-14.1054,4.9639,1.01897,1.01344,4.47567,4.93695,4.84934,4.90777,4.83849,4.87052,4.76811,4.72917,0.94516,1.00391,0.79122,6
2025-01-05,21.7696,-14.1054,5.083,1.03926,1.01897,4.48281,4.98377,4.81282,4.88404,4.8162,4.84799,4.80384,4.78681,0.94516,1.00391,0.79122,6
2025-01-06,21.7696,-14.1054,5.2291,1.06596,1.03926,4.49482,5.09811,4.84496,4.92853,4.85119,4.925,4.84667,4.83354,0.94516,1.00391,0.79122,6
2025-01-07,21.7696,-14.1054,5.2858,1.07512,1.06596,4.48158,5.2408,4.82668,4.91306,4.78514,4.9227,4.71943,4.79415,0.94516,1.00391,0.79122,6
2025-01-08,21.7696,-14.1054,4.699,0.95271,1.07512,4.47088,5.30274,4.797,4.88333,4.79554,4.91227,4.69271,4.78311,0.94516,1.00391,0.79122,6
2025-01-09,21.7696,-14.1054,5.0971,1.02525,0.95271,4.50476,4.73645,4.6391,4.60725,4.65141,4.67052,4.61309,4.64145,0.94516,1.00391,0.79122,6
2025-01-10,21.7696,-14.1054,5.124,1.02574,1.02525,4.51961,5.12157,4.90396,4.98153,4.87051,4.95215,4.89872,4.86594,0.94516,1.00391,0.79122,6
2025-01-11,21.7696,-14.1054,4.9985,0.99428,1.02574,4.5489,5.15667,4.91099,4.99508,4.92027,5.00968,4.91233,4.86966,0.94516,1.00391,0.79122,6
2025-01-12,21.7696,-14.1054,5.2913,1.04526,0.99428,4.59337,5.03323,4.88535,4.93818,4.89593,4.96595,4.8803,4.84361,0.94516,1.00391,0.79122,6
2025-01-13,21.7696,-14.1054,5.3138,1.04302,1.04526,4.67035,5.3252,5.02486,5.10964,5.0777,5.12336,5.067,5.02068,0.94516,1.00391,0.79122,6
2025-01-14,21.7696,-14.1054,5.4115,1.05814,1.04302,4.70471,5.33416,5.05446,5.12458,5.09343,5.14879,5.15415,5.12511,0.94516,1.00391,0.79122,6
2025-01-15,21.7696,-14.1054,5.3143,1.03332,1.05814,4.75313,5.44194,5.14094,5.21834,5.10164,5.21959,5.17614,5.14684,0.94516,1.00391,0.79122,6
2025-01-16,21.7696,-14.1054,4.9066,0.94829,1.03332,4.78199,5.34658,5.09475,5.16173,5.10968,5.20499,5.12918,5.10959,0.94516,1.00391,0.79122,6
2025-01-17,21.7696,-14.1054,5.5414,1.06437,0.94829,4.78917,4.93703,5.09429,5.08434,5.01369,5.10078,5.10484,4.98528,0.94516,1.00391,0.79122,6
2025-01-18,21.7696,-14.1054,5.4962,1.05011,1.06437,4.80955,5.57085,5.26669,5.3183,5.26203,5.27772,5.25876,5.17353,0.94516,1.00391,0.79122,6
2025-01-19,21.7696,-14.1054,5.3767,1.0227,1.05011,4.82121,5.52081,5.13059,5.21937,5.27086,5.24899,5.21066,5.19786,0.94516,1.00391,0.79122,6
2025-01-20,21.7696,-14.1054,5.4602,1.03279,1.0227,4.85431,5.40685,5.13697,5.19753,5.29121,5.27646,5.27112,5.15099,0.94516,1.00391,0.79122,6
2025-01-21,21.7696,-14.1054,5.4854,1.02987,1.03279,4.91154,5.50096,5.1891,5.23918,5.30847,5.3483,5.28776,5.13674,0.94516,1.00391,0.79122,6
2025-01-22,21.7696,-14.1054,4.5113,0.84005,1.02987,4.963,5.53068,5.30783,5.34511,5.23646,5.30259,5.31749,5.23898,0.94516,1.00391,0.79122,6
2025-01-23,21.7696,-14.1054,5.6714,1.04942,0.84005,5.01889,4.53992,4.66955,4.66918,4.5812,4.47108,4.49003,4.69186,0.94516,1.00391,0.79122,6
2025-01-24,21.7696,-14.1054,5.2013,0.95706,1.04942,5.05284,5.70325,5.26109,5.29323,5.25486,5.37589,5.41216,5.29518,0.94516,1.00391,0.79122,6
2025-01-25,21.7696,-14.1054,5.5447,1.01383,0.95706,5.08259,5.23419,5.17841,5.14359,5.13612,5.188,5.07937,5.24776,0.94516,1.00391,0.79122,6
2025-01-26,21.7696,-14.1054,5.5802,1.01384,1.01383,5.11433,5.58017,5.43686,5.48707,5.43013,5.52057,5.32917,5.4656,0.94516,1.00391,0.79122,6
2025-01-27,21.7696,-14.1054,5.5306,1.00062,1.01384,5.13214,5.60365,5.41702,5.47098,5.48771,5.54121,5.53212,5.51265,0.94516,1.00391,0.79122,6
2025-01-28,21.7696,-14.1054,5.442,0.97987,1.00062,5.16555,5.55726,5.41301,5.43555,5.45717,5.48404,5.47026,5.48249,0.94516,1.00391,0.79122,6
2025-01-29,21.7696,-14.1054,5.6868,1.01818,0.97987,5.20409,5.47282,5.41807,5.40159,5.40093,5.35775,5.3609,5.40591,0.94516,1.00391,0.79122,6
2025-01-30,21.7696,-14.1054,5.4698,0.9735,1.01818,5.22864,5.72087,5.60013,5.59525,5.53806,5.53271,5.71516,5.55507,0.94516,1.00391,0.79122,6
2025-01-31,21.7696,-14.1054,5.6734,1.00411,0.9735,5.22875,5.50042,5.49765,5.51698,5.55229,5.54269,5.75212,5.6145,0.94516,1.00391,0.79122,6
2025-02-01,21.7696,-14.1054,5.6189,0.9888,1.00411,5.27732,5.70592,5.71567,5.73686,5.70058,5.67611,5.75265,5.624,0.94516,1.00391,0.79122,6
2025-02-02,21.7696,-14.1054,6.0382,1.05563,0.9888,5.32173,5.65592,5.58818,5.63455,5.7464,5.67801,5.69105,5.60404,0.94516,1.00391,0.79122,6
2025-02-03,21.7696,-14.1054,5.8596,1.01862,1.05563,5.37764,6.07251,5.81837,5.91545,5.8621,5.84769,5.92315,5.73757,0.94516,1.00391,0.79122,6
2025-02-04,21.7696,-14.1054,5.8404,1.01071,1.01862,5.42443,5.88612,5.72911,5.81262,5.84877,5.83738,5.64852,5.67448,0.94516,1.00391,0.79122,6
2025-02-05,21.7696,-14.1054,5.8771,1.01248,1.01071,5.45348,5.86678,5.72236,5.77764,5.79472,5.83151,5.86774,5.74636,0.94516,1.00391,0.79122,6
2025-02-06,21.7696,-14.1054,5.7838,0.99201,1.01248,5.49046,5.90318,5.8036,5.85233,5.80491,5.83217,5.66629,5.78321,0.94516,1.00391,0.79122,6
2025-02-07,21.7696,-14.1054,5.8085,0.99214,0.99201,5.49863,5.80775,5.78801,5.82946,5.78999,5.79198,5.83909,5.86444,0.94516,1.00391,0.79122,6
2025-02-08,21.7696,-14.1054,5.831,0.99865,0.99214,5.41045,5.79299,5.75248,5.7987,5.7525,5.75923,5.75016,5.72607,0.94516,1.00391,0.79122,6
2025-02-09,21.7696,-14.1054,5.8555,1.00349,0.99865,5.37186,5.82725,5.73762,5.81449,5.74976,5.77639,5.64435,5.68677,0.94516,1.00391,0.79122,6
2025-02-10,21.7696,-14.1054,5.8546,1.00337,1.00349,5.34258,5.85525,5.65809,5.74911,5.75967,5.79483,5.65878,5.62212,0.94516,1.00391,0.79122,6
2025-02-11,21.7696,-14.1054,4.4066,0.75393,1.00337,5.33139,5.86453,5.58428,5.63569,5.657,5.7219,5.47874,5.4882,0.94516,1.00391,0.79122,6
2025-02-12,21.7696,-14.1054,5.0866,0.86775,0.75393,5.33544,4.41944,4.65932,4.5659,4.64621,4.49352,4.4685,4.59409,0.94516,1.00391,0.79122,6
2025-02-13,21.7696,-14.1054,5.7446,0.97549,0.86775,5.34457,5.11011,5.12077,4.98632,5.04682,4.98997,5.02315,4.9655,0.94516,1.00391,0.79122,6
2025-02-14,21.7696,-14.1054,5.8903,0.99398,0.97549,5.39951,5.78073,5.68493,5.66478,5.6206,5.7018,5.54582,5.48525,0.94516,1.00391,0.79122,6
2025-02-15,21.7696,-14.1054,6.1138,1.02561,0.99398,5.46089,5.92523,5.73815,5.71341,5.73859,5.74161,5.61852,5.58766,0.94516,1.00391,0.79122,6
2025-02-16,21.7696,-14.1054,6.2688,1.04632,1.02561,5.47147,6.14476,5.7681,5.69973,5.6861,5.68048,5.76377,5.65762,0.94516,1.00391,0.79122,6
2025-02-17,21.7696,-14.1054,6.4162,1.07092,1.04632,5.43102,6.26878,6.0114,5.92135,5.77448,5.83386,6.0085,5.68519,0.94516,1.00391,0.79122,6
2025-02-18,21.7696,-14.1054,6.7519,1.12226,1.07092,5.44117,6.44305,5.92398,5.9571,5.85079,6.02149,5.82944,5.58976,0.94516,1.00391,0.79122,6
2025-02-19,21.7696,-14.1054,6.3271,1.04589,1.12226,5.47046,6.78906,6.09042,6.16191,5.95541,6.15486,5.90146,5.81487,0.94516,1.00391,0.79122,6
2025-02-20,21.7696,-14.1054,6.2462,1.02493,1.04589,5.53098,6.37394,5.88548,6.01507,5.93937,6.0682,6.01924,5.81274,0.94516,1.00391,0.79122,6
2025-02-21,21.7696,-14.1054,6.0096,0.9794,1.02493,5.59373,6.28901,6.01177,6.08796,5.98352,6.06864,6.08187,5.82066,0.94516,1.00391,0.79122,6
2025-02-22,21.7696,-14.1054,6.2686,1.01437,0.9794,5.68516,6.05248,5.91306,5.96645,6.01584,6.03662,5.99097,5.87382,0.94516,1.00391,0.79122,6
2025-02-23,21.7696,-14.1054,6.2107,0.99338,1.01437,5.83963,6.3419,6.23485,6.24664,6.19711,6.22491,6.41765,6.18486,0.94516,1.00391,0.79122,6
2025-02-24,21.7696,-14.1054,6.3778,1.01076,0.99338,5.94366,6.26813,6.1667,6.19644,6.25423,6.22481,6.26821,6.22203,0.94516,1.00391,0.79122,6
2025-02-25,21.7696,-14.1054,6.0979,0.95655,1.01076,6.04378,6.44353,6.26326,6.28026,6.30763,6.2702,6.45422,6.38385,0.94516,1.00391,0.79122,6
2025-02-26,21.7696,-14.1054,6.4656,1.00649,0.95655,6.11852,6.14477,6.35258,6.32919,6.39557,6.34995,6.53258,6.41741,0.94516,1.00391,0.79122,6
2025-02-27,21.7696,-14.1054,6.8618,1.0601,1.00649,6.18944,6.51478,6.44964,6.46568,6.53837,6.47019,6.52363,6.54406,0.94516,1.00391,0.79122,6
2025-02-28,21.7696,-14.1054,6.4738,0.99642,1.0601,6.20681,6.88757,6.46454,6.50244,6.52944,6.48419,6.55242,6.59709,0.94516,1.00391,0.79122,6
2025-03-01,21.7696,-14.1054,5.7871,0.88907,0.99642,6.1979,6.48582,6.16147,6.13593,6.1802,6.09616,6.14461,6.23656,0.94516,1.00391,0.79122,6
2025-03-02,21.7696,-14.1054,6.697,1.02648,0.88907,6.18122,5.80049,5.85941,5.84091,5.8066,5.78034,5.71219,5.87996,0.94516,1.00391,0.79122,6
2025-03-03,21.7696,-14.1054,6.7454,1.03083,1.02648,6.23774,6.71697,6.46201,6.47387,6.41191,6.55511,6.44455,6.36852,0.94516,1.00391,0.79122,6
2025-03-04,21.7696,-14.1054,6.4034,0.97162,1.03083,6.33932,6.79363,6.70296,6.72738,6.44746,6.73256,6.28131,6.42591,0.94516,1.00391,0.79122,6
2025-03-05,21.7696,-14.1054,4.8048,0.72506,0.97162,6.39228,6.43873,6.02876,6.12518,5.9901,6.24442,5.87635,6.15439,0.94516,1.00391,0.79122,6
2025-03-06,21.7696,-14.1054,7.1914,1.07739,0.72506,6.4618,4.83964,5.49917,5.746,5.47461,5.87096,5.55975,5.88146,0.94516,1.00391,0.79122,6
2025-03-07,21.7696,-14.1054,7.0106,1.04651,1.07739,6.46719,7.21746,6.66623,6.62675,6.63212,6.85865,6.53356,6.66034,0.94516,1.00391,0.79122,6
2025-03-08,21.7696,-14.1054,6.7654,1.00497,1.04651,6.4968,7.04505,6.75966,6.82066,6.74506,6.84543,6.72248,6.69384,0.94516,1.00391,0.79122,6
2025-03-09,21.7696,-14.1054,6.9307,1.02563,1.00497,6.50576,6.79108,6.76047,6.80144,6.63991,6.72697,6.80423,6.91002,0.94516,1.00391,0.79122,6
2025-03-10,21.7696,-14.1054,6.7121,0.98703,1.02563,6.57043,6.9746,6.85586,6.91536,6.69902,6.84574,6.86694,6.91366,0.94516,1.00391,0.79122,6
2025-03-11,21.7696,-14.1054,7.0018,1.02387,0.98703,6.60405,6.74984,6.79034,6.83348,6.6113,6.71263,6.66581,6.86814,0.94516,1.00391,0.79122,6
2025-03-12,21.7696,-14.1054,7.4234,1.08176,1.02387,6.62278,7.02614,6.89076,6.93779,6.84027,6.93611,6.83856,6.89395,0.94516,1.00391,0.79122,6
2025-03-13,21.7696,-14.1054,6.9672,1.00941,1.08176,6.64384,7.46658,6.95597,7.04755,7.00821,7.05704,6.96277,7.13753,0.94516,1.00391,0.79122,6
2025-03-14,21.7696,-14.1054,6.8006,0.98189,1.00941,6.63778,6.99123,6.85573,6.91211,6.85336,6.86058,6.90815,7.1482,0.94516,1.00391,0.79122,6
2025-03-15,21.7696,-14.1054,6.8489,0.98317,0.98189,6.66462,6.83997,6.92201,6.93634,6.8267,6.89688,7.01865,7.06322,0.94516,1.00391,0.79122,6
2025-03-16,21.7696,-14.1054,7.08,1.00947,0.98317,6.72214,6.89554,6.87264,6.88919,6.89327,6.91053,6.87723,6.95842,0.94516,1.00391,0.79122,6
2025-03-17,21.7696,-14.1054,7.2703,1.02956,1.00947,6.81529,7.12846,6.94632,6.94209,7.05917,7.03758,7.08108,7.09649,0.94516,1.00391,0.79122,6
2025-03-18,21.7696,-14.1054,6.8412,0.96221,1.02956,6.85084,7.32003,7.06873,7.04127,7.16636,7.12607,7.23913,7.22959,0.94516,1.00391,0.79122,6
2025-03-19,21.7696,-14.1054,6.8909,0.96428,0.96221,6.86872,6.8761,7.06872,7.01954,7.06113,7.03699,7.1956,7.20372,0.94516,1.00391,0.79122,6
2025-03-20,21.7696,-14.1054,6.9778,0.97283,0.96428,6.86535,6.91649,7.03384,7.00365,6.99543,6.95196,7.08197,7.07147,0.94516,1.00391,0.79122,6
2025-03-21,21.7696,-14.1054,7.1021,0.98878,0.97283,6.83555,6.98754,7.1634,7.11481,7.06795,7.07751,7.1056,7.06014,0.94516,1.00391,0.79122,6
2025-03-22,21.7696,-14.1054,6.907,0.95732,0.98878,6.87423,7.13397,7.05645,7.07566,7.19757,7.16689,7.13332,7.0362,0.94516,1.00391,0.79122,6
2025-03-23,21.7696,-14.1054,6.9017,0.95434,0.95732,6.8673,6.92328,7.11188,7.07735,7.17551,7.13949,7.15907,7.0322,0.94516,1.00391,0.79122,6
2025-03-24,21.7696,-14.1054,6.8059,0.93893,0.95434,6.86827,6.91755,7.1998,7.1627,7.13489,7.11049,6.99253,7.05376,0.94516,1.00391,0.79122,6
2025-03-25,21.7696,-14.1054,7.1794,0.98811,0.93893,6.87,6.82208,7.08512,7.08592,7.19442,7.15144,7.17572,7.02697,0.94516,1.00391,0.79122,6
2025-03-26,21.7696,-14.1054,7.4297,1.0185,0.98811,6.92795,7.20799,7.11189,7.10679,7.26677,7.21347,7.16209,7.0331,0.94516,1.00391,0.79122,6
2025-03-27,21.7696,-14.1054,7.6956,1.05082,1.0185,6.9535,7.45893,7.23421,7.25863,7.31373,7.25963,7.36995,7.14119,0.94516,1.00391,0.79122,6
2025-03-28,21.7696,-14.1054,4.7424,0.64535,1.05082,6.98239,7.72205,7.3216,7.40779,7.35788,7.38904,7.31429,7.24572,0.94516,1.00391,0.79122,6
2025-03-29,21.7696,-14.1054,5.4977,0.74394,0.64535,7.06742,4.76914,5.91951,6.14913,5.87143,5.88807,5.78924,6.01881,0.94516,1.00391,0.79122,6
2025-03-30,21.7696,-14.1054,6.3168,0.85201,0.74394,7.12142,5.51556,6.17112,6.08852,6.30374,6.15568,6.34099,6.24541,0.94516,1.00391,0.79122,6
2025-03-31,21.7696,-14.1054,7.3862,0.99341,0.85201,7.14598,6.33487,6.97931,6.82089,6.91078,6.82906,6.89237,6.76469,0.94516,1.00391,0.79122,6
2025-04-01,21.7696,-14.1054,7.1138,0.9552,0.99341,7.14861,7.39836,7.20178,7.1054,7.19041,7.12228,7.18124,7.17173,0.94516,1.00391,0.79122,6
2025-04-02,21.7696,-14.1054,6.5424,0.87717,0.9552,7.15805,7.12438,6.7459,6.70568,6.74993,6.62573,6.76927,6.85671,0.94516,1.00391,0.79122,6
2025-04-03,21.7696,-14.1054,7.1645,0.95776,0.87717,7.19221,6.56163,6.45668,6.54464,6.35615,6.45182,6.45356,6.51894,0.94516,1.00391,0.79122,6
2025-04-04,21.7696,-14.1054,7.0663,0.94266,0.95776,7.18231,7.17953,6.94201,6.87548,6.78152,6.98674,6.97742,6.90985,0.94516,1.00391,0.79122,6
2025-04-05,21.7696,-14.1054,4.4078,0.58669,0.94266,7.18598,7.08222,6.68553,6.61045,6.74056,6.68578,6.63282,6.58857,0.94516,1.00391,0.79122,6
2025-04-06,21.7696,-14.1054,7.698,1.02357,0.58669,7.16945,4.41231,5.94159,6.0872,5.97262,5.99606,6.32348,6.19981,0.94516,1.00391,0.79122,6
2025-04-07,21.7696,-14.1054,6.4517,0.8555,1.02357,7.20062,7.71922,6.93847,6.76703,7.08637,7.0082,7.007,6.98,0.94516,1.00391,0.79122,6
2025-04-08,21.7696,-14.1054,7.1304,0.94249,0.8555,7.23274,6.47226,6.47705,6.3785,6.46181,6.31197,6.51896,6.53299,0.94516,1.00391,0.79122,6
2025-04-09,21.7696,-14.1054,7.5624,0.99607,0.94249,7.25666,7.15556,6.75555,6.61209,6.76863,6.64591,6.69984,6.89314,0.94516,1.00391,0.79122,6
2025-04-10,21.7696,-14.1054,7.1791,0.94411,0.99607,7.23663,7.57427,7.63824,7.41148,7.26596,7.22326,7.83073,7.45332,0.94516,1.00391,0.79122,6
2025-04-11,21.7696,-14.1054,7.4568,0.97959,0.94411,7.23276,7.18672,7.53939,7.4462,7.31849,7.29219,7.61043,7.39632,0.94516,1.00391,0.79122,6
2025-04-12,21.7696,-14.1054,6.9132,0.90791,0.97959,7.23195,7.45894,7.38554,7.36633,7.43324,7.42118,7.26468,7.27801,0.94516,1.00391,0.79122,6
2025-04-13,21.7696,-14.1054,7.9054,1.03895,0.90791,7.17848,6.90832,7.12687,7.10335,7.11102,7.09438,6.96707,7.03192,0.94516,1.00391,0.79122,6
2025-04-14,21.7696,-14.1054,7.7335,1.01397,1.03895,7.20374,7.92407,7.56474,7.54278,7.46323,7.52926,7.42095,7.4173,0.94516,1.00391,0.79122,6
2025-04-15,21.7696,-14.1054,7.5432,0.98704,1.01397,7.21341,7.749,7.52891,7.63662,7.52982,7.54894,7.45751,7.42519,0.94516,1.00391,0.79122,6
2025-04-16,21.7696,-14.1054,7.4431,0.97115,0.98704,7.24697,7.56485,7.47097,7.49339,7.45401,7.4347,7.3741,7.48108,0.94516,1.00391,0.79122,6
2025-04-17,21.7696,-14.1054,7.6721,0.99797,0.97115,7.29418,7.46595,7.30364,7.27174,7.30357,7.24693,7.27362,7.26073,0.94516,1.00391,0.79122,6
2025-04-18,21.7696,-14.1054,7.7866,1.01,0.99797,7.33555,7.69386,7.65116,7.65574,7.60798,7.57938,7.79256,7.65654,0.94516,1.00391,0.79122,6
2025-04-19,21.7696,-14.1054,6.4538,0.83454,1.01,7.42175,7.81068,7.65762,7.66788,7.66704,7.65223,7.46336,7.53042,0.94516,1.00391,0.79122,6
2025-04-20,21.7696,-14.1054,5.4353,0.70162,0.83454,7.4552,6.46502,6.74834,6.69557,6.69623,6.60253,6.6324,6.62763,0.94516,1.00391,0.79122,6
2025-04-21,21.7696,-14.1054,3.6377,0.46877,0.70162,7.46926,5.44467,6.37846,6.27685,6.27366,6.24183,6.48046,6.29491,0.94516,1.00391,0.79122,6
2025-04-22,21.7696,-14.1054,7.4554,0.95991,0.46877,7.45045,3.64079,5.95328,6.23276,5.88881,6.14024,6.01237,6.02888,0.94516,1.00391,0.79122,6
2025-04-23,21.7696,-14.1054,7.5379,0.96916,0.95991,7.44749,7.466,7.24749,7.22169,7.43423,7.37296,7.29787,7.30077,0.94516,1.00391,0.79122,6
2025-04-24,21.7696,-14.1054,7.3668,0.94744,0.96916,7.45747,7.53567,7.54244,7.4577,7.66054,7.58534,7.6822,7.42112,0.94516,1.00391,0.79122,6
2025-04-25,21.7696,-14.1054,7.4354,0.95453,0.94744,7.50019,7.38015,7.463,7.39689,7.49888,7.45656,7.38328,7.30043,0.94516,1.00391,0.79122,6
2025-04-26,21.7696,-14.1054,7.1719,0.91757,0.95453,7.56822,7.46081,7.68997,7.58753,7.58213,7.5034,7.45965,7.38675,0.94516,1.00391,0.79122,6
2025-04-27,21.7696,-14.1054,6.2275,0.79444,0.91757,7.62025,7.19268,7.6172,7.56003,7.40755,7.34482,7.19133,7.22127,0.94516,1.00391,0.79122,6
2025-04-28,21.7696,-14.1054,4.2862,0.5453,0.79444,7.65784,6.24444,6.85146,6.86932,6.7571,6.73755,6.46648,6.73236,0.94516,1.00391,0.79122,6
2025-04-29,21.7696,-14.1054,5.0945,0.64776,0.5453,7.6502,4.28874,5.98573,6.49705,5.95264,6.05033,5.83889,6.09893,0.94516,1.00391,0.79122,6
2025-04-30,21.7696,-14.1054,5.3335,0.67749,0.64776,7.66267,5.0994,6.64991,6.95788,6.26005,6.38367,6.40187,6.602,0.94516,1.00391,0.79122,6
2025-05-01,21.7696,-14.1054,7.1998,0.9145,0.67749,7.65748,5.33385,6.59382,7.06755,6.5532,6.62213,6.5235,6.87959,0.94516,1.00391,0.79122,6
2025-05-02,21.7696,-14.1054,6.8753,0.87379,0.9145,7.62145,7.19566,7.61403,7.5431,7.47429,7.51471,7.49932,7.39328,0.94516,1.00391,0.79122,6
2025-05-03,21.7696,-14.1054,7.0865,0.90178,0.87379,7.5718,6.8665,7.12798,7.1408,7.21962,7.20341,6.73941,7.07827,0.94516,1.00391,0.79122,6
2025-05-04,21.7696,-14.1054,7.266,0.92616,0.90178,7.51554,7.07473,6.80732,6.75283,6.9005,6.9247,6.68107,6.82996,0.94516,1.00391,0.79122,6
2025-05-05,21.7696,-14.1054,6.9305,0.8831,0.92616,7.52606,7.26843,7.60093,7.39114,7.28794,7.20416,7.54105,7.12796,0.94516,1.00391,0.79122,6
2025-05-06,21.7696,-14.1054,4.0382,0.51429,0.8831,7.53904,6.93409,7.14888,7.20969,6.88087,6.94424,6.9374,6.87471,0.94516,1.00391,0.79122,6
2025-05-07,21.7696,-14.1054,6.9653,0.88659,0.51429,7.56914,4.04041,6.13135,6.60534,5.98786,6.45712,6.29551,6.43907,0.94516,1.00391,0.79122,6
2025-05-08,21.7696,-14.1054,4.0339,0.51332,0.88659,7.58566,6.96719,7.01529,7.15062,7.13565,7.12683,6.97529,6.95979,0.94516,1.00391,0.79122,6
2025-05-09,21.7696,-14.1054,6.2722,0.79612,0.51332,7.62596,4.04419,6.2313,6.67095,6.18457,6.57258,6.20835,6.29453,0.94516,1.00391,0.79122,6
2025-05-10,21.7696,-14.1054,7.3356,0.93045,0.79612,7.61018,6.27656,6.82799,7.06131,6.89464,7.02415,6.65516,6.64729,0.94516,1.00391,0.79122,6
2025-05-11,21.7696,-14.1054,7.8526,0.99615,0.93045,7.56987,7.33468,7.69455,7.50261,7.5023,7.47185,7.50942,7.07418,0.94516,1.00391,0.79122,6
2025-05-12,21.7696,-14.1054,7.5346,0.95514,0.99615,7.57401,7.85814,7.65894,7.60078,7.43321,7.44945,7.17673,7.10037,0.94516,1.00391,0.79122,6
2025-05-13,21.7696,-14.1054,7.4314,0.94218,0.95514,7.59647,7.53363,7.31213,7.31511,7.36228,7.35667,7.33693,7.16366,0.94516,1.00391,0.79122,6
2025-05-14,21.7696,-14.1054,7.9534,1.00759,0.94218,7.61823,7.43705,7.67693,7.65718,7.40396,7.49744,7.43753,7.2777,0.94516,1.00391,0.79122,6
2025-05-15,21.7696,-14.1054,7.975,1.01049,1.00759,7.61662,7.95215,7.87933,7.857,7.80205,7.79302,7.72196,7.80348,0.94516,1.00391,0.79122,6
2025-05-16,21.7696,-14.1054,8.2642,1.04732,1.01049,7.61506,7.97359,7.81444,7.8825,7.75373,7.73208,7.59168,7.64886,0.94516,1.00391,0.79122,6
2025-05-17,21.7696,-14.1054,6.8998,0.87428,1.04732,7.64714,8.26538,7.80574,7.87038,7.76208,7.79681,7.64814,7.57993,0.94516,1.00391,0.79122,6
2025-05-18,21.7696,-14.1054,7.1786,0.90778,0.87428,7.69997,6.91373,7.28711,7.42971,7.24726,7.40125,7.29373,7.1986,0.94516,1.00391,0.79122,6
2025-05-19,21.7696,-14.1054,7.6658,0.967,0.90778,7.75929,7.19632,7.37057,7.31805,7.28101,7.46218,7.20279,7.32092,0.94516,1.00391,0.79122,6
2025-05-20,21.7696,-14.1054,5.1487,0.64849,0.967,7.79271,7.67752,7.77665,7.68102,7.80731,7.75796,7.63954,7.7401,0.94516,1.00391,0.79122,6
2025-05-21,21.7696,-14.1054,6.6415,0.83654,0.64849,7.78181,5.14853,6.43233,6.72083,6.57121,6.73905,6.32341,6.47734,0.94516,1.00391,0.79122,6
2025-05-22,21.7696,-14.1054,6.641,0.83708,0.83654,7.75139,6.63672,7.20256,7.37246,7.3506,7.53376,7.47578,7.26987,0.94516,1.00391,0.79122,6
2025-05-23,21.7696,-14.1054,6.2755,0.7915,0.83708,7.7473,6.63687,7.0274,7.10439,7.01283,7.19765,7.04041,7.14096,0.94516,1.00391,0.79122,6
2025-05-24,21.7696,-14.1054,7.1676,0.90656,0.7915,7.67466,6.2579,6.92658,7.04564,6.83601,6.98312,6.98285,6.96261,0.94516,1.00391,0.79122,6
2025-05-25,21.7696,-14.1054,5.3633,0.6795,0.90656,7.672,7.15544,7.46366,7.48884,7.47403,7.46209,7.57318,7.46066,0.94516,1.00391,0.79122,6
2025-05-26,21.7696,-14.1054,6.7622,0.85832,0.6795,7.68245,5.3534,6.41865,6.63606,6.46581,6.6922,6.27853,6.65234,0.94516,1.00391,0.79122,6
2025-05-27,21.7696,-14.1054,7.2804,0.92649,0.85832,7.62161,6.7447,7.12043,7.25533,7.06804,7.22624,7.08954,7.05215,0.94516,1.00391,0.79122,6
2025-05-28,21.7696,-14.1054,7.6157,0.97199,0.92649,7.54963,7.2592,7.55291,7.48394,7.55494,7.60276,7.58123,7.34324,0.94516,1.00391,0.79122,6
2025-05-29,21.7696,-14.1054,7.7654,0.9937,0.97199,7.49455,7.59576,7.76703,7.56528,7.62626,7.59573,7.52237,7.3999,0.94516,1.00391,0.79122,6
2025-05-30,21.7696,-14.1054,7.7885,0.99848,0.9937,7.46712,7.7512,7.74799,7.59296,7.67208,7.63397,7.62343,7.55833,0.94516,1.00391,0.79122,6
2025-05-31,21.7696,-14.1054,7.4902,0.96156,0.99848,7.43199,7.7778,7.61606,7.54201,7.60878,7.57163,7.45887,7.44145,0.94516,1.00391,0.79122,6
2025-06-01,21.7696,-14.1054,7.2089,0.92584,0.96156,7.41707,7.48703,7.28583,7.26184,7.22163,7.21953,6.97631,7.19158,0.94516,1.00391,0.79122,6
2025-06-02,21.7696,-14.1054,7.59,0.97852,0.92584,7.35977,7.18137,7.37823,7.23264,7.24599,7.27449,7.2485,7.22012,0.94516,1.00391,0.79122,6
2025-06-03,21.7696,-14.1054,7.2173,0.9325,0.97852,7.32439,7.57347,7.47093,7.34285,7.49273,7.48674,7.52569,7.49118,0.94516,1.00391,0.79122,6
2025-06-04,21.7696,-14.1054,7.5677,0.97953,0.9325,7.30206,7.20438,7.57611,7.34685,7.4212,7.37733,7.6209,7.57794,0.94516,1.00391,0.79122,6
2025-06-05,21.7696,-14.1054,7.6663,0.99384,0.97953,7.3054,7.55589,7.66193,7.47103,7.70487,7.6243,7.48757,7.60775,0.94516,1.00391,0.79122,6
2025-06-06,21.7696,-14.1054,7.6987,0.99819,0.99384,7.31536,7.66515,7.80827,7.61656,7.72356,7.66041,7.80739,7.71621,0.94516,1.00391,0.79122,6
2025-06-07,21.7696,-14.1054,7.609,0.98759,0.99819,7.29249,7.69068,7.72966,7.62956,7.74457,7.69631,7.69495,7.6538,0.94516,1.00391,0.79122,6
2025-06-08,21.7696,-14.1054,7.7861,1.01081,0.98759,7.32173,7.60728,7.59681,7.61221,7.76085,7.71102,7.5685,7.51904,0.94516,1.00391,0.79122,6
2025-06-09,21.7696,-14.1054,7.8658,1.02202,1.01081,7.30448,7.77948,7.53809,7.58455,7.64363,7.59838,7.33153,7.44554,0.94516,1.00391,0.79122,6
2025-06-10,21.7696,-14.1054,7.9373,1.03238,1.02202,7.27269,7.85768,7.621,7.60208,7.61837,7.58041,7.58231,7.56991,0.94516,1.00391,0.79122,6
2025-06-11,21.7696,-14.1054,7.5859,0.98801,1.03238,7.28033,7.92653,7.71481,7.61634,7.65461,7.62422,7.74144,7.73806,0.94516,1.00391,0.79122,6
2025-06-12,21.7696,-14.1054,7.5122,0.97784,0.98801,7.30195,7.59033,7.5355,7.47738,7.58584,7.54477,7.44246,7.55643,0.94516,1.00391,0.79122,6
2025-06-13,21.7696,-14.1054,7.2571,0.94491,0.97784,7.315,7.51007,7.49073,7.39761,7.50677,7.39834,7.4342,7.4571,0.94516,1.00391,0.79122,6
2025-06-14,21.7696,-14.1054,7.8113,1.01727,0.94491,7.3318,7.25566,7.49221,7.32736,7.33619,7.22269,7.5802,7.41297,0.94516,1.00391,0.79122,6
2025-06-15,21.7696,-14.1054,7.8694,1.02574,1.01727,7.33901,7.80441,7.72972,7.5318,7.72476,7.65317,7.84285,7.78086,0.94516,1.00391,0.79122,6
2025-06-16,21.7696,-14.1054,7.5523,0.98565,1.02574,7.33572,7.85947,7.59822,7.56931,7.72133,7.67276,7.59178,7.6819,0.94516,1.00391,0.79122,6
2025-06-17,21.7696,-14.1054,7.4753,0.97378,0.98565,7.373,7.56639,7.35746,7.40102,7.50982,7.45809,7.33077,7.43856,0.94516,1.00391,0.79122,6
2025-06-18,21.7696,-14.1054,7.6075,0.9908,0.97378,7.39153,7.47686,7.5142,7.47419,7.55226,7.5232,7.61871,7.48609,0.94516,1.00391,0.79122,6
2025-06-19,21.7696,-14.1054,7.4753,0.97343,0.9908,7.39018,7.60869,7.68199,7.52038,7.57175,7.53029,7.61616,7.57484,0.94516,1.00391,0.79122,6
2025-06-20,21.7696,-14.1054,7.3049,0.95158,0.97343,7.38105,7.47265,7.58926,7.45891,7.54223,7.48756,7.52281,7.53682,0.94516,1.00391,0.79122,6
2025-06-21,21.7696,-14.1054,7.1453,0.93097,0.95158,7.40559,7.30345,7.29753,7.28472,7.29598,7.29433,7.09766,7.24123,0.94516,1.00391,0.79122,6
2025-06-22,21.7696,-14.1054,7.1597,0.93189,0.93097,7.45042,7.15265,7.44732,7.40718,7.48168,7.49372,7.38507,7.41923,0.94516,1.00391,0.79122,6
2025-06-23,21.7696,-14.1054,6.9648,0.90619,0.93189,7.47052,7.16233,7.40937,7.37089,7.38453,7.40872,7.35285,7.3432,0.94516,1.00391,0.79122,6
2025-06-24,21.7696,-14.1054,7.3361,0.95349,0.90619,7.51536,6.97216,7.21634,7.27326,7.25558,7.29118,7.19123,7.18446,0.94516,1.00391,0.79122,6
2025-06-25,21.7696,-14.1054,7.6111,0.98959,0.95349,7.54024,7.33341,7.60418,7.51017,7.53998,7.49557,7.80992,7.71981,0.94516,1.00391,0.79122,6
2025-06-26,21.7696,-14.1054,7.6435,0.99357,0.98959,7.54854,7.61295,7.69624,7.57799,7.6793,7.55176,7.65136,7.62304,0.94516,1.00391,0.79122,6
2025-06-27,21.7696,-14.1054,7.5046,0.97727,0.99357,7.55163,7.62975,7.61184,7.55656,7.65975,7.58131,7.47883,7.50854,0.94516,1.00391,0.79122,6
2025-06-28,21.7696,-14.1054,7.289,0.94958,0.97727,7.56051,7.5015,7.73989,7.59968,7.61746,7.51675,7.83493,7.65311,0.94516,1.00391,0.79122,6
2025-06-29,21.7696,-14.1054,7.3291,0.95762,0.94958,7.52062,7.26758,7.4071,7.4252,7.47405,7.511,7.42591,7.42754,0.94516,1.00391,0.79122,6
2025-06-30,21.7696,-14.1054,7.5024,0.98237,0.95762,7.49298,7.3134,7.39857,7.4026,7.46189,7.53702,7.47735,7.45515,0.94516,1.00391,0.79122,6
2025-07-01,21.7696,-14.1054,6.8455,0.8971,0.98237,7.47645,7.49621,7.52005,7.40772,7.4435,7.42166,7.46865,7.30793,0.94516,1.00391,0.79122,6
2025-07-02,21.7696,-14.1054,6.6312,0.86958,0.8971,7.48361,6.84105,7.24589,7.26148,7.1644,7.18958,7.06242,7.00439,0.94516,1.00391,0.79122,6
2025-07-03,21.7696,-14.1054,6.5832,0.86365,0.86958,7.49515,6.62839,7.22732,7.35942,7.05092,7.17383,7.14864,7.05351,0.94516,1.00391,0.79122,6
2025-07-04,21.7696,-14.1054,7.1952,0.94575,0.86365,7.46884,6.57062,7.02176,7.27026,6.9534,7.10422,6.928,7.01585,0.94516,1.00391,0.79122,6
2025-07-05,21.7696,-14.1054,7.1062,0.93444,0.94575,7.47352,7.19214,7.06887,7.25341,7.23503,7.38036,7.12044,7.19119,0.94516,1.00391,0.79122,6
2025-07-06,21.7696,-14.1054,6.907,0.91108,0.93444,7.4339,7.08416,7.30641,7.32306,7.2561,7.36462,7.3532,7.1709,0.94516,1.00391,0.79122,6
2025-07-07,21.7696,-14.1054,7.051,0.93353,0.91108,7.38086,6.88141,7.44227,7.3473,7.29804,7.26845,7.43452,7.16289,0.94516,1.00391,0.79122,6
2025-07-08,21.7696,-14.1054,7.4642,0.99007,0.93353,7.36042,7.03789,7.64631,7.4522,7.35529,7.24443,7.47343,7.38266,0.94516,1.00391,0.79122,6
2025-07-09,21.7696,-14.1054,7.3481,0.97679,0.99007,7.33377,7.44801,7.34977,7.27688,7.34909,7.25409,7.27712,7.22513,0.94516,1.00391,0.79122,6
2025-07-10,21.7696,-14.1054,7.3997,0.98586,0.97679,7.26684,7.33164,7.29006,7.28748,7.3505,7.27363,7.37679,7.19799,0.94516,1.00391,0.79122,6
2025-07-11,21.7696,-14.1054,6.6185,0.8842,0.98586,7.2192,7.37947,7.31811,7.32116,7.43083,7.4357,7.11132,7.11974,0.94516,1.00391,0.79122,6
2025-07-12,21.7696,-14.1054,5.9198,0.79107,0.8842,7.2243,6.61669,7.18569,7.19564,7.11496,7.12004,7.12954,7.16778,0.94516,1.00391,0.79122,6
2025-07-13,21.7696,-14.1054,7.1129,0.95152,0.79107,7.22131,5.91354,6.70114,7.00933,6.62056,6.90769,6.51114,6.69328,0.94516,1.00391,0.79122,6
2025-07-14,21.7696,-14.1054,7.2571,0.96932,0.95152,7.25613,7.12383,7.62293,7.4348,7.38174,7.22934,7.4529,7.35869,0.94516,1.00391,0.79122,6
2025-07-15,21.7696,-14.1054,7.2014,0.96173,0.96932,7.26147,7.25818,7.28571,7.23492,7.40673,7.31816,7.04035,7.15089,0.94516,1.00391,0.79122,6
2025-07-16,21.7696,-14.1054,7.555,1.00995,0.96173,7.25885,7.19432,7.36537,7.30839,7.31658,7.17498,7.30794,7.21753,0.94516,1.00391,0.79122,6
2025-07-17,21.7696,-14.1054,6.0986,0.81677,1.00995,7.23166,7.54105,7.46061,7.39063,7.59002,7.58348,7.53916,7.45632,0.94516,1.00391,0.79122,6
2025-07-18,21.7696,-14.1054,7.0174,0.94332,0.81677,7.1752,6.07594,6.72611,6.9151,6.9277,7.14673,6.93773,6.98879,0.94516,1.00391,0.79122,6
2025-07-19,21.7696,-14.1054,6.6034,0.88808,0.94332,7.19256,7.01414,7.06044,7.14739,7.20383,7.29167,6.97526,6.99753,0.94516,1.00391,0.79122,6
2025-07-20,21.7696,-14.1054,7.0394,0.94908,0.88808,7.16411,6.58698,6.91441,7.03501,6.83253,6.93488,6.76202,6.88961,0.94516,1.00391,0.79122,6
2025-07-21,21.7696,-14.1054,7.1748,0.96677,0.94908,7.18753,7.04351,7.35977,7.27506,7.12,6.99087,7.53612,7.42723,0.94516,1.00391,0.79122,6
2025-07-22,21.7696,-14.1054,6.9689,0.93922,0.96677,7.18834,7.17331,7.41395,7.28225,7.27803,7.10732,7.19173,7.11777,0.94516,1.00391,0.79122,6
2025-07-23,21.7696,-14.1054,7.1098,0.96334,0.93922,7.08886,6.93178,7.13365,7.07632,7.28589,7.21125,7.04691,7.07692,0.94516,1.00391,0.79122,6
2025-07-24,21.7696,-14.1054,7.1335,0.96826,0.96334,7.05702,7.09724,7.39009,7.24285,7.38368,7.29776,7.37504,7.35425,0.94516,1.00391,0.79122,6
2025-07-25,21.7696,-14.1054,7.2953,0.98882,0.96826,7.11403,7.14363,7.56082,7.35595,7.36403,7.15955,7.30063,7.25024,0.94516,1.00391,0.79122,6
2025-07-26,21.7696,-14.1054,7.4844,1.01196,0.98882,7.17911,7.31327,7.41253,7.26218,7.40406,7.22675,7.19911,7.14177,0.94516,1.00391,0.79122,6
2025-07-27,21.7696,-14.1054,7.1818,0.97108,1.01196,7.18735,7.48418,7.09903,7.02519,7.33993,7.25402,6.93205,6.93639,0.94516,1.00391,0.79122,6
2025-07-28,21.7696,-14.1054,7.0385,0.95055,0.97108,7.21131,7.19051,6.83371,6.97896,6.97448,7.112,6.82015,6.77156,0.94516,1.00391,0.79122,6
2025-07-29,21.7696,-14.1054,7.2418,0.97992,0.95055,7.18619,7.02474,6.89899,7.08843,7.06975,7.31233,7.2005,7.08653,0.94516,1.00391,0.79122,6
2025-07-30,21.7696,-14.1054,7.031,0.95279,0.97992,7.1795,7.23115,7.1594,7.15416,7.04278,7.14643,7.17298,7.0954,0.94516,1.00391,0.79122,6
2025-07-31,21.7696,-14.1054,7.1923,0.97574,0.95279,7.17712,7.02319,7.24054,7.16699,7.12823,7.10609,7.36564,7.33148,0.94516,1.00391,0.79122,6
2025-08-01,21.7696,-14.1054,7.5689,1.02702,0.97574,7.18139,7.19096,7.23318,7.22248,7.31409,7.30952,7.53318,7.54117,0.94516,1.00391,0.79122,6
2025-08-02,21.7696,-14.1054,7.5814,1.02827,1.02702,7.1961,7.57221,7.44923,7.3706,7.36606,7.33956,7.30471,7.43261,0.94516,1.00391,0.79122,6
2025-08-03,21.7696,-14.1054,7.2074,0.97797,1.02827,7.19478,7.57806,7.28016,7.18892,7.257,7.18454,7.27506,7.27244,0.94516,1.00391,0.79122,6
2025-08-04,21.7696,-14.1054,6.888,0.9337,0.97797,7.20729,7.21457,7.0499,6.99691,7.1525,7.15625,7.14091,7.20531,0.94516,1.00391,0.79122,6
2025-08-05,21.7696,-14.1054,5.9508,0.80845,0.9337,7.16092,6.87277,6.64605,6.87411,6.86476,7.1756,6.53051,6.78977,0.94516,1.00391,0.79122,6
2025-08-06,21.7696,-14.1054,6.8489,0.93052,0.80845,7.15735,5.95041,6.6409,6.99961,6.70041,7.15306,6.86068,6.67492,0.94516,1.00391,0.79122,6
2025-08-07,21.7696,-14.1054,6.125,0.83048,0.93052,7.22388,6.86281,6.93511,7.15167,7.01445,7.32246,7.03713,7.10156,0.94516,1.00391,0.79122,6
2025-08-08,21.7696,-14.1054,7.3178,0.99336,0.83048,7.21304,6.11791,6.73389,6.96322,6.71729,7.08103,6.81421,6.81462,0.94516,1.00391,0.79122,6
2025-08-09,21.7696,-14.1054,7.0656,0.96194,0.99336,7.19018,7.29636,7.2564,7.25211,7.22132,7.2729,7.22638,7.20258,0.94516,1.00391,0.79122,6
2025-08-10,21.7696,-14.1054,6.883,0.94032,0.96194,7.13426,7.04129,7.21936,7.11706,7.13167,7.1057,7.0712,7.11995,0.94516,1.00391,0.79122,6
2025-08-11,21.7696,-14.1054,6.8441,0.93711,0.94032,7.08441,6.86756,6.96196,7.02073,6.75819,6.83137,6.68554,6.77985,0.94516,1.00391,0.79122,6
2025-08-12,21.7696,-14.1054,7.5802,1.04266,0.93711,6.98578,6.81281,6.84386,6.94918,6.93014,7.09439,7.03016,6.92442,0.94516,1.00391,0.79122,6
2025-08-13,21.7696,-14.1054,7.1758,0.98792,1.04266,6.97357,7.57341,7.20693,7.22419,7.24232,7.26218,7.02015,6.97284,0.94516,1.00391,0.79122,6
2025-08-14,21.7696,-14.1054,6.821,0.94053,0.98792,6.95092,7.16471,7.30582,7.16169,7.1117,7.00529,6.97397,6.81176,0.94516,1.00391,0.79122,6
2025-08-15,21.7696,-14.1054,6.2016,0.85598,0.94053,6.93285,6.81418,6.73204,6.78901,6.68202,6.75273,6.67899,6.66347,0.94516,1.00391,0.79122,6
2025-08-16,21.7696,-14.1054,6.8078,0.94175,0.85598,6.91733,6.18777,6.36918,6.58752,6.21285,6.512,6.39556,6.34822,0.94516,1.00391,0.79122,6
2025-08-17,21.7696,-14.1054,6.7774,0.93964,0.94175,6.88271,6.79264,6.68272,6.84931,6.82319,6.95086,6.71784,6.69532,0.94516,1.00391,0.79122,6
2025-08-18,21.7696,-14.1054,6.203,0.86333,0.93964,6.84193,6.75123,6.82859,6.89946,6.87254,6.94969,6.9003,6.81448,0.94516,1.00391,0.79122,6
2025-08-19,21.7696,-14.1054,7.3066,1.02124,0.86333,6.80537,6.17684,6.36766,6.62119,6.43,6.67011,6.46338,6.49009,0.94516,1.00391,0.79122,6
2025-08-20,21.7696,-14.1054,7.0241,0.98207,1.02124,6.8077,7.30426,7.11612,7.0937,7.05064,7.03945,7.23376,7.16403,0.94516,1.00391,0.79122,6
2025-08-21,21.7696,-14.1054,5.4288,0.76101,0.98207,6.78483,7.00574,6.95726,6.85479,6.75283,6.68187,6.69954,6.7208,0.94516,1.00391,0.79122,6
2025-08-22,21.7696,-14.1054,7.0908,0.99474,0.76101,6.78133,5.42471,6.04493,6.34229,6.07063,6.29978,6.08737,6.09585,0.94516,1.00391,0.79122,6
2025-08-23,21.7696,-14.1054,7.0442,0.99033,0.99474,6.73164,7.07557,6.6988,6.79328,6.61571,6.39901,6.64661,6.46599,0.94516,1.00391,0.79122,6
2025-08-24,21.7696,-14.1054,6.7908,0.95555,0.99033,6.73197,7.03796,6.80379,6.84081,6.85974,6.95998,6.83458,6.71608,0.94516,1.00391,0.79122,6
2025-08-25,21.7696,-14.1054,7.1508,1.0069,0.95555,6.7479,6.78616,7.00894,6.96269,7.04625,7.06222,7.21838,7.04017,0.94516,1.00391,0.79122,6
2025-08-26,21.7696,-14.1054,6.6749,0.9413,1.0069,6.7483,7.14002,7.05827,6.99648,6.94207,6.88479,6.7773,7.01333,0.94516,1.00391,0.79122,6
2025-08-27,21.7696,-14.1054,7.0195,0.99087,0.9413,6.75996,6.66836,6.99542,6.78358,6.82172,6.67394,6.89428,6.87301,0.94516,1.00391,0.79122,6
2025-08-28,21.7696,-14.1054,4.3421,0.61484,0.99087,6.71833,6.99773,6.73968,6.58438,6.77973,6.69793,6.71986,6.67988,0.94516,1.00391,0.79122,6
2025-08-29,21.7696,-14.1054,7.0423,0.9987,0.61484,6.69849,4.33551,5.58294,5.90504,5.71329,6.19683,5.41765,5.60017,0.94516,1.00391,0.79122,6
2025-08-30,21.7696,-14.1054,7.0039,0.99635,0.9987,6.67163,7.02044,6.72561,6.68374,6.82431,6.92811,6.84369,6.71453,0.94516,1.00391,0.79122,6
2025-08-31,21.7696,-14.1054,6.9146,0.98614,0.99635,6.60318,6.98616,7.05652,6.97593,6.9993,6.95665,7.33571,7.13494,0.94516,1.00391,0.79122,6
2025-09-01,21.7696,-14.1054,6.725,0.96114,0.98614,6.60317,6.89989,7.01065,6.91259,7.01478,6.93656,6.77171,6.94981,0.94516,1.00391,0.79122,6
2025-09-02,21.7696,-14.1054,6.9127,0.99037,0.96114,6.55106,6.70872,6.77168,6.71153,6.90602,6.85042,6.79224,6.83095,0.94516,1.00391,0.79122,6
2025-09-03,21.7696,-14.1054,6.9588,0.99787,0.99037,6.54688,6.90651,6.91823,6.87061,6.91671,6.85424,6.89065,6.80651,0.94516,1.00391,0.79122,6
2025-09-04,21.7696,-14.1054,6.8782,0.98936,0.99787,6.54291,6.93735,6.9472,6.90973,6.93348,6.8463,6.71867,6.77242,0.94516,1.00391,0.79122,6
2025-09-05,21.7696,-14.1054,6.2722,0.90211,0.98936,6.55885,6.87878,6.85878,6.84167,6.89642,6.80394,6.73566,6.76621,0.94516,1.00391,0.79122,6
2025-09-06,21.7696,-14.1054,6.2837,0.90574,0.90211,6.53014,6.25852,6.53803,6.52192,6.63124,6.49914,6.4031,6.42148,0.94516,1.00391,0.79122,6
2025-09-07,21.7696,-14.1054,6.7037,0.96824,0.90574,6.55226,6.27103,6.47358,6.55388,6.42022,6.32627,6.38873,6.32785,0.94516,1.00391,0.79122,6
2025-09-08,21.7696,-14.1054,6.6175,0.95961,0.96824,6.50901,6.67698,6.43263,6.51633,6.46109,6.37058,6.54977,6.41189,0.94516,1.00391,0.79122,6
2025-09-09,21.7696,-14.1054,6.311,0.91835,0.95961,6.47669,6.59458,6.27284,6.37535,6.43348,6.4214,6.40011,6.38473,0.94516,1.00391,0.79122,6
2025-09-10,21.7696,-14.1054,4.6685,0.68118,0.91835,6.45624,6.29393,6.24467,6.34586,6.23483,6.1945,6.43928,6.40068,0.94516,1.00391,0.79122,6
2025-09-11,21.7696,-14.1054,6.7954,0.99466,0.68118,6.41114,4.65373,5.71712,5.99566,5.81647,5.97496,5.98044,6.04928,0.94516,1.00391,0.79122,6
2025-09-12,21.7696,-14.1054,6.7356,0.98818,0.99466,6.36196,6.77978,6.70811,6.64765,6.71342,6.62557,6.74396,6.73049,0.94516,1.00391,0.79122,6
2025-09-13,21.7696,-14.1054,6.8743,1.01191,0.98818,6.34362,6.7131,6.6788,6.65717,6.70119,6.64267,6.63618,6.55205,0.94516,1.00391,0.79122,6
2025-09-14,21.7696,-14.1054,6.397,0.94378,1.01191,6.32582,6.85876,6.58603,6.6536,6.66605,6.68813,6.54849,6.50465,0.94516,1.00391,0.79122,6
2025-09-15,21.7696,-14.1054,6.8326,1.0121,0.94378,6.31696,6.37138,6.28133,6.32611,6.16362,6.16106,6.04704,6.1861,0.94516,1.00391,0.79122,6
2025-09-16,21.7696,-14.1054,6.6103,0.98139,1.0121,6.29338,6.81719,6.60856,6.63618,6.44888,6.41862,6.48391,6.50109,0.94516,1.00391,0.79122,6
2025-09-17,21.7696,-14.1054,6.282,0.93545,0.98139,6.28085,6.5905,6.34791,6.36506,6.32041,6.29396,6.30638,6.38501,0.94516,1.00391,0.79122,6
2025-09-18,21.7696,-14.1054,6.799,1.01734,0.93545,6.1792,6.25174,6.13091,6.21355,6.23525,6.3335,6.21441,6.22675,0.94516,1.00391,0.79122,6
2025-09-19,21.7696,-14.1054,6.6259,0.99492,1.01734,6.11889,6.77521,6.49976,6.50635,6.5023,6.51468,6.62223,6.64373,0.94516,1.00391,0.79122,6
2025-09-20,21.7696,-14.1054,6.4354,0.97225,0.99492,6.05863,6.58545,6.03563,6.06466,6.04474,6.12616,5.89311,6.07011,0.94516,1.00391,0.79122,6
2025-09-21,21.7696,-14.1054,6.6094,1.00325,0.97225,6.04079,6.40518,6.20984,6.17876,6.17497,6.26406,6.38651,6.28992,0.94516,1.00391,0.79122,6
2025-09-22,21.7696,-14.1054,6.4111,0.97652,1.00325,6.02949,6.58657,6.46523,6.40477,6.39746,6.41902,6.51528,6.56898,0.94516,1.00391,0.79122,6
2025-09-23,21.7696,-14.1054,6.4841,0.98975,0.97652,6.00652,6.39744,6.39143,6.32849,6.28413,6.24163,6.23952,6.29248,0.94516,1.00391,0.79122,6
2025-09-24,21.7696,-14.1054,6.5846,1.00863,0.98975,5.98614,6.46136,6.2998,6.30521,6.34262,6.33818,6.4079,6.40377,0.94516,1.00391,0.79122,6
2025-09-25,21.7696,-14.1054,5.4614,0.83893,1.00863,5.99313,6.56611,6.26049,6.2117,6.21961,6.18344,6.35641,6.32134,0.94516,1.00391,0.79122,6
2025-09-26,21.7696,-14.1054,6.5369,1.00663,0.83893,5.99833,5.44788,5.80541,5.59865,5.90849,5.89611,5.79262,5.81129,0.94516,1.00391,0.79122,6
2025-09-27,21.7696,-14.1054,6.457,0.99737,1.00663,6.03659,6.51696,6.21518,6.21057,6.35001,6.41751,6.22062,6.30459,0.94516,1.00391,0.79122,6
2025-09-28,21.7696,-14.1054,6.4498,0.99872,0.99737,6.02836,6.4411,6.28508,6.30639,6.3532,6.42597,6.33554,6.39875,0.94516,1.00391,0.79122,6
2025-09-29,21.7696,-14.1054,6.4848,1.00759,0.99872,5.99878,6.42773,6.43678,6.42325,6.39793,6.40079,6.50293,6.45713,0.94516,1.00391,0.79122,6
2025-09-30,21.7696,-14.1054,3.7092,0.57719,1.00759,6.01212,6.4751,6.43397,6.36964,6.41872,6.36069,6.42812,6.42511,0.94516,1.00391,0.79122,6
