fold,lat,lon,k,n_train,n_test,CLIM_r2,CLIM_rmse,CLIM_mae,CLIM_mbe,PERSIST_KC_r2,PERSIST_KC_rmse,PERSIST_KC_mae,PERSIST_KC_mbe,ALL_LIN_r2,ALL_LIN_rmse,ALL_LIN_mae,ALL_LIN_mbe,ALL_KRR_r2,ALL_KRR_rmse,ALL_KRR_mae,ALL_KRR_mbe,PCMCI_LIN_r2,PCMCI_LIN_rmse,PCMCI_LIN_mae,PCMCI_LIN_mbe,PCMCI_KRR_r2,PCMCI_KRR_rmse,PCMCI_KRR_mae,PCMCI_KRR_mbe,LASSO_LIN_r2,LASSO_LIN_rmse,LASSO_LIN_mae,LASSO_LIN_mbe,LASSO_KRR_r2,LASSO_KRR_rmse,LASSO_KRR_mae,LASSO_KRR_mbe
2023,21.7696,-13.1054,5,2915,365,0.6685756330348966,0.7334689568648,0.49753899088179343,0.006179936782950542,0.7138987944619682,0.6814741141711894,0.4277561989163523,-0.001637374197109403,0.7849506109520095,0.590824677288266,0.3980439186576131,-0.00990535126626309,0.766784903312178,0.6152729894902017,0.40361606667311206,0.005884631548279378,0.7683812825904748,0.6131635727528727,0.40688326494911,-0.0051651122799275225,0.7496471429283327,0.6374788725889619,0.4030637161195674,0.027243963250503725,0.7686624020892708,0.6127913563519067,0.407446087504407,-0.0064859189406070595,0.7522322972348594,0.6341790148180667,0.4042191213153822,0.017663418797103078
2023,21.7696,-13.6054,5,2915,365,0.6685756330348966,0.7334689568648,0.49753899088179343,0.006179936782950542,0.7138987944619682,0.6814741141711894,0.4277561989163523,-0.001637374197109403,0.7800672554558192,0.5974952634147725,0.40268098859350804,-0.011825048466203336,0.7657801129118984,0.6165969945466934,0.4055076533531433,0.0032295868734748827,0.7680405572913847,0.6136144075706815,0.40641008715500043,-3.788743535605204e-05,0.7530569299065039,0.6331227823181644,0.40037593021376017,0.028669501316575863,0.7699912958660762,0.6110287646621055,0.40461579363643335,0.005800853948102854,0.7645764579821447,0.6181793088443337,0.3976411082509917,0.016287384776142996
2023,21.7696,-14.1054,6,2915,365,0.6611275346647923,0.7268762467285188,0.4927785450081362,-0.015781353143916325,0.6514144061594116,0.7372199060174204,0.4526564918052198,-0.000981220344661894,0.7468932638286494,0.6281945838174289,0.4280898846239891,-0.026296481075943713,0.7386935837721538,0.6382890186223616,0.42338212946768256,-0.012275608256551116,0.7519571090331691,0.6218787659648977,0.4137070743911975,-0.007413030614282939,0.7470544725715416,0.6279944971047764,0.40489669182092747,0.016624219158519058,0.7430306272128405,0.6329698415118407,0.4284523446122599,-0.02532869771915688,0.7358180429572694,0.6417914282994287,0.41586268716494057,0.0036754854313291495
2023,21.7696,-14.6054,6,2915,365,0.6611275346647923,0.7268762467285188,0.4927785450081362,-0.015781353143916325,0.6514144061594116,0.7372199060174204,0.4526564918052198,-0.000981220344661894,0.7468932638286494,0.6281945838174289,0.4280898846239891,-0.026296481075943713,0.7386935837721538,0.6382890186223616,0.42338212946768256,-0.012275608256551116,0.7519571090331691,0.6218787659648977,0.4137070743911975,-0.007413030614282939,0.7470544725715416,0.6279944971047764,0.40489669182092747,0.016624219158519058,0.7430306272128405,0.6329698415118407,0.4284523446122599,-0.02532869771915688,0.7358180429572694,0.6417914282994287,0.41586268716494057,0.0036754854313291495
2023,21.7696,-15.1054,4,2915,365,0.6542331729940528,0.7430323859335549,0.49423998896705085,-0.0403503588961723,0.5891460607385147,0.8099529821824633,0.46559614596253995,-0.0005228927670632082,0.7233421245612637,0.6646417217182469,0.4287592169980334,-0.03334477435284395,0.7205808694134785,0.6679503005878934,0.4322679671085559,-0.020719892849577433,0.7178577739936489,0.6711971833856974,0.4251923051952494,-0.011388336885966889,0.7242981336002994,0.6634923718894633,0.41252528129962557,0.0023309922810122274,0.7167362116816426,0.6725299204999835,0.42376209076386445,-0.0064939738536374525,0.7228379361141919,0.6652470761476326,0.40660242413349407,0.013259407192448024
2023,21.7696,-15.6054,4,2915,365,0.6542331729940528,0.7430323859335549,0.49423998896705085,-0.0403503588961723,0.5891460607385147,0.8099529821824633,0.46559614596253995,-0.0005228927670632082,0.7213593906276423,0.6670191256170016,0.43079480227753236,-0.029008452053474,0.7222802702061619,0.6659159974026244,0.4294955046160224,-0.017244516474654147,0.7197777576844971,0.6689095294925863,0.42220473004608844,-0.00492998121846045,0.7286322556538052,0.6582565564111627,0.4080464482379119,0.005216499732084547,0.7185356447120652,0.6703903943113831,0.4228370950934302,-0.0059558163927335254,0.729443414369534,0.657272006541099,0.40595025668095924,0.0024908960760704605
2023,21.7696,-16.1054,4,2915,365,0.6529762241073073,0.7694349201525823,0.49317109828978056,0.014330772144799506,0.5699657270548015,0.8565324317671303,0.4729560171217029,-0.00033458759315599894,0.7092723340868128,0.7042639493885013,0.43802186125498327,-0.006131066410500922,0.7235127067540335,0.6867993341923514,0.4228561375261581,0.006711683548987056,0.709063163159306,0.7045172535518162,0.42251138356477647,0.008143088966582909,0.7209581165847571,0.6899648626863681,0.41544624344711567,0.013133642912335345,0.710118954315826,0.7032377676970557,0.4244894733238598,0.002453758768647435,0.7237051559276217,0.6865602690065928,0.4132975425076733,0.014208505814399336
2023,21.7696,-16.6054,5,2915,365,0.6529762241073073,0.7694349201525823,0.49317109828978056,0.014330772144799506,0.5699657270548015,0.8565324317671303,0.4729560171217029,-0.00033458759315599894,0.7014344798480816,0.7136940940747992,0.4395983306091385,-0.0015973332494704062,0.7100477613298446,0.7033241178115424,0.4350213240469683,0.0045970093858597,0.7124185461854031,0.7004428629493326,0.42279064758474605,0.0076728921092307344,0.727630504384587,0.6816658076231776,0.41003357077716757,0.013441274724987398,0.7124185461854031,0.7004428629493326,0.4227906475847461,0.007672892109230628,0.7276305043845865,0.6816658076231781,0.41003357077716823,0.01344127472498757
2023,22.2696,-13.1054,7,2915,365,0.669548983105442,0.7632590159388655,0.5060938343880197,-0.03627154096055946,0.6910045637408686,0.7380646911929218,0.4239766624835712,-0.001047849256767814,0.7724792787061787,0.6333282707666364,0.4050868343165955,-0.028228823466017336,0.7660437940200124,0.6422227437880923,0.39941338318809244,-0.02063763781320356,0.7683269645187476,0.6390813460600966,0.4050079353367601,-0.023839422833138675,0.7642110180330294,0.6447333722126092,0.39060256654682673,0.004835381951842726,0.7643752465566649,0.6445088026577706,0.40860493149966187,-0.02856380523294814,0.7577970100840872,0.6534436572469973,0.3964380138098698,-0.0037894078022334787
2023,22.2696,-13.6054,8,2915,365,0.669548983105442,0.7632590159388655,0.5060938343880197,-0.03627154096055946,0.6910045637408686,0.7380646911929218,0.4239766624835712,-0.001047849256767814,0.7676882373582441,0.6399617196584133,0.4079921087166441,-0.03048532461525643,0.765840702832586,0.6425014315999874,0.3987936900719782,-0.02206350367129746,0.7688861030737149,0.6383096747140413,0.4014482640473496,-0.01804024425629855,0.758732808237486,0.6521800824957974,0.393216712440537,0.010111670051800303,0.7670778365911652,0.6408019200401853,0.410364256277628,-0.03511631972543061,0.7560067163271901,0.6558542431873668,0.4041425603071211,-0.015109933524631993
2023,22.2696,-14.1054,7,2915,365,0.6647290287603496,0.7655604198630955,0.5013333680865799,-0.04655964043540257,0.6154211455185077,0.8199251282173228,0.44337803746510535,-0.0010202339878046087,0.7297527426929173,0.6873250039019662,0.4279583382559001,-0.03397926674027563,0.7373643267182344,0.6775765281430179,0.4248303211872617,-0.024928413416711422,0.7359453323690048,0.6794045015818753,0.41359157301761523,-0.015898009659061747,0.7352369570654391,0.6803152050935202,0.4039953377385659,0.005359699098990531,0.730437383428282,0.6864538218717222,0.4272930018948955,-0.031529909010755475,0.731480120381832,0.6851248461897925,0.4167614245157676,-0.0013911499943186866
2023,22.2696,-14.6054,7,2915,365,0.6647290287603496,0.7655604198630955,0.5013333680865799,-0.04655964043540257,0.6154211455185077,0.8199251282173228,0.44337803746510535,-0.0010202339878046087,0.7297527426929173,0.6873250039019662,0.4279583382559001,-0.03397926674027563,0.7373643267182344,0.6775765281430179,0.4248303211872617,-0.024928413416711422,0.7359453323690048,0.6794045015818753,0.41359157301761523,-0.015898009659061747,0.7352369570654391,0.6803152050935202,0.4039953377385659,0.005359699098990531,0.730437383428282,0.6864538218717222,0.4272930018948955,-0.031529909010755475,0.731480120381832,0.6851248461897925,0.4167614245157676,-0.0013911499943186866
2023,22.2696,-15.1054,5,2915,365,0.6778853581184415,0.7490312715793818,0.484380662178738,-0.041070637404064525,0.6629780521389144,0.766167646171896,0.41884418739800316,-0.0008777663968760655,0.7572420306178752,0.6502516523520231,0.4051713309980038,-0.02503937098944296,0.7574473561472466,0.649976601632732,0.4001975048335076,-0.014883655804824916,0.7644125712551202,0.6405761612105272,0.38710537312500687,0.013046077556431048,0.7676048190763449,0.636221403604397,0.37707421855384726,0.017838284750928378,0.7549071509636547,0.6533712741335929,0.3979093145750009,-0.0028575984187305015,0.7542615350172537,0.654231253299862,0.38229014633537584,0.011782496757984907
2023,22.2696,-15.6054,4,2915,365,0.6778853581184415,0.7490312715793818,0.484380662178738,-0.041070637404064525,0.6629780521389144,0.766167646171896,0.41884418739800316,-0.0008777663968760655,0.7583789761673898,0.6487271537389763,0.4040865059468171,-0.02275036000814662,0.7598773194923163,0.6467125781961119,0.3972429703254423,-0.013178046155642381,0.760609460726219,0.6457259025253815,0.38804411137867234,0.007997781296729666,0.7644273281817788,0.6405560984178825,0.3786756299996316,0.008693722076985608,0.7565271820889883,0.6512083454408435,0.3974931600784003,-0.001849547089963254,0.7589134058879511,0.6480093126546588,0.3798359688257822,0.009780402924535438
2023,22.2696,-16.1054,5,2915,365,0.6157960147740646,0.7654510069247448,0.5196082345432154,-0.004972489542215497,0.604544422771972,0.7765784209106871,0.4691285837215811,-0.0006134732752035428,0.7253689560885411,0.6471594241178259,0.4393035527515793,-0.04115398876154596,0.7286680914958078,0.6432605249435737,0.4281742869941909,-0.029405576013413964,0.7220348699027954,0.651075907874464,0.43321268257797535,-0.03162438177332052,0.7207130394795822,0.6526221292177115,0.4337494297467353,-0.026908468029447307,0.7220348699027954,0.651075907874464,0.43321268257797535,-0.03162438177332052,0.7207130394795822,0.6526221292177115,0.4337494297467353,-0.026908468029446884
2023,22.2696,-16.6054,6,2915,365,0.6157960147740646,0.7654510069247448,0.5196082345432154,-0.004972489542215497,0.604544422771972,0.7765784209106871,0.4691285837215811,-0.0006134732752035428,0.7152793382269971,0.6589401314847074,0.441460439740198,-0.030602863529342657,0.7093273716873314,0.6657919422767726,0.44446354976483543,-0.04235416625079871,0.718026110849281,0.6557539468767938,0.43120588698377826,-0.02854899525270483,0.7147639412916381,0.6595362634433162,0.4326542098398128,-0.019664864561991412,0.7172505765748118,0.6566551126911336,0.43470493548602057,-0.0383941751073662,0.7124594495638967,0.6621951809495688,0.43599990957897033,-0.02435555575536889
2023,22.7696,-13.6054,8,2915,365,0.669548983105442,0.7632590159388655,0.5060938343880197,-0.03627154096055946,0.6910045637408686,0.7380646911929218,0.4239766624835712,-0.001047849256767814,0.7637684223627258,0.6453381977918672,0.40967453435406537,-0.02761071046570352,0.7635636705305966,0.6456178080804295,0.40148990292141473,-0.022980154777577463,0.7671458303782468,0.6407083829356048,0.40047368917240694,-0.013893183501473498,0.7609336969421303,0.6491986074130109,0.3941741869904367,0.005076848850167556,0.7643270509882809,0.64457471440807,0.4125947832114104,-0.03373138398852557,0.7498483489452195,0.6640795148500981,0.4101158607711789,-0.022875102257505414
2023,22.7696,-14.1054,7,2915,365,0.6647290287603496,0.7655604198630955,0.5013333680865799,-0.04655964043540257,0.6154211455185077,0.8199251282173228,0.44337803746510535,-0.0010202339878046087,0.7256076041764633,0.6925761495165529,0.4293981518612389,-0.03246480881803746,0.735147100611452,0.6804306394936969,0.4293787626273573,-0.03100665590034763,0.7408829182416632,0.6730223979355288,0.40721295497811666,-0.008331006576625548,0.7359977575856806,0.6793370540025723,0.4072032642271234,0.00334477418567727,0.7305004632038818,0.6863734993716943,0.42042521663547244,-0.019389552464040536,0.7378935615311928,0.6768934946534136,0.4104949418742272,0.0006914631315664235
2023,22.7696,-14.6054,7,2915,365,0.6647290287603496,0.7655604198630955,0.5013333680865799,-0.04655964043540257,0.6154211455185077,0.8199251282173228,0.44337803746510535,-0.0010202339878046087,0.7256076041764633,0.6925761495165529,0.4293981518612389,-0.03246480881803746,0.735147100611452,0.6804306394936969,0.4293787626273573,-0.03100665590034763,0.7408829182416632,0.6730223979355288,0.40721295497811666,-0.008331006576625548,0.7359977575856806,0.6793370540025723,0.4072032642271234,0.00334477418567727,0.7305004632038818,0.6863734993716943,0.42042521663547244,-0.019389552464040536,0.7378935615311928,0.6768934946534136,0.4104949418742272,0.0006914631315664235
2023,22.7696,-15.1054,5,2915,365,0.6778853581184415,0.7490312715793818,0.484380662178738,-0.041070637404064525,0.6629780521389144,0.766167646171896,0.41884418739800316,-0.0008777663968760655,0.7555310201889381,0.652539185488715,0.40638302511282426,-0.0266887303602609,0.7582835952182763,0.6488551850364751,0.4039016650253892,-0.023932260722058944,0.7599126472017608,0.646665003109913,0.38908257761948567,0.008501593641971802,0.7626059505125812,0.6430276247349884,0.37925630992187326,0.009224047045752734,0.7538746859167375,0.6547460063426238,0.39803614477709137,-0.004111991877776418,0.758357369890369,0.6487561583864985,0.3811825037825309,0.006633962219969888
2023,22.7696,-15.6054,5,2915,365,0.6778853581184415,0.7490312715793818,0.484380662178738,-0.041070637404064525,0.6629780521389144,0.766167646171896,0.41884418739800316,-0.0008777663968760655,0.7578080889354429,0.6494930878063343,0.4064206457969332,-0.027813150013046076,0.7608869320060638,0.6453515720669195,0.40123668906396237,-0.021850648764987927,0.7607512926794151,0.6455345872470454,0.39021885485514046,0.0028982893188417014,0.7587143752481862,0.6482767416686045,0.38946470366157104,-0.013451541682517821,0.756213831417955,0.6516272648104638,0.393438044244826,0.0007303194925896442,0.7580848385242087,0.6491218980292753,0.3782912078245104,0.013139797421581648
2023,22.7696,-16.1054,4,2915,365,0.6157960147740646,0.7654510069247448,0.5196082345432154,-0.004972489542215497,0.604544422771972,0.7765784209106871,0.4691285837215811,-0.0006134732752035428,0.7225855926875759,0.6504306108997387,0.43914920502719035,-0.035793150402971666,0.7216113217014813,0.6515717561518192,0.43209806273204093,-0.031082245780884296,0.718311548067601,0.6554219587343003,0.43438135097431807,-0.03875684019556749,0.7197779164678575,0.6537137877378446,0.429602488724296,-0.026894356396882507,0.717193946492578,0.6567208680352267,0.4375320033931213,-0.04887220953232131,0.7175386344301217,0.6563205357675395,0.4326859443703443,-0.031243109547959797
2023,23.2696,-13.1054,9,2915,365,0.6703358947246278,0.7985986575968167,0.5109266910311204,0.00026834904021506747,0.651095586800594,0.8215726550841427,0.4693259973120407,-0.0013507957801808003,0.736985924201762,0.7133164511712204,0.45172905663114293,0.005605981982090498,0.7488592190205343,0.6970298304442671,0.4381879769278524,0.01119637084475082,0.7460737212203764,0.7008846823246577,0.44143988987215355,0.01547193493008269,0.7505422274343635,0.6946903476675077,0.42159090269950295,0.036933096768603256,0.7458987795096854,0.7011260769029531,0.4364851697549926,0.022797551440535784,0.7487161148853285,0.6972283916760711,0.4188069798815671,0.04585427002197193
2023,23.2696,-13.6054,7,2915,365,0.6703358947246278,0.7985986575968167,0.5109266910311204,0.00026834904021506747,0.651095586800594,0.8215726550841427,0.4693259973120407,-0.0013507957801808003,0.7367083995489396,0.7136926871316926,0.45280937022672046,0.0072404167418706105,0.7499628360889191,0.6954966246809906,0.43777228323063305,0.01188367743017626,0.7431992874767717,0.7048405099919993,0.43871702861472806,0.02719916784290106,0.7529577050258056,0.6913188536877912,0.42012453381395026,0.037665563735160175,0.7407286872702566,0.7082229204261047,0.4390796299235305,0.0289374811276455,0.7501350172963324,0.6952571161421366,0.42055238942386797,0.03839783073000188
2023,23.2696,-14.1054,7,2915,365,0.6905688880808721,0.7579299121021544,0.5084626487468743,-0.02202975884536305,0.6815470627540043,0.7688996931229676,0.46212201686982834,-0.0012879695259472956,0.7668899156922762,0.6578510751623021,0.4253190819761242,-0.011611019167509012,0.7693317759997459,0.6543964640583698,0.42167434007931337,-0.011744204922987174,0.7686779494874817,0.6553232475288226,0.41561171807445185,0.027087580572941503,0.7765547034108817,0.6440694009872121,0.39981177906394294,0.04032921439004405,0.7637139205497903,0.6623173413897937,0.4202955059114864,0.019439823595927976,0.7752073626685159,0.6460083022325475,0.402531730759223,0.025616546201826178
2023,23.2696,-14.6054,7,2915,365,0.6905688880808721,0.7579299121021544,0.5084626487468743,-0.02202975884536305,0.6815470627540043,0.7688996931229676,0.46212201686982834,-0.0012879695259472956,0.7668899156922762,0.6578510751623021,0.4253190819761242,-0.011611019167509012,0.7693317759997459,0.6543964640583698,0.42167434007931337,-0.011744204922987174,0.7686779494874817,0.6553232475288226,0.41561171807445185,0.027087580572941503,0.7765547034108817,0.6440694009872121,0.39981177906394294,0.04032921439004405,0.7637139205497903,0.6623173413897937,0.4202955059114864,0.019439823595927976,0.7752073626685159,0.6460083022325475,0.402531730759223,0.025616546201826178
2023,23.2696,-15.1054,5,2915,365,0.7363245398950626,0.6779176866736725,0.4511822023934892,-0.03670522953811489,0.7140546592421503,0.7059657320061349,0.4105003437961173,-0.0010802594172581058,0.7979940736098321,0.5933680580367418,0.38280647669273704,-0.018042974912508197,0.8052297448647525,0.5826441965349513,0.37438244079503236,-0.013602086558954462,0.7948470629399664,0.5979721779102728,0.37865489502453514,0.013705701052606056,0.8037518050142103,0.5848506055362243,0.366910739015411,0.013014809012963249,0.7965501556028493,0.5954849494852809,0.37508904685425637,0.021294444614375265,0.8067068809373746,0.580430607099642,0.3587880418200104,0.025435309618901582
2023,23.2696,-15.6054,6,2915,365,0.7363245398950626,0.6779176866736725,0.4511822023934892,-0.03670522953811489,0.7140546592421503,0.7059657320061349,0.4105003437961173,-0.0010802594172581058,0.7980618367694364,0.5932685266326301,0.38618052843324235,-0.021204300842312316,0.8046255486132373,0.5835472062192832,0.3768786076616307,-0.01491571361020043,0.7997629320757638,0.5907644416249902,0.3798427827663914,-0.004274186031715534,0.8030337524464068,0.5859195836185738,0.35997414998437777,-0.001084788115068664,0.7990782821922987,0.5917735496344191,0.37531419451543946,0.015130471540594706,0.8041749559697661,0.5842197369543304,0.363748754280358,0.01310951338110416
2023,23.7696,-12.1054,8,2915,365,0.660273427559255,0.8242303136458492,0.5364230859127175,-0.01884424706874371,0.6424327304512907,0.8455955783431093,0.4789543292043302,-0.001414016694358745,0.7366480677877454,0.7256915712003783,0.4548428578987482,0.0010398414856981873,0.7448839862124148,0.7142540053655818,0.44836241605176747,0.0018458099833351348,0.7447243336871296,0.7144774617826412,0.44997777636301806,-0.002105047979813629,0.73985040972453,0.7212658955093387,0.4381545675768739,0.023101657831715014,0.7437435354281556,0.7158486979297523,0.4453231928056165,0.010464591033359867,0.7432509797013027,0.7165363412761951,0.4409383535730722,0.02303568702041766
2023,23.7696,-12.6054,6,2915,365,0.660273427559255,0.8242303136458492,0.5364230859127175,-0.01884424706874371,0.6424327304512907,0.8455955783431093,0.4789543292043302,-0.001414016694358745,0.7371497511111484,0.7250000233771977,0.45770470908888755,-0.0005635255087691541,0.7466928169323618,0.71171738917442,0.4471313240703573,0.00256364764661424,0.7491674699066733,0.7082323394010549,0.44612618231766676,0.008107075880239747,0.7383444595435334,0.7233505098021453,0.43881364209515195,0.029374213402536136,0.7465934013858362,0.7118570394427954,0.44626655799493975,0.011823517098226018,0.7426976421853376,0.7173080541434771,0.4354794957026465,0.029104742877000843
2023,23.7696,-13.1054,6,2915,365,0.6703358947246278,0.7985986575968167,0.5109266910311204,0.00026834904021506747,0.651095586800594,0.8215726550841427,0.4693259973120407,-0.0013507957801808003,0.7343230238094578,0.7169183629006922,0.4519338161860982,0.008623992498315091,0.7480735920193926,0.6981192151757597,0.43682044360606515,0.012197544518699569,0.7409043681615688,0.7079829356847602,0.43824234190424927,0.02781126559961617,0.7487530036975202,0.6971772127650503,0.42230978042652956,0.0396717650302881,0.7428639168019946,0.7053006055054142,0.4434105784077578,0.014939766802015498,0.7505782773070663,0.6946401499863804,0.42573763491784505,0.030451326692760163
2023,23.7696,-13.6054,7,2915,365,0.6703358947246278,0.7985986575968167,0.5109266910311204,0.00026834904021506747,0.651095586800594,0.8215726550841427,0.4693259973120407,-0.0013507957801808003,0.7341059461541,0.7172111906474576,0.4519323259504033,0.009415580080911125,0.7482174277985223,0.6979198933601226,0.43859198648647085,0.010225870124926368,0.7422333187816266,0.7061649120856741,0.4387682619127626,0.030385080708216307,0.750754321323265,0.6943949651926035,0.4198067608437404,0.03744791887306294,0.7394580328079234,0.7099562528133061,0.4410198493996087,0.027697876886202715,0.747280687232902,0.6992169706786325,0.42122475597857656,0.036130976218931514
2023,23.7696,-14.1054,5,2915,365,0.6905688880808721,0.7579299121021544,0.5084626487468743,-0.02202975884536305,0.6815470627540043,0.7688996931229676,0.46212201686982834,-0.0012879695259472956,0.7688788369262345,0.6550386339299087,0.42135011038539544,-0.010833184347600881,0.771282538809852,0.6516234710305899,0.42066096857653046,-0.015959056910514056,0.7725068003874052,0.649877150515011,0.4140404268889024,0.016321154064546463,0.7773668479659726,0.6428978533395471,0.4003692297686948,0.01815356963510858,0.7663252376255183,0.6586473714377439,0.4171854693141447,0.013527744142032599,0.7765806841777996,0.6440319557966375,0.3956475032644614,0.029322740732442384
2023,23.7696,-14.6054,5,2915,365,0.6905688880808721,0.7579299121021544,0.5084626487468743,-0.02202975884536305,0.6815470627540043,0.7688996931229676,0.46212201686982834,-0.0012879695259472956,0.7688788369262345,0.6550386339299087,0.42135011038539544,-0.010833184347600881,0.771282538809852,0.6516234710305899,0.42066096857653046,-0.015959056910514056,0.7725068003874052,0.649877150515011,0.4140404268889024,0.016321154064546463,0.7773668479659726,0.6428978533395471,0.4003692297686948,0.01815356963510858,0.7663252376255183,0.6586473714377439,0.4171854693141447,0.013527744142032599,0.7765806841777996,0.6440319557966375,0.3956475032644614,0.029322740732442384
2023,23.7696,-15.1054,5,2915,365,0.7363245398950626,0.6779176866736725,0.4511822023934892,-0.03670522953811489,0.7140546592421503,0.7059657320061349,0.4105003437961173,-0.0010802594172581058,0.7983683911184964,0.5928180468456926,0.38476285614638134,-0.019481617104470255,0.8061501713867395,0.5812658642814792,0.3751280504528336,-0.015281890418002592,0.7982888458253385,0.5929349710612464,0.378357489468991,0.00782235054889252,0.8011697164404042,0.5886855482336285,0.3635046094203091,0.010103517982159835,0.7969746995440818,0.5948633182622546,0.37449836481957255,0.022940803681138697,0.8015131225673446,0.5881769597419144,0.3637088943344414,0.022187112591819918
2023,23.7696,-15.6054,6,2915,365,0.7363245398950626,0.6779176866736725,0.4511822023934892,-0.03670522953811489,0.7140546592421503,0.7059657320061349,0.4105003437961173,-0.0010802594172581058,0.7988737801378109,0.5920746323889879,0.3832361927094246,-0.01927521287010474,0.8004666595053795,0.5897254155753261,0.38165163844721034,-0.01989520270250768,0.7978273234638842,0.5936129117436643,0.3799395563509684,-0.011451352017652478,0.8037824894009032,0.5848048815904009,0.3672924974484168,-0.011813151898830641,0.8004575248559154,0.5897389142550101,0.3797932274041648,-0.005093700634427665,0.7984779338822803,0.5926569913691675,0.36257149726867166,0.002625590842693341
2023,24.2696,-12.1054,7,2915,365,0.6830156357419602,0.8292314205032375,0.5551783086983043,-0.013742899735514161,0.6673681346466485,0.8494518275021244,0.4769323738150915,-0.0013660764113942242,0.7621688120083299,0.7182757958257151,0.460244020065741,-4.630323301639968e-05,0.7601293357744356,0.7213489405091763,0.47241004819710475,-0.004496097064848239,0.758830153381817,0.7232997799513765,0.4713753653167368,-0.0012673308123434032,0.7618388298093117,0.7187739139910249,0.44969965667117817,0.027627980264843158,0.7593023078132326,0.7225914067574668,0.46462661196302874,0.007988642280675522,0.7646525428040212,0.7145153851131396,0.4496393249428582,0.029223504805797062
2023,24.2696,-12.6054,7,2915,365,0.6830156357419602,0.8292314205032375,0.5551783086983043,-0.013742899735514161,0.6673681346466485,0.8494518275021244,0.4769323738150915,-0.0013660764113942242,0.7660449561979433,0.7123985644444868,0.4561587515989534,0.002484517788471916,0.762875820625355,0.7172073801313676,0.4688784525884654,-0.005761428315664705,0.7644011837371296,0.7148968466201191,0.46158252243353143,0.012042336182064415,0.7618863815669455,0.7187021544570182,0.4500339351204797,0.026749438962251546,0.7636333612226285,0.7160608324993656,0.4605274513858309,0.013132998297608282,0.7662909791167495,0.7120238931565466,0.4498002840018573,0.02668329158441312
2023,24.2696,-13.1054,6,2915,365,0.7125491442759055,0.7794305662989839,0.5258417192193612,-0.025015602816350457,0.6855953351861794,0.8151548573243027,0.4669655093064966,-0.0023970094213040852,0.7761573791371355,0.6878076807790191,0.44029693028756167,-0.006346659441058911,0.7761663125834539,0.6877939556129243,0.45182769427679637,-0.012764317073207373,0.7710669605259145,0.6955844543866412,0.44830163366291553,-0.004438728217884298,0.781281303748879,0.679889891933255,0.4312750105639741,0.009890035661022544,0.7703877301957509,0.6966155684125843,0.4519014683784003,-0.01086154785735492,0.7813499779566357,0.6797831462226298,0.43669429274049393,0.009504589535604069
2023,24.2696,-13.6054,5,2915,365,0.7125491442759055,0.7794305662989839,0.5258417192193612,-0.025015602816350457,0.6855953351861794,0.8151548573243027,0.4669655093064966,-0.0023970094213040852,0.779183259884054,0.6831430074559007,0.436026115337163,-0.0032859729718713168,0.7797363045319912,0.6822869911958718,0.44804966273128394,-0.011023510144746541,0.7717184981989353,0.6945939412084671,0.4461276520341823,0.006097923119605376,0.7826833309150943,0.6777072787954689,0.4276311113223246,0.02049622219247016,0.7689597122116919,0.6987784268125999,0.4505293905477707,-0.0063150901927149896,0.7820437486144098,0.6787038225273785,0.4338915140610241,0.012985953809397502
2023,24.2696,-14.1054,7,2915,365,0.7682490530052725,0.6683050870990804,0.4536398641153159,-0.01519173284857591,0.7388792618662299,0.7093893931842536,0.4310982978648158,-0.002156661109902962,0.8213978839261507,0.5866881390659707,0.3892729725142904,-0.015455159918749921,0.8185133540905369,0.591406843177687,0.38824974486257297,-0.01763035814490702,0.8160416230764764,0.5954205132954727,0.3934742690320886,-0.004339715435201716,0.8201355817418363,0.5887577499933324,0.38902068915266913,0.010055005802463829,0.8184168718623207,0.5915640246279403,0.3860138690721234,0.011738846149365142,0.8257137014979206,0.5795563004143779,0.37795983637424285,0.015521542452836115
2023,24.2696,-14.6054,7,2915,365,0.7682490530052725,0.6683050870990804,0.4536398641153159,-0.01519173284857591,0.7388792618662299,0.7093893931842536,0.4310982978648158,-0.002156661109902962,0.8213978839261507,0.5866881390659707,0.3892729725142904,-0.015455159918749921,0.8185133540905369,0.591406843177687,0.38824974486257297,-0.01763035814490702,0.8160416230764764,0.5954205132954727,0.3934742690320886,-0.004339715435201716,0.8201355817418363,0.5887577499933324,0.38902068915266913,0.010055005802463829,0.8184168718623207,0.5915640246279403,0.3860138690721234,0.011738846149365142,0.8257137014979206,0.5795563004143779,0.37795983637424285,0.015521542452836115
2023,24.2696,-15.1054,8,2915,365,0.7772807867991086,0.6603456263584043,0.4933237553644842,-0.20147400254519737,0.7600080169775622,0.6854737543355477,0.40592479290054634,-0.0010008923884170292,0.8191140315091641,0.5951067874909188,0.40691137090392293,-0.09348123236544567,0.8217194151245717,0.5908054446780537,0.4072148027596413,-0.11250883465751255,0.8242742728992037,0.586556886991926,0.3977637321900391,-0.08410792852199198,0.8265746286349959,0.5827050480606228,0.3989467360673749,-0.10174966897550716,0.8269937303653142,0.5820005363380163,0.39259951747252303,-0.07395457004536746,0.8301655936643169,0.5766407138898327,0.39360667086880047,-0.09188733142801317
2023,24.7696,-12.1054,7,2915,365,0.6830156357419602,0.8292314205032375,0.5551783086983043,-0.013742899735514161,0.6673681346466485,0.8494518275021244,0.4769323738150915,-0.0013660764113942242,0.7659399067345983,0.7125584855276088,0.4532996791307822,0.004334950558827023,0.76107253568486,0.7199293288061117,0.46960237427512946,-0.0003136510192504229,0.7614284705770127,0.7193928825790354,0.46621211154200315,0.005749244305210646,0.7619224172240527,0.7186477688983142,0.4510777508928393,0.027668254910231945,0.760431021269298,0.7208951772671854,0.46465695927996625,0.0041187791113028675,0.7689901622066053,0.7079002520621753,0.4476285634457596,0.02832383740085245
2023,24.7696,-12.6054,6,2915,365,0.6830156357419602,0.8292314205032375,0.5551783086983043,-0.013742899735514161,0.6673681346466485,0.8494518275021244,0.4769323738150915,-0.0013660764113942242,0.7675971676594325,0.7100313714822444,0.44956921442755476,0.012036507000638413,0.7626597206248795,0.717534114461016,0.4639718489161437,-0.0004268739071814387,0.7650835136224718,0.7138608711727311,0.4591652870885939,0.01744365554352817,0.7610960699544418,0.7198938715425585,0.4530888867237156,0.026176376238696387,0.7629827354521257,0.7170456742514353,0.4594437423714443,0.012992844044085974,0.7654569918820185,0.7132931852448917,0.44483711140510546,0.035036018777377255
2023,24.7696,-13.1054,6,2915,365,0.7125491442759055,0.7794305662989839,0.5258417192193612,-0.025015602816350457,0.6855953351861794,0.8151548573243027,0.4669655093064966,-0.0023970094213040852,0.7804375504739823,0.6812000385839079,0.43660997025720866,-0.0006657418351419961,0.77768523471404,0.6854563185955711,0.45166093710004773,-0.013244302935554468,0.7741857322915379,0.6908302077083747,0.44728141081768114,-0.00025090443578706977,0.7840870564022264,0.6755149569042069,0.43167007610868574,0.01411207103327151,0.7740057646230853,0.6911054390779375,0.4474573164471483,-0.007713323304448613,0.786713101978163,0.6713944072935498,0.43144047453289336,0.006738742773264133
2023,24.7696,-13.6054,6,2915,365,0.7125491442759055,0.7794305662989839,0.5258417192193612,-0.025015602816350457,0.6855953351861794,0.8151548573243027,0.4669655093064966,-0.0023970094213040852,0.7829730029411042,0.6772554535772236,0.43246202129679945,0.0011048458888045338,0.7812198446132731,0.6799854084821497,0.44738608267646196,-0.015577634591400772,0.7729097688315879,0.6927792263073924,0.44856176228496575,0.0012379042442055598,0.7848623625028844,0.6743010373928452,0.43386837055041866,0.013582332405955314,0.7717535515745769,0.6945406105686807,0.44606232974675764,-0.004869418211492851,0.7849728557363436,0.6741278569310798,0.43262147440541693,0.013911504529155674
2023,24.7696,-14.1054,8,2915,365,0.7682490530052725,0.6683050870990804,0.4536398641153159,-0.01519173284857591,0.7388792618662299,0.7093893931842536,0.4310982978648158,-0.002156661109902962,0.8224951395720117,0.5848831810315166,0.3860905908543284,-0.009755345886134819,0.8192597114143174,0.5901895206211367,0.387223456074988,-0.018382724847513215,0.81419066251773,0.5984085301367207,0.396363249188527,-0.0033361452688837855,0.8180923295894673,0.5920924377771579,0.3897299351349576,0.004204969789338184,0.8187016684718535,0.5910999354206632,0.38827810469184176,0.001004082478039575,0.8243444173374908,0.5818284947083336,0.3800440688369319,-0.001498895077106554
2023,24.7696,-14.6054,8,2915,365,0.7682490530052725,0.6683050870990804,0.4536398641153159,-0.01519173284857591,0.7388792618662299,0.7093893931842536,0.4310982978648158,-0.002156661109902962,0.8224951395720117,0.5848831810315166,0.3860905908543284,-0.009755345886134819,0.8192597114143174,0.5901895206211367,0.387223456074988,-0.018382724847513215,0.81419066251773,0.5984085301367207,0.396363249188527,-0.0033361452688837855,0.8180923295894673,0.5920924377771579,0.3897299351349576,0.004204969789338184,0.8187016684718535,0.5910999354206632,0.38827810469184176,0.001004082478039575,0.8243444173374908,0.5818284947083336,0.3800440688369319,-0.001498895077106554
2023,25.2696,-12.1054,4,2915,365,0.7298941385076458,0.782458712912202,0.5312184379917492,-0.026419322828811955,0.7197771067835673,0.7969778159324424,0.4923656591624392,-0.0023488112527666268,0.8034044723830668,0.6675460699193766,0.4463090609684527,-0.009078490598706981,0.7903750427344707,0.6893121285758189,0.4619440533827636,-0.014070027008699328,0.7935356185279446,0.6840959136627964,0.4569731443664238,-0.011398896491023063,0.794937255007401,0.6817698788162493,0.4507451414129467,0.009904256020261409,0.7935356185279446,0.6840959136627964,0.4569731443664238,-0.011398896491023148,0.794937255007401,0.6817698788162494,0.45074514141294697,0.009904256020261197
2023,25.2696,-12.6054,4,2915,365,0.7298941385076458,0.782458712912202,0.5312184379917492,-0.026419322828811955,0.7197771067835673,0.7969778159324424,0.4923656591624392,-0.0023488112527666268,0.8012403043994434,0.6712102624309582,0.44669556568315405,-0.004123224462847494,0.7895347690299297,0.6906922876647863,0.4629297773553904,-0.010078473320075899,0.7938091883274462,0.6836425424432698,0.45708256560217203,-0.01076264349364592,0.7926763610728695,0.6855179608740932,0.455080437053041,0.006228719263472106,0.794494148920384,0.6825060763261305,0.4534946241308136,-0.004553514250084151,0.7922332101475159,0.6862502115670231,0.45373960460709895,0.00829088112557692
2023,25.2696,-13.1054,6,2915,365,0.7347347213941179,0.7705269835792077,0.5112243328800711,-0.015134130446511988,0.7086130932122342,0.8075746260910517,0.48970232144229553,-0.0017311964696776203,0.7965559222504639,0.6747923872799814,0.44375192117331014,-0.0010073263230564167,0.7906900486731089,0.6844513536432311,0.45263236533660983,-0.010138427326388354,0.7907172529487543,0.6844068726994731,0.4477690016514553,-0.006251187943759272,0.795385626048213,0.6767304494484195,0.4450098797932156,0.012380284214998325,0.7921841691546705,0.6820040635666602,0.44477529060520316,-0.0052837191323037,0.7967118295266374,0.6745337776225392,0.4425109546115785,0.013246770877237584
2023,25.2696,-13.6054,7,2915,365,0.7347347213941179,0.7705269835792077,0.5112243328800711,-0.015134130446511988,0.7086130932122342,0.8075746260910517,0.48970232144229553,-0.0017311964696776203,0.796892314336723,0.674234276342695,0.44304613722818886,-0.002521144222848852,0.7916687396950182,0.68284930064362,0.4504388000301937,-0.009116434490436563,0.7914294502530197,0.6832413487089489,0.44835303142252714,-0.009848069358585012,0.7968304483939784,0.6743369533121519,0.4465853206780922,0.005959166866168102,0.792309871484622,0.6817977692066972,0.4486188018696418,-0.007527843659666622,0.7985801841617615,0.6714269136856685,0.44316681624827076,0.015717405207025067
2023,25.2696,-14.1054,9,2915,365,0.7972515219444061,0.6667229674207367,0.4663224935170682,-0.023326886093430442,0.7817423670098911,0.6917534521183641,0.43857630793387425,-0.0014947341301612919,0.8436839332683046,0.5854211708575976,0.39805057814560874,-0.004232643518372774,0.8408177993889936,0.5907637883359436,0.3959553522349821,0.004187762013656169,0.8460206078209056,0.5810291417024644,0.3934307381294715,-0.007448061675522449,0.8432827533592929,0.5861719213097605,0.3904573724254522,-0.00012534565955476726,0.8434192880737703,0.585916524227724,0.3916624462566563,0.008645043952782606,0.8418116415188275,0.5889167060912721,0.3889698246230718,0.010195088771567207
2023,25.2696,-14.6054,9,2915,365,0.7972515219444061,0.6667229674207367,0.4663224935170682,-0.023326886093430442,0.7817423670098911,0.6917534521183641,0.43857630793387425,-0.0014947341301612919,0.8436839332683046,0.5854211708575976,0.39805057814560874,-0.004232643518372774,0.8408177993889936,0.5907637883359436,0.3959553522349821,0.004187762013656169,0.8460206078209056,0.5810291417024644,0.3934307381294715,-0.007448061675522449,0.8432827533592929,0.5861719213097605,0.3904573724254522,-0.00012534565955476726,0.8434192880737703,0.585916524227724,0.3916624462566563,0.008645043952782606,0.8418116415188275,0.5889167060912721,0.3889698246230718,0.010195088771567207
2023,25.7696,-12.1054,5,2915,365,0.7298941385076458,0.782458712912202,0.5312184379917492,-0.026419322828811955,0.7197771067835673,0.7969778159324424,0.4923656591624392,-0.0023488112527666268,0.8031234177817358,0.668023064208221,0.4449083980504788,-0.004511634867035222,0.7901908750532903,0.6896148624373029,0.45931448374510975,-0.009365280899189563,0.8008514813774783,0.6718664681325537,0.4424571235756884,0.008141484370680767,0.7905416581911131,0.6890381323706218,0.45897485566851065,0.013942818657306757,0.7960437502310302,0.6799280145129319,0.4555017894794097,-0.011427699858694726,0.7937459109197672,0.6837474351130751,0.4533891274575227,0.00891201877707145
2023,25.7696,-12.6054,3,2915,365,0.7298941385076458,0.782458712912202,0.5312184379917492,-0.026419322828811955,0.7197771067835673,0.7969778159324424,0.4923656591624392,-0.0023488112527666268,0.8029866634365973,0.6682550349101369,0.44426253818077766,-0.0037842233704171117,0.7893012653967035,0.6910753306246701,0.46189419210670124,-0.011682984462280643,0.7988622377343852,0.6752136814859725,0.45045245171415893,-0.007367951597336126,0.7960426936648903,0.679929775645499,0.44687370508068347,0.013284332457772687,0.7986086115126448,0.6756392553355393,0.4497699972327551,-0.005364463743415473,0.795705445865165,0.6804916827256998,0.4486356886641143,0.0070392997439407525
2023,25.7696,-13.1054,5,2915,365,0.7347347213941179,0.7705269835792077,0.5112243328800711,-0.015134130446511988,0.7086130932122342,0.8075746260910517,0.48970232144229553,-0.0017311964696776203,0.7978722478301581,0.6726058209709722,0.4392966576124841,0.001649969720813012,0.7920736038552335,0.6821854644642963,0.45019219183422454,-0.013342937406363697,0.7959375727142521,0.6758170939002487,0.4425486838105005,-0.002724426290402295,0.7966845431474283,0.6745790457924018,0.44288359113200454,0.011901521319553694,0.79319598025885,0.680341771356348,0.4422272425356231,0.00038659708773394595,0.7964015921795778,0.6750482831891681,0.4435902559935058,0.0121938149530989
2023,25.7696,-13.6054,6,2915,365,0.7347347213941179,0.7705269835792077,0.5112243328800711,-0.015134130446511988,0.7086130932122342,0.8075746260910517,0.48970232144229553,-0.0017311964696776203,0.798228574924212,0.6720126975758977,0.44033858744563587,0.00012643820516963786,0.7929952804331165,0.6806718214265964,0.450868082182423,-0.01193820722286415,0.7900219156047679,0.6855428933043966,0.4508210155842107,-0.008844754435873535,0.7960428104761901,0.6756428074053494,0.445025949651284,0.010473474061185423,0.7930114429955362,0.6806452480818557,0.4422150575477118,0.0031674998674116276,0.7974508849104991,0.6733065253544547,0.44162065939783274,0.01436101002952617
2023,25.7696,-14.1054,7,2915,365,0.7972515219444061,0.6667229674207367,0.4663224935170682,-0.023326886093430442,0.7817423670098911,0.6917534521183641,0.43857630793387425,-0.0014947341301612919,0.8433505762977964,0.5860450679950439,0.3989130812134328,-0.0028525329241955244,0.8423563744470627,0.5879018432472016,0.3946161877158866,0.005343163159607062,0.8486823585632008,0.5759852955060688,0.3924244633644163,-0.006990622535384957,0.8465502516983772,0.5800289961251234,0.3893338678542932,-0.00665457075880446,0.8402987695057398,0.5917261274692643,0.39962537975559,-0.015765986568120397,0.8423843791044757,0.5878496219128228,0.3919730102875309,-0.010305891634228627
2023,25.7696,-14.6054,7,2915,365,0.7972515219444061,0.6667229674207367,0.4663224935170682,-0.023326886093430442,0.7817423670098911,0.6917534521183641,0.43857630793387425,-0.0014947341301612919,0.8433505762977964,0.5860450679950439,0.3989130812134328,-0.0028525329241955244,0.8423563744470627,0.5879018432472016,0.3946161877158866,0.005343163159607062,0.8486823585632008,0.5759852955060688,0.3924244633644163,-0.006990622535384957,0.8465502516983772,0.5800289961251234,0.3893338678542932,-0.00665457075880446,0.8402987695057398,0.5917261274692643,0.39962537975559,-0.015765986568120397,0.8423843791044757,0.5878496219128228,0.3919730102875309,-0.010305891634228627
2023,26.2696,-10.1054,7,2915,365,0.74414388403396,0.7606075068055825,0.5340662908251302,-0.053137650878554155,0.7149262751981509,0.8028627360856295,0.4836509126985512,-0.004953290467430095,0.8051302654885025,0.6637964152275514,0.4389027439893839,-0.01862219821028904,0.7910488195200372,0.6873613692818915,0.44551178646431755,-0.018282049864985956,0.8027467384834044,0.6678436522080963,0.4421020177816053,-0.009372810276550674,0.7990811542115321,0.6740204033008249,0.43207323754709875,0.010680019312779222,0.7947111540368078,0.6813109714562348,0.4467494856821883,-0.008950243463162724,0.7931493683405871,0.6838976819238008,0.44588965343712617,-0.00984443787078434
2023,26.2696,-10.6054,7,2915,365,0.74414388403396,0.7606075068055825,0.5340662908251302,-0.053137650878554155,0.7149262751981509,0.8028627360856295,0.4836509126985512,-0.004953290467430095,0.8022678661348801,0.6686538238344593,0.44134704142535724,-0.01463639867731669,0.7881347888360787,0.6921377408856066,0.4480618698541069,-0.019845103491479544,0.8034772885128689,0.6666057873013251,0.44079787506569784,-0.008754258193914972,0.7987545667483121,0.6745679806899944,0.4383430036265106,0.002387529065447225,0.7959785298148979,0.6792046372239395,0.4481525079819464,-0.0021150118895914005,0.7923140826016382,0.6852771180048495,0.4440374810893501,0.0010428385791222525
2023,26.2696,-11.1054,5,2915,365,0.7504770686105727,0.7634163523365461,0.5319307717914239,-0.0463529488954408,0.7221821914650524,0.8055384350498135,0.502096888678844,-0.003556206939172919,0.8071728615974304,0.6711047372844302,0.4529305589486417,-0.010362023112979785,0.7966951049998958,0.6890966585496029,0.4576177599813017,-0.014833661074598622,0.8015752425857017,0.6807758723747824,0.44912420842183154,0.0034576517066952405,0.8025383026893464,0.6791217805303505,0.4468620703037643,0.00027067210583804895,0.7992585229812129,0.6847385581179681,0.4489998028619145,0.010047986640486511,0.7967543392910207,0.6889962646912018,0.44597094427549344,0.01214784102735538
2023,26.2696,-11.6054,6,2915,365,0.7504770686105727,0.7634163523365461,0.5319307717914239,-0.0463529488954408,0.7221821914650524,0.8055384350498135,0.502096888678844,-0.003556206939172919,0.8054745720548473,0.6740535744302188,0.4546729390577092,-0.004132345547716824,0.7946657420272385,0.6925273551467386,0.4602080469106451,-0.012654034904117576,0.7992328120553073,0.6847824072987914,0.454256007844492,-0.010518707457967742,0.795788602568478,0.6906312330671031,0.45050743784397024,-0.00194012339715641,0.7993519162663828,0.6845792551573797,0.4489902697571103,0.008255960233149203,0.7969310365171843,0.6886967006065138,0.44934913834592566,0.008617637268325875
2023,26.2696,-12.1054,4,2915,365,0.7771660590192568,0.7318974080858454,0.516749085615665,-0.039959398884982435,0.7653641316479336,0.7510290568451325,0.48321094589102204,-0.0022502162034962543,0.8296983053277365,0.6398365180765913,0.43931879826406933,-0.00655106271409307,0.8227214268420406,0.6528112985713439,0.4467426730909819,-0.0024907679047528218,0.8296630337600541,0.6399027736376066,0.4336188298853344,0.005460657313749329,0.8290049469606573,0.641137695294393,0.43148599020234824,0.009187254266724081,0.8280914396805474,0.6428479898295422,0.44135500878513395,-0.008582482799996771,0.8261040864256899,0.6465531424369854,0.43956785719188113,-0.0013289750320166997
2023,26.2696,-12.6054,5,2915,365,0.7771660590192568,0.7318974080858454,0.516749085615665,-0.039959398884982435,0.7653641316479336,0.7510290568451325,0.48321094589102204,-0.0022502162034962543,0.8317279995932394,0.6360122307893104,0.4372077307081765,-0.008793867195470616,0.825277911206303,0.6480872015859223,0.44794260368013145,-0.011190359130224065,0.8311815120769874,0.6370441642145569,0.4341178946067202,0.002420079695396443,0.8289378017913083,0.6412635617247804,0.4326942485094616,0.013151309679113298,0.8317161665320065,0.6360345929153614,0.4341077045495666,0.00024199201759083838,0.8325758924114597,0.6344078306509912,0.43103384586415067,0.011042872441032178
2023,26.2696,-13.1054,7,2915,365,0.7574070541811242,0.747008759523384,0.5372200816658145,-0.11412390005465345,0.7501683622877545,0.7580717763540173,0.49447940295549586,-0.00161664974784011,0.8177711929076316,0.6474334391782683,0.45037057423241383,-0.03750238005370281,0.8153244195325753,0.6517654678281442,0.4564682672938484,-0.043180556148131925,0.8230078053748765,0.6380631557933152,0.4458870296361411,-0.047817434363908236,0.8208770039601294,0.6418924724670887,0.448194069344907,-0.03586183113374864,0.8215953700818234,0.6406040364049089,0.446022626911137,-0.0381934385316913,0.8232320328981879,0.6376588536046015,0.44313356428171685,-0.033426956294105914
2023,26.2696,-13.6054,6,2915,365,0.7574070541811242,0.747008759523384,0.5372200816658145,-0.11412390005465345,0.7501683622877545,0.7580717763540173,0.49447940295549586,-0.00161664974784011,0.8155310222255423,0.6514007899894468,0.4562564164026199,-0.049811807699629965,0.815313740970788,0.6517843111890066,0.46209247403744724,-0.05024189313940126,0.8211861428452609,0.641338329173626,0.45132513390634105,-0.05744029242401074,0.8215384853008197,0.6407061573980805,0.4524118404459368,-0.042577966868664274,0.8225883879702566,0.6388187157760771,0.44636003197784824,-0.03329938943972501,0.8255790144430065,0.6334115501706132,0.44173093705136635,-0.028704988044223514
2023,26.2696,-14.1054,4,2915,365,0.763596068395101,0.7428716644725094,0.544987279193418,-0.14473807094198357,0.7640301377371848,0.7421893450891929,0.48980715563859994,-0.001331078981663146,0.8135875370634381,0.6596657227338525,0.4638898668723129,-0.06546242167544324,0.8208680510901432,0.646655493335549,0.4644276873980178,-0.0857322004503288,0.8163835784768525,0.6546997956992,0.46633640369929213,-0.08568672150191695,0.8084236028664975,0.6687402242988373,0.47123535779098624,-0.09260697207949715,0.813876954844493,0.6591534363021938,0.46264704751513513,-0.07367287535201662,0.8167499197788546,0.6540463592480207,0.45714408039563986,-0.06490433113125821
2023,26.2696,-9.1054,5,2915,365,0.7500435269603927,0.7488928232439717,0.5151023797489994,-0.03676350312157813,0.7194179711973989,0.7934460460194533,0.46924276128036213,-0.00470297604505416,0.8094250103548376,0.6539136862164194,0.43356255806674937,-0.008636324513578993,0.8001087701556664,0.6697062387625534,0.4404436235463658,-0.0022492042704733363,0.8086260133280246,0.6552830385381084,0.43457695581683947,0.004676037632422061,0.8126977723294567,0.648274510655879,0.4223574989180001,0.010450743372601892,0.8035243572300312,0.6639598739443272,0.4387933478561808,0.0016916913723590823,0.8086405758390995,0.6552581063406531,0.42382538038287815,0.008951670307246912
2023,26.2696,-9.6054,5,2915,365,0.7500435269603927,0.7488928232439717,0.5151023797489994,-0.03676350312157813,0.7194179711973989,0.7934460460194533,0.46924276128036213,-0.00470297604505416,0.8094250103548376,0.6539136862164194,0.43356255806674937,-0.008636324513578993,0.8001087701556664,0.6697062387625534,0.4404436235463658,-0.0022492042704733363,0.8086260133280246,0.6552830385381084,0.43457695581683947,0.004676037632422061,0.8126977723294567,0.648274510655879,0.4223574989180001,0.010450743372601892,0.8035243572300312,0.6639598739443272,0.4387933478561808,0.0016916913723590823,0.8086405758390995,0.6552581063406531,0.42382538038287815,0.008951670307246912
2023,26.7696,-10.1054,6,2915,365,0.74414388403396,0.7606075068055825,0.5340662908251302,-0.053137650878554155,0.7149262751981509,0.8028627360856295,0.4836509126985512,-0.004953290467430095,0.8059358642073817,0.6624229147167081,0.4381551135072602,-0.017250954163749298,0.7912775335461212,0.6869850798804734,0.4452688884170704,-0.01804385549249202,0.799565567911515,0.6732073841094248,0.4422853812123183,-0.012380490778154165,0.7960339899688843,0.6791123151903672,0.43805021550879303,0.0018027648896938267,0.796415277326007,0.6784772631414964,0.44325439818131435,0.004673099981059366,0.7949113009716979,0.6809787674465182,0.4412276367855873,0.0071388634336800524
2023,26.7696,-10.6054,5,2915,365,0.74414388403396,0.7606075068055825,0.5340662908251302,-0.053137650878554155,0.7149262751981509,0.8028627360856295,0.4836509126985512,-0.004953290467430095,0.802513161079661,0.6682389486728749,0.44265609234407033,-0.014111584473672863,0.7872942195224576,0.6935094003143777,0.451372603144296,-0.024861521701301174,0.7983559745896015,0.6752356840471399,0.44423630809598336,-0.008926733896736476,0.7955333697349883,0.6799452211461299,0.43730618966423357,0.003094790564190621,0.79520246763473,0.680495199261814,0.44430262527423986,0.005633400354754726,0.79321271228401,0.6837929587891277,0.44166409899833187,0.010350550366718645
2023,26.7696,-11.1054,4,2915,365,0.7504770686105727,0.7634163523365461,0.5319307717914239,-0.0463529488954408,0.7221821914650524,0.8055384350498135,0.502096888678844,-0.003556206939172919,0.8068166174762819,0.6717243772342261,0.45659544020800014,-0.014004362594425494,0.7949270485416443,0.6920865628494016,0.4628346662188052,-0.020717338917049063,0.8027795035354073,0.6787068777846278,0.45062034604929563,-0.00733047267154585,0.8055952563063031,0.673844449399786,0.44612193679082646,-0.007779028495815376,0.8036940919365835,0.6771313347419577,0.44898419809061463,-0.0035817228601572625,0.8060845748564173,0.6729958787214035,0.4432581107056951,0.003386483303491244
2023,26.7696,-11.6054,4,2915,365,0.7504770686105727,0.7634163523365461,0.5319307717914239,-0.0463529488954408,0.7221821914650524,0.8055384350498135,0.502096888678844,-0.003556206939172919,0.806009584793286,0.6731259950469896,0.45773564626148394,-0.010948443259458616,0.7934444803688283,0.6945837661621704,0.4639022739553595,-0.02174413149358209,0.8028223467357871,0.6786331543262509,0.45125503297760117,-0.00942985599554003,0.8059159636617071,0.6732884031118105,0.4466506257827352,-0.009516953880386871,0.8039403832830645,0.6767064266690497,0.4488209887659899,-0.004145671032362194,0.8062833413142162,0.6726508744411668,0.4459030718875484,-0.0046660675762288505
2023,26.7696,-12.1054,4,2915,365,0.7771660590192568,0.7318974080858454,0.516749085615665,-0.039959398884982435,0.7653641316479336,0.7510290568451325,0.48321094589102204,-0.0022502162034962543,0.830079733313751,0.639119589334556,0.44163126684987164,-0.010987949282442929,0.8219746929413972,0.6541847416764434,0.4508133271748819,-0.012445857194486735,0.8309029434129448,0.6375695432682255,0.4351946143549138,0.0009737299180814893,0.8301258335450807,0.6390328852580944,0.4306829353493095,0.012282801623186445,0.8304600937831117,0.6384038653525567,0.4340985243809719,0.0027714448653400857,0.8294172878978829,0.640364202491255,0.4321830644593844,0.009742871940691622
2023,26.7696,-12.6054,4,2915,365,0.7771660590192568,0.7318974080858454,0.516749085615665,-0.039959398884982435,0.7653641316479336,0.7510290568451325,0.48321094589102204,-0.0022502162034962543,0.8321505372125697,0.6352132029980909,0.436745593829079,-0.006100832613921268,0.8238798323811186,0.6506749444113245,0.4487434035417038,-0.011671948917759536,0.8317262594080428,0.6360155194416254,0.4327318626287758,0.0031939854007367115,0.8289979529694932,0.641150806976413,0.43269958824865995,0.009697172479641037,0.8317262594080428,0.6360155194416254,0.4327318626287758,0.003193985400736638,0.8289979529694933,0.6411508069764128,0.43269958824865995,0.00969717247964114
2023,26.7696,-13.1054,7,2915,365,0.7574070541811242,0.747008759523384,0.5372200816658145,-0.11412390005465345,0.7501683622877545,0.7580717763540173,0.49447940295549586,-0.00161664974784011,0.8178114534658536,0.6473619151641271,0.4496931913434868,-0.036493593798932945,0.8162926055353481,0.6500547396385685,0.45435392896213855,-0.04135990453352344,0.8230727011235459,0.6379461693279193,0.4452982575412206,-0.049070516046759875,0.8222230601823235,0.6394761085067302,0.44737981079649686,-0.03925691034365848,0.8236144248034127,0.6369687749676528,0.44214078467587636,-0.028060306877699125,0.8264768008293831,0.6317792869367806,0.4410154796751026,-0.02650996804457373
2023,26.7696,-9.1054,4,2915,365,0.7500435269603927,0.7488928232439717,0.5151023797489994,-0.03676350312157813,0.7194179711973989,0.7934460460194533,0.46924276128036213,-0.00470297604505416,0.8124182738053763,0.6487580185844615,0.4297032966366295,-0.008486155601167411,0.8014224561718408,0.6675019550214534,0.4418637346784767,-0.006250402805341135,0.8051025803986525,0.6612878133094531,0.43475668536439194,0.007604334866660216,0.8091416411830922,0.6543996632853881,0.4218538995967949,0.012386788862618446,0.8035576820578973,0.6639035634355381,0.4364965182874793,0.004652053843749734,0.8083674798642784,0.65572551094247,0.42222214965306865,0.015031051920316198
2023,26.7696,-9.6054,4,2915,365,0.7500435269603927,0.7488928232439717,0.5151023797489994,-0.03676350312157813,0.7194179711973989,0.7934460460194533,0.46924276128036213,-0.00470297604505416,0.8124182738053763,0.6487580185844615,0.4297032966366295,-0.008486155601167411,0.8014224561718408,0.6675019550214534,0.4418637346784767,-0.006250402805341135,0.8051025803986525,0.6612878133094531,0.43475668536439194,0.007604334866660216,0.8091416411830922,0.6543996632853881,0.4218538995967949,0.012386788862618446,0.8035576820578973,0.6639035634355381,0.4364965182874793,0.004652053843749734,0.8083674798642784,0.65572551094247,0.42222214965306865,0.015031051920316198
2023,27.2696,-10.1054,6,2915,365,0.758366723864135,0.7661088372913067,0.5450272937108481,-0.07753555553729614,0.7530098851008256,0.7745543316491666,0.4712366012696585,-0.004558928892377635,0.8213658187403741,0.6587101915218775,0.4330978637795889,-0.005863672078904324,0.8038720735790041,0.6902109092696542,0.44101875551484704,-0.0039594302496492725,0.8144903171868703,0.6712671467410904,0.43657153647777097,0.00016047036365848027,0.8138610073212535,0.6724047622505317,0.43436363068101336,0.005227821881534976,0.8137457784657308,0.6726128552534615,0.4350870801274868,0.00996845975386468,0.8136380822246891,0.6728072868409123,0.4299487734823672,0.0090731526592222
2023,27.2696,-10.6054,3,2915,365,0.758366723864135,0.7661088372913067,0.5450272937108481,-0.07753555553729614,0.7530098851008256,0.7745543316491666,0.4712366012696585,-0.004558928892377635,0.8189201003065566,0.6632041323562982,0.43850530546554567,0.0020118947744863346,0.8012844463501413,0.6947491618334634,0.44689570564864345,-0.010018620333078468,0.8174137130228671,0.665956986580294,0.4314524559843705,0.005882582434984214,0.8157714996779626,0.6689451500397834,0.42926384725228656,-0.005557600337163851,0.8174137130228671,0.665956986580294,0.4314524559843705,0.005882582434984193,0.8157714996779625,0.6689451500397835,0.4292638472522868,-0.005557600337163751
2023,27.2696,-11.1054,6,2915,365,0.7359270947034422,0.7851349265359997,0.6110368555203559,-0.16275673805957502,0.7343709485171457,0.7874448758489233,0.5312626074513895,-0.005173097073005759,0.8010520032435257,0.6814785030759856,0.501093112414513,-0.06594159200236098,0.7889134970178712,0.7019603923829733,0.5145983539536206,-0.07980592248958085,0.8021276106350694,0.6796338080918953,0.49435222331928946,-0.051529898773243744,0.8103473708054455,0.6653678455634003,0.4801938534389468,-0.050301737148394574,0.803084480903631,0.6779885318143903,0.49145353911031536,-0.04872839934087538,0.804277444884867,0.6759316989414864,0.48970797163945834,-0.07275004564176041
2023,27.2696,-11.6054,6,2915,365,0.7359270947034422,0.7851349265359997,0.6110368555203559,-0.16275673805957502,0.7343709485171457,0.7874448758489233,0.5312626074513895,-0.005173097073005759,0.8046529926891861,0.6752829067008477,0.4967587981674835,-0.05775081348972118,0.7919799942616548,0.6968429771223075,0.5095034541981439,-0.06971030556953221,0.8017354002997675,0.6803070385663238,0.4967253716823924,-0.056523973746608336,0.8098476987692051,0.6662437812446593,0.48144750505196793,-0.05292593975479512,0.8044903110020915,0.6755640302818277,0.4898515963342051,-0.03847021523199987,0.805604203753916,0.6736368092510976,0.4832794347040798,-0.05324231924260022
2023,27.2696,-12.1054,7,2915,365,0.7736393618560164,0.7532410896268096,0.584522170589847,-0.14851125695413128,0.7889516248129882,0.7273183664285697,0.4887849770405163,-0.0036681924313319274,0.8395978255491161,0.634072143437127,0.47603897311600796,-0.055037890161059276,0.8352991750312129,0.6425122842453314,0.48402164905846956,-0.058495453251437145,0.8377035295612796,0.6378052440034342,0.47722913469818745,-0.0687273943264543,0.8433069544853657,0.6266981446594785,0.47018300881512565,-0.05580210187969923,0.8376383494126896,0.6379333061459057,0.47791226522587293,-0.06138592592235908,0.8418601275730785,0.6295848084724851,0.4729965990220398,-0.05443628656992214
2023,27.2696,-12.6054,7,2915,365,0.7736393618560164,0.7532410896268096,0.584522170589847,-0.14851125695413128,0.7889516248129882,0.7273183664285697,0.4887849770405163,-0.0036681924313319274,0.8402167454699486,0.6328476613608299,0.47301250555228574,-0.05172943417837107,0.8367028497504794,0.6397684969468812,0.4813346704148544,-0.059546401888230086,0.8384212765578615,0.6363933523924363,0.475133888060207,-0.06478441947666297,0.8431793120871021,0.6269533473389708,0.4686165704295727,-0.05369448241303502,0.8388414704246618,0.6355653267194048,0.4753187840242586,-0.06027146602903729,0.8438346812022093,0.6256419258408864,0.4687851716142471,-0.049210392850881274
2023,27.2696,-13.1054,4,2915,365,0.7710503201795946,0.7569301731632564,0.6007718105130325,-0.1802024936476174,0.7908531706857974,0.7234548624030416,0.4877764856555287,-0.0016069893229918655,0.8370657080730924,0.6385457904729371,0.4673823778049542,-0.06840443079409876,0.8426352815229324,0.6275372091971476,0.46537605542875626,-0.06773726165574885,0.8381806358518422,0.63635731768388,0.4713759144417517,-0.08000611256217058,0.8372421232375908,0.6382000079239211,0.46645692144208656,-0.0537840378562995,0.8373825873998935,0.6379245571103022,0.46471037453894,-0.05012019198675192,0.8318171565663726,0.64874891239236,0.4742805069080303,-0.047988009543523426
2023,27.2696,-9.1054,4,2915,365,0.7542894037890596,0.7792876345439286,0.49975501140117057,-0.034343113721508084,0.7382363208338494,0.8043416084966911,0.4522987066924844,-0.0036629464991271305,0.8145862651812112,0.6769503127654103,0.41217711394880807,0.02017767728962296,0.7924012557469726,0.716305363891506,0.4318238451041016,0.026959297200589205,0.8033488602326009,0.6971625923676266,0.4236842200431335,0.012429409938993745,0.8012149244419241,0.7009349733984693,0.41892260456714286,0.019085815727784377,0.803598129322448,0.6967206010577004,0.4254135526220855,0.01984554035793462,0.80512002573337,0.6940159458434789,0.41744035311200095,0.026411410477792528
2023,27.2696,-9.6054,4,2915,365,0.7542894037890596,0.7792876345439286,0.49975501140117057,-0.034343113721508084,0.7382363208338494,0.8043416084966911,0.4522987066924844,-0.0036629464991271305,0.8145862651812112,0.6769503127654103,0.41217711394880807,0.02017767728962296,0.7924012557469726,0.716305363891506,0.4318238451041016,0.026959297200589205,0.8033488602326009,0.6971625923676266,0.4236842200431335,0.012429409938993745,0.8012149244419241,0.7009349733984693,0.41892260456714286,0.019085815727784377,0.803598129322448,0.6967206010577004,0.4254135526220855,0.01984554035793462,0.80512002573337,0.6940159458434789,0.41744035311200095,0.026411410477792528
2023,27.7696,-10.1054,4,2915,365,0.758366723864135,0.7661088372913067,0.5450272937108481,-0.07753555553729614,0.7530098851008256,0.7745543316491666,0.4712366012696585,-0.004558928892377635,0.8213878891284857,0.6586694981938983,0.4302880062540353,0.0013237960539382895,0.799152550538226,0.6984659857817818,0.44418386125086534,0.0018617509406412497,0.8172563282770047,0.6662439437673455,0.4312263598230998,0.001995044620853521,0.8173384482445851,0.666094231116733,0.4263660851027545,-0.0037709230077945114,0.8159961036502705,0.6685372501773099,0.4327633736258511,0.006907678276873696,0.8125373879845028,0.674791235228477,0.4326478956378218,-0.00465084080536924
2023,27.7696,-10.6054,6,2915,365,0.758366723864135,0.7661088372913067,0.5450272937108481,-0.07753555553729614,0.7530098851008256,0.7745543316491666,0.4712366012696585,-0.004558928892377635,0.8211048531130676,0.6591911688487292,0.43087252651947866,0.012204243840586443,0.798669893778982,0.6993047244365664,0.44627652504766,0.001404010677550443,0.8166574663770466,0.6673347114196239,0.4288778806184742,0.0204357633677997,0.815674925951352,0.6691204596739638,0.42636691852248315,0.009058758748016938,0.8135692533232894,0.6729315190659575,0.435416684280186,0.008534311096156575,0.8112251776722348,0.6771488356898205,0.4296850804973869,0.007210745645986284
2023,27.7696,-11.1054,7,2915,365,0.7359270947034422,0.7851349265359997,0.6110368555203559,-0.16275673805957502,0.7343709485171457,0.7874448758489233,0.5312626074513895,-0.005173097073005759,0.8075333115104738,0.6702860215988986,0.4924324410244591,-0.05420943599316832,0.7907810743539145,0.6988482135489252,0.5071989564288077,-0.05968014090313781,0.8014013744498243,0.6808798702949369,0.49695944593710323,-0.05723793359693144,0.809160778941117,0.6674460898367139,0.4795646612288935,-0.050115828026723555,0.8045220106244276,0.675509260636248,0.48777316892677647,-0.03620702975938613,0.8030827406856422,0.6779915276301545,0.48209221517451994,-0.050151037141314296
2023,27.7696,-11.6054,7,2915,365,0.7359270947034422,0.7851349265359997,0.6110368555203559,-0.16275673805957502,0.7343709485171457,0.7874448758489233,0.5312626074513895,-0.005173097073005759,0.8076941802377503,0.670005841686062,0.49580594530736816,-0.050827635470406245,0.7936041511027268,0.6941172774864146,0.5079449060394546,-0.052650981106232835,0.8011314277977138,0.6813424586564609,0.49928231108827287,-0.061134640431283076,0.8079028565392417,0.6696422221895819,0.48343845253821105,-0.05284509519014341,0.8060462567597326,0.6728704535390935,0.48439176028397785,-0.026467103427514148,0.8062656849592231,0.6724897222032088,0.4834540292604437,-0.04596392394399387
2023,27.7696,-12.1054,7,2915,365,0.7736393618560164,0.7532410896268096,0.584522170589847,-0.14851125695413128,0.7889516248129882,0.7273183664285697,0.4887849770405163,-0.0036681924313319274,0.8404494255998142,0.6323867096698941,0.4777450269152344,-0.055314986631183886,0.836746370244234,0.6396832385813801,0.479012237607871,-0.0498650975685495,0.8365495275492235,0.6400687707121601,0.47991734357430366,-0.07765118266249696,0.8418608935354308,0.6295832837499803,0.47151227549555136,-0.06520879464227688,0.8383060482436132,0.6366202308531378,0.47578579450122926,-0.05343596716427209,0.8411237728168104,0.6310488900649373,0.47263348478361905,-0.04426573990014299
2023,27.7696,-12.6054,7,2915,365,0.7736393618560164,0.7532410896268096,0.584522170589847,-0.14851125695413128,0.7889516248129882,0.7273183664285697,0.4887849770405163,-0.0036681924313319274,0.8393087813932112,0.6346431841890964,0.4782369540729871,-0.056680883700060594,0.8373518317488737,0.6384959346788989,0.4766879626900624,-0.049012597244391436,0.8365202132558839,0.6401261652311808,0.48068906753929,-0.07825191909751211,0.8406427994501751,0.6320033700028431,0.4755741460298713,-0.06542305381234657,0.8393839791151537,0.6344946716982921,0.4728307993010824,-0.04871305175127861,0.8416143979261812,0.6300737667530603,0.47211780369681294,-0.040647909548163254
2023,27.7696,-9.1054,4,2915,365,0.7542894037890596,0.7792876345439286,0.49975501140117057,-0.034343113721508084,0.7382363208338494,0.8043416084966911,0.4522987066924844,-0.0036629464991271305,0.8152561319839728,0.6757263558210104,0.4138139575665357,0.021425710648641225,0.7907409105345581,0.7191641134870089,0.43180968775182355,0.030608963244465548,0.803038999193576,0.6977116318901005,0.42413249370627204,0.013048442800352226,0.800063702342398,0.7029617022815923,0.4195385317522773,0.020403838481297537,0.8020042383124442,0.6995419915762028,0.4264908177288619,0.030814351918025045,0.8023969911847221,0.6988478264348057,0.4213490675943786,0.02706923844485209
2023,27.7696,-9.6054,4,2915,365,0.7542894037890596,0.7792876345439286,0.49975501140117057,-0.034343113721508084,0.7382363208338494,0.8043416084966911,0.4522987066924844,-0.0036629464991271305,0.8152561319839728,0.6757263558210104,0.4138139575665357,0.021425710648641225,0.7907409105345581,0.7191641134870089,0.43180968775182355,0.030608963244465548,0.803038999193576,0.6977116318901005,0.42413249370627204,0.013048442800352226,0.800063702342398,0.7029617022815923,0.4195385317522773,0.020403838481297537,0.8020042383124442,0.6995419915762028,0.4264908177288619,0.030814351918025045,0.8023969911847221,0.6988478264348057,0.4213490675943786,0.02706923844485209
2023,28.2696,-10.1054,7,2915,365,0.6739128826342187,0.8399985231118731,0.6520206852788546,-0.1466481421677658,0.6984748404578824,0.8077435144391156,0.5746128189772867,-0.0014515190560324643,0.7611607351270814,0.7188935127509689,0.536046511017259,-0.0415423334612082,0.732664287843769,0.7605717506737193,0.5574712262530435,-0.05230399955854298,0.7618736513968867,0.7178197908386241,0.5271964262896388,-0.03655484036710003,0.7533552434579267,0.7305461313609696,0.5333907906561588,-0.04291514362716117,0.7574226561708166,0.7244973809557045,0.5336977184557087,-0.06468027289800245,0.74848371211292,0.7377254381987074,0.5362512097315384,-0.052259394526220304
2023,28.2696,-10.6054,6,2915,365,0.6739128826342187,0.8399985231118731,0.6520206852788546,-0.1466481421677658,0.6984748404578824,0.8077435144391156,0.5746128189772867,-0.0014515190560324643,0.763896874200257,0.7147638345934489,0.5381239539328118,-0.04364936087455329,0.7343030757068398,0.7582369863121812,0.5564441502561006,-0.05734826377683163,0.7581759311629923,0.7233716161062733,0.5355650515347113,-0.05723756744374028,0.7579125721441786,0.7237654036236499,0.5318637564064381,-0.048499143480930325,0.7629920625988815,0.7161321099684663,0.5276291110426616,-0.05430176334438631,0.7535682415626,0.7302306197878077,0.5287014689980937,-0.051603909064800904
2023,28.2696,-11.1054,8,2915,365,0.5148948423280455,1.0222836663874832,0.8136090122642593,-0.3003177571078344,0.6308742696837895,0.8917449024804291,0.6405786875795485,-0.0021331133052199724,0.7080955295693266,0.7930012080049572,0.6378705296649826,-0.12182176949058787,0.6777267969901966,0.8332312959311744,0.660428170273432,-0.1383886543304895,0.7052849670325714,0.7968097147426555,0.6355416589179016,-0.12752246081888732,0.7020309673575771,0.8011964961483072,0.6422083182769374,-0.1292951923159322,0.6976584317275221,0.8070536510380436,0.6447816366930292,-0.12481196914074857,0.690916637962194,0.8160021248257509,0.6478958790314142,-0.1256189817179329
2023,28.2696,-11.6054,6,2915,365,0.5148948423280455,1.0222836663874832,0.8136090122642593,-0.3003177571078344,0.6308742696837895,0.8917449024804291,0.6405786875795485,-0.0021331133052199724,0.7087299074851642,0.7921390491129269,0.6331261869627992,-0.10017674698600126,0.6824577544847052,0.8270927836184134,0.6546295977571319,-0.12217932593349992,0.6999905608379094,0.8039349979949932,0.639705139363037,-0.12289709848354566,0.7014029828327636,0.8020403324655214,0.6412786622676053,-0.11819957741697713,0.6999905608379096,0.803934997994993,0.6397051393630369,-0.12289709848354538,0.7014029828327635,0.8020403324655215,0.6412786622676055,-0.1181995774169776
2023,28.2696,-9.1054,5,2915,365,0.7775509586517283,0.7540657520216253,0.5097722482272325,-0.05442600643112823,0.7878395457459255,0.7364210019117383,0.4345493726751349,-0.003653439647233541,0.836702516703409,0.6460761258914998,0.4086614214937127,0.02853812658162712,0.8080683288609456,0.7004340814562381,0.42936036285462736,0.02737231083130333,0.8319187026013616,0.6554712432770374,0.41212587585021176,0.023645202612615292,0.8227882075983867,0.6730390399910329,0.4175283870987565,0.026109110550348123,0.8318134665540673,0.6556764071179831,0.40902893628535797,0.03706393872759666,0.8214810072560278,0.6755168106737597,0.41645235429429317,0.028786291892511164
2023,28.2696,-9.6054,5,2915,365,0.7775509586517283,0.7540657520216253,0.5097722482272325,-0.05442600643112823,0.7878395457459255,0.7364210019117383,0.4345493726751349,-0.003653439647233541,0.836702516703409,0.6460761258914998,0.4086614214937127,0.02853812658162712,0.8080683288609456,0.7004340814562381,0.42936036285462736,0.02737231083130333,0.8319187026013616,0.6554712432770374,0.41212587585021176,0.023645202612615292,0.8227882075983867,0.6730390399910329,0.4175283870987565,0.026109110550348123,0.8318134665540673,0.6556764071179831,0.40902893628535797,0.03706393872759666,0.8214810072560278,0.6755168106737597,0.41645235429429317,0.028786291892511164
2023,28.7696,-10.1054,7,2915,365,0.6739128826342187,0.8399985231118731,0.6520206852788546,-0.1466481421677658,0.6984748404578824,0.8077435144391156,0.5746128189772867,-0.0014515190560324643,0.7619464871650069,0.7177100025797728,0.5371246205259838,-0.04650909361300187,0.735048643946953,0.7571724001175837,0.5577085356416414,-0.0505926860630205,0.7602593323108678,0.720248822508218,0.5328863740625864,-0.05376440384584203,0.753194406749509,0.7307842866086841,0.5324932071157602,-0.05026596391568753,0.7577904378256028,0.7239479522360327,0.5341952641857467,-0.05197646312774033,0.7454440051222325,0.74216995046079,0.5389395439306162,-0.051246232508088234
2023,28.7696,-10.6054,6,2915,365,0.6739128826342187,0.8399985231118731,0.6520206852788546,-0.1466481421677658,0.6984748404578824,0.8077435144391156,0.5746128189772867,-0.0014515190560324643,0.7622752164222975,0.7172142867644902,0.5388516080239681,-0.050547512649105855,0.7345733935128358,0.7578511762053253,0.5545215618841657,-0.04658809158450341,0.7583352688140677,0.7231332623989514,0.5377230245313037,-0.06237779497126972,0.7574361856679181,0.724477176632951,0.5325941125902273,-0.05122741410220791,0.7636797755980066,0.7150923744514585,0.5279802000729346,-0.05455180848377626,0.7564093747350793,0.7260089704143512,0.5277864532370364,-0.04932393565836365
2023,28.7696,-8.6054,4,2915,365,0.7726863259389234,0.7840308149408425,0.5073795161213833,-0.04014064292750153,0.7727636845215247,0.7838973942967365,0.4648072644736689,-0.004721002899058933,0.8264412127845507,0.6850837318743409,0.4160409268553775,0.015909029735078798,0.796822210913104,0.7412393499564892,0.447009602030645,0.029781353565890786,0.8255820212843029,0.6867773696539691,0.4169487904619867,0.024726358602386048,0.8216111762696195,0.6945510502457125,0.41717759954506384,0.03830872769581383,0.8266305366712009,0.6847099734861025,0.41245651107691944,0.04231274980167813,0.8143383340237014,0.7085678987852334,0.4236164227193268,0.0516452917591146
2023,28.7696,-9.1054,5,2915,365,0.7775509586517283,0.7540657520216253,0.5097722482272325,-0.05442600643112823,0.7878395457459255,0.7364210019117383,0.4345493726751349,-0.003653439647233541,0.8351210947793879,0.649196985983575,0.4092586029842339,0.02885039043559698,0.8082260521862749,0.7001462251130381,0.43179975603778975,0.025244245939561694,0.8321421181551826,0.6550354685397172,0.41195831604374256,0.025637762725834852,0.8194110027707996,0.6794219767297799,0.4182586200409753,0.027658866439874957,0.827138954810079,0.66472576822457,0.4153157079794996,0.031429928309098555,0.8078048548071803,0.7009146767515833,0.43154559015983446,0.02992446881404743
2023,28.7696,-9.6054,5,2915,365,0.7775509586517283,0.7540657520216253,0.5097722482272325,-0.05442600643112823,0.7878395457459255,0.7364210019117383,0.4345493726751349,-0.003653439647233541,0.8351210947793879,0.649196985983575,0.4092586029842339,0.02885039043559698,0.8082260521862749,0.7001462251130381,0.43179975603778975,0.025244245939561694,0.8321421181551826,0.6550354685397172,0.41195831604374256,0.025637762725834852,0.8194110027707996,0.6794219767297799,0.4182586200409753,0.027658866439874957,0.827138954810079,0.66472576822457,0.4153157079794996,0.031429928309098555,0.8078048548071803,0.7009146767515833,0.43154559015983446,0.02992446881404743
2023,29.2696,-10.1054,8,2915,365,0.5878934905237067,1.027264911138096,0.8025041404888239,-0.15113790477896435,0.6712304179071424,0.9175368840437329,0.6302475581867192,-0.0013258296749508642,0.7213735355060671,0.8446735574095622,0.6284107877571431,-0.06703444859968705,0.7164421662108793,0.85211564996496,0.6334218844124394,-0.05748810509922145,0.7215454776352069,0.8444128905281505,0.6330269175270558,-0.06508006229498584,0.7207611298769783,0.8456013208838267,0.6247578721378656,-0.047278084987694785,0.7242808049650419,0.840255217005809,0.6297421520148826,-0.06345411222915491,0.722292342239118,0.8432796973073127,0.622609068167997,-0.04707762256123401
2023,29.2696,-8.1054,2,2915,365,0.8028713005242962,0.7583592220596501,0.519160485476212,-0.05998507468293182,0.8243855777864294,0.7157809464399046,0.4503926782114786,-0.00545298894014558,0.848443253019353,0.6649479960404319,0.43829767188745583,0.012631649395714895,0.8320945577684548,0.6998942579252576,0.44391945601750965,0.021127183444602404,0.8372929904079848,0.6889745433533452,0.44595192559237834,0.06951488601719251,0.8329393986959007,0.6981312269428839,0.44128063445188254,0.06704548216567006,0.8435844602406205,0.6755227706155955,0.43824173528166094,0.06599439378917317,0.8392861765432922,0.6847415170229882,0.43303945824241863,0.034578477757811706
2023,29.2696,-8.6054,5,2915,365,0.8028713005242962,0.7583592220596501,0.519160485476212,-0.05998507468293182,0.8243855777864294,0.7157809464399046,0.4503926782114786,-0.00545298894014558,0.8541662342397788,0.652272530496317,0.4292556590016238,0.014911857273963866,0.8339171401455543,0.6960852822295084,0.44132270956191794,0.024120543681000438,0.8485684016877798,0.6646733974352582,0.4346438529459587,0.031010214966182986,0.8304919531559848,0.703226460831671,0.4437641972190646,0.031278123834624964,0.8489225193140486,0.6638957845322296,0.43097146357251565,0.04294219160314105,0.8384827581062364,0.6864509161345493,0.4302092882490976,0.03687816493232233
2023,29.2696,-9.1054,6,2915,365,0.7644850510103105,0.7715986967499311,0.5432913808024644,-0.058515128013882534,0.7825216113120883,0.7414643921679057,0.4763964942649144,-0.0024820075254351915,0.8234095614911283,0.6681374860286706,0.4444675500682892,0.008958283999744326,0.8080055590201526,0.6966691400838546,0.4626962776732853,0.011984071919610217,0.8187580001749492,0.6768799795383558,0.4531337692040844,0.01070648283549146,0.8029015279903953,0.7058686191626604,0.46646148745711125,0.010978334384855057,0.827206117760602,0.6609162457801386,0.4411704608423461,0.015256248106488162,0.805007692865702,0.7020870864128462,0.4571655357362835,0.01353738894362801
2023,29.2696,-9.6054,6,2915,365,0.7644850510103105,0.7715986967499311,0.5432913808024644,-0.058515128013882534,0.7825216113120883,0.7414643921679057,0.4763964942649144,-0.0024820075254351915,0.8234095614911283,0.6681374860286706,0.4444675500682892,0.008958283999744326,0.8080055590201526,0.6966691400838546,0.4626962776732853,0.011984071919610217,0.8187580001749492,0.6768799795383558,0.4531337692040844,0.01070648283549146,0.8029015279903953,0.7058686191626604,0.46646148745711125,0.010978334384855057,0.827206117760602,0.6609162457801386,0.4411704608423461,0.015256248106488162,0.805007692865702,0.7020870864128462,0.4571655357362835,0.01353738894362801
2023,29.7696,-5.6054,4,2915,365,0.8198077879857864,0.7093168369884827,0.46886195852501916,-0.0555328508255738,0.762736922472865,0.8139305322901375,0.45877835078170137,-0.005537762077817957,0.8470335848829428,0.6535371875775254,0.4114259469165684,-0.02816923467767549,0.8351631491570743,0.6784212064808506,0.41778916836105473,0.0002906164343387622,0.841241211230626,0.6657959497536893,0.418782040790469,-0.024596288070962837,0.838722829931536,0.6710559131392057,0.41326202988005034,-0.006084112018680054,0.8421477492930568,0.6638923277143892,0.4170082883842838,-0.02133087191605979,0.837543671425423,0.6735046174775556,0.41301143019020914,-0.008748597022796723
2023,29.7696,-6.1054,3,2915,365,0.8067316030984529,0.7282435246834471,0.49378767987612376,-0.07902065032251074,0.7838839951054405,0.7700867921837387,0.45544485564898424,-0.006402568592317861,0.844539638713287,0.6531396450216538,0.41868056495787487,-0.02865937797663539,0.826242939820856,0.6905059728728322,0.4267012815557627,0.002038739456472931,0.8423692047653468,0.6576831916963225,0.42263410317346056,-0.019829115763734553,0.8381065130840178,0.6665164892807552,0.4165569962510384,-0.00567026191862323,0.8423692047653468,0.6576831916963225,0.42263410317346045,-0.019829115763734514,0.838106513084018,0.6665164892807549,0.4165569962510385,-0.00567026191862356
2023,29.7696,-6.6054,3,2915,365,0.8067316030984529,0.7282435246834471,0.49378767987612376,-0.07902065032251074,0.7838839951054405,0.7700867921837387,0.45544485564898424,-0.006402568592317861,0.8454980094960863,0.6511233186877257,0.4180049644649137,-0.029609531066117474,0.8283287531287481,0.6863489763324764,0.42416059325364336,-0.0012734002817165239,0.8423397995393586,0.6577445325689059,0.42182855191570656,-0.01812231298751007,0.8373076969832666,0.6681588312790172,0.41514235255351073,0.0006185495936287119,0.844919417765693,0.6523413694024197,0.4127058278756922,0.00027431765153612296,0.8380291821940108,0.6666756561526875,0.41985083024805064,-0.01113792795489461
2023,29.7696,-7.1054,4,2915,365,0.8076933818496598,0.7413555655181364,0.4928943406741337,-0.07317591645207129,0.808377506034272,0.7400357171713257,0.44440465202106394,-0.005901422926572278,0.8476299669492762,0.6599016554515477,0.4173629239526926,-0.00854921178988726,0.8296125242511272,0.6978278074383761,0.4275190570251181,0.012812111004910318,0.844349910257168,0.6669666592657414,0.4237392902216608,-0.0016137910079624667,0.8259521037528493,0.7052836662720129,0.4339284233780972,-0.001042606111742487,0.8474082370134439,0.6603816276482872,0.4178677110433158,0.01720238026088022,0.8338613766873668,0.6890722184604392,0.4213639096250545,0.03778493118271713
2023,29.7696,-7.6054,4,2915,365,0.8076933818496598,0.7413555655181364,0.4928943406741337,-0.07317591645207129,0.808377506034272,0.7400357171713257,0.44440465202106394,-0.005901422926572278,0.8513069536977664,0.6518906716727987,0.41588986587072135,-0.013854107791257791,0.8308004076820573,0.695391044075327,0.4265134126995277,0.005179206926405616,0.8445869916110058,0.6664585143054423,0.42322762320593404,-0.00012076892177971056,0.8261493430648735,0.7048839225753674,0.43284387027634386,4.652848239354096e-05,0.8481983531100942,0.6586696894137177,0.41529722412439063,0.026758682752184314,0.8313224080116072,0.6943175345242633,0.42836306883596686,0.031709885342991906
2023,29.7696,-8.1054,3,2915,365,0.8028713005242962,0.7583592220596501,0.519160485476212,-0.05998507468293182,0.8243855777864294,0.7157809464399046,0.4503926782114786,-0.00545298894014558,0.8500715853500512,0.661366234204401,0.4350943452909215,0.009409148595752648,0.8366789255793243,0.690273432106176,0.43882297474741705,0.018753069536488046,0.843348843865282,0.6760313656465108,0.4374707826949531,0.04737623371548078,0.8337758306874887,0.6963813468570295,0.43796994787223087,0.04801088551859379,0.844707409176686,0.673093523512556,0.4350112611746793,0.060994700218786564,0.8337584916883576,0.6964176660059156,0.4392720303952853,0.036057499000597903
2023,29.7696,-8.6054,3,2915,365,0.8028713005242962,0.7583592220596501,0.519160485476212,-0.05998507468293182,0.8243855777864294,0.7157809464399046,0.4503926782114786,-0.00545298894014558,0.8584006257668293,0.6427331664902924,0.4228863052469244,0.009546088204511086,0.8407269074736307,0.6816653995522322,0.42881333337859157,0.02371022645678418,0.8460277670907275,0.6702259639606691,0.4330084610712274,0.04072111994803874,0.8449579453416471,0.6725503477589754,0.4270710770144998,0.04160795500124907,0.8470368365179339,0.6680261639817933,0.43316604475685083,0.04220357687947061,0.8408819517654651,0.6813335353919064,0.43330844667091817,0.02340779932314418
2023,29.7696,-9.1054,6,2915,365,0.7644850510103105,0.7715986967499311,0.5432913808024644,-0.058515128013882534,0.7825216113120883,0.7414643921679057,0.4763964942649144,-0.0024820075254351915,0.8203016124945833,0.6739913706901476,0.4502635512598195,-0.002446034118381544,0.808678251605391,0.6954476063212852,0.45661257488739837,0.01126100285976202,0.8170271192906734,0.6801044381977319,0.4518372707242598,0.01994183023578448,0.8101616887977872,0.692746239628291,0.4623731546855605,0.012053475443311432,0.8232736276563832,0.6683945923024311,0.4454553469281121,0.006007742155928322,0.8140264241375883,0.6856585043009307,0.44867191024664005,0.02081609737940792
2023,29.7696,-9.6054,6,2915,365,0.7644850510103105,0.7715986967499311,0.5432913808024644,-0.058515128013882534,0.7825216113120883,0.7414643921679057,0.4763964942649144,-0.0024820075254351915,0.8203016124945833,0.6739913706901476,0.4502635512598195,-0.002446034118381544,0.808678251605391,0.6954476063212852,0.45661257488739837,0.01126100285976202,0.8170271192906734,0.6801044381977319,0.4518372707242598,0.01994183023578448,0.8101616887977872,0.692746239628291,0.4623731546855605,0.012053475443311432,0.8232736276563832,0.6683945923024311,0.4454553469281121,0.006007742155928322,0.8140264241375883,0.6856585043009307,0.44867191024664005,0.02081609737940792
2023,30.2696,-5.1054,3,2915,365,0.8089829017298152,0.7401929809164787,0.4819745802788505,-0.019791668375731503,0.7529688033155696,0.8417531336731747,0.49911716885669866,-0.006005415043779471,0.8333270218893062,0.6914192050739922,0.4406959715529012,0.024051483476121672,0.8179904698000641,0.7225300349974639,0.4510885046443177,0.03255601712216541,0.8244665256235272,0.7095594938458767,0.4468249613022062,0.07421425009709466,0.8232158295147025,0.7120828533474578,0.442689294637734,0.06613087756532264,0.8298448138225643,0.6986045920643797,0.4378496347724131,0.06553905151168317,0.8356627548149421,0.6865573834016498,0.4322571164891078,0.027929564650096488
2023,30.2696,-5.6054,2,2915,365,0.8089829017298152,0.7401929809164787,0.4819745802788505,-0.019791668375731503,0.7529688033155696,0.8417531336731747,0.49911716885669866,-0.006005415043779471,0.8331108586993465,0.6918674209589872,0.4401238186231303,0.015316698455357452,0.8169647552919839,0.7245630833215942,0.44987041933804056,0.0325848963919181,0.8248682698939765,0.7087470426752509,0.4436566172576958,0.06868831293918372,0.8290693326914582,0.700194725263243,0.446509613658265,0.0487769102839771,0.8283338367220423,0.7016995389054425,0.4389501121500872,0.06514998756389904,0.834664508663089,0.6886394301130382,0.4305423983899417,0.02946014663138162
2023,30.2696,-6.1054,3,2915,365,0.7730462072976967,0.8149616819227641,0.5497910189682856,-0.0391005061881047,0.7261315223809759,0.8952400254023315,0.5420962809161282,-0.006328101011357372,0.8013040359647622,0.76254063178481,0.4909464833651067,-0.00028260427973499607,0.7833962943078698,0.7961619320175499,0.4984742519224237,0.01826946631830456,0.7951716949157632,0.7742183361933301,0.49941880901204727,0.03922896704663171,0.7998282280237713,0.7653672659324064,0.4902181414128504,0.031768954454372104,0.7996059685007924,0.7657920585186657,0.4911201064087031,0.05421426236238129,0.8053896842795962,0.754660111925267,0.48441899494319696,0.0178841570450307
2023,30.2696,-6.6054,4,2915,365,0.7730462072976967,0.8149616819227641,0.5497910189682856,-0.0391005061881047,0.7261315223809759,0.8952400254023315,0.5420962809161282,-0.006328101011357372,0.8037720082382326,0.7577901339296137,0.491162814907515,0.00028151826771636847,0.7888764270685847,0.786025853022,0.4945720046476936,0.01684684557325145,0.7997735294616775,0.7654718301997473,0.49348187491013973,0.03505243546642518,0.8023300485971727,0.760569306055581,0.48216753768972176,0.04176555202431285,0.8022820493075993,0.7606616432322183,0.48738585706949983,0.05625058007330608,0.8052681999874394,0.75489562114294,0.48454038787902215,0.025249984822383262
2023,30.2696,-7.1054,4,2915,365,0.7665555814872992,0.836024397225995,0.6089218564916589,-0.05724706359851434,0.7521074608501799,0.8615072408969637,0.5672854017139609,-0.0061420335383647025,0.8053325543832861,0.7634381688346062,0.5408345715438699,-0.03464190782044004,0.7978096485248033,0.7780498398187018,0.5379420420521076,-0.013656074739675308,0.8039666059437477,0.7661119447304764,0.5470429653174698,-0.0019700742144298823,0.7952147825417922,0.7830265823852124,0.5414719769317516,0.0016326051169257086,0.8103272743119198,0.7535804908735515,0.533621921923375,0.008619037274162807,0.8110812037726172,0.7520812973632411,0.5253239816118447,-0.003956396402286283
2023,30.2696,-7.6054,7,2915,365,0.7665555814872992,0.836024397225995,0.6089218564916589,-0.05724706359851434,0.7521074608501799,0.8615072408969637,0.5672854017139609,-0.0061420335383647025,0.8092273700912491,0.7557623232659461,0.5337514858685285,-0.02525111842287017,0.8045045168134041,0.765060126413982,0.5282372500110636,-0.004247438564116223,0.8108172723425101,0.7526064664205581,0.5391737741965009,-0.027931234072555676,0.803976698137113,0.7660922239848427,0.5300495509564219,-0.0056794674492013425,0.811362293187008,0.7515215839050774,0.5357475789189564,-0.012402108783025377,0.8076067773115346,0.7589655942356603,0.5248844426419212,0.005452081846045721
2023,30.2696,-8.1054,4,2915,365,0.7212855362629913,0.9088388936969799,0.6785220240866215,-0.03802713799185096,0.7356453821878738,0.885116835851824,0.5857237860169405,-0.005464390065084208,0.789658884647336,0.7895310917672183,0.5407950718851987,0.057794071656791124,0.787670751093466,0.7932536200851567,0.5456795955868412,0.05457386249954912,0.7893735755323747,0.7900663748523961,0.5419646707683266,0.10336080558159678,0.7940874198457687,0.78117545893323,0.5327720340069148,0.08005458998297126,0.7840364331502832,0.8000136495000878,0.5390169266547674,0.15169316743488814,0.7896440819937537,0.7895588727115479,0.5268844331522898,0.11449028229632953
2023,30.2696,-8.6054,9,2915,365,0.7212855362629913,0.9088388936969799,0.6785220240866215,-0.03802713799185096,0.7356453821878738,0.885116835851824,0.5857237860169405,-0.005464390065084208,0.7930487349316817,0.7831432224040993,0.5336756131044542,0.05077192589837875,0.7939062534303708,0.781519031051465,0.5326185421293149,0.05303485111662456,0.7928596930941406,0.7835008260178429,0.5461995450043566,0.0532039229717467,0.7944159153133985,0.780552099681206,0.5393162546350989,0.05484467043702483,0.790167772302638,0.7885754394866892,0.5342574776339585,0.11234758595311771,0.7906922181865692,0.7875893567403992,0.5295887831258543,0.09095671808319072
2023,30.2696,-9.1054,7,2915,365,0.8011737419504011,0.7322869296411534,0.5292804112760251,-0.04528638978119575,0.8149074581669662,0.7065434471011424,0.46202852782190246,-0.0018601947359777817,0.8500713354388655,0.6358969609380045,0.43282485028919804,-0.01960618257046063,0.8504898468882444,0.6350088181055261,0.4254560975412484,-0.002280364601005636,0.8406208430205246,0.6556320503398397,0.43741570657534273,0.01740371747676683,0.8497843992060129,0.6365051657222668,0.4336958200107784,-0.006313320865303734,0.851347699194235,0.6331844355512684,0.4255055016323324,-0.003167119374011117,0.8532379942612748,0.6291456994439993,0.42326599493164163,-0.024073268472617385
2023,30.2696,-9.6054,7,2915,365,0.8011737419504011,0.7322869296411534,0.5292804112760251,-0.04528638978119575,0.8149074581669662,0.7065434471011424,0.46202852782190246,-0.0018601947359777817,0.8500713354388655,0.6358969609380045,0.43282485028919804,-0.01960618257046063,0.8504898468882444,0.6350088181055261,0.4254560975412484,-0.002280364601005636,0.8406208430205246,0.6556320503398397,0.43741570657534273,0.01740371747676683,0.8497843992060129,0.6365051657222668,0.4336958200107784,-0.006313320865303734,0.851347699194235,0.6331844355512684,0.4255055016323324,-0.003167119374011117,0.8532379942612748,0.6291456994439993,0.42326599493164163,-0.024073268472617385
2023,30.7696,-4.1054,4,2915,365,0.8261620870668567,0.7040984572037408,0.4793672297348894,-0.05057400697762899,0.7694966094384773,0.8107739791261015,0.46319818597447343,-0.005434631509483803,0.8502918030254245,0.6534072260318594,0.41585590684911333,0.010257583127879137,0.8415676964793556,0.6721760146173096,0.42007677241490454,0.010072363772338095,0.8461533579429135,0.6623768627155011,0.4158792000523026,0.024864962332678937,0.8500142280049562,0.6540126889791894,0.4140025269895427,0.0037368171951782155,0.8461533579429135,0.6623768627155011,0.4158792000523027,0.02486496233267907,0.8500142280049561,0.6540126889791897,0.41400252698954254,0.0037368171951791137
2023,30.7696,-4.6054,4,2915,365,0.8261620870668567,0.7040984572037408,0.4793672297348894,-0.05057400697762899,0.7694966094384773,0.8107739791261015,0.46319818597447343,-0.005434631509483803,0.8502918030254245,0.6534072260318594,0.41585590684911333,0.010257583127879137,0.8415676964793556,0.6721760146173096,0.42007677241490454,0.010072363772338095,0.8461533579429135,0.6623768627155011,0.4158792000523026,0.024864962332678937,0.8500142280049562,0.6540126889791894,0.4140025269895427,0.0037368171951782155,0.8461533579429135,0.6623768627155011,0.4158792000523027,0.02486496233267907,0.8500142280049561,0.6540126889791897,0.41400252698954254,0.0037368171951791137
2023,30.7696,-5.1054,2,2915,365,0.8089829017298152,0.7401929809164787,0.4819745802788505,-0.019791668375731503,0.7529688033155696,0.8417531336731747,0.49911716885669866,-0.006005415043779471,0.8341130970955357,0.6897868173636146,0.43960315965565666,0.016573550787088994,0.8209755171270365,0.7165806138092271,0.449139429945311,0.027820274788908653,0.8247166316558996,0.7090538114681514,0.44423571672328377,0.06769306790850955,0.8255994971602124,0.7072658797187353,0.4414158061804229,0.060851580792875073,0.8283338367220423,0.7016995389054425,0.4389501121500872,0.06514998756389904,0.834664508663089,0.6886394301130382,0.4305423983899417,0.02946014663138162
2023,30.7696,-5.6054,2,2915,365,0.8089829017298152,0.7401929809164787,0.4819745802788505,-0.019791668375731503,0.7529688033155696,0.8417531336731747,0.49911716885669866,-0.006005415043779471,0.8337250227614466,0.690593186585446,0.442413213531985,0.002720467142524789,0.8216953170070761,0.7151385927583068,0.44644465797158933,0.02802625309432511,0.8248653600702356,0.7087529305871771,0.4439775042942365,0.06781550301016544,0.8256011216781411,0.7072625856663706,0.4411731807316539,0.06532002831715539,0.8283338367220423,0.7016995389054425,0.4389501121500872,0.06514998756389904,0.834664508663089,0.6886394301130382,0.4305423983899417,0.02946014663138162
2023,30.7696,-6.1054,2,2915,365,0.7730462072976967,0.8149616819227641,0.5497910189682856,-0.0391005061881047,0.7261315223809759,0.8952400254023315,0.5420962809161282,-0.006328101011357372,0.8016102434620858,0.761952835026616,0.49795688045973524,-0.007777354021618954,0.7879057679312172,0.787830692312289,0.49652564516379527,0.01841300331014484,0.7910383802982753,0.7819909554466438,0.5030278169451212,0.060310500458603214,0.7926509499540068,0.7789677755138223,0.4941987474643461,0.048695239617664844,0.7982291739653551,0.768418218506463,0.4931522769990944,0.06184975245877881,0.8018749741229462,0.7614442915990927,0.48706652348947893,0.017089754734449486
2023,30.7696,-6.6054,3,2915,365,0.7730462072976967,0.8149616819227641,0.5497910189682856,-0.0391005061881047,0.7261315223809759,0.8952400254023315,0.5420962809161282,-0.006328101011357372,0.8046898589293361,0.7560157860408482,0.4957123637658761,-0.0032676993207477766,0.7909195848847924,0.7822132061635878,0.4930722321342122,0.01592267849953904,0.7933097085991938,0.7777293806852119,0.49613365504921125,0.06541488591602809,0.7961489499137376,0.7723691939072419,0.4853711864834739,0.05769091666812851,0.7970135534778136,0.7707295095661004,0.4983118021283734,0.03585772340399746,0.8023548450525306,0.7605216002353575,0.48459643654908857,0.011568685907622256
2023,30.7696,-7.1054,4,2915,365,0.7665555814872992,0.836024397225995,0.6089218564916589,-0.05724706359851434,0.7521074608501799,0.8615072408969637,0.5672854017139609,-0.0061420335383647025,0.8072236037362217,0.7597210026173692,0.5417412035032417,-0.03846398390720722,0.8001070242041015,0.7736169395044912,0.5360764526370316,-0.01747506986494554,0.805722909073211,0.7626723468584814,0.5374852455202813,0.006034102958761702,0.8046613037612391,0.7647532766084971,0.5355220525999677,-0.00218450645020956,0.804441394093346,0.7651836299798296,0.548502657019517,-0.016104266906436404,0.8085169288782637,0.7571682528033167,0.5292277627151774,-0.01711601178163669
2023,30.7696,-7.6054,8,2915,365,0.7665555814872992,0.836024397225995,0.6089218564916589,-0.05724706359851434,0.7521074608501799,0.8615072408969637,0.5672854017139609,-0.0061420335383647025,0.8094326295662082,0.7553556372359453,0.5405061624611407,-0.02789076276433234,0.8055819744208285,0.7629489298437512,0.5322710330815875,-0.009185603468011363,0.8086493093683877,0.7569064760470513,0.5366434732943138,-0.005889387887192501,0.8071843894324819,0.7597982693777907,0.533227896039294,-0.005357719945828935,0.8107206101816942,0.7527987125043167,0.5353216446288726,-0.013572316881580308,0.8088365710896759,0.7565360193119226,0.5317555914746042,-0.005636486826094918
2023,30.7696,-8.1054,8,2915,365,0.7212855362629913,0.9088388936969799,0.6785220240866215,-0.03802713799185096,0.7356453821878738,0.885116835851824,0.5857237860169405,-0.005464390065084208,0.8007831936407006,0.7683695360050798,0.5316197278210563,0.05202038326269544,0.7958982687550867,0.7777329433092329,0.5341945083140638,0.04772710572779917,0.7995860499928017,0.7706747404763773,0.5243245023404355,0.096830369240568,0.7946014626849979,0.7801997813488757,0.5351311291717287,0.06936460012913631,0.7995147578479047,0.7708118022178033,0.5237670474996042,0.10036817102012835,0.7933534207465249,0.7825665153219442,0.5335574455243837,0.06948509956909128
2023,30.7696,-8.6054,7,2915,365,0.7212855362629913,0.9088388936969799,0.6785220240866215,-0.03802713799185096,0.7356453821878738,0.885116835851824,0.5857237860169405,-0.005464390065084208,0.7988759779784458,0.7720387939902512,0.5328304117286474,0.04700137515628462,0.7981904418170016,0.7733534312812929,0.5282632734000439,0.044067899461254875,0.79953424031691,0.7707743488827474,0.5313209383712172,0.07300654404104989,0.7930674063761525,0.7831078934463043,0.5414479216020334,0.055442442616050684,0.7992516473503771,0.7713174309072446,0.5199280595017028,0.09930417005370666,0.7929576281106727,0.7833155862658682,0.5262686243338789,0.08649398113387297
2023,30.7696,-9.1054,10,2915,365,0.8011737419504011,0.7322869296411534,0.5292804112760251,-0.04528638978119575,0.8149074581669662,0.7065434471011424,0.46202852782190246,-0.0018601947359777817,0.8558216894962343,0.6235831609734651,0.4204172184052222,-0.02890211876907504,0.8593087765323077,0.6159960343023826,0.4118499467260873,-0.010101229467662048,0.8495437360506707,0.6370148399352233,0.42394739485841537,0.0014548882086327243,0.8541902878899709,0.6271012108206715,0.41988284952386534,-0.011821708121966923,0.8561004643884992,0.6229800070015494,0.4182875472538464,-0.026758983631955044,0.8589614039733323,0.6167560255612804,0.415428794475911,-0.03517661372142222
2023,30.7696,-9.6054,10,2915,365,0.8011737419504011,0.7322869296411534,0.5292804112760251,-0.04528638978119575,0.8149074581669662,0.7065434471011424,0.46202852782190246,-0.0018601947359777817,0.8558216894962343,0.6235831609734651,0.4204172184052222,-0.02890211876907504,0.8593087765323077,0.6159960343023826,0.4118499467260873,-0.010101229467662048,0.8495437360506707,0.6370148399352233,0.42394739485841537,0.0014548882086327243,0.8541902878899709,0.6271012108206715,0.41988284952386534,-0.011821708121966923,0.8561004643884992,0.6229800070015494,0.4182875472538464,-0.026758983631955044,0.8589614039733323,0.6167560255612804,0.415428794475911,-0.03517661372142222
2023,31.2696,-4.1054,5,2915,365,0.794202159765925,0.7769372198963096,0.5396324153440256,-0.06623663347083443,0.739638207531342,0.8738847231354012,0.5244826579488306,-0.005334842642595903,0.8222310134770965,0.7220936387417398,0.49050803680883887,-0.03330131606698573,0.8125878411757556,0.7414201801206524,0.49018150207447486,-0.019113937131570714,0.8182152150568549,0.7302041321473545,0.4808622811593853,0.003211437451789413,0.8109210758303722,0.7447098226065865,0.48425764226901535,0.0033936940444286804,0.8228494579804002,0.7208364905535964,0.47338064461098806,0.009307810592286173,0.8239137250510511,0.7186679444516623,0.4756932321009844,0.0004230947899139639
2023,31.2696,-4.6054,5,2915,365,0.794202159765925,0.7769372198963096,0.5396324153440256,-0.06623663347083443,0.739638207531342,0.8738847231354012,0.5244826579488306,-0.005334842642595903,0.8222310134770965,0.7220936387417398,0.49050803680883887,-0.03330131606698573,0.8125878411757556,0.7414201801206524,0.49018150207447486,-0.019113937131570714,0.8182152150568549,0.7302041321473545,0.4808622811593853,0.003211437451789413,0.8109210758303722,0.7447098226065865,0.48425764226901535,0.0033936940444286804,0.8228494579804002,0.7208364905535964,0.47338064461098806,0.009307810592286173,0.8239137250510511,0.7186679444516623,0.4756932321009844,0.0004230947899139639
2023,31.2696,-5.1054,4,2915,365,0.7219101297497988,0.8973942674420735,0.6587002387862008,-0.046848550252402,0.6900364079534276,0.9474276360509694,0.604935088702119,-0.006664919795468692,0.7833389435434206,0.7921020448308072,0.5500671087072211,-0.004019570578897117,0.772358211744005,0.8119264703955625,0.5652398711148862,0.011654342150738923,0.7688500074272044,0.8181588794055648,0.5507465652563753,0.10216742578130872,0.7603545882015769,0.8330580500644034,0.5587273371898416,0.07245093576320846,0.7761421444075627,0.8051501455869186,0.5437722157268163,0.08521663811584479,0.7825482630478984,0.7935460728555991,0.5332292355860974,0.05961690155905835
2023,31.2696,-5.6054,4,2915,365,0.7219101297497988,0.8973942674420735,0.6587002387862008,-0.046848550252402,0.6900364079534276,0.9474276360509694,0.604935088702119,-0.006664919795468692,0.7825484673561031,0.7935457000648046,0.5506143987176844,-0.009102376383825122,0.77398432158393,0.8090213625979328,0.5614777410617376,0.016398121509919275,0.7702042572613259,0.8157586648372346,0.5494315415829512,0.10121021166070768,0.7643691077603318,0.8260509216146537,0.5526923575505158,0.07957099562009123,0.7774652114037455,0.8027672802121073,0.5422221616409177,0.08160124539336386,0.7856960621455872,0.7877815074207416,0.5300572141550866,0.06119628315907624
2023,31.2696,-6.1054,7,2915,365,0.7128040192048792,0.9054795134124386,0.6964571227481047,-0.03869129982738997,0.6653780237575906,0.9773872734298281,0.6408228821202931,-0.0071944959089905395,0.767047603197279,0.8154982651399295,0.5971077630011871,-0.038195414323853635,0.7700288887141399,0.8102631570127549,0.5914438367319848,-0.01993500178729417,0.7657373488635599,0.8177884580868187,0.5916780779813967,-0.010077830048928777,0.7643372385601769,0.820228642899661,0.5906517023726275,-0.005718942910099546,0.7593448742283353,0.8288711200938056,0.6060836490011638,-0.029688941312817678,0.7576875748499453,0.8317202816930869,0.6025884055619176,-0.016871824621965313
2023,31.2696,-6.6054,7,2915,365,0.7128040192048792,0.9054795134124386,0.6964571227481047,-0.03869129982738997,0.6653780237575906,0.9773872734298281,0.6408228821202931,-0.0071944959089905395,0.7713534262722477,0.8079263987690739,0.5862582494194232,-0.025685144740804525,0.7710759538530816,0.808416476791606,0.5865987857065995,-0.011692790314257597,0.7616546202236558,0.8248838840073978,0.5983010296807909,-0.028188545788888797,0.7695154140580404,0.8111672219098255,0.5827036045919228,-0.014054281988794128,0.7638174843390639,0.8211326518635226,0.5931658988433302,-0.03764630542701934,0.7655199915384658,0.818167756918169,0.5856586063253751,-0.01920929174284997
2023,31.2696,-7.1054,7,2915,365,0.7396448194564922,0.8903323035292546,0.6960396074665899,-0.08225630508079225,0.7237797505109694,0.917057940711362,0.6002468795074857,-0.005242257185952036,0.8080689640394281,0.7644368651709306,0.5822429004771371,-0.07621386089340206,0.8060378074141308,0.7684711388812469,0.5803565260919166,-0.05341443150541832,0.8027774204377746,0.7749029898361298,0.5851176880670574,-0.07348227530483806,0.8007192501587586,0.7789358518930954,0.5843616421521275,-0.06422018476545155,0.8008480347666351,0.7786841186960172,0.5923438660769107,-0.08817557360599472,0.8041020504027586,0.7722963180518974,0.5824378352504996,-0.0686353754393573
2023,31.2696,-7.6054,5,2915,365,0.7396448194564922,0.8903323035292546,0.6960396074665899,-0.08225630508079225,0.7237797505109694,0.917057940711362,0.6002468795074857,-0.005242257185952036,0.8123836133764963,0.7557956758751181,0.5687801546408057,-0.06524822231956062,0.8124390730109471,0.7556839605534122,0.565873440252153,-0.04658789498663559,0.801355973212996,0.7776904651321881,0.590446855342204,-0.09000251753115887,0.800407894738545,0.7795441174763087,0.5824731167395344,-0.07599196509358197,0.8027236381086754,0.775008640129433,0.5880864788220419,-0.08607505716919102,0.811498015748878,0.7575773509056166,0.5704164254265984,-0.06353154173711548
2023,31.2696,-8.1054,4,2915,365,0.7882939073617119,0.8329425630225312,0.6364344639726187,-0.052328953312716045,0.7859937517472781,0.8374552380770834,0.536793772325319,-0.003824747814870522,0.8446010954345775,0.7136287745761809,0.51180294807673,-0.026738924467762812,0.8449926621955415,0.7127291235896439,0.5128855691484152,-0.02651472154378297,0.8386058235729398,0.7272643623027222,0.5258624798920843,-0.03788502888220885,0.838120433487438,0.7283571585289911,0.5197532010070398,-0.022187429753377234,0.8390910782976742,0.7261702269913889,0.5251371190167616,-0.044502280477735426,0.8397241049116797,0.7247404178959918,0.5210153411383183,-0.04009634040471962
2023,31.2696,-8.6054,8,2915,365,0.7882939073617119,0.8329425630225312,0.6364344639726187,-0.052328953312716045,0.7859937517472781,0.8374552380770834,0.536793772325319,-0.003824747814870522,0.8494932834097333,0.7023059006542786,0.502841683354924,-0.03069907865406154,0.8504313005184712,0.7001139566247061,0.5017333976846158,-0.0291922901139075,0.8468979867908852,0.7083352051741357,0.5018071346064752,-0.02562045046301459,0.8464043840714279,0.709476126909236,0.5071606854103151,-0.027985223695171098,0.8454537410505206,0.7116683058395752,0.5044725675640117,-0.036800330968567406,0.8455252376012901,0.7115036699705655,0.5076568609179027,-0.03630908106245213
2023,31.2696,-9.1054,10,2915,365,0.8283255512984958,0.7580438072062922,0.577009125532253,-0.07844359718943385,0.8434225603284806,0.7239458236728671,0.45046942331617057,-0.0014929652257544134,0.8825611450552311,0.6269708904621818,0.43361399255917454,-0.06807398697321493,0.8800403306863771,0.6336641005211088,0.4286616998162593,-0.04384772513021413,0.8776589678271736,0.6399227403510118,0.4359119956093065,-0.05560777406313109,0.8769319753927075,0.641821244498469,0.43516311651953776,-0.0561193294850453,0.8800255523361846,0.6337031312288443,0.43154942592056117,-0.054915282761390925,0.8786241704696083,0.637393424645728,0.43505922655042567,-0.05855652388563487
2023,31.2696,-9.6054,10,2915,365,0.8283255512984958,0.7580438072062922,0.577009125532253,-0.07844359718943385,0.8434225603284806,0.7239458236728671,0.45046942331617057,-0.0014929652257544134,0.8825611450552311,0.6269708904621818,0.43361399255917454,-0.06807398697321493,0.8800403306863771,0.6336641005211088,0.4286616998162593,-0.04384772513021413,0.8776589678271736,0.6399227403510118,0.4359119956093065,-0.05560777406313109,0.8769319753927075,0.641821244498469,0.43516311651953776,-0.0561193294850453,0.8800255523361846,0.6337031312288443,0.43154942592056117,-0.054915282761390925,0.8786241704696083,0.637393424645728,0.43505922655042567,-0.05855652388563487
2023,31.7696,-3.1054,3,2915,365,0.828115626265207,0.7038308928250832,0.49876050511450837,-0.04131620425562515,0.7922499290608047,0.7737857320858745,0.47436334340981706,-0.004111652168280434,0.8582787656291538,0.6390981939195883,0.4422447060445103,-0.00871575354206804,0.8516942605496183,0.6537761997937084,0.4404230647314049,-0.00709343856796978,0.8576558572370274,0.6405011704964688,0.4294471543189351,0.0190088456339705,0.8625616179950192,0.629367255687814,0.4254453500438012,0.005876543429770737,0.8576558572370274,0.6405011704964688,0.4294471543189351,0.0190088456339705,0.8625616179950192,0.629367255687814,0.4254453500438012,0.005876543429770737
2023,31.7696,-3.6054,4,2915,365,0.828115626265207,0.7038308928250832,0.49876050511450837,-0.04131620425562515,0.7922499290608047,0.7737857320858745,0.47436334340981706,-0.004111652168280434,0.8579504836896727,0.6398379667516427,0.44326375951494784,-0.010157068972186553,0.8509229755906632,0.6554740229785169,0.4417091621594926,-0.003470012330556773,0.856739894667149,0.6425586289920491,0.43691433077691244,0.006079023858848752,0.8598804575585578,0.6354764815516722,0.4311012599466047,0.008503565846430939,0.8584252996399286,0.638767707658829,0.4294350654761739,0.016218617166301946,0.8635155177133178,0.6271793713165569,0.42619172522486015,0.004468486343428933
2023,31.7696,-4.1054,4,2915,365,0.794202159765925,0.7769372198963096,0.5396324153440256,-0.06623663347083443,0.739638207531342,0.8738847231354012,0.5244826579488306,-0.005334842642595903,0.8233041908020712,0.7199107281198341,0.4896908654293492,-0.039346840857808624,0.8160092091597954,0.7346213804792171,0.4851712082660256,-0.018836354696497404,0.8172664437827937,0.7321071932177576,0.4835354143825374,0.00735939455149788,0.8116145745504864,0.7433428544427202,0.4864197963099171,0.004676277990917737,0.8230605637582397,0.7204068613003494,0.4736124142301249,0.00634857861716089,0.8264108056915909,0.713554032151008,0.47366062224600514,-0.008102976351394845
2023,31.7696,-4.6054,4,2915,365,0.794202159765925,0.7769372198963096,0.5396324153440256,-0.06623663347083443,0.739638207531342,0.8738847231354012,0.5244826579488306,-0.005334842642595903,0.8233041908020712,0.7199107281198341,0.4896908654293492,-0.039346840857808624,0.8160092091597954,0.7346213804792171,0.4851712082660256,-0.018836354696497404,0.8172664437827937,0.7321071932177576,0.4835354143825374,0.00735939455149788,0.8116145745504864,0.7433428544427202,0.4864197963099171,0.004676277990917737,0.8230605637582397,0.7204068613003494,0.4736124142301249,0.00634857861716089,0.8264108056915909,0.713554032151008,0.47366062224600514,-0.008102976351394845
2023,31.7696,-5.1054,4,2915,365,0.7219101297497988,0.8973942674420735,0.6587002387862008,-0.046848550252402,0.6900364079534276,0.9474276360509694,0.604935088702119,-0.006664919795468692,0.7831591503393123,0.7924306341814018,0.5485607565600398,-0.01171450440124174,0.7754558226224391,0.8063834487163493,0.5583834460120639,0.011983071765742084,0.7647790623470937,0.825332020150544,0.5516829175524242,0.10605807377812303,0.7585835769171869,0.8361305884749104,0.5610152086579006,0.06968199912515328,0.776383896674993,0.8047152726342521,0.542799072569366,0.08117063217816503,0.7826036800985101,0.7934449497612311,0.5334421568529113,0.05987322388506943
2023,31.7696,-5.6054,7,2915,365,0.7219101297497988,0.8973942674420735,0.6587002387862008,-0.046848550252402,0.6900364079534276,0.9474276360509694,0.604935088702119,-0.006664919795468692,0.7799773119101457,0.7982233711887623,0.5526420335350353,0.00196733361584824,0.7748088990389654,0.8075442298109649,0.5610940719263122,0.02069080774279519,0.7826413557072516,0.7933761932689959,0.5382170643440124,0.037643198682455456,0.7768644523207173,0.8038501326746085,0.5461095088557615,0.011500715122857311,0.7749345466656825,0.8073189096873984,0.5493053387706064,0.04351478557644982,0.7727533729142504,0.8112214566672342,0.5515494651141554,0.016453971480492092
2023,31.7696,-6.1054,8,2915,365,0.7128040192048792,0.9054795134124386,0.6964571227481047,-0.03869129982738997,0.6653780237575906,0.9773872734298281,0.6408228821202931,-0.0071944959089905395,0.7761230600182365,0.7994551986910643,0.5770376700467392,-0.021803511876711017,0.7769635660288176,0.7979530815847091,0.5785786978366971,-0.010411848637942858,0.7728994609851283,0.8051902963213073,0.5769854473243397,-0.010519303827893556,0.775753630142119,0.8001145361283308,0.5727566737661376,-0.007996130880829726,0.773786871212931,0.8036155895929349,0.5747981669793242,-0.016903943614578604,0.777051594949126,0.797795596371893,0.5732284008799551,-0.013294970284614944
2023,31.7696,-6.6054,6,2915,365,0.7128040192048792,0.9054795134124386,0.6964571227481047,-0.03869129982738997,0.6653780237575906,0.9773872734298281,0.6408228821202931,-0.0071944959089905395,0.7769379512825616,0.7979989009572128,0.5747560046048646,-0.012544060726831265,0.7793628989992358,0.7936494528393808,0.5697174979960193,-0.0007204772218752076,0.769955239090866,0.8103928924365499,0.5820672439415642,-0.04029294771323131,0.777603696251406,0.796807168100765,0.5698515604203257,-0.018648723974754446,0.7721950347736043,0.8064381092869973,0.578698974753689,-0.023578825384541667,0.7791496046705833,0.7940329786253981,0.567161225506285,-0.011636510226183934
2023,31.7696,-7.1054,6,2915,365,0.7396448194564922,0.8903323035292546,0.6960396074665899,-0.08225630508079225,0.7237797505109694,0.917057940711362,0.6002468795074857,-0.005242257185952036,0.8150628847254398,0.7503796690371636,0.5634855593964809,-0.06781168078748641,0.8163782236874219,0.7477064228822344,0.5588523828062514,-0.04462925659432461,0.8021070288441275,0.7762188831372877,0.5903960385511723,-0.10322585070671303,0.8112584070357678,0.7580586839997077,0.5685487534758221,-0.08138024604672671,0.806734648739153,0.7670894668250449,0.5763862822122336,-0.08016662668254303,0.8158626026992813,0.7487554892338103,0.5620563131315255,-0.06992055731334962
2023,31.7696,-7.6054,4,2915,365,0.7396448194564922,0.8903323035292546,0.6960396074665899,-0.08225630508079225,0.7237797505109694,0.917057940711362,0.6002468795074857,-0.005242257185952036,0.8133120792013406,0.7539232360671235,0.5620912405800716,-0.06931284756850617,0.8178703840789943,0.744662193042463,0.5586104013667506,-0.052085881614436724,0.8038595315169275,0.77277421613924,0.5814716003049515,-0.0881813459558925,0.8034676628000573,0.7735457931112059,0.5745503469404477,-0.07252195255721652,0.8042383716746909,0.7720275588877877,0.5840158564123372,-0.09736488733202159,0.8112423257980906,0.7580909775234212,0.5652009519144137,-0.0752602573726824
2023,31.7696,-8.1054,7,2915,365,0.7882939073617119,0.8329425630225312,0.6364344639726187,-0.052328953312716045,0.7859937517472781,0.8374552380770834,0.536793772325319,-0.003824747814870522,0.8441167102532858,0.7147401152746549,0.517088857059506,-0.0423110607637245,0.8448333876372527,0.7130952045498756,0.5197641611645847,-0.04387079441697187,0.8391910749260513,0.7259445531796999,0.527176325670861,-0.049471650124974335,0.8380741785350982,0.7284612103253243,0.5236988477706657,-0.04605342896822702,0.8430213148739635,0.7172469664834167,0.5149905976117052,-0.05322071619708995,0.838448665247744,0.7276183646627924,0.5249340434831211,-0.05102974085702559
2023,31.7696,-8.6054,7,2915,365,0.7882939073617119,0.8329425630225312,0.6364344639726187,-0.052328953312716045,0.7859937517472781,0.8374552380770834,0.536793772325319,-0.003824747814870522,0.8442093891490692,0.714527612788098,0.5146239118026772,-0.04562734642363575,0.8456751787458034,0.7111582751187459,0.51352088579437,-0.039219689664131925,0.8407788190311805,0.7223518626741271,0.5159758338789306,-0.04132056257914251,0.8350996002627358,0.7351216796246189,0.5271699775751569,-0.04511531373307904,0.8430088924388497,0.7172753454242593,0.5108831304054111,-0.04332659210657992,0.8380719875349534,0.728466138672156,0.5209250893122395,-0.04735745064660969
2023,31.7696,-9.1054,10,2915,365,0.8283255512984958,0.7580438072062922,0.577009125532253,-0.07844359718943385,0.8434225603284806,0.7239458236728671,0.45046942331617057,-0.0014929652257544134,0.8784721464587059,0.6377924694251137,0.4425671112396785,-0.07787970127151152,0.8757693649801729,0.6448457264865735,0.43841762661951156,-0.04540204400681545,0.8759621227771132,0.6443452569566103,0.44371444815763655,-0.07043113867433379,0.8715378053011489,0.655736173626722,0.44515605507364103,-0.061333500533591524,0.8779845042777271,0.6390707901237807,0.4387539589211961,-0.06990615674228255,0.8742692336717327,0.6487274198994751,0.4413557906013096,-0.06177288054694569
2023,31.7696,-9.6054,10,2915,365,0.8283255512984958,0.7580438072062922,0.577009125532253,-0.07844359718943385,0.8434225603284806,0.7239458236728671,0.45046942331617057,-0.0014929652257544134,0.8784721464587059,0.6377924694251137,0.4425671112396785,-0.07787970127151152,0.8757693649801729,0.6448457264865735,0.43841762661951156,-0.04540204400681545,0.8759621227771132,0.6443452569566103,0.44371444815763655,-0.07043113867433379,0.8715378053011489,0.655736173626722,0.44515605507364103,-0.061333500533591524,0.8779845042777271,0.6390707901237807,0.4387539589211961,-0.06990615674228255,0.8742692336717327,0.6487274198994751,0.4413557906013096,-0.06177288054694569
2023,32.2696,-1.6054,6,2915,365,0.7850193113549029,0.8401856061291489,0.6339065608683521,-0.04293598766327472,0.7619414357228435,0.8841326262548121,0.5830185762412322,-0.0035631319858048234,0.8352591999785245,0.7354888572819333,0.5321586503978262,-0.007895060792512324,0.8303024061683899,0.7464717117704693,0.542404952266181,-0.021415829949039906,0.8325814493966499,0.7414422005352406,0.5367044284392373,0.005908102521556377,0.8306919711262835,0.745614403487617,0.5396708277018346,-0.0169889444408461,0.8346349643679104,0.736880996434114,0.5376925906262845,-0.014379341471167774,0.8357368983670836,0.73442173575516,0.5342467982431318,-0.019269204397099577
2023,32.2696,-2.1054,5,2915,365,0.7922914429523223,0.8181014944312819,0.6218378344657122,-0.06197800286227562,0.7588231873717162,0.8815516594068555,0.5760468279109772,-0.0037025035441250443,0.836089718634955,0.7267467353563897,0.523515250574541,-0.023560593193327733,0.8301497715843804,0.7397978405139968,0.5305518999964317,-0.031787254638607904,0.8365644972162491,0.7256934334981794,0.5137097418832482,-0.005891366380144277,0.8344858199189698,0.7302937689210016,0.5196566756017994,-0.022254429945671353,0.8325450573245181,0.7345628781852039,0.5259788446612426,-0.029046490429296135,0.8381183041706015,0.7222355545850064,0.5126950567098906,-0.03761768118799408
2023,32.2696,-2.6054,5,2915,365,0.7922914429523223,0.8181014944312819,0.6218378344657122,-0.06197800286227562,0.7588231873717162,0.8815516594068555,0.5760468279109772,-0.0037025035441250443,0.8369606949140609,0.7248132926369353,0.5238393598376156,-0.03016836399486026,0.8324836968696742,0.7346974486652449,0.5268484201286201,-0.03812281834184036,0.8374998966391366,0.7236137529237675,0.5123806029974179,-0.005254339300572397,0.8358925396089244,0.7271837309555104,0.5189316852760277,-0.024632092563894686,0.8346768086352141,0.7298723001113506,0.5214962962775245,-0.022838936544548716,0.8384888708654714,0.7214084388954449,0.513099648864197,-0.029164769249719877
2023,32.2696,-3.1054,6,2915,365,0.7706078656311873,0.8479102787761971,0.6124022064996284,-0.03748528406354195,0.724249875686619,0.9296479101328162,0.5933678009529774,-0.0037115846150234818,0.8114280196249956,0.768774943257464,0.5247706370382906,0.00021052207543815227,0.8079950671383345,0.7757411543643873,0.5207343124848915,0.01472045894092764,0.8067715706346954,0.778208823764227,0.5224857084624646,0.059534206642452694,0.8021836488274972,0.7873933313000784,0.5229800236390054,0.03556942710979596,0.8078168890404389,0.7761010097846136,0.5208410443616365,0.026720503422468882,0.8085692942895797,0.7745802852726937,0.5151475286900665,0.019934124403911176
2023,32.2696,-3.6054,5,2915,365,0.7706078656311873,0.8479102787761971,0.6124022064996284,-0.03748528406354195,0.724249875686619,0.9296479101328162,0.5933678009529774,-0.0037115846150234818,0.8133809032801054,0.764783800779669,0.52265394274154,0.000899285127231457,0.8099241354722946,0.7718343916771444,0.5216464785162114,0.01412337884654274,0.8077668920590866,0.7762019556590705,0.5231879250987921,0.055444273281450886,0.8034897872087297,0.7847895325695652,0.5246872729780212,0.031285216812915365,0.8093764341297135,0.7729456075732329,0.5186561367849494,0.023536495195364635,0.811139675547605,0.7693624828984605,0.5124813630061893,0.015348814921650909
2023,32.2696,-4.1054,7,2915,365,0.7226327038544531,0.923797009215017,0.6743873549933065,-0.04768466185878553,0.6803835870265751,0.9916615214113622,0.6450784985374323,-0.004236016459288531,0.7808942857667983,0.8210616685038511,0.5849033724506558,-0.025398590639794365,0.7777235744251343,0.8269811825754044,0.5862714174450706,-0.015834704413767817,0.7746138549701435,0.8327459576342925,0.5837333142407212,-0.011592207841870093,0.7639119064698072,0.8522872037876942,0.5901343836410424,-0.0148729980238543,0.7755346497090148,0.8310431625018639,0.5911544198256772,-0.033069676739718286,0.7736070854680256,0.8346037672215896,0.5803949169426549,-0.022711954851238114
2023,32.2696,-4.6054,7,2915,365,0.7226327038544531,0.923797009215017,0.6743873549933065,-0.04768466185878553,0.6803835870265751,0.9916615214113622,0.6450784985374323,-0.004236016459288531,0.7808942857667983,0.8210616685038511,0.5849033724506558,-0.025398590639794365,0.7777235744251343,0.8269811825754044,0.5862714174450706,-0.015834704413767817,0.7746138549701435,0.8327459576342925,0.5837333142407212,-0.011592207841870093,0.7639119064698072,0.8522872037876942,0.5901343836410424,-0.0148729980238543,0.7755346497090148,0.8310431625018639,0.5911544198256772,-0.033069676739718286,0.7736070854680256,0.8346037672215896,0.5803949169426549,-0.022711954851238114
2023,32.2696,-5.1054,10,2915,365,0.6724044266725314,1.0315108843301697,0.7854813719674804,-0.11022956102459042,0.6619937479343,1.047772918881017,0.6828453094007518,-0.005053909881970112,0.7760411247449748,0.8528819856975085,0.6256627691271477,-0.05925423779771167,0.7648497680513652,0.873931731383613,0.6388123708423809,-0.05499689283690798,0.7701919136616227,0.8639477058753762,0.641483193467624,-0.08588186463473893,0.7675189900927796,0.8689575167952626,0.6362902221601888,-0.07913087823706486,0.7696419684577646,0.864980828760782,0.6280867667809044,-0.06443129439562356,0.7661656854507407,0.8714830087513239,0.6386429942937374,-0.07404515971237058
2023,32.2696,-5.6054,10,2915,365,0.6724044266725314,1.0315108843301697,0.7854813719674804,-0.11022956102459042,0.6619937479343,1.047772918881017,0.6828453094007518,-0.005053909881970112,0.779868606784675,0.8455626549823293,0.6210236527518673,-0.052522361511794936,0.7708918545036156,0.8626310127829426,0.6352649011848898,-0.0648359118302149,0.7759702300819996,0.8530169658284765,0.6232017555064658,-0.05853654284314357,0.7795592674866848,0.8461565592128194,0.626872694011418,-0.0782630206740794,0.7703506857123336,0.8636492080030672,0.6307100970316282,-0.0694615275330236,0.7793824024633451,0.8464959372666212,0.6264928306506685,-0.08693040910576846
2023,32.2696,-6.1054,5,2915,365,0.7441349026670787,0.930583070523984,0.6978131829226383,-0.10312699276577199,0.7466135510813563,0.9260646706595486,0.5802402213910796,-0.005848384048125713,0.8157814078778893,0.7896167512913366,0.5602661227745948,-0.04398544497261942,0.8204697763891174,0.7795041102626552,0.5577884585604029,-0.044007838183370986,0.8173515505142482,0.7862444965172908,0.558802007617639,-0.03981714893999987,0.8248455457942017,0.7699459105077509,0.5456194079778812,-0.04313649073861307,0.8136337277821282,0.7942062177740636,0.5775235630078344,-0.07703005287940129,0.8227171498390522,0.7746097983205111,0.5580404567476229,-0.0606020007376095
2023,32.2696,-6.6054,6,2915,365,0.7441349026670787,0.930583070523984,0.6978131829226383,-0.10312699276577199,0.7466135510813563,0.9260646706595486,0.5802402213910796,-0.005848384048125713,0.8160669100797243,0.7890046395277757,0.5577055214734383,-0.03311740681770402,0.8206066958098093,0.7792068076520149,0.559435151775358,-0.04837668745947704,0.8160129183566803,0.7891204332500317,0.562198582994173,-0.04533511642304181,0.8257007177182405,0.7680640235134246,0.5431419031716415,-0.041597492009937106,0.8176432715475882,0.7856163616650252,0.5675858334927706,-0.06117083453627439,0.8246321831677037,0.7704147186937045,0.5533345541321701,-0.05910025259387819
2023,32.2696,-7.1054,3,2915,365,0.7995751861108986,0.8356626920105791,0.6382428908047503,-0.0879648300956072,0.8007486670507468,0.8332127113038313,0.5334317832309361,-0.0028346436743124375,0.8599509419794148,0.6985465710147898,0.52998758191514,-0.062126298786306475,0.8609687576630152,0.6960035758105161,0.5220526498967052,-0.06292590575823322,0.8595562837871225,0.6995301305705083,0.5221532327193892,-0.056494206975596685,0.8584777917134339,0.7022109015261553,0.5239697665403887,-0.06173606037191605,0.8517468321156151,0.7187159123020953,0.5436034292830212,-0.09894854355692262,0.8516444251150194,0.7189640986851981,0.5356494350782092,-0.09125342043114623
2023,32.2696,-7.6054,6,2915,365,0.7995751861108986,0.8356626920105791,0.6382428908047503,-0.0879648300956072,0.8007486670507468,0.8332127113038313,0.5334317832309361,-0.0028346436743124375,0.8587190653994353,0.7016120651768748,0.5336056520688303,-0.07011639423011985,0.8618696402676924,0.6937449592171574,0.5219942522031452,-0.06641863024469279,0.8563942139531644,0.7073612065883795,0.5358091046589015,-0.07453021977192331,0.8552619040636417,0.7101444490299419,0.5341955803002998,-0.07409462561074888,0.8569151315664808,0.7060770951203195,0.5281186871604613,-0.079071756098407,0.8569208895844669,0.7060628880082727,0.5233272122657967,-0.08681274269677082
2023,32.2696,-8.1054,5,2915,365,0.8244138930332318,0.7864498598152212,0.6048905472285894,-0.11122104737717864,0.8075496852537629,0.8233514928065131,0.515768312374405,-0.0014556816521606429,0.8604011946122747,0.7012402167635392,0.5245994247104373,-0.11162347881650671,0.8625531111793152,0.6958144144232334,0.510392336556086,-0.08907947687098643,0.8559360175163446,0.7123668026376389,0.5315716251735397,-0.1027913685184306,0.8531965507294341,0.7191079570237138,0.5216989382194649,-0.08132976905132029,0.8582412047602761,0.7066444806980174,0.5249321996343399,-0.10734000178761559,0.8586836767839243,0.7055407933427879,0.507790852286523,-0.0955850579971809
2023,32.2696,-8.6054,6,2915,365,0.8244138930332318,0.7864498598152212,0.6048905472285894,-0.11122104737717864,0.8075496852537629,0.8233514928065131,0.515768312374405,-0.0014556816521606429,0.8631442436661133,0.6943165205363762,0.5211669282793729,-0.11382440370418317,0.8639961446343216,0.6921521531598924,0.5076205329253843,-0.08542313413942314,0.8589129167656425,0.7049683053241027,0.5300438608256592,-0.10258890086395193,0.8570330531970749,0.7096493113265931,0.5176440821575997,-0.0812395191938502,0.8588940549204879,0.7050154271382398,0.524296978189528,-0.10530922979819787,0.8625104909749828,0.6959222868319171,0.49206448785626067,-0.08709875103935596
2023,32.2696,-9.1054,7,2915,365,0.8344721633562504,0.7436152809281226,0.6077095301277522,-0.19694857040854416,0.8141131650852056,0.7880197505288807,0.542946051717816,-0.00027005670374549484,0.8738113275097772,0.6492664651275121,0.5028743894004462,-0.12623715288128942,0.8735180277691112,0.6500205706933754,0.49851326520646094,-0.11078982455707694,0.8746589203222896,0.6470822722396695,0.49511024171908263,-0.10918927875156655,0.8733382090999922,0.6504824717745823,0.4934005209459351,-0.1044154218254964,0.8683624763212802,0.6631360500968686,0.5078196692150898,-0.12062628731939896,0.8709464820174161,0.6565952099532927,0.4956184140798737,-0.11254368718937355
2023,32.7696,-1.6054,8,2915,365,0.7850193113549029,0.8401856061291489,0.6339065608683521,-0.04293598766327472,0.7619414357228435,0.8841326262548121,0.5830185762412322,-0.0035631319858048234,0.8381403717513612,0.7290289614404986,0.5258657795193095,-0.008762864648869844,0.8348320153585113,0.7364418273800468,0.5355516583791637,-0.019162720731918662,0.8371370578174675,0.731284974650203,0.5272803446736564,0.008051007655434777,0.8338128831166864,0.7387103584855779,0.5365604075405143,-0.02292089372604622,0.8334183453800447,0.7395867090238674,0.5408208965374023,-0.02358151781228913,0.8337419168121103,0.738868066104287,0.5410518906509655,-0.03379173732458638
2023,32.7696,-2.1054,8,2915,365,0.7922914429523223,0.8181014944312819,0.6218378344657122,-0.06197800286227562,0.7588231873717162,0.8815516594068555,0.5760468279109772,-0.0037025035441250443,0.838265210528704,0.7219077686767408,0.5217220367640246,-0.021758877622734905,0.8345537486090142,0.7301438935750147,0.5248344193282383,-0.026988158325820324,0.8378688214414862,0.7227918742076389,0.5162584404322791,-0.007831717527372262,0.8357403235600894,0.7275208983787359,0.5200972731536043,-0.03504227739745423,0.8308484684018614,0.7382746542556302,0.5323573294217425,-0.035005889003002014,0.8330819106647583,0.7333844444362552,0.5249171326765099,-0.04439458533453145
2023,32.7696,-2.6054,6,2915,365,0.7922914429523223,0.8181014944312819,0.6218378344657122,-0.06197800286227562,0.7588231873717162,0.8815516594068555,0.5760468279109772,-0.0037025035441250443,0.8401348207745836,0.7177231112654457,0.5201440547150434,-0.019996176162162742,0.8369072751053922,0.7249320254060414,0.5239606660917074,-0.027380719811925674,0.8404986416276107,0.71690594967113,0.509229324609398,-0.0004125187441164676,0.8400279085599999,0.717963065152834,0.5139355048393831,-0.029644113638994964,0.8327729774867908,0.7340628072549346,0.5284263576447314,-0.03385978907272425,0.8402358885502921,0.717496200854874,0.5132512691448201,-0.046042972987214215
2023,32.7696,-3.1054,9,2915,365,0.7706078656311873,0.8479102787761971,0.6124022064996284,-0.03748528406354195,0.724249875686619,0.9296479101328162,0.5933678009529774,-0.0037115846150234818,0.8150085983531905,0.7614412674682426,0.5279281167109702,-0.00761127856244305,0.8124064973382258,0.7667778080152235,0.5234686273931676,0.010177172333377582,0.8160129950828117,0.7593713603514364,0.5142387277839664,0.022721320819819594,0.8136858236960662,0.7641587481098925,0.5125701118071758,0.008526637176109955,0.808252868585962,0.7752201928336796,0.5289887513667998,0.007524178387949554,0.8100231648432772,0.7716333029364897,0.526121767738414,0.003591946328461881
2023,32.7696,-3.6054,7,2915,365,0.7706078656311873,0.8479102787761971,0.6124022064996284,-0.03748528406354195,0.724249875686619,0.9296479101328162,0.5933678009529774,-0.0037115846150234818,0.8159768280954993,0.759445992863709,0.5241464532563004,-0.0033818668530023526,0.8157402231436793,0.7599340590126781,0.5209204876003658,0.007240317615640888,0.817138369178652,0.7570454144359853,0.5087783465439764,0.031373740748875695,0.8203499964118881,0.7503679119359427,0.5093634076574288,0.005636134050779026,0.8104863794256905,0.7706920041128026,0.5218047235901634,0.007379479310295912,0.8164166900924122,0.7585378156941739,0.5165866140150814,-0.001191483549396758
2023,32.7696,-4.1054,5,2915,365,0.7226327038544531,0.923797009215017,0.6743873549933065,-0.04768466185878553,0.6803835870265751,0.9916615214113622,0.6450784985374323,-0.004236016459288531,0.7819876132273,0.8190105765642506,0.5832290094909768,-0.030676301938747343,0.780451097056621,0.8218916364483437,0.5854903542707852,-0.025504405022797202,0.7755294573778198,0.8310527742891126,0.5857930736498089,-0.026605278618544993,0.7681641191830142,0.8445770020089393,0.5926013576068361,-0.038238135027803426,0.7748889100520775,0.8322376723265477,0.5905806717240454,-0.04085151595556995,0.7730548779176355,0.8356210115308068,0.5894756546342605,-0.03967067406488762
2023,32.7696,-4.6054,5,2915,365,0.7226327038544531,0.923797009215017,0.6743873549933065,-0.04768466185878553,0.6803835870265751,0.9916615214113622,0.6450784985374323,-0.004236016459288531,0.7819876132273,0.8190105765642506,0.5832290094909768,-0.030676301938747343,0.780451097056621,0.8218916364483437,0.5854903542707852,-0.025504405022797202,0.7755294573778198,0.8310527742891126,0.5857930736498089,-0.026605278618544993,0.7681641191830142,0.8445770020089393,0.5926013576068361,-0.038238135027803426,0.7748889100520775,0.8322376723265477,0.5905806717240454,-0.04085151595556995,0.7730548779176355,0.8356210115308068,0.5894756546342605,-0.03967067406488762
2023,32.7696,-5.1054,9,2915,365,0.6724044266725314,1.0315108843301697,0.7854813719674804,-0.11022956102459042,0.6619937479343,1.047772918881017,0.6828453094007518,-0.005053909881970112,0.7740583581877111,0.856649060102417,0.6299253451459418,-0.06515594512557164,0.7665504742432508,0.8707656739938312,0.6429210184930457,-0.08017198943120127,0.7709784389788089,0.8624679947648642,0.6357856206885508,-0.0687599068488985,0.7720802720204516,0.8603908072144949,0.6422493349471529,-0.08957110155345221,0.7628645850227986,0.8776129274053801,0.6410919934957945,-0.0851816599964767,0.7618577983054245,0.8794739594226485,0.6502440449381869,-0.1110910544795252
2023,32.7696,-5.6054,8,2915,365,0.6724044266725314,1.0315108843301697,0.7854813719674804,-0.11022956102459042,0.6619937479343,1.047772918881017,0.6828453094007518,-0.005053909881970112,0.7755252917167171,0.8538636205237949,0.632855937956604,-0.06832114771619058,0.7710248053768937,0.8623806851717839,0.6406674545946824,-0.07519217991165321,0.7790977115889463,0.8470419317305296,0.6210790944191126,-0.06781284916463032,0.7830256570604971,0.8394773705566471,0.624445067166947,-0.07825525358596584,0.7705644529882504,0.863247153849039,0.6368690418119717,-0.08971696975020024,0.7700471196335745,0.8642198346158039,0.6472237854565653,-0.09953315634865947
2023,32.7696,-6.1054,7,2915,365,0.7441349026670787,0.930583070523984,0.6978131829226383,-0.10312699276577199,0.7466135510813563,0.9260646706595486,0.5802402213910796,-0.005848384048125713,0.8163686362180496,0.7883572273797489,0.5638132780893106,-0.05296667063029119,0.8217369557677792,0.7767482491842468,0.5621884746739919,-0.06334111565081223,0.8147347681249172,0.7918566819411972,0.5667678786688722,-0.05554143884605827,0.8210776767414056,0.7781832668282682,0.5539469297439109,-0.05531906783044667,0.8154811057723099,0.7902600821647564,0.5714708111260002,-0.06157752736090108,0.8239084276384423,0.7720028601247251,0.5585372929029429,-0.06612013686350478
2023,32.7696,-6.6054,9,2915,365,0.7441349026670787,0.930583070523984,0.6978131829226383,-0.10312699276577199,0.7466135510813563,0.9260646706595486,0.5802402213910796,-0.005848384048125713,0.8190705936408758,0.7825357777705303,0.5584123485653741,-0.04363017794214977,0.823330803085499,0.7732680050454679,0.5570066795492273,-0.058509893791160714,0.8167251618137876,0.78759154638957,0.5608778985926637,-0.052828225984169766,0.8213532307532698,0.7775838051705787,0.5518309270885751,-0.05428760666994947,0.817855891126122,0.7851582317703352,0.5615550567037777,-0.05421475827657641,0.8221768946586776,0.7757891809130737,0.5595942280364317,-0.06497868255694605
2023,32.7696,-7.1054,5,2915,365,0.7995751861108986,0.8356626920105791,0.6382428908047503,-0.0879648300956072,0.8007486670507468,0.8332127113038313,0.5334317832309361,-0.0028346436743124375,0.8605763575716441,0.6969850797758067,0.5291028666265305,-0.06859256473825423,0.8623776659168995,0.6924680317962066,0.5231763692799182,-0.07257999524633278,0.8528770453192429,0.715971093056747,0.5435443496046783,-0.09450275664190273,0.8531831727012122,0.7152258235987796,0.5338068955467115,-0.07888000876739548,0.8537350096396304,0.7138804069635568,0.5383089406292042,-0.09055331590049928,0.8520033122485515,0.7180939487024552,0.5378994258316504,-0.09394523428591794
2023,32.7696,-7.6054,5,2915,365,0.7995751861108986,0.8356626920105791,0.6382428908047503,-0.0879648300956072,0.8007486670507468,0.8332127113038313,0.5334317832309361,-0.0028346436743124375,0.856215771135943,0.707800549400933,0.5413161038326577,-0.08702597871077841,0.8615393305559323,0.694573936532784,0.525771154717431,-0.08026036302320991,0.853642852360272,0.7141052690998109,0.5387953970717426,-0.08717513777666636,0.8539263205653418,0.7134133853989701,0.5282557333192694,-0.07664732688558397,0.8550868694077146,0.7105737151869086,0.5316158837035136,-0.09044609336873627,0.8569657756350503,0.7059521280923187,0.5208553666127506,-0.09112323296229503
2023,32.7696,-8.1054,5,2915,365,0.8244138930332318,0.7864498598152212,0.6048905472285894,-0.11122104737717864,0.8075496852537629,0.8233514928065131,0.515768312374405,-0.0014556816521606429,0.8601389033095318,0.7018986854900267,0.5276103842694337,-0.12170341643266558,0.8610570229695921,0.6995910814803336,0.5154985752565452,-0.09557390648483664,0.8553922031551702,0.7137100613528512,0.5358325495820522,-0.11410557549730982,0.8533432450786986,0.7187485804553327,0.524080340143228,-0.09316595905888168,0.8546778445880283,0.7154707437067102,0.5330392582285715,-0.11733284047281985,0.8598473401621715,0.7026299154401525,0.4995003793607815,-0.09879079128968556
2023,32.7696,-8.6054,6,2915,365,0.8244138930332318,0.7864498598152212,0.6048905472285894,-0.11122104737717864,0.8075496852537629,0.8233514928065131,0.515768312374405,-0.0014556816521606429,0.8610114836686049,0.6997057194399334,0.5284716224264238,-0.12317397443576596,0.8609999547779023,0.6997347386125257,0.5149609371536661,-0.09396379033297617,0.8580414986436923,0.7071420567313231,0.5356334410505159,-0.11879168225906114,0.8578666249192263,0.7075774744913051,0.5205526212612498,-0.09718354930528739,0.8592639457439812,0.7040907677963052,0.5276289310523107,-0.11894760088034104,0.8599315502282159,0.7024187977842195,0.5128102818351327,-0.1064825008146122
2023,33.2696,-2.1054,6,2915,365,0.7762597841460925,0.8930205869253875,0.6498558046855037,-0.07009284087187599,0.7276481736837189,0.9852684823854465,0.6456964820068498,-0.003225227413064149,0.8270932428905698,0.785046582407797,0.5457096904290462,-0.04086815711607577,0.8285856261228067,0.7816513149632062,0.5423480046720367,-0.03680458068702543,0.8206217702295034,0.7996028094691274,0.5557547471452559,-0.04450366027299109,0.8211375368957359,0.7984524319885008,0.557336375109739,-0.06113961208205942,0.8182575598526494,0.8048549546082827,0.5567353282536796,-0.06487343808340472,0.8232243637374108,0.7937809079308978,0.5484944419078225,-0.06238955758345812
2023,33.2696,-2.6054,6,2915,365,0.7762597841460925,0.8930205869253875,0.6498558046855037,-0.07009284087187599,0.7276481736837189,0.9852684823854465,0.6456964820068498,-0.003225227413064149,0.8301563064914874,0.7780619142158466,0.5388368430534616,-0.039964453360233146,0.8311286276276958,0.7758315932683356,0.5379073672863384,-0.039488645944188425,0.8228377018759279,0.79464855337933,0.5538219240380197,-0.04862059569693671,0.8239390866045455,0.7921746119842036,0.5564429278576604,-0.06873563802655952,0.8204213971819336,0.8000492798522738,0.5550187947925139,-0.06374151658769679,0.8252219459032942,0.7892832645116226,0.5467240113982247,-0.06658352966471401
2023,33.2696,-3.1054,9,2915,365,0.7742690760152775,0.8837301940506512,0.6370581329023249,-0.06761073221281767,0.7489735610864618,0.9319312963442512,0.6055575622073138,-0.002747147903397137,0.8323479845500128,0.7616028373289079,0.5231485244389988,-0.037948683148193475,0.8323222519887155,0.761661283508893,0.5294159903213588,-0.0428001758431688,0.8305415371771004,0.7656949719542999,0.521294813880504,-0.03157631225819452,0.8264673689232409,0.7748448301810069,0.5292582018069636,-0.04067688369361843,0.8259321006688314,0.7760389298191113,0.5359200743514799,-0.03988029781075851,0.8299310004012933,0.7670730814232427,0.5313057344058906,-0.04285168712970976
2023,33.2696,-3.6054,8,2915,365,0.7742690760152775,0.8837301940506512,0.6370581329023249,-0.06761073221281767,0.7489735610864618,0.9319312963442512,0.6055575622073138,-0.002747147903397137,0.8338349250530173,0.7582179084276527,0.5228846911454288,-0.028020541378707235,0.8323293122889699,0.7616452479465537,0.5318562663282664,-0.03634976499603713,0.8285195833066696,0.7702495070606166,0.5297597111953752,-0.03156924469358133,0.835074041010029,0.755385550294257,0.5238117559913427,-0.04266279053806064,0.8265535175895331,0.7746524740375815,0.5361616599870928,-0.041539764648112674,0.8354148383351856,0.754604695351759,0.5196499300057416,-0.044401713898603916
2023,33.2696,-4.1054,8,2915,365,0.7129549082355855,1.0028799287945278,0.7554653318089777,-0.14473605545530155,0.7116996040595822,1.0050704313063632,0.6647040403080224,-0.0038457711710296275,0.8152389505558564,0.8045982566057349,0.5864738247549938,-0.07486767667136722,0.8080132254254813,0.8201806768028176,0.6017876932697976,-0.09623396198639576,0.8154027368072505,0.8042415489795782,0.5907177704234593,-0.09617817880592888,0.8132023576520578,0.8090205853508022,0.5928281479576523,-0.12152260134085946,0.817957686786601,0.7986565352358247,0.5800954592922508,-0.06508288909090054,0.8160725944460436,0.8027810263494211,0.5880354210289243,-0.11241870095895731
2023,33.2696,-4.6054,8,2915,365,0.7129549082355855,1.0028799287945278,0.7554653318089777,-0.14473605545530155,0.7116996040595822,1.0050704313063632,0.6647040403080224,-0.0038457711710296275,0.8152389505558564,0.8045982566057349,0.5864738247549938,-0.07486767667136722,0.8080132254254813,0.8201806768028176,0.6017876932697976,-0.09623396198639576,0.8154027368072505,0.8042415489795782,0.5907177704234593,-0.09617817880592888,0.8132023576520578,0.8090205853508022,0.5928281479576523,-0.12152260134085946,0.817957686786601,0.7986565352358247,0.5800954592922508,-0.06508288909090054,0.8160725944460436,0.8027810263494211,0.5880354210289243,-0.11241870095895731
2023,33.2696,-5.1054,8,2915,365,0.714005319721102,1.0170857348416857,0.7745744334798109,-0.14754819834649843,0.735743021951935,0.9776689392403624,0.6535394791820969,-0.0037687133363889323,0.8090459855079329,0.8310802891645697,0.6182728641492202,-0.08941048756782154,0.7973375720495834,0.8561802516030628,0.643580413525738,-0.12287461821335836,0.8180870813901866,0.8111671535204077,0.6007756508333881,-0.107572163253711,0.8169596406435694,0.8136769540005176,0.6081500174456532,-0.12776163880773042,0.8098151293841865,0.829404845745787,0.6129808014696706,-0.10907012017898463,0.8153962487461017,0.8171444711662659,0.6126718238258462,-0.13558627394941802
2023,33.2696,-5.6054,8,2915,365,0.714005319721102,1.0170857348416857,0.7745744334798109,-0.14754819834649843,0.735743021951935,0.9776689392403624,0.6535394791820969,-0.0037687133363889323,0.808565966463767,0.8321242158188866,0.6224608549202908,-0.10629687323871018,0.8098165611147677,0.8294017238189143,0.6273321484436828,-0.12200330830961867,0.8161819532633865,0.8154036649616717,0.606448537289972,-0.10568239351583997,0.818215832838308,0.8108800451815351,0.6037353122031206,-0.11541475788649051,0.816917198027018,0.8137712845005675,0.6009372051926392,-0.09397839422783515,0.8215985502758945,0.8033000153438374,0.5932186226284264,-0.11395590509413621
2023,33.2696,-6.1054,5,2915,365,0.7780410928940495,0.8957245682381361,0.6964921438154057,-0.14191480047457036,0.7736310402609906,0.9045792785644042,0.5986087543197652,-0.0018946127321320088,0.8444980032305032,0.7497322326435327,0.5723494745492681,-0.090535722120062,0.8479410959864524,0.7413855641675273,0.570164763128014,-0.10910938292261983,0.848174575193857,0.7408161643942427,0.5566621518703634,-0.08819014021098916,0.8479020755127107,0.7414806830967771,0.553499040736224,-0.08882757662155237,0.8437554085061656,0.751520261455085,0.5712045699702123,-0.09900191512656607,0.843392403166888,0.752392763969301,0.5596682692325531,-0.11548890648869034
2023,33.2696,-6.6054,4,2915,365,0.7780410928940495,0.8957245682381361,0.6964921438154057,-0.14191480047457036,0.7736310402609906,0.9045792785644042,0.5986087543197652,-0.0018946127321320088,0.8453883739225198,0.7475827493157127,0.5705866691910239,-0.10012338344132596,0.8484971312100094,0.7400288069343418,0.5645796190954109,-0.10574170098321287,0.8476690182364147,0.7420485452886257,0.5559709294526832,-0.08698984009308919,0.8458366353077469,0.7464982392574535,0.5507844639648082,-0.08308811276791511,0.8494360629379307,0.7377320965325537,0.5512239264907604,-0.07990441440950306,0.8451070699524805,0.7482625249325545,0.5538361810860013,-0.09222131239829887
2023,33.2696,-7.1054,6,2915,365,0.7993218587846824,0.8473990466611407,0.6734250804586128,-0.16041808631623838,0.7567968602423905,0.9328730029509352,0.6363105332602312,0.0003209910929700218,0.8421185220908427,0.7516289994844273,0.5950206102453489,-0.14221149781314926,0.8463814023497018,0.7414123813396618,0.5782818980685912,-0.1299985979414019,0.8424059898560236,0.7509444114158266,0.5868379085270717,-0.15074617488140227,0.8443127696717339,0.7463876289064638,0.5732164831988337,-0.13540135678843496,0.8447655036697461,0.7453016018949715,0.5796674106134683,-0.12932487264787168,0.8473790736831569,0.7390009195340072,0.5649460654977495,-0.12183794010924352
2023,33.2696,-7.6054,6,2915,365,0.7993218587846824,0.8473990466611407,0.6734250804586128,-0.16041808631623838,0.7567968602423905,0.9328730029509352,0.6363105332602312,0.0003209910929700218,0.8436254216540046,0.7480334384473751,0.5889948025342985,-0.1432481605888825,0.8469198685909459,0.7401118356972654,0.5724151173278906,-0.12038467217889952,0.8437379806984739,0.7477641712592227,0.5827919466043546,-0.14739160191660441,0.8457019567443941,0.7430501830355786,0.569513431657256,-0.12849924643212396,0.8404388668737968,0.7556166031830693,0.5900837930238217,-0.15403627599708897,0.8408846732515505,0.754560286035574,0.5820877384691122,-0.14952598089668379
2023,33.2696,-8.1054,8,2915,365,0.834524892469743,0.7595200986599547,0.6135369003874578,-0.19041457868598785,0.7942001654482168,0.8470234722779653,0.5892964221039707,0.0016268524443557697,0.8623486794350439,0.6927286121132472,0.5390714269100109,-0.14349593220438064,0.8621973701263093,0.6931092386802392,0.5314859799357139,-0.14083931052239507,0.8689141547990884,0.6760064412769384,0.5174015054453089,-0.12256843921278596,0.8704179545607116,0.6721177274294251,0.5072299493682801,-0.11441202682612546,0.8631256547385728,0.6907707860312402,0.5302620942943742,-0.13392234742021977,0.8652135112996954,0.6854820938857252,0.517474449293118,-0.13435156283068306
2023,33.7696,-2.1054,7,2915,365,0.7762597841460925,0.8930205869253875,0.6498558046855037,-0.07009284087187599,0.7276481736837189,0.9852684823854465,0.6456964820068498,-0.003225227413064149,0.8260351656169004,0.7874449070604292,0.5427815408407052,-0.039748600249883845,0.8313961388447586,0.7752168475328279,0.5339357314650391,-0.03644599797195457,0.8226559205642605,0.7950561322554893,0.5558837640811372,-0.05458524737597887,0.8221687797670612,0.7961473405877261,0.5573269105319337,-0.06594543826012932,0.8162829802228606,0.8092154022878696,0.5566404627301771,-0.06631596838654402,0.8215765844135189,0.7974718630567047,0.5424099641337484,-0.05126561823263414
2023,33.7696,-2.6054,6,2915,365,0.7762597841460925,0.8930205869253875,0.6498558046855037,-0.07009284087187599,0.7276481736837189,0.9852684823854465,0.6456964820068498,-0.003225227413064149,0.8264332204118896,0.7865435015283934,0.5405991203698068,-0.030816597834192355,0.830869240365361,0.7764272052206401,0.5411331916797789,-0.04467719149230967,0.8226606075713296,0.7950456259607603,0.5527011112836435,-0.050492947210856474,0.8292776557909872,0.7800718880291391,0.5463639478787212,-0.06051904158713769,0.8176162210160569,0.8062738036096332,0.5579335146677349,-0.06578187517575398,0.8243394703587847,0.7912733489858912,0.548617618891567,-0.06528535274766858
2023,33.7696,-3.1054,5,2915,365,0.7742690760152775,0.8837301940506512,0.6370581329023249,-0.06761073221281767,0.7489735610864618,0.9319312963442512,0.6055575622073138,-0.002747147903397137,0.8335834115076032,0.7587915246510293,0.5140117023136118,-0.026694617348017778,0.8321768972881469,0.7619913424060996,0.5288206033632473,-0.05164543252873561,0.8289560372163706,0.7692686586371471,0.5280164604225369,-0.025512539678784116,0.8289821298718288,0.7692099806595696,0.5242667027780159,-0.0247112544951426,0.8256995380364697,0.7765571684365508,0.5350246965200443,-0.0555803430035625,0.8295719286964277,0.7678824264829366,0.5312740754555608,-0.050408629946215
2023,33.7696,-3.6054,8,2915,365,0.7742690760152775,0.8837301940506512,0.6370581329023249,-0.06761073221281767,0.7489735610864618,0.9319312963442512,0.6055575622073138,-0.002747147903397137,0.83189933574962,0.7626212083445784,0.5199838885873814,-0.021958809283530886,0.8314011090317978,0.7637505231631901,0.5313511487444637,-0.04889250243226235,0.8297163960038927,0.7675569008091173,0.5228837034556493,-0.015055186038789132,0.8350966948338049,0.7553336695627072,0.5086524030148684,-0.011897704057266676,0.8252954269649518,0.7774568610227799,0.5334404117754619,-0.04150712617095326,0.831645676525677,0.7631963785368551,0.5207159438711332,-0.0409274005369845
2023,33.7696,-4.1054,5,2915,365,0.7129549082355855,1.0028799287945278,0.7554653318089777,-0.14473605545530155,0.7116996040595822,1.0050704313063632,0.6647040403080224,-0.0038457711710296275,0.8134481026357446,0.8084882494524079,0.5847075964581214,-0.06921480944782124,0.8044570676346128,0.8277418985302814,0.6088824240534875,-0.11017967355916412,0.8151518003659319,0.8047879952551474,0.5798375127506902,-0.07496783787832585,0.8150021406076992,0.8051137220078962,0.5771855059921727,-0.07374934738373509,0.8071376214362893,0.8220488693022521,0.59318247250809,-0.11144209963988802,0.80411355094883,0.8284686401748412,0.6033442767610369,-0.1284678573303919
2023,33.7696,-4.6054,5,2915,365,0.7129549082355855,1.0028799287945278,0.7554653318089777,-0.14473605545530155,0.7116996040595822,1.0050704313063632,0.6647040403080224,-0.0038457711710296275,0.8134481026357446,0.8084882494524079,0.5847075964581214,-0.06921480944782124,0.8044570676346128,0.8277418985302814,0.6088824240534875,-0.11017967355916412,0.8151518003659319,0.8047879952551474,0.5798375127506902,-0.07496783787832585,0.8150021406076992,0.8051137220078962,0.5771855059921727,-0.07374934738373509,0.8071376214362893,0.8220488693022521,0.59318247250809,-0.11144209963988802,0.80411355094883,0.8284686401748412,0.6033442767610369,-0.1284678573303919
2023,33.7696,-5.1054,7,2915,365,0.714005319721102,1.0170857348416857,0.7745744334798109,-0.14754819834649843,0.735743021951935,0.9776689392403624,0.6535394791820969,-0.0037687133363889323,0.8095267557163288,0.8300334128866856,0.6185958338906447,-0.09027041628480639,0.8026796641672549,0.8448206263068163,0.6383687411049388,-0.12981747242067962,0.8130778807240532,0.8222595643438592,0.6130121823712921,-0.1140297607869566,0.8155119797076971,0.8168882907227576,0.6067894729288165,-0.12079850450563921,0.8134436705899187,0.8214546261478737,0.6082042863520479,-0.09148117634210988,0.8129250598308478,0.822595620795014,0.6112008915073299,-0.12041806961280035
2023,33.7696,-5.6054,6,2915,365,0.714005319721102,1.0170857348416857,0.7745744334798109,-0.14754819834649843,0.735743021951935,0.9776689392403624,0.6535394791820969,-0.0037687133363889323,0.81266037407444,0.8231773459152965,0.6174629132306504,-0.1037909783502451,0.8119710786672503,0.8246903504019254,0.6236686846918077,-0.1322211009364011,0.8184341425587718,0.8103929945800732,0.6009805885351202,-0.10985517453114255,0.820326510698804,0.8061587769010876,0.5946620521467876,-0.11882918448543416,0.8230109226488811,0.8001139055665243,0.5882379660042871,-0.08541282239580936,0.8211373361692379,0.8043377147380723,0.5833928970913895,-0.08999459041058165
2023,33.7696,-6.1054,7,2915,365,0.7780410928940495,0.8957245682381361,0.6964921438154057,-0.14191480047457036,0.7736310402609906,0.9045792785644042,0.5986087543197652,-0.0018946127321320088,0.846105558673216,0.7458468573829357,0.5715636962029038,-0.09761697232846502,0.850351447484968,0.7354860802362542,0.5653952031794324,-0.11251388897671684,0.8476724200258697,0.7420402596891362,0.5547417070411974,-0.09467568290922221,0.8482365888467527,0.7406648543990332,0.5519162627060533,-0.09260221284103635,0.8524023671856771,0.7304288084262915,0.5429823348541887,-0.07233978511705814,0.8536211286924594,0.7274068634583404,0.5397471560169972,-0.08195352845465613
2023,33.7696,-6.6054,5,2915,365,0.7780410928940495,0.8957245682381361,0.6964921438154057,-0.14191480047457036,0.7736310402609906,0.9045792785644042,0.5986087543197652,-0.0018946127321320088,0.8454654530075817,0.7473963785384063,0.5684259160505563,-0.09943332319116588,0.8472064721307615,0.7431742897164719,0.5694120764072963,-0.10856012659200294,0.8498463036972694,0.7367263636246246,0.5520024990864808,-0.08651206223090473,0.8491709843124874,0.7383812261201346,0.5497360649158348,-0.082034740373508,0.850155437824887,0.7359675924162334,0.5506234643091463,-0.08136435609408191,0.8492358540874895,0.7382224245293019,0.5485968208379881,-0.08302846747956806
2023,33.7696,-7.1054,6,2915,365,0.7993218587846824,0.8473990466611407,0.6734250804586128,-0.16041808631623838,0.7567968602423905,0.9328730029509352,0.6363105332602312,0.0003209910929700218,0.8460542063109033,0.742201537608073,0.5820399988399938,-0.13750285758174205,0.84490257477094,0.7449724808710334,0.5816708251725835,-0.1301203802515676,0.8446587976172677,0.7455577129133765,0.5821037439928952,-0.15339658386269012,0.8436319928953091,0.7480177211871867,0.5750388073061884,-0.13775486609310186,0.846641734337731,0.7407838923262124,0.5789478229220417,-0.14785658694890708,0.8439430365585947,0.7472733809756289,0.5741716507079143,-0.13821111609326256
2023,34.2696,-2.1054,10,2915,365,0.7433728751392363,1.0017403729196177,0.7477035382467124,-0.1424313527648879,0.7384311289458412,1.0113394006783116,0.6475885802199995,-0.00285303310279539,0.8199342414067086,0.8391110992809739,0.585359724532704,-0.049994393113285344,0.8242621248946511,0.8289657429812916,0.5916771150840346,-0.06491897426572017,0.8215031938461588,0.8354474217099416,0.5929360165081822,-0.07467366087611088,0.8243353530630941,0.8287930142283457,0.5956534577946555,-0.0864656875985061,0.819346520994385,0.8404793798731448,0.5977209831321679,-0.08343259489426934,0.8255340038100971,0.8259605323744301,0.5899188334066845,-0.0854684291981914
2023,34.2696,-2.6054,7,2915,365,0.7433728751392363,1.0017403729196177,0.7477035382467124,-0.1424313527648879,0.7384311289458412,1.0113394006783116,0.6475885802199995,-0.00285303310279539,0.8228786545322435,0.8322223012966863,0.5835132472306013,-0.027967089763206148,0.8230992616432599,0.83170386756407,0.593363612206112,-0.056115880044490744,0.826372805244289,0.8239726045340932,0.5848587140038248,-0.030328500884787873,0.833423149666183,0.8070700316931347,0.5785816077371524,-0.030827586534685727,0.8246769705585764,0.8279867393615622,0.5935630992594242,-0.06769823411443818,0.8327557306517462,0.808685248362589,0.5822654724069394,-0.0650907454579035
2023,34.2696,-3.1054,5,2915,365,0.7499918408933727,0.97553904396967,0.7007920013728968,-0.1395577279828861,0.7276327639284744,1.0182279088766528,0.6354420520524022,-0.002678936392809954,0.8247676196804412,0.8167229225523756,0.5538516268481057,-0.039134669945892514,0.8168768720147052,0.834909040606984,0.5770855337280549,-0.07530609321762015,0.8247680347550442,0.8167219552621323,0.5533670081530769,-0.011563376384659606,0.8260706521288758,0.8136806701936832,0.5524573479251812,-0.01083883056894582,0.8255038227945649,0.8150054693611736,0.565243864266349,-0.07166533178538098,0.8322576928883392,0.7990774420074891,0.5551900184504052,-0.06986776119701199
2023,34.2696,-3.6054,6,2915,365,0.7499918408933727,0.97553904396967,0.7007920013728968,-0.1395577279828861,0.7276327639284744,1.0182279088766528,0.6354420520524022,-0.002678936392809954,0.8219046413930303,0.8233677746463905,0.5688111366758852,-0.043574307125386985,0.8185248493170969,0.8311437578552098,0.5789082584724872,-0.08286945434265505,0.8205424652805263,0.8265105726351212,0.5683074798721341,-0.020295561309513765,0.8272534618663381,0.8109092251388509,0.5583690158958732,-0.024328350819805725,0.822943153426967,0.820963648196006,0.5708900412936132,-0.07676647934957288,0.8285776788223035,0.8077951669116239,0.566113013068143,-0.08404735825495269
2023,34.2696,-4.1054,6,2915,365,0.7238847634954012,1.0445728171961577,0.776804181468269,-0.21297570717567121,0.734589774017078,1.0241235659405918,0.6433798860739346,-0.0024747122845903582,0.816891650905553,0.8506435383550369,0.6017437971391403,-0.11977774853476257,0.8114400794053314,0.8632135067603671,0.6120177912267559,-0.1645176601327844,0.8182937726013825,0.8473804490783536,0.5958599753479377,-0.13908225470997215,0.8133104407947461,0.8589216485690092,0.614416798865986,-0.1701125835255082,0.8228652208920395,0.8366531565057045,0.5904011042222228,-0.11663042503678979,0.8205192221051357,0.8421753106612071,0.5953837731279111,-0.1458467119005726
2023,34.2696,-4.6054,6,2915,365,0.7238847634954012,1.0445728171961577,0.776804181468269,-0.21297570717567121,0.734589774017078,1.0241235659405918,0.6433798860739346,-0.0024747122845903582,0.816891650905553,0.8506435383550369,0.6017437971391403,-0.11977774853476257,0.8114400794053314,0.8632135067603671,0.6120177912267559,-0.1645176601327844,0.8182937726013825,0.8473804490783536,0.5958599753479377,-0.13908225470997215,0.8133104407947461,0.8589216485690092,0.614416798865986,-0.1701125835255082,0.8228652208920395,0.8366531565057045,0.5904011042222228,-0.11663042503678979,0.8205192221051357,0.8421753106612071,0.5953837731279111,-0.1458467119005726
2023,34.2696,-5.1054,8,2915,365,0.7574794690927793,0.9756234536299431,0.7351228528072492,-0.20028547138822417,0.747746191708073,0.9950086188734599,0.6322393890796,-0.001928942570225417,0.8319461529049155,0.8121424406808825,0.5992605011044739,-0.14189888755498695,0.8245270355190164,0.829875767891268,0.6145425079328594,-0.17093118971292284,0.8320132067027489,0.8119804013429279,0.5852576511134683,-0.14444504266876912,0.8261579565658985,0.8260101539644668,0.6029304726724054,-0.17011404794785967,0.8359827268288025,0.8023295184326493,0.5856503779513537,-0.1316042146376026,0.8310595658855434,0.8142818971664462,0.5965824808779046,-0.1588754840623071
2023,34.2696,-5.6054,7,2915,365,0.7574794690927793,0.9756234536299431,0.7351228528072492,-0.20028547138822417,0.747746191708073,0.9950086188734599,0.6322393890796,-0.001928942570225417,0.8323453314662731,0.8111773256364018,0.6006434016957671,-0.15172387271793003,0.8283059117512496,0.8208912903386493,0.6095655005672851,-0.1806168382656476,0.8341182818866834,0.8068768202674445,0.5875479853150565,-0.15774843655346352,0.8338114924768405,0.8076226134700869,0.593271052398757,-0.16962861146986316,0.8397492012836719,0.7930637117458742,0.5755599499599239,-0.10598954803106389,0.8418295128311367,0.7878992789535375,0.5788055564359699,-0.14153452087961108
2023,34.2696,-6.1054,6,2915,365,0.8118319932801544,0.8186499019037996,0.6336020261469426,-0.1121889627299737,0.7498019336011434,0.9439897885628157,0.6222752763064328,0.00018854244337936663,0.8467743620900091,0.7387390234159026,0.5601570653156999,-0.11440944635193132,0.8465712524675044,0.7392284823464496,0.566226624462321,-0.12468838390492272,0.8458954670210832,0.740854680113519,0.5648024477930759,-0.13322139512804254,0.8443790974524146,0.7444907167403215,0.572310004398708,-0.13459733688295353,0.8446070389765741,0.7439452805795229,0.5661998849493909,-0.13221622437751832,0.8424770521494889,0.749026593435592,0.5752852313187851,-0.14022204506008876
2023,34.2696,-6.6054,6,2915,365,0.8118319932801544,0.8186499019037996,0.6336020261469426,-0.1121889627299737,0.7498019336011434,0.9439897885628157,0.6222752763064328,0.00018854244337936663,0.8525563874965876,0.7246666972993493,0.5432893205419356,-0.07208341734570452,0.8478014939898002,0.7362588304423797,0.559866952685339,-0.10256900687852187,0.8487653514807133,0.7339238019580431,0.5602945033855437,-0.11771888783042211,0.8457982457817333,0.7410883379181497,0.5584282708576886,-0.11278044147845286,0.8533257093702036,0.7227736649061774,0.5383196545925488,-0.0768189632399462,0.8505464330519574,0.7295893136575848,0.541449595685552,-0.08071715158326999
2023,34.7696,-2.1054,8,2915,365,0.7433728751392363,1.0017403729196177,0.7477035382467124,-0.1424313527648879,0.7384311289458412,1.0113394006783116,0.6475885802199995,-0.00285303310279539,0.8208435879953339,0.8369896281619741,0.5793932949526004,-0.01530702720835247,0.8206644596336596,0.8374079529140738,0.5969169032965074,-0.05812510953661843,0.8261459470370158,0.8245107227989832,0.5778723338207042,-0.01984279920227064,0.8263077001701544,0.8241270727604477,0.58893968133906,-0.028023941161833956,0.8240275992088498,0.829518694188451,0.5860542008046679,-0.0386021895026642,0.8271929438431035,0.822024258709528,0.5892609849323893,-0.04189643663519702
2023,34.7696,-2.6054,7,2915,365,0.7433728751392363,1.0017403729196177,0.7477035382467124,-0.1424313527648879,0.7384311289458412,1.0113394006783116,0.6475885802199995,-0.00285303310279539,0.8246001427881227,0.8281681342645402,0.5703607692303331,-0.0019109131851442638,0.8173291055337261,0.8451593022775269,0.5980202301851436,-0.06226037942178731,0.8262099160295986,0.8243590209204051,0.5769097230853613,-0.014176415448583082,0.8289192918306557,0.817907928090731,0.5715245778857709,-0.011977359782739002,0.8252522889547405,0.8266271135476972,0.5820860508827844,-0.028547188597446562,0.8288339112478833,0.8181119976950642,0.575083342126259,-0.020340686024478884
2023,34.7696,-3.1054,6,2915,365,0.7499918408933727,0.97553904396967,0.7007920013728968,-0.1395577279828861,0.7276327639284744,1.0182279088766528,0.6354420520524022,-0.002678936392809954,0.8299800413699678,0.8044841977284474,0.5483092414589553,-0.042399130852881224,0.8173374479540263,0.8338584329790015,0.577190774098787,-0.08706656841173342,0.8275877820258821,0.8101241599225691,0.5531420450994299,-0.026177429032058577,0.828753169058093,0.8073815788124604,0.5523325487009734,-0.02603586554627712,0.8275257240156272,0.8102699447482151,0.5540348252969853,-0.02762416423816823,0.8296417765768543,0.8052840845868535,0.5525197208287614,-0.0236667220838451
2023,34.7696,-3.6054,7,2915,365,0.7499918408933727,0.97553904396967,0.7007920013728968,-0.1395577279828861,0.7276327639284744,1.0182279088766528,0.6354420520524022,-0.002678936392809954,0.8276185319044036,0.8100519135045615,0.556689879465961,-0.04806431966677368,0.818218150396214,0.8318457913888854,0.5762897275905915,-0.08253148977956837,0.8268028092824492,0.8119662660427718,0.5568172587085776,-0.03725214412415816,0.8285722086878419,0.8078080552942446,0.5558228342734587,-0.057836178502065246,0.8265966065661656,0.8124494720477862,0.5555301183809209,-0.046705006061739156,0.8290904421532216,0.8065861121360657,0.5560160307355911,-0.05059489254167791
2023,34.7696,-4.1054,5,2915,365,0.7238847634954012,1.0445728171961577,0.776804181468269,-0.21297570717567121,0.734589774017078,1.0241235659405918,0.6433798860739346,-0.0024747122845903582,0.8187520030755645,0.8463113039460529,0.595717836709559,-0.10758672020933302,0.806905722272504,0.8735308267416301,0.6292733900315544,-0.17372784846019823,0.8220606986316159,0.8385509868852987,0.5935163796884223,-0.1350511569917649,0.8211886557749691,0.8406032559815497,0.5986735127664495,-0.14994555833237652,0.8128295549713995,0.8600271672780816,0.6058356903441018,-0.1662568114883472,0.8144773556631395,0.8562330687211727,0.6019033335411728,-0.17685132501940098
2023,34.7696,-4.6054,5,2915,365,0.7238847634954012,1.0445728171961577,0.776804181468269,-0.21297570717567121,0.734589774017078,1.0241235659405918,0.6433798860739346,-0.0024747122845903582,0.8187520030755645,0.8463113039460529,0.595717836709559,-0.10758672020933302,0.806905722272504,0.8735308267416301,0.6292733900315544,-0.17372784846019823,0.8220606986316159,0.8385509868852987,0.5935163796884223,-0.1350511569917649,0.8211886557749691,0.8406032559815497,0.5986735127664495,-0.14994555833237652,0.8128295549713995,0.8600271672780816,0.6058356903441018,-0.1662568114883472,0.8144773556631395,0.8562330687211727,0.6019033335411728,-0.17685132501940098
2023,34.7696,-5.1054,5,2915,365,0.7574794690927793,0.9756234536299431,0.7351228528072492,-0.20028547138822417,0.747746191708073,0.9950086188734599,0.6322393890796,-0.001928942570225417,0.82787824152081,0.8219130273812881,0.6031715154949107,-0.14825494929911454,0.8236264594803671,0.8320026190670881,0.6112990853061455,-0.17454360766108445,0.8283244742175766,0.8208469143820707,0.604609253460601,-0.17395566074612034,0.824432631970742,0.8300989723123011,0.6130835773278736,-0.19037136274367786,0.8278832162804028,0.8219011495998315,0.6017916969581638,-0.17296476105463918,0.8244886355859691,0.8299665665814892,0.6137375121237735,-0.19177684651859092
2023,34.7696,-5.6054,6,2915,365,0.7574794690927793,0.9756234536299431,0.7351228528072492,-0.20028547138822417,0.747746191708073,0.9950086188734599,0.6322393890796,-0.001928942570225417,0.831609546114287,0.8129553822256167,0.6018550458518267,-0.16213201571710698,0.8286137249961676,0.8201551130836106,0.6076953718254615,-0.18338131543629693,0.8316239582985054,0.8129205919118928,0.5930231657713215,-0.1573449995417369,0.8285336571896619,0.8203466697092318,0.6039048181697534,-0.18152108283616455,0.8282418392767956,0.8210444453794329,0.6010982283140285,-0.17447956934767347,0.8241910992810031,0.8306697706623688,0.6163135723467066,-0.2008106166381443
2023,34.7696,-6.1054,8,2915,365,0.8118319932801544,0.8186499019037996,0.6336020261469426,-0.1121889627299737,0.7498019336011434,0.9439897885628157,0.6222752763064328,0.00018854244337936663,0.8523945468451781,0.725064301383131,0.5571414601774259,-0.1196187981883486,0.8499704646495834,0.7309938177918571,0.5640158883357169,-0.131720526079087,0.8511240992619075,0.7281779484224425,0.5543640723660122,-0.12912748752579056,0.8486210982566701,0.7342737404205943,0.5631048767081724,-0.1282831648772067,0.8498732625136788,0.7312305800241149,0.5575747946009068,-0.1350417496511183,0.8465944310574064,0.7391726423513953,0.567679755579457,-0.146519861643546
2023,35.2696,-3.1054,6,2915,365,0.77836363741106,0.8769083234600338,0.6552086803005795,-0.19737383438333742,0.7558414640510578,0.9203852315050055,0.5759594816261443,-0.0011837870454718554,0.818011214004972,0.7946136099453287,0.574697110867307,-0.13861986128101314,0.8187973898286076,0.7928954212777047,0.5693532104877368,-0.1436184551584022,0.8237099616731689,0.7820735018385625,0.5644068334816831,-0.13123903038459642,0.828705836375412,0.7709122880649637,0.5593428634494421,-0.12517474854566005,0.8205899617836311,0.7889637595153983,0.5666560721415552,-0.1351146156511081,0.826059884656603,0.7768435463454891,0.5580454556939252,-0.11550662515092294
2023,35.2696,-5.1054,6,2915,365,0.7477917643886659,1.0235684776773208,0.7477994708931488,-0.1733954602901243,0.7617534092735733,0.9948339965651106,0.6453700171414378,0.00013998996427176354,0.8224504091335499,0.8588100314856775,0.6294927841555317,-0.12587310774697455,0.8169070142915555,0.8721137306255461,0.6419020629443349,-0.15884901577060323,0.8246844879225277,0.8533897907094089,0.6172956966339586,-0.10718841671899809,0.8287046992908516,0.84354837878033,0.6127025407895244,-0.12887764047944195,0.8283908138605451,0.8443208937286641,0.6093283101574124,-0.08039780424211679,0.8290484020936154,0.8427016669250266,0.6057960942721446,-0.08489316810518358
2023,35.2696,-5.6054,7,2915,365,0.7477917643886659,1.0235684776773208,0.7477994708931488,-0.1733954602901243,0.7617534092735733,0.9948339965651106,0.6453700171414378,0.00013998996427176354,0.8206020451320148,0.8632687394723654,0.630220385173766,-0.1580073126659658,0.8202921086781472,0.8640141297698156,0.6385718764654112,-0.1801805910215122,0.8240466488904348,0.8549407975609947,0.6243978232795979,-0.15517900810062607,0.8273595292028538,0.8468540650280075,0.6229263035510471,-0.162891451561864,0.8305529158610556,0.8389852402839079,0.612664176982618,-0.14551391969407207,0.8321785187268906,0.8349511087200088,0.6164189523540857,-0.16195757957558143
2023,35.2696,-6.1054,9,2915,365,0.8067795588224534,0.8889414436228094,0.6711853747934908,-0.1089643106568408,0.7605415649362564,0.9896045634360957,0.6529925609954096,0.00013259935721950412,0.8505303280379066,0.7818494951094348,0.5698419279257741,-0.07253045529206026,0.8498628326353298,0.7835933257658374,0.5776414854833639,-0.08346582248445383,0.8504533782520706,0.7820507245934109,0.5700621048485227,-0.08782265829848744,0.8518669770433299,0.7783457567620905,0.5633701395038468,-0.07243273023096859,0.8492016558095499,0.7853168317162096,0.5685518582569379,-0.07566234345353766,0.850735962025723,0.7813114924420851,0.5629146416074581,-0.05328178517190006
2023,35.7696,-5.6054,5,2915,365,0.7477917643886659,1.0235684776773208,0.7477994708931488,-0.1733954602901243,0.7617534092735733,0.9948339965651106,0.6453700171414378,0.00013998996427176354,0.8229377789720342,0.857630513885947,0.6314135248655459,-0.128834756861604,0.8243754856736105,0.854141530438278,0.6301231660766043,-0.14999965773738957,0.8275240252613395,0.8464505172559084,0.61396462744059,-0.11279726742802508,0.8293178596776452,0.8420372627671231,0.6113958764151194,-0.1201177184079318,0.8254320983217576,0.8515682613445458,0.6142970532819622,-0.10513632351284176,0.8265576136999706,0.8488186061778555,0.608638518454002,-0.11802476711392632
