fold,lat,lon,k,n_train,n_test,CLIM_r2,CLIM_rmse,CLIM_mae,CLIM_mbe,PERSIST_KC_r2,PERSIST_KC_rmse,PERSIST_KC_mae,PERSIST_KC_mbe,ALL_LIN_r2,ALL_LIN_rmse,ALL_LIN_mae,ALL_LIN_mbe,ALL_KRR_r2,ALL_KRR_rmse,ALL_KRR_mae,ALL_KRR_mbe,PCMCI_LIN_r2,PCMCI_LIN_rmse,PCMCI_LIN_mae,PCMCI_LIN_mbe,PCMCI_KRR_r2,PCMCI_KRR_rmse,PCMCI_KRR_mae,PCMCI_KRR_mbe,LASSO_LIN_r2,LASSO_LIN_rmse,LASSO_LIN_mae,LASSO_LIN_mbe,LASSO_KRR_r2,LASSO_KRR_rmse,LASSO_KRR_mae,LASSO_KRR_mbe
2022,21.7696,-13.1054,5,2550,365,0.5758915963137681,0.8483197896481498,0.5635772555376652,0.19233152046097507,0.5791354696867886,0.8450692949987877,0.5286784004551558,0.0008407357970024708,0.7155473709928535,0.6947461285099883,0.45176704760960895,0.10741709096799212,0.7126432744015014,0.6982836003460032,0.4497837807615023,0.11288737030730396,0.7028365601390762,0.7100989129363522,0.4629579901961378,0.13769492605847464,0.7111509816134766,0.7000944057175212,0.45400675099031523,0.15283513657600759,0.705861686319895,0.7064752608536572,0.4603246132821185,0.1284013835451972,0.7230705294566364,0.685497297570575,0.4435047820575996,0.1350302579423618
2022,21.7696,-13.6054,6,2550,365,0.5758915963137681,0.8483197896481498,0.5635772555376652,0.19233152046097507,0.5791354696867886,0.8450692949987877,0.5286784004551558,0.0008407357970024708,0.7131440454276589,0.6976748923498903,0.45405923232263606,0.10380159986670558,0.7094844552543036,0.7021111128481803,0.4546761462439314,0.1106105677874495,0.7003390401314273,0.7130766942703233,0.46513809220097807,0.12913373862855845,0.7107912396907456,0.7005302301860257,0.4536707564272864,0.15155693205660795,0.7040611857173102,0.7086342255828867,0.46251542335809415,0.11584897034949242,0.7225504540300123,0.6861406799335675,0.4435654805407461,0.1295301733962513
2022,21.7696,-14.1054,5,2550,365,0.5809577456079729,0.8367832726715957,0.5474728016379584,0.18705726033662184,0.5891475543702824,0.8285658308927938,0.5200663633044633,-7.151581724234846e-05,0.7131540266728403,0.6923225223845837,0.4525034421336735,0.10216458470252643,0.7098260159663625,0.6963271320104182,0.45409788018956526,0.1030248246827331,0.7054336390523893,0.7015775057261205,0.4541530206079333,0.1327695445833773,0.7107340511081605,0.6952367776561466,0.44159636353118287,0.15185818112505833,0.6993707166626282,0.7087608528485513,0.4588285161926978,0.11983295116525279,0.7093870825622292,0.6968535846906736,0.44478921815112504,0.13372079575131243
2022,21.7696,-14.6054,5,2550,365,0.5809577456079729,0.8367832726715957,0.5474728016379584,0.18705726033662184,0.5891475543702824,0.8285658308927938,0.5200663633044633,-7.151581724234846e-05,0.7131540266728403,0.6923225223845837,0.4525034421336735,0.10216458470252643,0.7098260159663625,0.6963271320104182,0.45409788018956526,0.1030248246827331,0.7054336390523893,0.7015775057261205,0.4541530206079333,0.1327695445833773,0.7107340511081605,0.6952367776561466,0.44159636353118287,0.15185818112505833,0.6993707166626282,0.7087608528485513,0.4588285161926978,0.11983295116525279,0.7093870825622292,0.6968535846906736,0.44478921815112504,0.13372079575131243
2022,21.7696,-15.1054,4,2550,365,0.5998041012691164,0.7989321257433419,0.5333113609442516,0.17478833236654565,0.6247238486972311,0.7736580540534495,0.5021431966566119,-0.00024414738402666925,0.7292134216099994,0.6571842329500444,0.4412693221838138,0.08468333221426608,0.7268608715003922,0.6600328146246642,0.44018785634129426,0.08210815021400857,0.7174465352740174,0.6713111902316052,0.44382248329816226,0.11863889537760411,0.7220249766574476,0.6658500792094736,0.42977983373748485,0.13588412952595064,0.7186323069241665,0.669901087744762,0.4454605581447151,0.12022130783737425,0.727070316324856,0.6597797074099636,0.42916247687118037,0.12724151290303687
2022,21.7696,-15.6054,2,2550,365,0.5998041012691164,0.7989321257433419,0.5333113609442516,0.17478833236654565,0.6247238486972311,0.7736580540534495,0.5021431966566119,-0.00024414738402666925,0.7280402451010654,0.6586063119825787,0.4431754705501017,0.08906592899630325,0.7235004334535329,0.6640806034089325,0.44121002572093587,0.0853838114428935,0.7186799385437833,0.6698443828971432,0.4410336904345222,0.1190877738336008,0.7235967230096552,0.6639649620078538,0.42713144141102255,0.1269663383275271,0.7186799385437833,0.6698443828971432,0.4410336904345222,0.11908777383360084,0.7235967230096549,0.6639649620078542,0.42713144141102266,0.12696633832752696
2022,21.7696,-16.1054,5,2550,365,0.558241500243787,0.8556937694957398,0.5800346789003868,0.22271621176166725,0.646916749576861,0.7650053468679548,0.500751387742363,0.00039815065471956594,0.7227999726689556,0.6778327479829257,0.45913044933972175,0.11565065041966954,0.7171352385780181,0.6847236624973235,0.45363353804315537,0.12049371857571427,0.7255440971382199,0.6744693216587289,0.4490035497664458,0.1335111480679256,0.7058937003414709,0.6981971570875798,0.45250739333027673,0.16989964119313158,0.7277567755697787,0.6717450154744925,0.44629622185090806,0.11929161982778816,0.7199971152452921,0.6812510198932351,0.44425481255037363,0.14608288593522264
2022,21.7696,-16.6054,4,2550,365,0.558241500243787,0.8556937694957398,0.5800346789003868,0.22271621176166725,0.646916749576861,0.7650053468679548,0.500751387742363,0.00039815065471956594,0.7212011819096737,0.6797846861146764,0.4602282099176996,0.1218883614809065,0.7159270349906828,0.6861844384245828,0.45562787417825845,0.1229085444447941,0.7267948313196559,0.6729307409567663,0.44459659820445857,0.11661055565515908,0.7205533838170586,0.6805739787724799,0.4427475869503059,0.1346938789646536,0.7267948313196559,0.6729307409567663,0.4445965982044585,0.11661055565515895,0.7205533838170588,0.6805739787724797,0.44274758695030564,0.1346938789646538
2022,22.2696,-13.1054,6,2550,365,0.6113687100262074,0.8293934988631465,0.5379379071299878,0.15551410525272577,0.6410257648384763,0.7971194096548762,0.49242430333692483,9.911796147225844e-05,0.7443059474060363,0.6727474465459725,0.4295586806907429,0.07415211324365142,0.7379886947867527,0.6810072886429099,0.4343834739944487,0.07946194546774624,0.7381134149388189,0.6808451860144298,0.42711856036017704,0.10518909828207071,0.7376112755209377,0.6814975972157225,0.41944518751029947,0.12666539305007182,0.7345479974640476,0.6854641528234537,0.43428866838072966,0.09049849216561633,0.739011669176483,0.6796765553494666,0.42575543054761117,0.10292941305537968
2022,22.2696,-13.6054,6,2550,365,0.6113687100262074,0.8293934988631465,0.5379379071299878,0.15551410525272577,0.6410257648384763,0.7971194096548762,0.49242430333692483,9.911796147225844e-05,0.7437708877566601,0.673450966817411,0.427716480533935,0.07065133816377886,0.7368964744902543,0.6824252359181897,0.4356175161543599,0.07675609563291386,0.7359782669199921,0.6836150000368463,0.4262422652915081,0.1038760148109803,0.7354640861765425,0.684280344314468,0.41792717432076987,0.12757478673830444,0.7325727409138338,0.6880097319085318,0.4373070570380602,0.08897013491432634,0.7369060664814993,0.6824127961826578,0.4326455007436845,0.0998439171877078
2022,22.2696,-14.1054,6,2550,365,0.6464575273701942,0.7726041646801877,0.5067431417361765,0.14177249478898582,0.6793340855978338,0.7358048508128688,0.4763140191062434,0.0001750936007465931,0.7654950833373959,0.6292340614868184,0.4123460133712288,0.07398987306751106,0.7648449874339964,0.6301056410306453,0.4111031750061716,0.07203165291061632,0.7552988380030308,0.6427680233440576,0.4147415477518344,0.10346261003289689,0.7604397953201776,0.6359801855685513,0.39979791390112046,0.12736894833819007,0.7625324326953159,0.6331963444838632,0.41492440281922915,0.08397501234584465,0.7688801663108158,0.6246760500714748,0.40232670997178166,0.09717262220803403
2022,22.2696,-14.6054,6,2550,365,0.6464575273701942,0.7726041646801877,0.5067431417361765,0.14177249478898582,0.6793340855978338,0.7358048508128688,0.4763140191062434,0.0001750936007465931,0.7654950833373959,0.6292340614868184,0.4123460133712288,0.07398987306751106,0.7648449874339964,0.6301056410306453,0.4111031750061716,0.07203165291061632,0.7552988380030308,0.6427680233440576,0.4147415477518344,0.10346261003289689,0.7604397953201776,0.6359801855685513,0.39979791390112046,0.12736894833819007,0.7625324326953159,0.6331963444838632,0.41492440281922915,0.08397501234584465,0.7688801663108158,0.6246760500714748,0.40232670997178166,0.09717262220803403
2022,22.2696,-15.1054,4,2550,365,0.6729685950747282,0.7347959003285661,0.4976115287625879,0.16480074987733756,0.7145764325979922,0.6864626451848137,0.4588846308602145,0.0004035200814159467,0.7796097275492286,0.6032095454937931,0.4164780215170021,0.09879566566756927,0.7823255102748787,0.59948146788446,0.4093458596692692,0.09392833047065774,0.7729159328971001,0.612301504376561,0.4119938970214843,0.1215047990594088,0.7750923015241297,0.6093602983261667,0.4064433165207645,0.12812955320150962,0.776466875786557,0.6074953227684597,0.4115653404652166,0.12387353896135345,0.7849065679021427,0.5959167177188353,0.39867153154866874,0.11522168400601285
2022,22.2696,-15.6054,4,2550,365,0.6729685950747282,0.7347959003285661,0.4976115287625879,0.16480074987733756,0.7145764325979922,0.6864626451848137,0.4588846308602145,0.0004035200814159467,0.777518333348015,0.6060648670561288,0.4229278341892792,0.10211907632616644,0.7807872585742108,0.6015959323823173,0.4122382172417009,0.097613742245282,0.7754252991557766,0.6089090227535234,0.4117503539901929,0.1206469713520514,0.7764568841229706,0.6075088997743042,0.40592353781083396,0.12653833352207622,0.7745453734527117,0.6101007662750639,0.4138668654117689,0.1253096148376115,0.782230092157761,0.5996128455341045,0.39960096505117954,0.1210270215702949
2022,22.2696,-16.1054,4,2550,365,0.5587587558651892,0.8248015472847613,0.5802938731559311,0.23545223670678095,0.6834414166972208,0.6986158966870554,0.49002892607523363,0.0008826873547808883,0.7378219580544045,0.6357839710495321,0.43416249018209796,0.10605729886048725,0.7283862934638639,0.6471236288838025,0.43706098661325027,0.11684630542754461,0.742109261829279,0.6305641697308851,0.42822205885892756,0.11661697159661365,0.7369331344398876,0.6368607615951312,0.4266904539074885,0.13251064316609706,0.7425137839928531,0.6300694305832748,0.4237717059842596,0.10632223738652964,0.7357247153191733,0.6383218215901941,0.4212246265623469,0.12642226362671413
2022,22.2696,-16.6054,8,2550,365,0.5587587558651892,0.8248015472847613,0.5802938731559311,0.23545223670678095,0.6834414166972208,0.6986158966870554,0.49002892607523363,0.0008826873547808883,0.7317302952519262,0.6431277252053743,0.4439976086962545,0.1097681060444645,0.719308626229644,0.6578485924365578,0.4439744354649143,0.12263414741317241,0.7326784847202008,0.6419901634262569,0.4383717237202558,0.12125920119799659,0.7177767449894166,0.659641263676744,0.4369501628768432,0.134728602870241,0.7306946521808395,0.6443679121957842,0.4390756757067844,0.12614237431879144,0.7203546719572216,0.6566216540806403,0.43283797735600105,0.14659499273292775
2022,22.7696,-13.6054,7,2550,365,0.6113687100262074,0.8293934988631465,0.5379379071299878,0.15551410525272577,0.6410257648384763,0.7971194096548762,0.49242430333692483,9.911796147225844e-05,0.7418870331471932,0.6759221152312647,0.4283737851341673,0.07204829444630055,0.7333483295229136,0.6870113296351964,0.43739449288250637,0.07917666038495048,0.7350438590917181,0.6848236335469438,0.42507903091333143,0.10757784263837952,0.7369332525206654,0.68237753771045,0.4147964389040007,0.13393889513362406,0.7297579478911036,0.6916210610819966,0.4378575672915311,0.09159562027008675,0.7379676382066991,0.681034652722463,0.43087634821713405,0.09974364134060319
2022,22.7696,-14.1054,5,2550,365,0.6464575273701942,0.7726041646801877,0.5067431417361765,0.14177249478898582,0.6793340855978338,0.7358048508128688,0.4763140191062434,0.0001750936007465931,0.763363379481394,0.6320875329548157,0.41439203372208155,0.07506699448114672,0.7603622875760986,0.6360830603407926,0.4152489910920605,0.07331686539305328,0.7595097228710075,0.637213559537438,0.4110416944384223,0.09853132134518341,0.7585062990358316,0.6385415336128853,0.4025220644129931,0.12260921276702134,0.7602388083931467,0.6362469179001687,0.41160177566374373,0.09892472504022845,0.7630121996266576,0.6325563828579247,0.4025938437386795,0.1087780551473638
2022,22.7696,-14.6054,5,2550,365,0.6464575273701942,0.7726041646801877,0.5067431417361765,0.14177249478898582,0.6793340855978338,0.7358048508128688,0.4763140191062434,0.0001750936007465931,0.763363379481394,0.6320875329548157,0.41439203372208155,0.07506699448114672,0.7603622875760986,0.6360830603407926,0.4152489910920605,0.07331686539305328,0.7595097228710075,0.637213559537438,0.4110416944384223,0.09853132134518341,0.7585062990358316,0.6385415336128853,0.4025220644129931,0.12260921276702134,0.7602388083931467,0.6362469179001687,0.41160177566374373,0.09892472504022845,0.7630121996266576,0.6325563828579247,0.4025938437386795,0.1087780551473638
2022,22.7696,-15.1054,4,2550,365,0.6729685950747282,0.7347959003285661,0.4976115287625879,0.16480074987733756,0.7145764325979922,0.6864626451848137,0.4588846308602145,0.0004035200814159467,0.7796174680034043,0.6031989525651882,0.4193481235042368,0.09902988686203776,0.7810167747089422,0.6012809138926237,0.41162702864391126,0.0971470611116933,0.7746897933363611,0.6099053282885921,0.41303883150699655,0.11918114061986429,0.7766461031131328,0.6072517311385706,0.40761090012036194,0.12430531460736315,0.7753836433253793,0.6089654926826549,0.41254416815113026,0.12481375331706002,0.7832359248351467,0.5982265010615732,0.39998644082978907,0.11964837003028791
2022,22.7696,-15.6054,5,2550,365,0.6729685950747282,0.7347959003285661,0.4976115287625879,0.16480074987733756,0.7145764325979922,0.6864626451848137,0.4588846308602145,0.0004035200814159467,0.7773192942987901,0.6063359087307395,0.4224347166482483,0.10198432349754548,0.7799161308684155,0.6027900857573736,0.4125567881708821,0.09845144717486481,0.7733841980625008,0.6116698717151752,0.415759253273878,0.12310594500182123,0.7772471588029812,0.6064341094250345,0.4066208987288598,0.12636942517842276,0.7743472809696965,0.6103687355822501,0.4119262078119948,0.1346502895424049,0.7777772885745793,0.6057120529070846,0.4021355865409421,0.12408748151033969
2022,22.7696,-16.1054,5,2550,365,0.5587587558651892,0.8248015472847613,0.5802938731559311,0.23545223670678095,0.6834414166972208,0.6986158966870554,0.49002892607523363,0.0008826873547808883,0.7363054241714697,0.6376201233854504,0.4352908251944781,0.10959982428818914,0.7273104044670136,0.6484040228312274,0.43727670412002984,0.11733457960384647,0.7369278428321764,0.6368671668114683,0.4347932609656288,0.1189185527719257,0.7340563553868068,0.6403335024944387,0.43020130982307636,0.13353587580786871,0.7376363367789008,0.6360089978091983,0.42970029344484956,0.1066043492079136,0.7285255951233818,0.6469576634808096,0.4308038551883989,0.12363560810653114
2022,23.2696,-13.1054,5,2550,365,0.6842423847699587,0.7579208088892782,0.5099841946217574,0.17865558006431814,0.7382960540537274,0.6900047011124123,0.4557726486687147,0.0007510700319173529,0.7997760970765192,0.6035383560273405,0.41672381559894117,0.10800665724943365,0.7883287464857144,0.6205515361681031,0.42285299551440125,0.11278593619189338,0.7865946268020941,0.6230882897072639,0.4180249323670886,0.12924015499455532,0.7855760414163313,0.6245735220116948,0.41331794282815915,0.14572312591498293,0.7865946268020941,0.6230882897072639,0.41802493236708865,0.12924015499455546,0.7855760414163313,0.6245735220116947,0.4133179428281593,0.14572312591498238
2022,23.2696,-13.6054,5,2550,365,0.6842423847699587,0.7579208088892782,0.5099841946217574,0.17865558006431814,0.7382960540537274,0.6900047011124123,0.4557726486687147,0.0007510700319173529,0.7950631154984711,0.6106002517655339,0.41978129669792885,0.10726596783063895,0.7882879915289368,0.6206112734573622,0.422787053853816,0.1141187243976833,0.783042692518548,0.6282522540451526,0.4225179063510478,0.1306723089747738,0.780988969216625,0.6312187760669512,0.4165864073002501,0.15068461303807074,0.7853049363252853,0.6249682343733727,0.4197576570177233,0.13444526735181653,0.783511222833174,0.627573516093752,0.4156089786187588,0.1501785467421815
2022,23.2696,-14.1054,6,2550,365,0.7040476247995868,0.7238160890266924,0.5007921793153991,0.16172792474973935,0.7717197828504984,0.6356988942359539,0.43049437729225587,0.0007217235072940171,0.815570625069814,0.5713896437496401,0.4094643836964979,0.09053688174948339,0.80827991263251,0.582574037891998,0.41327122628976803,0.09204671899374199,0.8035855619509102,0.5896631958424496,0.41644887339044556,0.1169099143608164,0.8030773338160255,0.5904255884132107,0.4036391929088956,0.12818640943203755,0.8048015286928104,0.5878351122959173,0.40790026973116,0.13117867804800412,0.8058228570794891,0.5862952434895329,0.40496481674143703,0.11385785499895038
2022,23.2696,-14.6054,6,2550,365,0.7040476247995868,0.7238160890266924,0.5007921793153991,0.16172792474973935,0.7717197828504984,0.6356988942359539,0.43049437729225587,0.0007217235072940171,0.815570625069814,0.5713896437496401,0.4094643836964979,0.09053688174948339,0.80827991263251,0.582574037891998,0.41327122628976803,0.09204671899374199,0.8035855619509102,0.5896631958424496,0.41644887339044556,0.1169099143608164,0.8030773338160255,0.5904255884132107,0.4036391929088956,0.12818640943203755,0.8048015286928104,0.5878351122959173,0.40790026973116,0.13117867804800412,0.8058228570794891,0.5862952434895329,0.40496481674143703,0.11385785499895038
2022,23.2696,-15.1054,6,2550,365,0.6945550082967775,0.7284004169664798,0.48328603511942847,0.17124567703409296,0.7330831182436053,0.680913120645949,0.45576251395500905,0.0010559985313827588,0.7909599479823669,0.6025851625866308,0.4048646527317729,0.10898845811115963,0.7877561822877108,0.6071852401493998,0.40530284014155915,0.11874699493182729,0.7845377380526375,0.6117715673424553,0.40614926799032003,0.1430077054374075,0.7881705372043892,0.6065922591508996,0.39506134432546247,0.1439241125698271,0.782788659273579,0.6142496668510155,0.409026944027552,0.14774977985069931,0.7856227621880689,0.6102292445832417,0.39866388983610934,0.14863628507183413
2022,23.2696,-15.6054,4,2550,365,0.6945550082967775,0.7284004169664798,0.48328603511942847,0.17124567703409296,0.7330831182436053,0.680913120645949,0.45576251395500905,0.0010559985313827588,0.7859296318345667,0.6097923327730759,0.4112501792506411,0.11092771493013515,0.7865688240914218,0.6088812633600659,0.4055871520269383,0.1205884080116379,0.7821822398942971,0.6151065127172625,0.4129038306477618,0.13312521894296292,0.7839228078724834,0.6126439446262261,0.40597712214534415,0.13049292547896296,0.7824018906641133,0.6147962930695225,0.4087649844052562,0.14521777115141735,0.7846776272168261,0.6115729383395508,0.3965832725031721,0.1347035621980414
2022,23.7696,-12.1054,5,2550,365,0.6927985292992805,0.7556595461643889,0.5142650714443254,0.1616135600849141,0.729897464524011,0.7085636328675443,0.464036237065319,0.0006750431558671563,0.8009062404310667,0.6083357672664951,0.4132571000261866,0.11790260440659907,0.7942297188410026,0.6184517935648756,0.4139261289571684,0.11762122533576609,0.7961238906907294,0.6155987033616316,0.40938219368831597,0.12204243631574267,0.7965766771478714,0.6149147348260938,0.40437637306952173,0.1178072507967225,0.7947916152845365,0.6176068138642784,0.411814214042437,0.1127985790253474,0.7939635426966157,0.6188516664519145,0.40814341606856513,0.12327764820251512
2022,23.7696,-12.6054,6,2550,365,0.6927985292992805,0.7556595461643889,0.5142650714443254,0.1616135600849141,0.729897464524011,0.7085636328675443,0.464036237065319,0.0006750431558671563,0.8022374956112102,0.6062985148959857,0.4057742630071194,0.11646181208588056,0.7913844645856063,0.6227128837875856,0.4151279003140644,0.11488511916317294,0.7947645167364579,0.6176475911830939,0.4059902517784788,0.13157965337654165,0.7965375705331399,0.6149738383685891,0.40051163706521303,0.1288898935182283,0.7932240249365796,0.619961280454267,0.40694719813524854,0.13198059184657163,0.7968910684224354,0.6144393749265626,0.40095663252584995,0.1340261677257089
2022,23.7696,-13.1054,5,2550,365,0.6842423847699587,0.7579208088892782,0.5099841946217574,0.17865558006431814,0.7382960540537274,0.6900047011124123,0.4557726486687147,0.0007510700319173529,0.7993240368420007,0.6042192983626131,0.4139398906455413,0.11423752861580516,0.7880210268030942,0.6210024395568765,0.4238076786925063,0.11751275946405391,0.7855037688858781,0.624678770758644,0.4206246460319374,0.13073228431782377,0.7817810752980059,0.6300762648099779,0.4151488165779646,0.14806787692275397,0.7871799549054695,0.6222331999143993,0.4177659427133103,0.13640641893429817,0.7820518214189394,0.6296852729401928,0.41574518500304475,0.14880209652386192
2022,23.7696,-13.6054,5,2550,365,0.6842423847699587,0.7579208088892782,0.5099841946217574,0.17865558006431814,0.7382960540537274,0.6900047011124123,0.4557726486687147,0.0007510700319173529,0.796207618976591,0.6088928662554329,0.4166492172863255,0.11278482384076731,0.7876484233691374,0.6215479796346396,0.4237594729259066,0.11939661044984308,0.7831738640747037,0.628062305878483,0.42322748061665305,0.13175326909472612,0.7801359119875878,0.6324468932537267,0.4186624131955718,0.14742793905528268,0.7821640288821479,0.6295231599005845,0.4221286928817145,0.1465473939368021,0.7835098605203685,0.6275754906766923,0.41413136485759783,0.15535621279938916
2022,23.7696,-14.1054,6,2550,365,0.7040476247995868,0.7238160890266924,0.5007921793153991,0.16172792474973935,0.7717197828504984,0.6356988942359539,0.43049437729225587,0.0007217235072940171,0.8175818881872248,0.5682655067737807,0.4068329698584038,0.09196390020486173,0.8094421183258687,0.5808055740484852,0.41206760656507796,0.09544873624632236,0.8048813517749484,0.5877149074393175,0.41537356914749984,0.1137098908327259,0.8060257875235369,0.5859888009966162,0.40206572580041927,0.12492849765218544,0.8063839607273892,0.5854475371309503,0.40788215745401796,0.1306416906410233,0.8070897551252918,0.5843794880964835,0.4024485663163926,0.12886820550345437
2022,23.7696,-14.6054,6,2550,365,0.7040476247995868,0.7238160890266924,0.5007921793153991,0.16172792474973935,0.7717197828504984,0.6356988942359539,0.43049437729225587,0.0007217235072940171,0.8175818881872248,0.5682655067737807,0.4068329698584038,0.09196390020486173,0.8094421183258687,0.5808055740484852,0.41206760656507796,0.09544873624632236,0.8048813517749484,0.5877149074393175,0.41537356914749984,0.1137098908327259,0.8060257875235369,0.5859888009966162,0.40206572580041927,0.12492849765218544,0.8063839607273892,0.5854475371309503,0.40788215745401796,0.1306416906410233,0.8070897551252918,0.5843794880964835,0.4024485663163926,0.12886820550345437
2022,23.7696,-15.1054,5,2550,365,0.6945550082967775,0.7284004169664798,0.48328603511942847,0.17124567703409296,0.7330831182436053,0.680913120645949,0.45576251395500905,0.0010559985313827588,0.7906816808336965,0.6029860998427325,0.4052489572206782,0.1108411196320722,0.7870818540071035,0.6081490314278698,0.40571710594162974,0.12156104328619696,0.7845471214115534,0.611758245903611,0.40415583057701787,0.14094010420196781,0.7878600134521969,0.6070367023413419,0.3938540829300307,0.13894041887625858,0.7833494619969406,0.6134562103148017,0.40901286979023777,0.14928993897741397,0.7879901673460326,0.6068504566599955,0.3958738425399762,0.14885959957801692
2022,23.7696,-15.6054,5,2550,365,0.6945550082967775,0.7284004169664798,0.48328603511942847,0.17124567703409296,0.7330831182436053,0.680913120645949,0.45576251395500905,0.0010559985313827588,0.7857867952788776,0.6099957381131248,0.4116509038042082,0.11356438145474608,0.7850573672466976,0.6110334189049507,0.4056824137117296,0.12365054970200222,0.7824853007063809,0.6146784494446643,0.41287767924417973,0.13400415031772522,0.7829545383293116,0.6140150782361542,0.4057573942135143,0.14227821626312798,0.7814943269022763,0.6160770630466693,0.4131313758616431,0.13434098840055977,0.781583601442583,0.615951195340852,0.4065391785610825,0.13897003561261917
2022,24.2696,-12.1054,8,2550,365,0.6823775892499148,0.7974277642925646,0.5067198813372622,0.18745465008891016,0.7074087216375207,0.7653612529197216,0.49125634638114746,0.0008067476141944068,0.772658373663771,0.6746449361894228,0.4456566467176634,0.11876298732586127,0.7694480748811178,0.6793915800151735,0.43732907769651597,0.12753275535083594,0.7755152064758803,0.6703926550468841,0.43858013109175165,0.11672818276943116,0.7823529569611087,0.6601037034017632,0.4227031246178848,0.12545147860208467,0.7748918475929378,0.6713227971398874,0.4387638574283399,0.12655859876205083,0.7763764114512397,0.6691054848287975,0.42914117331095825,0.13426227862272572
2022,24.2696,-12.6054,8,2550,365,0.6823775892499148,0.7974277642925646,0.5067198813372622,0.18745465008891016,0.7074087216375207,0.7653612529197216,0.49125634638114746,0.0008067476141944068,0.7711847099802953,0.6768279807537515,0.44581379131992016,0.1184161736034321,0.7683937004956708,0.6809433257920872,0.4392762121921489,0.12794465930506987,0.773786352670685,0.6729691946781444,0.43780523033631574,0.12267998582625736,0.7749572757160427,0.6712252294103019,0.42869162881533507,0.13308728927488897,0.7741029057087473,0.6724981686722651,0.4387127873354981,0.12864613937865516,0.7756157885660099,0.6702424509992997,0.43036592810737667,0.1348207339936489
2022,24.2696,-13.1054,6,2550,365,0.7031123155138874,0.7664977050126255,0.4950525095822459,0.17711334726672368,0.7323649519484037,0.7277567804936032,0.47208868413732147,0.0015987371236177285,0.787887473633968,0.6478850011306616,0.42629498173682057,0.10663084134913076,0.7859781838909776,0.6507943743119158,0.425977422719238,0.11136911648705751,0.7846721431214754,0.6527770488895596,0.42941311089028855,0.12234148291483878,0.7837018729365828,0.6542461068799019,0.42123375744389807,0.1190872811716645,0.7855526400143198,0.6514410467880098,0.42809439654862813,0.12279910354881864,0.7818439865639258,0.6570499127554545,0.4230560198007261,0.11678097122133159
2022,24.2696,-13.6054,6,2550,365,0.7031123155138874,0.7664977050126255,0.4950525095822459,0.17711334726672368,0.7323649519484037,0.7277567804936032,0.47208868413732147,0.0015987371236177285,0.7915240892882442,0.6423070774479815,0.4232244534319537,0.10230250050715149,0.7898143419893939,0.6449355355169002,0.42194363052098477,0.10977274394326854,0.7862474835300359,0.6503848042522267,0.43043261143069894,0.11544617266551598,0.7849538016123496,0.6523499783636314,0.42335652961551773,0.11032625056341366,0.7862642899550638,0.6503592352940268,0.4248799554633466,0.13838816450516567,0.7872601661220427,0.6488423304472605,0.4180403418941131,0.13101476590468883
2022,24.2696,-14.1054,7,2550,365,0.703833818854713,0.7452145757525441,0.4860980454407474,0.20766115315923037,0.7463361281400235,0.6896725115741662,0.4512418395630732,0.001979418882319187,0.8025935297221345,0.6084071364895657,0.4175561709286023,0.10509969638169565,0.7974867916291216,0.6162263785927292,0.4168093619410961,0.121083837161851,0.7965677671381242,0.6176230432360929,0.4225531245397144,0.12056577696209074,0.7965043420281108,0.6177193154838875,0.4104108684405014,0.12806965111527607,0.7980419718247552,0.6153811214358663,0.4161230606283117,0.14243493228436555,0.7987987517840661,0.6142270568993711,0.40256305039234935,0.14092905022736119
2022,24.2696,-14.6054,7,2550,365,0.703833818854713,0.7452145757525441,0.4860980454407474,0.20766115315923037,0.7463361281400235,0.6896725115741662,0.4512418395630732,0.001979418882319187,0.8025935297221345,0.6084071364895657,0.4175561709286023,0.10509969638169565,0.7974867916291216,0.6162263785927292,0.4168093619410961,0.121083837161851,0.7965677671381242,0.6176230432360929,0.4225531245397144,0.12056577696209074,0.7965043420281108,0.6177193154838875,0.4104108684405014,0.12806965111527607,0.7980419718247552,0.6153811214358663,0.4161230606283117,0.14243493228436555,0.7987987517840661,0.6142270568993711,0.40256305039234935,0.14092905022736119
2022,24.2696,-15.1054,6,2550,365,0.7413646226087386,0.7132371743976833,0.5046211294902251,0.02691789158470124,0.7664034322956905,0.6778338213620378,0.4586780017447121,0.0010808062159111272,0.8216548991945571,0.5922711766691249,0.41231561377058057,0.05677638491464806,0.8160398910446249,0.6015224422767692,0.411643670469881,0.05793835965527532,0.8202283009684945,0.5946352731793269,0.41504378252418006,0.06381085480997735,0.8169336912062254,0.6000593655684204,0.41844745856030746,0.04873870557089965,0.819100054802414,0.5964983184411649,0.40906793425258486,0.09268135809467923,0.8164665391165917,0.6008244992113975,0.41085020984711196,0.0762041899186735
2022,24.7696,-12.1054,7,2550,365,0.6823775892499148,0.7974277642925646,0.5067198813372622,0.18745465008891016,0.7074087216375207,0.7653612529197216,0.49125634638114746,0.0008067476141944068,0.7716213797830457,0.6761818449946772,0.44752066378312166,0.115658622993589,0.7698422822426825,0.6788105053981768,0.44143801762322415,0.1312653253857699,0.7731812011154793,0.6738687344769172,0.4416898719498136,0.11532436823236335,0.7757683733825804,0.6700145245048101,0.42658929516806404,0.12637763425011722,0.772941552944986,0.6742246326129046,0.44122205393479214,0.12741851923755582,0.7735431112797408,0.6733309102170437,0.4296680499133138,0.14134950278063743
2022,24.7696,-12.6054,6,2550,365,0.6823775892499148,0.7974277642925646,0.5067198813372622,0.18745465008891016,0.7074087216375207,0.7653612529197216,0.49125634638114746,0.0008067476141944068,0.7667772136885158,0.6833155020733058,0.4489775210273153,0.12008515874849253,0.7685334545300058,0.6807378500832381,0.4433228472052887,0.13435152033468084,0.7688644178911956,0.6802509981271709,0.44285814039503824,0.1237709661679973,0.7693080942689832,0.6795977965068281,0.43163178784492884,0.1362708066025122,0.7707964683325885,0.6774019403002509,0.4390488530929317,0.12507484677506875,0.7704877815202057,0.6778579426289691,0.42676260995553006,0.14449189110121108
2022,24.7696,-13.1054,6,2550,365,0.7031123155138874,0.7664977050126255,0.4950525095822459,0.17711334726672368,0.7323649519484037,0.7277567804936032,0.47208868413732147,0.0015987371236177285,0.7896680942810209,0.6451598703826392,0.42490744830555527,0.10693389413419867,0.7875278860434841,0.6484339379539965,0.42550341450201495,0.11508810744403314,0.7846866773705137,0.6527550178703558,0.43068718773158854,0.11469556761095923,0.78580286037439,0.6510608803222628,0.4196222092785271,0.11205343655024144,0.7847449291294726,0.6526667123729416,0.426162507872738,0.13584161887271862,0.7860435764041055,0.650694944422774,0.41538734469871147,0.129276797446601
2022,24.7696,-13.6054,6,2550,365,0.7031123155138874,0.7664977050126255,0.4950525095822459,0.17711334726672368,0.7323649519484037,0.7277567804936032,0.47208868413732147,0.0015987371236177285,0.7920367598229456,0.6415168312167006,0.4236479775812488,0.10655796502295004,0.7894744143965942,0.6454568432467607,0.42478898205352417,0.11452912999849349,0.7879248723483231,0.647827882546872,0.4291847783708916,0.1129833113136273,0.7888027539088782,0.6464856555541627,0.4220791402183395,0.10544456505692845,0.7907280387320211,0.6435322111695391,0.41973642528834026,0.12867929756132823,0.794549057232435,0.6376301391025787,0.4180970552112821,0.11830446614998204
2022,24.7696,-14.1054,7,2550,365,0.703833818854713,0.7452145757525441,0.4860980454407474,0.20766115315923037,0.7463361281400235,0.6896725115741662,0.4512418395630732,0.001979418882319187,0.8037578488674456,0.6066102660818262,0.41927004334534496,0.10933532487814734,0.7985755087598889,0.6145677205187144,0.4194771849003034,0.12151244395173219,0.7968821416517591,0.6171456360611509,0.4235574952419832,0.12143802290234114,0.7992209806737238,0.6135822283641449,0.41072946792222764,0.12916854679941264,0.7981464004599463,0.6152219999572394,0.4180052750528478,0.14189701763874643,0.8005802990666817,0.6115016571662593,0.4032592412704398,0.14161592378875085
2022,24.7696,-14.6054,7,2550,365,0.703833818854713,0.7452145757525441,0.4860980454407474,0.20766115315923037,0.7463361281400235,0.6896725115741662,0.4512418395630732,0.001979418882319187,0.8037578488674456,0.6066102660818262,0.41927004334534496,0.10933532487814734,0.7985755087598889,0.6145677205187144,0.4194771849003034,0.12151244395173219,0.7968821416517591,0.6171456360611509,0.4235574952419832,0.12143802290234114,0.7992209806737238,0.6135822283641449,0.41072946792222764,0.12916854679941264,0.7981464004599463,0.6152219999572394,0.4180052750528478,0.14189701763874643,0.8005802990666817,0.6115016571662593,0.4032592412704398,0.14161592378875085
2022,25.2696,-12.1054,5,2550,365,0.7105513837442685,0.7757168663823181,0.5119968730967526,0.18464622217542837,0.7286398849096284,0.7510874457760645,0.485357800865769,0.0016432752294444557,0.7866080561076689,0.6660494980742443,0.4440464241547111,0.10353066335486846,0.783226828725652,0.6713055861654277,0.445629381595004,0.1230480597421404,0.790931297238139,0.6592680176492384,0.4373369550934368,0.11032549129809414,0.8012511313320743,0.6427910603308179,0.42473224389652925,0.11000096785981528,0.7909312972381389,0.6592680176492385,0.4373369550934369,0.1103254912980944,0.8012511313320743,0.6427910603308179,0.42473224389652936,0.11000096785981472
2022,25.2696,-12.6054,5,2550,365,0.7105513837442685,0.7757168663823181,0.5119968730967526,0.18464622217542837,0.7286398849096284,0.7510874457760645,0.485357800865769,0.0016432752294444557,0.7834659522743688,0.6709352237573436,0.44372015711812096,0.1061630231648953,0.785368329157018,0.6679814447290893,0.4425762765952236,0.1254632038013877,0.7876201591841917,0.6644681076289644,0.43592432798413566,0.11752495313824582,0.795365484700863,0.6522392637951627,0.4252085629228417,0.11880163068903851,0.790294551740837,0.6602711969727474,0.43562756011348647,0.10576494027773381,0.7978083613478544,0.6483344389271029,0.42794608188350225,0.10786446149236574
2022,25.2696,-13.1054,5,2550,365,0.7535406502464662,0.7003810832113201,0.48498041100668104,0.16524058958103666,0.771278375721624,0.6747072419837544,0.4387003283226455,0.0011726981640395255,0.8189239028352727,0.6003331439437202,0.4091593060407542,0.08964705898053381,0.8153015352521177,0.6063081431813272,0.41623972681471266,0.10769248442371679,0.821663030172102,0.5957752396180573,0.40568794664837876,0.0997729798717964,0.8258977079290717,0.5886592906555526,0.3958869535499309,0.09719563281848687,0.8240621728626215,0.5917542291846082,0.4020162321444013,0.10099001717981948,0.8230792467773889,0.5934049274741237,0.4039493229503487,0.09882640834733104
2022,25.2696,-13.6054,5,2550,365,0.7535406502464662,0.7003810832113201,0.48498041100668104,0.16524058958103666,0.771278375721624,0.6747072419837544,0.4387003283226455,0.0011726981640395255,0.8196734861276211,0.5990892846681953,0.409615239509161,0.08980294265271573,0.8162238235591679,0.6047924545225496,0.41682149206152025,0.10703702949784799,0.8229713054690521,0.593585921326488,0.40404563198228494,0.1018087192557698,0.8246339491153474,0.5907918825176454,0.3966712072769868,0.0982183546461177,0.8259145763038693,0.5886307730353836,0.4005993862974456,0.09886651290131367,0.823446662179435,0.5927884384001132,0.40416182995528266,0.09612194599528374
2022,25.2696,-14.1054,6,2550,365,0.7711099489923364,0.7062064329005446,0.4891173350384498,0.14690266421079218,0.7795141254157247,0.6931202657609383,0.46177514495701255,0.0013432715498476245,0.8353791805820634,0.5989086572311363,0.414916312351401,0.08247329338454147,0.8301967039311704,0.6082628176185727,0.4203452086699937,0.10241244462709943,0.8372301573904608,0.5955321103652129,0.41021615478677254,0.0962025148833406,0.8325449998720195,0.6040421869336565,0.4153007241027344,0.10758877852476731,0.8362610235034703,0.5973023824176492,0.4113317129221156,0.10262035253815954,0.8306902270842557,0.6073782346023818,0.4167739738478214,0.10405490186996695
2022,25.2696,-14.6054,6,2550,365,0.7711099489923364,0.7062064329005446,0.4891173350384498,0.14690266421079218,0.7795141254157247,0.6931202657609383,0.46177514495701255,0.0013432715498476245,0.8353791805820634,0.5989086572311363,0.414916312351401,0.08247329338454147,0.8301967039311704,0.6082628176185727,0.4203452086699937,0.10241244462709943,0.8372301573904608,0.5955321103652129,0.41021615478677254,0.0962025148833406,0.8325449998720195,0.6040421869336565,0.4153007241027344,0.10758877852476731,0.8362610235034703,0.5973023824176492,0.4113317129221156,0.10262035253815954,0.8306902270842557,0.6073782346023818,0.4167739738478214,0.10405490186996695
2022,25.7696,-12.1054,6,2550,365,0.7105513837442685,0.7757168663823181,0.5119968730967526,0.18464622217542837,0.7286398849096284,0.7510874457760645,0.485357800865769,0.0016432752294444557,0.7854981155063012,0.6677794522116811,0.4459283715631391,0.10697746628621589,0.7810720580879045,0.6746337947745541,0.4476324831869605,0.12534332671737208,0.7884236522852914,0.6632099809976139,0.4402673183793251,0.10270658670243073,0.7959080869764513,0.6513739615230556,0.4284542292102701,0.11142388621659276,0.789430560651989,0.661629964846503,0.43720669361466497,0.11316374753718476,0.7976215168754546,0.6486339313645622,0.4246690573324101,0.11312371657707108
2022,25.7696,-12.6054,5,2550,365,0.7105513837442685,0.7757168663823181,0.5119968730967526,0.18464622217542837,0.7286398849096284,0.7510874457760645,0.485357800865769,0.0016432752294444557,0.784963145013351,0.6686116589756542,0.44392476097715033,0.10749621673982088,0.7838003486653855,0.6704169565226635,0.4456955398973109,0.12495759170206089,0.7871969056843412,0.6651298900040421,0.43726808536945905,0.11541597561093521,0.7939007603397983,0.6545693870545906,0.428343109078366,0.11566197089027841,0.789574010943812,0.6614045589617403,0.4360143543597915,0.1031524591679583,0.7963659114671419,0.6506429615129019,0.42944129950247173,0.10521262069931302
2022,25.7696,-13.1054,5,2550,365,0.7535406502464662,0.7003810832113201,0.48498041100668104,0.16524058958103666,0.771278375721624,0.6747072419837544,0.4387003283226455,0.0011726981640395255,0.8181558955572024,0.60160490864786,0.41073425345344383,0.09496827287804656,0.8150676422364842,0.6066919210674123,0.4171933574668576,0.11107591215716736,0.8208313236558522,0.5971628760895472,0.40654372766954106,0.09853774439438617,0.8253770239888548,0.5895388787773178,0.3956080151660835,0.09563713375964636,0.8221763950174025,0.5949171155618922,0.4024861105387489,0.10702028069389652,0.8205735193580488,0.5975923479680489,0.40827355334830057,0.09122711334827975
2022,25.7696,-13.6054,5,2550,365,0.7535406502464662,0.7003810832113201,0.48498041100668104,0.16524058958103666,0.771278375721624,0.6747072419837544,0.4387003283226455,0.0011726981640395255,0.81956240955364,0.5992737681906112,0.40933197487114265,0.09181445390742186,0.8142699121549105,0.6079990357341394,0.41943500779996695,0.10923638153218226,0.8220328319065071,0.5951572156334319,0.40518324294995656,0.1012531219926919,0.8235449651741645,0.592623386316868,0.3990996845818634,0.09918307694831108,0.8250496287126191,0.5900912741865488,0.4012571184373384,0.0983508438044524,0.8239944959813512,0.5918680314033862,0.4035105410706495,0.0933264847385917
2022,25.7696,-14.1054,5,2550,365,0.7711099489923364,0.7062064329005446,0.4891173350384498,0.14690266421079218,0.7795141254157247,0.6931202657609383,0.46177514495701255,0.0013432715498476245,0.8352805767295516,0.5990879962135346,0.417797215854371,0.08327403956129742,0.8290795706349863,0.6102604133688192,0.42129741335605053,0.1015975362138496,0.8375501766530485,0.5949463891071984,0.4098396062402228,0.09747320893091184,0.8323431423161415,0.6044061466734679,0.41731969443717143,0.10706727311312614,0.8355003790408556,0.5986881499723922,0.41195859160307025,0.08894029718557823,0.8313612143571456,0.6061734971521526,0.41827769702719897,0.1021802043001454
2022,25.7696,-14.6054,5,2550,365,0.7711099489923364,0.7062064329005446,0.4891173350384498,0.14690266421079218,0.7795141254157247,0.6931202657609383,0.46177514495701255,0.0013432715498476245,0.8352805767295516,0.5990879962135346,0.417797215854371,0.08327403956129742,0.8290795706349863,0.6102604133688192,0.42129741335605053,0.1015975362138496,0.8375501766530485,0.5949463891071984,0.4098396062402228,0.09747320893091184,0.8323431423161415,0.6044061466734679,0.41731969443717143,0.10706727311312614,0.8355003790408556,0.5986881499723922,0.41195859160307025,0.08894029718557823,0.8313612143571456,0.6061734971521526,0.41827769702719897,0.1021802043001454
2022,26.2696,-10.1054,5,2550,365,0.6585429243004305,0.8507664710295325,0.5788920978370646,0.22975900130077226,0.688767991152863,0.812240116600523,0.5531665837405138,0.004531713466743414,0.75785723912842,0.7164370756238055,0.4990804708617294,0.16343480344854638,0.7492133412789381,0.7291124636022027,0.505981254511797,0.1840797632995229,0.7600508524689464,0.7131845285464943,0.4906414208349859,0.16357747201393533,0.7614187927860896,0.7111487048874254,0.4859801197469772,0.1821318397384879,0.75704176845286,0.7176424438244353,0.4954677176971603,0.1645882403575522,0.7567057998092254,0.7181384592565959,0.4923540354328642,0.16624531636455084
2022,26.2696,-10.6054,5,2550,365,0.6585429243004305,0.8507664710295325,0.5788920978370646,0.22975900130077226,0.688767991152863,0.812240116600523,0.5531665837405138,0.004531713466743414,0.7534643213601807,0.7229066123298803,0.5002240577438346,0.1640736474360084,0.7462892142795291,0.7333508044422758,0.5104398439553732,0.18504209926220264,0.75476487791568,0.7209973062186265,0.49752167628543564,0.16864306430314813,0.7557273643458664,0.7195810483186655,0.49353582831718756,0.16926826397932873,0.7585364458916533,0.715431572470406,0.4924757169579277,0.15884445475972306,0.7589002509794378,0.714892410858986,0.49249827083052977,0.16049679996674268
2022,26.2696,-11.1054,5,2550,365,0.6789533358888186,0.8170143589741342,0.5572673608241,0.22913102860734952,0.698092497390645,0.792287057108334,0.5510968486494531,0.0031005567986492843,0.7564231554204518,0.7116453378051661,0.49610523336847695,0.16141247541033416,0.7501820554339932,0.7207048154647734,0.5026533269777024,0.17824258063631573,0.7679374701734207,0.6946213370910173,0.4823297212040757,0.14796842073115354,0.7732126988008227,0.6866809114194153,0.4824140201556874,0.15546825356801136,0.764376341166261,0.6999307217747296,0.4848265192433283,0.16282586584253728,0.7702422472658175,0.6911633418586425,0.4836213886668246,0.16372802991672047
2022,26.2696,-11.6054,4,2550,365,0.6789533358888186,0.8170143589741342,0.5572673608241,0.22913102860734952,0.698092497390645,0.792287057108334,0.5510968486494531,0.0031005567986492843,0.7551848600211342,0.7134519750330106,0.49528640523897044,0.1683038840755878,0.7457090822606428,0.7271282752876248,0.5072065081048301,0.18278403633299906,0.7648133041566755,0.6992814114488759,0.4836109511059563,0.16347737848749563,0.7647833753550268,0.6993259037378754,0.4862823234169665,0.16076353013669403,0.7648133041566755,0.699281411448876,0.4836109511059563,0.1634773784874957,0.7647833753550269,0.6993259037378752,0.48628232341696614,0.1607635301366941
2022,26.2696,-12.1054,4,2550,365,0.7682161415614099,0.6975171068963603,0.5058736136524071,0.170539385709258,0.7708704848917001,0.6935116919528037,0.4911860198359402,0.0019949545362298177,0.8198945014676096,0.6148607282999555,0.4480335677436936,0.10880444790740183,0.8151146637784276,0.6229662272149034,0.45498524782259525,0.12415005871688525,0.8211889953829898,0.6126471123414438,0.4401668457823094,0.1216011379993293,0.8257070471713511,0.604857657355378,0.441709841076869,0.10715955566014303,0.8211889953829898,0.6126471123414438,0.4401668457823094,0.12160113799932937,0.825707047171351,0.6048576573553781,0.44170984107686934,0.10715955566014271
2022,26.2696,-12.6054,5,2550,365,0.7682161415614099,0.6975171068963603,0.5058736136524071,0.170539385709258,0.7708704848917001,0.6935116919528037,0.4911860198359402,0.0019949545362298177,0.8196262284210087,0.6153184855118313,0.44773483218385934,0.10786298063651643,0.8164617333545021,0.6206926207152922,0.4560324623138313,0.12168980770603399,0.8283056770600526,0.6003316453713303,0.43140773642152025,0.09309588532065048,0.8284462925838343,0.600085762926599,0.43597792138315694,0.09167239321877128,0.8260543251416212,0.6042547687322156,0.4329854389870272,0.11831138170860481,0.8266108571357081,0.6032873502350493,0.4366538101907924,0.10621995492695704
2022,26.2696,-13.1054,6,2550,365,0.7936011792256339,0.6532816542169345,0.4841533407870436,0.04787642243455007,0.7966866612014705,0.6483802725205876,0.4565545681247607,0.0012033386740745913,0.8389081051533634,0.5771433572343664,0.42119484041692995,0.04882486496096652,0.8351588084565904,0.5838210222223573,0.42379870532375113,0.06131238122763593,0.8431490214291762,0.5694957307390331,0.4131132645574406,0.0481704362299197,0.8398866330736883,0.5753878029670623,0.4152561234908832,0.05305748309766708,0.8400222280070784,0.5751441125200708,0.4161174871007207,0.07736171761380958,0.8395024338077076,0.5760777238701477,0.41631336644868944,0.06608481048955549
2022,26.2696,-13.6054,5,2550,365,0.7936011792256339,0.6532816542169345,0.4841533407870436,0.04787642243455007,0.7966866612014705,0.6483802725205876,0.4565545681247607,0.0012033386740745913,0.8408097513886614,0.5737267336280008,0.4187778735510392,0.040394713411769125,0.8329857958232043,0.5876565222998624,0.42723733902045924,0.05237782786325996,0.8445965287161287,0.5668618296257368,0.41253945648475715,0.04454804456211892,0.8383233192152615,0.5781899635108805,0.417281804886752,0.04977536022114086,0.8412759679540088,0.5728859879226982,0.413896615969928,0.07328983135697763,0.833771933038036,0.5862718389385041,0.4211486590274169,0.06486607295479424
2022,26.2696,-14.1054,3,2550,365,0.7746083577292852,0.7146934414618048,0.5425427408022916,0.007123128728228189,0.7838869712095471,0.6998280856796562,0.4786826105603167,0.0011658356416935592,0.831374436931736,0.6181766535096344,0.4537754049919537,0.015239226192871347,0.827411315301736,0.6253988124406474,0.4626804600412332,0.011232030086874024,0.8315179698472022,0.6179135036494046,0.4502686822515419,0.02544793661805004,0.8310171230323109,0.6188312583594693,0.45021813637032704,0.03408014226835454,0.831674555922613,0.61762629455627,0.446159705226008,0.03551325523695932,0.8341180489880038,0.6131270263778295,0.4435580242909525,0.031317378432974066
2022,26.2696,-9.1054,6,2550,365,0.6880143909774292,0.8489265842298475,0.5611706066359645,0.21937557767211452,0.7026773459343147,0.8287372374804073,0.5581011756942501,0.004366120217846408,0.7920062145713529,0.6931512845505498,0.47322763048766436,0.13243297293774767,0.7744104432366844,0.7218755764394253,0.49117961651177544,0.15512215285686615,0.7860517642774089,0.7030030474643104,0.4730136984369988,0.13811997508840715,0.77460783739894,0.7215596814763717,0.47840806432677524,0.15683333255458495,0.7797613655953083,0.7132628518152865,0.4789492027087397,0.15626636336007804,0.7745811612254339,0.7216023801255493,0.4841421278591296,0.1608178755918183
2022,26.2696,-9.6054,6,2550,365,0.6880143909774292,0.8489265842298475,0.5611706066359645,0.21937557767211452,0.7026773459343147,0.8287372374804073,0.5581011756942501,0.004366120217846408,0.7920062145713529,0.6931512845505498,0.47322763048766436,0.13243297293774767,0.7744104432366844,0.7218755764394253,0.49117961651177544,0.15512215285686615,0.7860517642774089,0.7030030474643104,0.4730136984369988,0.13811997508840715,0.77460783739894,0.7215596814763717,0.47840806432677524,0.15683333255458495,0.7797613655953083,0.7132628518152865,0.4789492027087397,0.15626636336007804,0.7745811612254339,0.7216023801255493,0.4841421278591296,0.1608178755918183
2022,26.7696,-10.1054,4,2550,365,0.6585429243004305,0.8507664710295325,0.5788920978370646,0.22975900130077226,0.688767991152863,0.812240116600523,0.5531665837405138,0.004531713466743414,0.7583635182860886,0.7156877099371426,0.49403391988626033,0.1586052902473297,0.7504592289873058,0.7272991229785376,0.5040270044773434,0.17721919699671607,0.7607545790458751,0.7121379413045887,0.48733382761146526,0.16167806346216046,0.7605246429527652,0.7124800730171994,0.489369563428675,0.16400600507358898,0.7587498708582934,0.715115324506779,0.4918647858855865,0.16137021685042807,0.7592584180065014,0.7143612073723556,0.4918229758440426,0.1599434426719403
2022,26.7696,-10.6054,5,2550,365,0.6585429243004305,0.8507664710295325,0.5788920978370646,0.22975900130077226,0.688767991152863,0.812240116600523,0.5531665837405138,0.004531713466743414,0.753221015028522,0.7232632430260816,0.499696528809963,0.16311462956682266,0.747220385136592,0.7320037930794722,0.5099540215992024,0.18058776013844238,0.7548184428795062,0.7209185607611812,0.49708225951352536,0.1682456261328836,0.7577737630235052,0.7165605569594606,0.4916948034958926,0.1679542446330818,0.7540806203999177,0.7220024725355113,0.5009171833113849,0.1662457653521963,0.7581474008569232,0.7160076906327005,0.49318027178614576,0.15896633888429432
2022,26.7696,-11.1054,3,2550,365,0.6789533358888186,0.8170143589741342,0.5572673608241,0.22913102860734952,0.698092497390645,0.792287057108334,0.5510968486494531,0.0031005567986492843,0.758088343806964,0.7092086204934673,0.4944625573511192,0.16827527072936557,0.7515613060210744,0.7187125479331836,0.5019879218871981,0.18351737686293723,0.7686864876405345,0.6934994325389626,0.47997600215944985,0.15437754328245024,0.7678568092804918,0.6947420457412424,0.4849367809098134,0.15609787736365213,0.7686864876405344,0.6934994325389627,0.47997600215944985,0.15437754328245035,0.7678568092804916,0.6947420457412428,0.48493678090981385,0.15609787736365252
2022,26.7696,-11.6054,3,2550,365,0.6789533358888186,0.8170143589741342,0.5572673608241,0.22913102860734952,0.698092497390645,0.792287057108334,0.5510968486494531,0.0031005567986492843,0.7593277640874713,0.7073894929229559,0.49066128769627476,0.17181082212732526,0.7482716780890386,0.7234552103804948,0.5060079709949151,0.18445912405375642,0.7690209313278396,0.6929979045439744,0.47987081296086964,0.15307492712007334,0.7684824674157619,0.693805200939756,0.485007369888498,0.1535389547783435,0.7690209313278396,0.6929979045439744,0.47987081296086964,0.1530749271200733,0.7684824674157619,0.693805200939756,0.48500736988849824,0.15353895477834398
2022,26.7696,-12.1054,4,2550,365,0.7682161415614099,0.6975171068963603,0.5058736136524071,0.170539385709258,0.7708704848917001,0.6935116919528037,0.4911860198359402,0.0019949545362298177,0.8223712423734981,0.6106184301671135,0.44347655163163485,0.11545395869447887,0.8167516133340829,0.620202266666776,0.4528129185052548,0.1286851629986965,0.8249009781816692,0.6062547149528598,0.4361156768720355,0.10416465071546471,0.8258856832533129,0.6045476129733285,0.44325879695954884,0.1045594455836577,0.8231815132363297,0.6092241406087936,0.4356435935156278,0.12962919433803455,0.8242724065957634,0.6073419086454798,0.4361166736928659,0.1269659654107686
2022,26.7696,-12.6054,4,2550,365,0.7682161415614099,0.6975171068963603,0.5058736136524071,0.170539385709258,0.7708704848917001,0.6935116919528037,0.4911860198359402,0.0019949545362298177,0.8208646933627957,0.6132024268552375,0.4439416130052003,0.11807292287148424,0.816821896529506,0.6200833188868824,0.4539961319056425,0.12901770084044412,0.8279674136794587,0.6009227257493317,0.4312055737165051,0.10140907179714044,0.8246117127061672,0.6067552779732911,0.4404164238062216,0.09949237706736044,0.8270897013130226,0.6024537329897512,0.4313766757365485,0.1181576364886404,0.8264694907189842,0.6035332341272808,0.4377565474990304,0.10325911757246156
2022,26.7696,-13.1054,5,2550,365,0.7936011792256339,0.6532816542169345,0.4841533407870436,0.04787642243455007,0.7966866612014705,0.6483802725205876,0.4565545681247607,0.0012033386740745913,0.8421845629565918,0.5712439290837749,0.41717543973590515,0.04991863219225271,0.8358325974939094,0.5826266150413925,0.42269410744166,0.06120896644038692,0.8455441275888044,0.5651309191618931,0.4114257525146337,0.0431027453886067,0.8409291714261351,0.573511496442134,0.41409221489006043,0.051978578989014285,0.8418800468405331,0.5717947913855262,0.41295438300589266,0.0761751019274168,0.8392226250593702,0.5765796672864386,0.41685144970441973,0.0669911004515192
2022,26.7696,-9.1054,5,2550,365,0.6880143909774292,0.8489265842298475,0.5611706066359645,0.21937557767211452,0.7026773459343147,0.8287372374804073,0.5581011756942501,0.004366120217846408,0.7930888897525123,0.6913448920300933,0.4707134610651519,0.12803114549830813,0.7764554226718431,0.7185962104051078,0.4908854823574514,0.14885448706068574,0.7841432578237865,0.7061316243889935,0.47557296991389497,0.14167874117321563,0.7733163071405562,0.7236240499933914,0.4809502637280652,0.15913121609017625,0.7799614389065366,0.7129388003941752,0.4816860347903447,0.14104878644771474,0.7753922785264019,0.7203029509212276,0.4854514692261817,0.15016836933348865
2022,26.7696,-9.6054,5,2550,365,0.6880143909774292,0.8489265842298475,0.5611706066359645,0.21937557767211452,0.7026773459343147,0.8287372374804073,0.5581011756942501,0.004366120217846408,0.7930888897525123,0.6913448920300933,0.4707134610651519,0.12803114549830813,0.7764554226718431,0.7185962104051078,0.4908854823574514,0.14885448706068574,0.7841432578237865,0.7061316243889935,0.47557296991389497,0.14167874117321563,0.7733163071405562,0.7236240499933914,0.4809502637280652,0.15913121609017625,0.7799614389065366,0.7129388003941752,0.4816860347903447,0.14104878644771474,0.7753922785264019,0.7203029509212276,0.4854514692261817,0.15016836933348865
2022,27.2696,-10.1054,4,2550,365,0.7017778012089391,0.803210784682949,0.5694073480937115,0.20092129650515117,0.7259253125065094,0.770005825626771,0.5344365876899777,0.004435758811156421,0.7773380443422935,0.6940368927034264,0.49573490976241774,0.1635680001027207,0.7742299844627941,0.6988640144261764,0.4981318704027655,0.16475071973807567,0.7822882857262516,0.6862785829744531,0.4891063478759399,0.15630429282389705,0.7786926881016041,0.6919224608092622,0.49157249052631746,0.1515053702279092,0.7789789549998619,0.6914748059394105,0.491415065398705,0.17182418018169615,0.7759192731384053,0.6962445351628296,0.49263643917408845,0.16328032928902045
2022,27.2696,-10.6054,4,2550,365,0.7017778012089391,0.803210784682949,0.5694073480937115,0.20092129650515117,0.7259253125065094,0.770005825626771,0.5344365876899777,0.004435758811156421,0.7744016850986739,0.6985982169097827,0.5041573774555568,0.16445808884197877,0.7733977915788246,0.7001508432061548,0.5023638741135098,0.1659938626458872,0.7826155710062372,0.6857625488329829,0.4890844282982546,0.15568170251477126,0.7790635383182192,0.6913424818198027,0.49099476357650057,0.14779365924084284,0.7782938731589055,0.6925456322830814,0.4923377679904485,0.16963199484763922,0.7766862700080319,0.6950519401172331,0.49225573113912646,0.1615923082379916
2022,27.2696,-11.1054,6,2550,365,0.6420965697200605,0.8410174306412568,0.6361400366098158,0.1783313158862553,0.6332410300696976,0.8513584260156168,0.612023136455638,0.0050396626900113435,0.7166145502453757,0.748360472395588,0.5455278797044731,0.12756512398525904,0.7095226440835158,0.7576667135423883,0.5523598134035609,0.1452052617433789,0.7248248713083705,0.7374399403194951,0.5333496723833352,0.12364216242984732,0.7255216401108728,0.7365057155910615,0.5373082423330727,0.12758774688351504,0.7226673284845171,0.7403252877451991,0.5369362118355878,0.14394946049377227,0.7270371274536678,0.7344696533690954,0.5363861581961693,0.1428435036285293
2022,27.2696,-11.6054,5,2550,365,0.6420965697200605,0.8410174306412568,0.6361400366098158,0.1783313158862553,0.6332410300696976,0.8513584260156168,0.612023136455638,0.0050396626900113435,0.7197215602407154,0.7442466905054861,0.537035852137276,0.12399544908533273,0.7047951676760051,0.7638072875174817,0.5583191209974135,0.14791179580379052,0.7235535872098224,0.7391414301706932,0.5371735582600718,0.12839294659412392,0.7270201930305562,0.734492436004064,0.5354498409690918,0.1255702608697416,0.7259376082170816,0.7359474219462515,0.5360597353947086,0.12607956826739658,0.7327292257558279,0.7267713561839262,0.5350657574261533,0.1040369881143359
2022,27.2696,-12.1054,7,2550,365,0.7185124098197999,0.798170813308005,0.6003088711076024,0.12172349375931973,0.7200953076662577,0.7959234601769886,0.5734085175603345,0.0034281816401241336,0.7827546131354167,0.7011993388482902,0.5189105413369125,0.09141205091269518,0.7727140799675225,0.7172201506196597,0.5315760301839481,0.10186498590080373,0.7820851590531801,0.7022789007345658,0.5188336613701846,0.08627996238586726,0.7796372914031879,0.7062122836990196,0.5320810484308133,0.07393255216818628,0.78580736811273,0.6962552453165687,0.5109263264664097,0.08947728806880621,0.7824112165945809,0.7017533076872524,0.5240160558872237,0.07977065958072842
2022,27.2696,-12.6054,7,2550,365,0.7185124098197999,0.798170813308005,0.6003088711076024,0.12172349375931973,0.7200953076662577,0.7959234601769886,0.5734085175603345,0.0034281816401241336,0.7832640281839662,0.7003767410817474,0.5189308935333014,0.08511564954914196,0.7732038298781039,0.7164470100541523,0.5347192464230496,0.08985187588556855,0.78432232425111,0.6986647203096841,0.5166438619350587,0.08171017851755932,0.7801814068795461,0.7053398617464985,0.5299720845519198,0.07580648691568923,0.7875293229670794,0.6934509017737704,0.5078623773532667,0.09232072668398081,0.7836210312384468,0.6997996802402742,0.5192672509076202,0.08625167104815311
2022,27.2696,-13.1054,4,2550,365,0.7730139333728008,0.7592923929375806,0.5995063081402501,-0.07070530479536877,0.795578468449728,0.7205643443749328,0.49725913859944987,0.0012662477647787504,0.8324284715593707,0.6523934089277729,0.4886670218759916,-0.016034536891749208,0.8231534506561322,0.6702051247990048,0.5098572879446479,-0.018674217549457583,0.8338006565807117,0.6497168067517289,0.4904841803512599,-0.012424980464536595,0.8325947434458163,0.6520696617926836,0.49018951995321663,-0.007307801492154755,0.8328646593622118,0.6515437673667547,0.4870997820010446,-0.001506818386250053,0.8355489194054685,0.6462905638412386,0.479010588674468,0.013446345527383803
2022,27.2696,-9.1054,3,2550,365,0.7105752594605241,0.8187839179956234,0.5575758211692966,0.1808191678230102,0.7333979992112083,0.7858382788145837,0.5046959220653647,0.003629300599631972,0.8046809053683556,0.672626275948978,0.4468464692623398,0.11746088526755598,0.7967330403712631,0.6861749719926179,0.4581745434747096,0.1274394879677946,0.801331206703169,0.6783694861112098,0.450466402324697,0.11034349714252205,0.7971485070120231,0.6854733610824538,0.4504944117568163,0.11847111888641755,0.7994301534963018,0.6816074030158874,0.4508649940149219,0.1318767782091668,0.7935415694914364,0.6915407687789306,0.45150367211043785,0.13374567385885297
2022,27.2696,-9.6054,3,2550,365,0.7105752594605241,0.8187839179956234,0.5575758211692966,0.1808191678230102,0.7333979992112083,0.7858382788145837,0.5046959220653647,0.003629300599631972,0.8046809053683556,0.672626275948978,0.4468464692623398,0.11746088526755598,0.7967330403712631,0.6861749719926179,0.4581745434747096,0.1274394879677946,0.801331206703169,0.6783694861112098,0.450466402324697,0.11034349714252205,0.7971485070120231,0.6854733610824538,0.4504944117568163,0.11847111888641755,0.7994301534963018,0.6816074030158874,0.4508649940149219,0.1318767782091668,0.7935415694914364,0.6915407687789306,0.45150367211043785,0.13374567385885297
2022,27.7696,-10.1054,4,2550,365,0.7017778012089391,0.803210784682949,0.5694073480937115,0.20092129650515117,0.7259253125065094,0.770005825626771,0.5344365876899777,0.004435758811156421,0.7690327487305921,0.7068621869935399,0.5113246859625854,0.1653336685959443,0.7701484942572536,0.7051527820807547,0.5071640502226131,0.1552085911907695,0.7815159301404462,0.6874948285667865,0.4896924411864486,0.15806080857275137,0.7781670480306897,0.6927436864201858,0.49206989532923506,0.151981417489201,0.7760198677133605,0.6960882381750035,0.49555613209105526,0.1697023032261231,0.7752927560891552,0.6972171859555976,0.49271366999427807,0.15586380176005715
2022,27.7696,-10.6054,6,2550,365,0.7017778012089391,0.803210784682949,0.5694073480937115,0.20092129650515117,0.7259253125065094,0.770005825626771,0.5344365876899777,0.004435758811156421,0.7702031138657797,0.7050689943823767,0.5129170675559575,0.1632235028604965,0.7708360933598101,0.7040972623930521,0.5086732872827938,0.15419790030075567,0.7773892336290142,0.6939571096629733,0.49684215306656465,0.1522814198183165,0.7791072529209543,0.6912740837455603,0.4948014688695003,0.13763611418953853,0.7746062120779488,0.6982814712329435,0.5023688964194445,0.1587050784131657,0.7791789285760968,0.6911619217496162,0.4969843824354329,0.13701985319878135
2022,27.7696,-11.1054,6,2550,365,0.6420965697200605,0.8410174306412568,0.6361400366098158,0.1783313158862553,0.6332410300696976,0.8513584260156168,0.612023136455638,0.0050396626900113435,0.719162100719058,0.744989109944781,0.5441585373016544,0.11974814423810788,0.710090182277201,0.7569261824272324,0.5522700136895813,0.1297324462321682,0.7236362907565939,0.739030858668076,0.5389657339856866,0.12465332695501337,0.7267003096845668,0.7349226566686878,0.5377943133649685,0.12451510412533388,0.720745993369428,0.7428853140752222,0.5411917464296307,0.13140307975304946,0.7228439554633682,0.7400895018844575,0.542452193112065,0.1266858570766929
2022,27.7696,-11.6054,5,2550,365,0.6420965697200605,0.8410174306412568,0.6361400366098158,0.1783313158862553,0.6332410300696976,0.8513584260156168,0.612023136455638,0.0050396626900113435,0.7255206749913574,0.7365070104388863,0.5356356096896399,0.11701561584348633,0.7063212272252293,0.7618304809177873,0.56125741629242,0.13828465914662558,0.725593892893328,0.7364087715373728,0.5351597962749719,0.13149112357534304,0.7268045092871502,0.734782543174144,0.5348032887212479,0.12769155729658377,0.7270500516647624,0.7344522653757787,0.5352576667735247,0.12552178101541464,0.7239567689790907,0.7386022351002652,0.5404645491533756,0.12801488639903552
2022,27.7696,-12.1054,7,2550,365,0.7185124098197999,0.798170813308005,0.6003088711076024,0.12172349375931973,0.7200953076662577,0.7959234601769886,0.5734085175603345,0.0034281816401241336,0.7859334456019578,0.696050301211493,0.5157522686752055,0.07903370303872301,0.7753994791707635,0.7129705576359817,0.5312220045090288,0.09057765019731165,0.7834427672207195,0.7000878862064772,0.5181439805346434,0.0839574917840244,0.7798226962243793,0.7059151310737463,0.5324263256038447,0.07308387732207498,0.7866826105744953,0.6948312561827275,0.5097051720343637,0.0919901831686116,0.7840600141201699,0.699089453988275,0.5221987127182518,0.08203989997661099
2022,27.7696,-12.6054,7,2550,365,0.7185124098197999,0.798170813308005,0.6003088711076024,0.12172349375931973,0.7200953076662577,0.7959234601769886,0.5734085175603345,0.0034281816401241336,0.7842149717680118,0.698838577111273,0.5169410365970519,0.07723422365722342,0.7742068369005464,0.7148610096202825,0.5339163741632922,0.08455557616403639,0.7831697945077309,0.7005289813910194,0.5186310788763507,0.08288944559514735,0.7769881071686554,0.7104446175014301,0.5326075466134803,0.07603412810413553,0.7865516878469944,0.6950444484820972,0.5111892589807467,0.0892034138723082,0.7827265316442438,0.7012446564659759,0.5224189479060963,0.08303359952106532
2022,27.7696,-9.1054,3,2550,365,0.7105752594605241,0.8187839179956234,0.5575758211692966,0.1808191678230102,0.7333979992112083,0.7858382788145837,0.5046959220653647,0.003629300599631972,0.7995184649570352,0.6814573296778861,0.4555925596273385,0.1173019193431157,0.7921667363421816,0.6938394775844371,0.466292881560049,0.12767306671670653,0.7923820455476591,0.6934799857134037,0.4634270125586046,0.12558035023759256,0.7904024117319567,0.6967783022049042,0.4613344930757924,0.1386680253578263,0.7976964496956651,0.6845469343317478,0.4529787404905029,0.13118307261027196,0.7937361081422909,0.6912148844983701,0.4514681619652069,0.1333823772214178
2022,27.7696,-9.6054,3,2550,365,0.7105752594605241,0.8187839179956234,0.5575758211692966,0.1808191678230102,0.7333979992112083,0.7858382788145837,0.5046959220653647,0.003629300599631972,0.7995184649570352,0.6814573296778861,0.4555925596273385,0.1173019193431157,0.7921667363421816,0.6938394775844371,0.466292881560049,0.12767306671670653,0.7923820455476591,0.6934799857134037,0.4634270125586046,0.12558035023759256,0.7904024117319567,0.6967783022049042,0.4613344930757924,0.1386680253578263,0.7976964496956651,0.6845469343317478,0.4529787404905029,0.13118307261027196,0.7937361081422909,0.6912148844983701,0.4514681619652069,0.1333823772214178
2022,28.2696,-10.1054,6,2550,365,0.6299776294990126,0.821652079849435,0.6324786477698282,0.10349515597041613,0.6711782926953984,0.7745584716565811,0.5765226342696621,0.001342953610126279,0.7114663642807285,0.725558096022441,0.5457310154494067,0.10533482376776028,0.7095454383669793,0.7279693076432442,0.5476126977154954,0.09337207266462827,0.7227425830708918,0.7112389870921756,0.5375257159727655,0.10690152203334774,0.7205647309667438,0.7140269078635498,0.5351433017867212,0.11037570047701561,0.7115306499934981,0.7254772638214312,0.5453426863143641,0.10977590266418077,0.717568940040696,0.7178442009999518,0.5387297561199225,0.10884668444941535
2022,28.2696,-10.6054,5,2550,365,0.6299776294990126,0.821652079849435,0.6324786477698282,0.10349515597041613,0.6711782926953984,0.7745584716565811,0.5765226342696621,0.001342953610126279,0.7045241353808234,0.7342348166665853,0.5489182700933097,0.09503275433390247,0.7074613329104367,0.7305763470731554,0.5476773547199295,0.08501353094981999,0.6958778532028298,0.7449000306369334,0.5617798162801805,0.11166390067964545,0.6861873586649594,0.756674651736968,0.5656787211082743,0.1292805246797098,0.7159924877531313,0.7198448173436836,0.5428777601968616,0.09134843587814127,0.7142669440731645,0.7220282854555915,0.5412702852673501,0.09182684959870531
2022,28.2696,-11.1054,6,2550,365,0.4779530241700308,0.9927577982260991,0.776334826555085,0.0012276646699892057,0.5499005576947353,0.921812838526771,0.6855186535439152,0.0025970314481108796,0.626179019308863,0.8400794309462895,0.6496378240797789,0.04791787778207653,0.6225144600182679,0.8441870294067757,0.6597847551023187,0.03754699534816352,0.6259513310731968,0.8403352313111648,0.6502150618345729,0.07153674195490758,0.6352214238764364,0.829856838024933,0.6423780810224989,0.08332554378410312,0.6259513310731967,0.8403352313111649,0.6502150618345729,0.07153674195490756,0.6352214238764367,0.8298568380249329,0.6423780810224987,0.0833255437841036
2022,28.2696,-11.6054,6,2550,365,0.4779530241700308,0.9927577982260991,0.776334826555085,0.0012276646699892057,0.5499005576947353,0.921812838526771,0.6855186535439152,0.0025970314481108796,0.6284418791855484,0.8375329345060177,0.6486873889855403,0.035456248804631205,0.6203767576002861,0.8465739724522171,0.6614567644023481,0.03807159049184708,0.6298217374471669,0.8359763116889793,0.6476829634855535,0.05626318722707187,0.6446093269839897,0.8191086797117288,0.6369168590957582,0.060047586491782656,0.6298217374471669,0.8359763116889792,0.6476829634855534,0.05626318722707197,0.6446093269839895,0.819108679711729,0.6369168590957585,0.0600475864917831
2022,28.2696,-9.1054,5,2550,365,0.7428750824842643,0.78426798113217,0.5470135652521718,0.14231519043912083,0.7617500986845831,0.7549336202530099,0.5066795547985634,0.0035544410100058965,0.8039299072564734,0.6848541300099423,0.47031519295213203,0.11546208897233456,0.8057982755711144,0.6815833032169973,0.47100987398888444,0.10241375023052614,0.8037523103860519,0.6851642242696814,0.4675588085807155,0.12495064275033786,0.8006565865927706,0.6905471659674561,0.4752596978675105,0.12631850920506127,0.8089548041163228,0.6760214287561717,0.4613064230795651,0.11798333430315867,0.8009023984454464,0.6901212751994338,0.4672674587140272,0.11101301784082024
2022,28.2696,-9.6054,5,2550,365,0.7428750824842643,0.78426798113217,0.5470135652521718,0.14231519043912083,0.7617500986845831,0.7549336202530099,0.5066795547985634,0.0035544410100058965,0.8039299072564734,0.6848541300099423,0.47031519295213203,0.11546208897233456,0.8057982755711144,0.6815833032169973,0.47100987398888444,0.10241375023052614,0.8037523103860519,0.6851642242696814,0.4675588085807155,0.12495064275033786,0.8006565865927706,0.6905471659674561,0.4752596978675105,0.12631850920506127,0.8089548041163228,0.6760214287561717,0.4613064230795651,0.11798333430315867,0.8009023984454464,0.6901212751994338,0.4672674587140272,0.11101301784082024
2022,28.7696,-10.1054,7,2550,365,0.6299776294990126,0.821652079849435,0.6324786477698282,0.10349515597041613,0.6711782926953984,0.7745584716565811,0.5765226342696621,0.001342953610126279,0.7037242144846821,0.7352280158934775,0.5490559339609181,0.10665141347133968,0.7044655532707172,0.734307599080068,0.5468189824570182,0.09651779994351775,0.7180149638940909,0.7172771561706062,0.5413974263683345,0.09225952566367283,0.7162349887182811,0.7195374305067224,0.5407043886734009,0.10338732713907664,0.7124620229517445,0.7243051528452416,0.5446991791335116,0.10512175206663758,0.7130586077588905,0.7235533672502816,0.5430195078921025,0.11424312321548488
2022,28.7696,-10.6054,5,2550,365,0.6299776294990126,0.821652079849435,0.6324786477698282,0.10349515597041613,0.6711782926953984,0.7745584716565811,0.5765226342696621,0.001342953610126279,0.70613791497247,0.7322270123081529,0.5465612458676122,0.09536678075313965,0.7065307698866862,0.7317374030668954,0.5463542634707232,0.08719308065686283,0.6939583278502226,0.747247122752596,0.5635492768530292,0.11065276202312564,0.6827999542751377,0.7607475966418987,0.5691352409285753,0.12261783699139706,0.7179811337017635,0.7173201813196136,0.540584559502997,0.09055183154894762,0.7116779994516871,0.725291954123649,0.5427293353532354,0.08907271623933465
2022,28.7696,-8.6054,4,2550,365,0.7176658848162788,0.8530805985774471,0.5768215216229773,0.18920231478890254,0.7569622067315408,0.7914897454018781,0.5162864113692167,0.004718159256943119,0.8080235559647166,0.7034485801239488,0.45481145563096326,0.13023820645592038,0.7997756613176676,0.7184008207439582,0.46546163075172087,0.14845633752059345,0.8027408172538331,0.7130615200176135,0.4613409752188741,0.14584082037281787,0.8014313540017086,0.7154243590435735,0.46303670478220993,0.15507821638660696,0.8069197820440277,0.7054679303245549,0.4559258566926829,0.14160780113791674,0.8005498767506541,0.7170105409321634,0.46201256147512254,0.14459905375975057
2022,28.7696,-9.1054,3,2550,365,0.7428750824842643,0.78426798113217,0.5470135652521718,0.14231519043912083,0.7617500986845831,0.7549336202530099,0.5066795547985634,0.0035544410100058965,0.8056679162592606,0.6818120237013754,0.46466424613988155,0.11432782872070428,0.8058758707426492,0.6814471230222162,0.46754880127713716,0.10419273693945506,0.8038470583197805,0.6849988064446696,0.46689416791305866,0.1313437673243402,0.7993447189614544,0.6928156656231536,0.47741414204552174,0.13486316248283833,0.8100389643770392,0.6741005264022766,0.4560539561681127,0.12252253409810228,0.80463443357109,0.6836226011159301,0.4623333508180944,0.11624474692552951
2022,28.7696,-9.6054,3,2550,365,0.7428750824842643,0.78426798113217,0.5470135652521718,0.14231519043912083,0.7617500986845831,0.7549336202530099,0.5066795547985634,0.0035544410100058965,0.8056679162592606,0.6818120237013754,0.46466424613988155,0.11432782872070428,0.8058758707426492,0.6814471230222162,0.46754880127713716,0.10419273693945506,0.8038470583197805,0.6849988064446696,0.46689416791305866,0.1313437673243402,0.7993447189614544,0.6928156656231536,0.47741414204552174,0.13486316248283833,0.8100389643770392,0.6741005264022766,0.4560539561681127,0.12252253409810228,0.80463443357109,0.6836226011159301,0.4623333508180944,0.11624474692552951
2022,29.2696,-10.1054,7,2550,365,0.5607428400850107,1.0683456120579344,0.818322146246486,1.228736776253399e-05,0.6761709744228444,0.9172975477499754,0.6251870171282499,0.0011778344892279886,0.7261948170837513,0.8434768711056022,0.6257790890198152,0.018870815607461944,0.726812515132615,0.8425249019121087,0.6337319575516946,0.022054809470082325,0.7227475301518906,0.848770072115679,0.6234254958672291,0.02947333021318617,0.7418592353524185,0.8189938528218276,0.6050321765099588,0.03105618739172049,0.7276100868683006,0.8412941258691397,0.6184581640761381,0.0203773524301633,0.7415950508170293,0.8194128300052568,0.6053893335145342,0.023727068049802482
2022,29.2696,-8.1054,2,2550,365,0.715666777802699,0.9044545252551244,0.6553058405942767,0.24019136650766484,0.7392488867040576,0.8661358571723996,0.5822354645900507,0.0049258876705938395,0.7895172421904365,0.7781820257255019,0.5299677354691684,0.20086960221708033,0.7891729550185276,0.7788182028228423,0.5311735604778576,0.19186837110821472,0.7953664772983937,0.7672931533197244,0.5116722240240923,0.21008713613678465,0.7937134456802983,0.7703860206662673,0.514213731796433,0.21509062625694808,0.7952684618787502,0.7674768904610318,0.512752416599304,0.2114352194652301,0.7926452036972228,0.772378142820941,0.5138003953232866,0.2062641960033087
2022,29.2696,-8.6054,5,2550,365,0.715666777802699,0.9044545252551244,0.6553058405942767,0.24019136650766484,0.7392488867040576,0.8661358571723996,0.5822354645900507,0.0049258876705938395,0.7962733991134618,0.7655909697749194,0.5195340787432434,0.18950392776047237,0.7974392391289628,0.7633972523598702,0.5241680254252641,0.1779693032323537,0.8035807826280544,0.7517352592590153,0.5033249921425358,0.18479283082640754,0.7998596476952865,0.7588226098404827,0.5136635291806715,0.1947641884981728,0.8015317050551269,0.7556461987483183,0.5033047371036724,0.18733434639306462,0.7959864879759484,0.7661298765575225,0.5113602594542912,0.2001569879096661
2022,29.2696,-9.1054,7,2550,365,0.7460119456996441,0.8144598505429573,0.5859857542698377,0.09977746559720445,0.7661904922332724,0.781437266052313,0.5236295780027046,0.0018154043824980494,0.8196818689770957,0.6862505939867237,0.48370180066356055,0.05599252745609342,0.8166047732216953,0.6920811947894239,0.4889618259129192,0.05218388097435222,0.8195892934961532,0.6864267321998677,0.4791459856956105,0.04732410953578831,0.8180637471564604,0.6893228224579537,0.4837325961846674,0.0600472144337262,0.8294608243024071,0.667382960988636,0.46201222069566006,0.0702292914127688,0.8240877760888717,0.677814795114176,0.47062425823499016,0.07126944028622964
2022,29.2696,-9.6054,7,2550,365,0.7460119456996441,0.8144598505429573,0.5859857542698377,0.09977746559720445,0.7661904922332724,0.781437266052313,0.5236295780027046,0.0018154043824980494,0.8196818689770957,0.6862505939867237,0.48370180066356055,0.05599252745609342,0.8166047732216953,0.6920811947894239,0.4889618259129192,0.05218388097435222,0.8195892934961532,0.6864267321998677,0.4791459856956105,0.04732410953578831,0.8180637471564604,0.6893228224579537,0.4837325961846674,0.0600472144337262,0.8294608243024071,0.667382960988636,0.46201222069566006,0.0702292914127688,0.8240877760888717,0.677814795114176,0.47062425823499016,0.07126944028622964
2022,29.7696,-5.6054,4,2550,365,0.7587857699862592,0.8043903446288263,0.5317230350506321,0.1585112492124735,0.7692549640174415,0.7867406133947352,0.5205659626261311,0.005840205368259368,0.8342739441803787,0.6667465603467797,0.45202533400348893,0.08219230846633183,0.8236987180214155,0.6876906534322184,0.46556056388138967,0.10613982809552416,0.827317920379089,0.6805954192693934,0.4555927040060491,0.09964532321376145,0.819683219780185,0.6954780993587477,0.45867832666039926,0.11054485993362156,0.825947404286259,0.6832909031473903,0.45400056867446614,0.10632738067791711,0.8163430847734013,0.7018899586446549,0.46337148048648913,0.1129752346533151
2022,29.7696,-6.1054,3,2550,365,0.7323544307181604,0.8379393411083845,0.5780425173912974,0.16936525186275486,0.7474381751672486,0.813985006302555,0.5346715948216658,0.0067813737461886675,0.8172245315422687,0.6924549188967826,0.47154036166096297,0.09462230690689766,0.8064889194940579,0.7125009877709747,0.4846252856882167,0.11497073306691778,0.810763186912357,0.7045881983196853,0.47221576352214595,0.11233235424490161,0.806838884388748,0.7118564169998556,0.47500413433175853,0.11555672104811106,0.810763186912357,0.7045881983196854,0.47221576352214606,0.11233235424490173,0.8068388843887482,0.7118564169998551,0.47500413433175814,0.1155567210481112
2022,29.7696,-6.6054,3,2550,365,0.7323544307181604,0.8379393411083845,0.5780425173912974,0.16936525186275486,0.7474381751672486,0.813985006302555,0.5346715948216658,0.0067813737461886675,0.8126498991232491,0.7010669880117669,0.4784771604902278,0.09717224943429734,0.8040967791520924,0.716891349553532,0.48945429607797575,0.1154515735609679,0.8105934770294265,0.7049040691629566,0.4721707782435438,0.11363261676016619,0.8074989186016651,0.7106391646396396,0.4739073165374918,0.11848337225752968,0.8105934770294265,0.7049040691629566,0.4721707782435438,0.11363261676016614,0.807498918601665,0.7106391646396398,0.4739073165374918,0.11848337225752967
2022,29.7696,-7.1054,3,2550,365,0.7289523677724646,0.8759328537243082,0.611008325972291,0.19107488746091075,0.7577991166659406,0.8280105460357445,0.5343891722513628,0.005917077480772256,0.8167324002486073,0.7202625808646115,0.4805346157123867,0.13178988933590796,0.8049151474786133,0.7431214233658844,0.4971879999687931,0.1448008863768819,0.8157890975390909,0.72211384539327,0.47160391196565943,0.13477174319295548,0.8129385325839412,0.7276795587512701,0.4751659891541444,0.13818021333521235,0.8157890975390909,0.7221138453932698,0.4716039119656594,0.13477174319295546,0.8129385325839411,0.7276795587512705,0.47516598915414454,0.1381802133352125
2022,29.7696,-7.6054,3,2550,365,0.7289523677724646,0.8759328537243082,0.611008325972291,0.19107488746091075,0.7577991166659406,0.8280105460357445,0.5343891722513628,0.005917077480772256,0.8155304213105972,0.7226206779254593,0.4861286364172998,0.12985563926136312,0.8064297518931097,0.740231070502916,0.49627094666762617,0.14037524646921654,0.8135768207965818,0.7264370094906425,0.48044729094666755,0.15556999108816405,0.8135886978016703,0.72641386850163,0.4793054513928094,0.161540452802213,0.8138120490822102,0.7259785566559495,0.47279707957780914,0.1372373072073699,0.8087663955273241,0.7357497316142002,0.48554998996995036,0.139290238693894
2022,29.7696,-8.1054,3,2550,365,0.715666777802699,0.9044545252551244,0.6553058405942767,0.24019136650766484,0.7392488867040576,0.8661358571723996,0.5822354645900507,0.0049258876705938395,0.7934902560104647,0.7708026637177755,0.525003505028666,0.19281339892544128,0.7920082333889917,0.7735635619758415,0.5276107277558058,0.1860516560504394,0.7988715103779568,0.7606935411619521,0.5068893574729968,0.19725064041299759,0.7940353040395035,0.769784789105499,0.5133921628000472,0.204182559290052,0.7988715103779568,0.7606935411619521,0.5068893574729968,0.19725064041299759,0.7940353040395035,0.769784789105499,0.5133921628000472,0.204182559290052
2022,29.7696,-8.6054,4,2550,365,0.715666777802699,0.9044545252551244,0.6553058405942767,0.24019136650766484,0.7392488867040576,0.8661358571723996,0.5822354645900507,0.0049258876705938395,0.8079760118716943,0.7432769676776372,0.502055917516811,0.1658868034932433,0.7999180767051217,0.758711836351649,0.5207022433535619,0.17071193903852147,0.8130310860241652,0.7334282523205854,0.48358742342195987,0.18219284359952487,0.8042148504536276,0.7505209268648225,0.4987541595078008,0.20791992175497928,0.8044194020900268,0.750128761259725,0.49969286374495897,0.17675080967120108,0.7991235444769067,0.7602167792408833,0.5105097160703583,0.18877241978120118
2022,29.7696,-9.1054,6,2550,365,0.7460119456996441,0.8144598505429573,0.5859857542698377,0.09977746559720445,0.7661904922332724,0.781437266052313,0.5236295780027046,0.0018154043824980494,0.8150883987752391,0.69493648679361,0.4912537484414481,0.057179120853962005,0.8167368725205884,0.6918318973807953,0.490683029162588,0.0568214464935894,0.8172777453891017,0.6908102254015311,0.48435230913669486,0.048826861955744746,0.819232615861627,0.6871049407626182,0.4839072846127449,0.05805088317853405,0.8216242105956305,0.6825445272402892,0.4802419998793203,0.06163382718821991,0.8216941747243725,0.6824106572884253,0.47680793521886267,0.06889491818174351
2022,29.7696,-9.6054,6,2550,365,0.7460119456996441,0.8144598505429573,0.5859857542698377,0.09977746559720445,0.7661904922332724,0.781437266052313,0.5236295780027046,0.0018154043824980494,0.8150883987752391,0.69493648679361,0.4912537484414481,0.057179120853962005,0.8167368725205884,0.6918318973807953,0.490683029162588,0.0568214464935894,0.8172777453891017,0.6908102254015311,0.48435230913669486,0.048826861955744746,0.819232615861627,0.6871049407626182,0.4839072846127449,0.05805088317853405,0.8216242105956305,0.6825445272402892,0.4802419998793203,0.06163382718821991,0.8216941747243725,0.6824106572884253,0.47680793521886267,0.06889491818174351
2022,30.2696,-5.1054,2,2550,365,0.7206519915340048,0.9075786176544027,0.6041443753419578,0.22934744484242472,0.722193755985769,0.9050706196491726,0.5966969201981106,0.006241980503066821,0.7948943374169737,0.7776788555177303,0.5225138046936603,0.16875703288512897,0.7885670621468301,0.7895829974785769,0.5210048845405078,0.18069389117911308,0.791370398771378,0.784331088870233,0.5169278824928145,0.19714546826042878,0.7858719886917733,0.7945993536793599,0.5209806368341972,0.20263220781367566,0.7924909432000508,0.7822219415720929,0.5127626379766648,0.19348082228193877,0.7911360644807047,0.7847714484526847,0.5130121467393737,0.17333465924205174
2022,30.2696,-5.6054,3,2550,365,0.7206519915340048,0.9075786176544027,0.6041443753419578,0.22934744484242472,0.722193755985769,0.9050706196491726,0.5966969201981106,0.006241980503066821,0.7931373997297454,0.7810025564117532,0.5190461508022703,0.1713498739363103,0.789286975574355,0.7882376155811527,0.5196176853638472,0.1792445714271138,0.7890787413987922,0.7886270017587081,0.5178262910731783,0.19818956427619913,0.7852547529026623,0.7957437677697627,0.524612437559719,0.2030225392866563,0.7892729934347036,0.7882637674187604,0.515260743844884,0.2021624020681648,0.7870303242841391,0.7924472278560653,0.5153850048483866,0.18479511809608448
2022,30.2696,-6.1054,3,2550,365,0.679902437704772,0.9779168892486125,0.6725930519249381,0.2331060259010843,0.6758867373910589,0.9840318709307311,0.6557399513563681,0.00652108636545654,0.7621191509059484,0.8430250960458767,0.5670109283668854,0.16631080577047225,0.7619871960208102,0.8432588808540181,0.573335660123464,0.16460660460623494,0.7678317047419867,0.8328412351924441,0.5609374467720998,0.17691803095358144,0.7611687125045831,0.8447075448279214,0.5692639118430064,0.17626762406518393,0.7670514015487357,0.8342396249859539,0.5593339593503267,0.18201726050415673,0.7631692062796711,0.8411623944303184,0.5654184058359072,0.17032864031500022
2022,30.2696,-6.6054,4,2550,365,0.679902437704772,0.9779168892486125,0.6725930519249381,0.2331060259010843,0.6758867373910589,0.9840318709307311,0.6557399513563681,0.00652108636545654,0.7591807973677343,0.8482157266374168,0.571080288046359,0.16152973118817293,0.7623314998138432,0.8426487407667673,0.5718939312870428,0.15976435887167187,0.7646409558139468,0.8385446823222619,0.5650735999586683,0.17585362333940188,0.7620241131538463,0.843193481205347,0.5690603870651345,0.16977844899223535,0.7635200788431942,0.8405390586780812,0.563989325371629,0.18739980489655952,0.7619278893151551,0.8433639335873798,0.5634529790020135,0.1733705917868446
2022,30.2696,-7.1054,5,2550,365,0.6586730599576912,1.0353925565733901,0.7618848760070788,0.26378806044156994,0.6874015724531424,0.9908619453158503,0.6796983410832945,0.005707835832260222,0.766851682074979,0.8557283063461725,0.6116790054334729,0.14391936707806588,0.763812495389264,0.8612876376936461,0.6116876164011706,0.15451431055268997,0.7694042457273651,0.8510310550294117,0.5997934315506753,0.16372898559159793,0.7628951706554137,0.862958587211843,0.6042981422662432,0.17373221303398664,0.768426239646389,0.8528338482138496,0.6012711455922151,0.16559409492652302,0.7629593953313599,0.8628417043347448,0.6046176971263849,0.1666285792378803
2022,30.2696,-7.6054,6,2550,365,0.6586730599576912,1.0353925565733901,0.7618848760070788,0.26378806044156994,0.6874015724531424,0.9908619453158503,0.6796983410832945,0.005707835832260222,0.7664175317400161,0.8565246705311155,0.6161101302720136,0.1513001346591241,0.762955870969865,0.8628481187521817,0.6121115904478585,0.153935089800159,0.7693406134749856,0.8511484667478513,0.6005036177187738,0.16359929817778135,0.7679171459504199,0.8537707721016877,0.6013889729410874,0.17202640380537765,0.7695302860877192,0.8507984425026245,0.6002976288928007,0.16328203267535454,0.7611137679725485,0.866194287002558,0.6124441495336687,0.1563500830580206
2022,30.2696,-8.1054,7,2550,365,0.6809826396809657,1.019841653931489,0.7695946719397744,0.19279981946256275,0.7009846818734616,0.9873526726931033,0.6808476588789636,0.004200452896893893,0.7786517101014001,0.8495005669329109,0.5993696366875113,0.20857241823766082,0.7741124875125186,0.8581667803609334,0.6077263346377412,0.19690302313472416,0.7844910687294807,0.8382203960488709,0.5861208609269261,0.18070301463816144,0.7769895729501386,0.8526841145781623,0.6003960843228311,0.19215547833655994,0.7737234681556606,0.8589054220727766,0.6040494748023704,0.23677970632928727,0.7726188914206359,0.860999258197912,0.6095684466096565,0.22120883362933025
2022,30.2696,-8.6054,7,2550,365,0.6809826396809657,1.019841653931489,0.7695946719397744,0.19279981946256275,0.7009846818734616,0.9873526726931033,0.6808476588789636,0.004200452896893893,0.7879111664282556,0.8315425736907314,0.5924089999763525,0.18335072934246177,0.7756815752184173,0.8551810343572341,0.6116640618463346,0.19010575976724262,0.788382462052958,0.8306181489344749,0.5843493115785823,0.1832035378066719,0.7820386934311977,0.842976152637877,0.5958925172587948,0.18790912256801803,0.7793485480022769,0.8481623347172069,0.5993488179004739,0.2106031688550412,0.776246410901726,0.8541036792080596,0.6090895852282596,0.21269137310990754
2022,30.2696,-9.1054,10,2550,365,0.7361817590052768,0.8679269665589173,0.6175918616665186,0.1391563062276236,0.7729320912317179,0.8052090586515176,0.527385050201163,0.0014598365833973458,0.8144555158996281,0.7278716361057231,0.49541233249951994,0.10359253881532932,0.8225819889366104,0.7117535224071241,0.47490182444415224,0.10735096376099915,0.8177460156505346,0.7213886211516096,0.48105787666666944,0.14198299738626638,0.820418833104307,0.716079377487103,0.47489998553552665,0.14360969507076005,0.8214012081870641,0.7141180826737937,0.47623388144601536,0.13265938019465567,0.8295475540540136,0.6976416342519731,0.45911542562350255,0.11541749652707602
2022,30.2696,-9.6054,10,2550,365,0.7361817590052768,0.8679269665589173,0.6175918616665186,0.1391563062276236,0.7729320912317179,0.8052090586515176,0.527385050201163,0.0014598365833973458,0.8144555158996281,0.7278716361057231,0.49541233249951994,0.10359253881532932,0.8225819889366104,0.7117535224071241,0.47490182444415224,0.10735096376099915,0.8177460156505346,0.7213886211516096,0.48105787666666944,0.14198299738626638,0.820418833104307,0.716079377487103,0.47489998553552665,0.14360969507076005,0.8214012081870641,0.7141180826737937,0.47623388144601536,0.13265938019465567,0.8295475540540136,0.6976416342519731,0.45911542562350255,0.11541749652707602
2022,30.7696,-4.1054,3,2550,365,0.7732393079225561,0.8192790768702797,0.5452826463476911,0.13871469553146587,0.7578286784678121,0.8466605663506835,0.5461182287201956,0.005606498810001837,0.8304044695561736,0.7085249990752609,0.46298333564391075,0.10524550137939848,0.8222781761241724,0.7253011359853787,0.47399352251826843,0.11841086124566635,0.8275074786984999,0.7145508036701907,0.4602897976121415,0.12347295774469635,0.8205350083086621,0.7288494803475174,0.4670376334267094,0.11636914298266407,0.8275688064692622,0.7144237671374334,0.4622646636156734,0.1243827664092183,0.8261992140269387,0.7172554302929186,0.465384686673357,0.11758443578466155
2022,30.7696,-4.6054,3,2550,365,0.7732393079225561,0.8192790768702797,0.5452826463476911,0.13871469553146587,0.7578286784678121,0.8466605663506835,0.5461182287201956,0.005606498810001837,0.8304044695561736,0.7085249990752609,0.46298333564391075,0.10524550137939848,0.8222781761241724,0.7253011359853787,0.47399352251826843,0.11841086124566635,0.8275074786984999,0.7145508036701907,0.4602897976121415,0.12347295774469635,0.8205350083086621,0.7288494803475174,0.4670376334267094,0.11636914298266407,0.8275688064692622,0.7144237671374334,0.4622646636156734,0.1243827664092183,0.8261992140269387,0.7172554302929186,0.465384686673357,0.11758443578466155
2022,30.7696,-5.1054,3,2550,365,0.7206519915340048,0.9075786176544027,0.6041443753419578,0.22934744484242472,0.722193755985769,0.9050706196491726,0.5966969201981106,0.006241980503066821,0.7966742961601321,0.7742970557392376,0.5178765472493769,0.1656229084860421,0.790337250484253,0.7862707215722183,0.5175579265981606,0.18050123749701782,0.7905144696768203,0.7859383503707476,0.5165083790794013,0.19766287056673293,0.7882412411220414,0.7901911423328141,0.5197152195709442,0.20023840336979468,0.7909027794465024,0.7852095909734464,0.5135441102707489,0.19885247139660395,0.789552096419901,0.7877415760040636,0.5137652999503116,0.18529896739826004
2022,30.7696,-5.6054,2,2550,365,0.7206519915340048,0.9075786176544027,0.6041443753419578,0.22934744484242472,0.722193755985769,0.9050706196491726,0.5966969201981106,0.006241980503066821,0.7953354140116342,0.7768422122281207,0.5112252140339858,0.16350559618504273,0.7929080491509997,0.7814353890422624,0.5124721339535392,0.1725810667026644,0.791260967913872,0.7845367614381016,0.516757281854332,0.19676573979849368,0.7863125226532215,0.7937815526214426,0.5218539972478423,0.20165810746510596,0.7924909432000508,0.7822219415720929,0.5127626379766648,0.19348082228193877,0.7911360644807047,0.7847714484526847,0.5130121467393737,0.17333465924205174
2022,30.7696,-6.1054,3,2550,365,0.679902437704772,0.9779168892486125,0.6725930519249381,0.2331060259010843,0.6758867373910589,0.9840318709307311,0.6557399513563681,0.00652108636545654,0.7621241733065245,0.8430161965651225,0.5637389504358785,0.15959150717116252,0.7635052285844304,0.840565449981211,0.5697413999892947,0.1577087803939302,0.7659558484988678,0.8361990308677382,0.5625366932060702,0.17785058880174198,0.7612419015059048,0.8445781060944707,0.5684853918024585,0.17407178932859105,0.7654308275388577,0.8371364097366407,0.5610108906440154,0.18236504824472657,0.7641894515777699,0.839348613769492,0.5624111990967082,0.16639698277572584
2022,30.7696,-6.6054,4,2550,365,0.679902437704772,0.9779168892486125,0.6725930519249381,0.2331060259010843,0.6758867373910589,0.9840318709307311,0.6557399513563681,0.00652108636545654,0.7614819071465726,0.844153503794044,0.5676337246829467,0.15963314685227417,0.76227853760505,0.8427426237435319,0.5728661522298423,0.15265138154701607,0.7664263761286753,0.8353580512980284,0.5557590841958522,0.17748629665536375,0.7593042789309057,0.8479982347752105,0.5674966521313164,0.17323145895016206,0.7678863798665454,0.8327431632756345,0.5615648064711156,0.16788101166166974,0.7639536346725511,0.8397681945178259,0.5654038852592765,0.15343312475377255
2022,30.7696,-7.1054,4,2550,365,0.6586730599576912,1.0353925565733901,0.7618848760070788,0.26378806044156994,0.6874015724531424,0.9908619453158503,0.6796983410832945,0.005707835832260222,0.76919007392102,0.8514261719240322,0.606081321575576,0.14398918993274928,0.7641904834061563,0.8605981711532729,0.6078156650856819,0.1450730230027701,0.7719860484588877,0.8462534756386364,0.5939931552645007,0.15745396934620445,0.7697984645914535,0.85030329660583,0.5975689682201027,0.16273509414682158,0.7700244840142071,0.8498857662524909,0.5982218435548012,0.1600185617955881,0.7654913666075134,0.8582210702970935,0.6043168749500634,0.1556187041936444
2022,30.7696,-7.6054,6,2550,365,0.6586730599576912,1.0353925565733901,0.7618848760070788,0.26378806044156994,0.6874015724531424,0.9908619453158503,0.6796983410832945,0.005707835832260222,0.7753995964121884,0.8398950486168345,0.5944528857168392,0.15047005056703594,0.7669425088309645,0.8555616086024203,0.6022361517950778,0.1577763885868327,0.7808636981914867,0.8296156172300103,0.5828001304101215,0.1568508342262111,0.778259712208766,0.834530201357238,0.5843140881066431,0.1762448236293653,0.7796451096017885,0.8319191118046887,0.5880887427808374,0.14281780306059325,0.7768136793459506,0.8372468864758725,0.588618165904007,0.14236705868549046
2022,30.7696,-8.1054,5,2550,365,0.6809826396809657,1.019841653931489,0.7695946719397744,0.19279981946256275,0.7009846818734616,0.9873526726931033,0.6808476588789636,0.004200452896893893,0.7929207041863254,0.8216633715675223,0.5750113552782813,0.19368542974218528,0.7822589629802288,0.8425500932704535,0.5933888157905391,0.19419385910083015,0.7814579062269382,0.8440985171071022,0.5937941970724351,0.2515663890241962,0.7798944669167198,0.8471124558047904,0.5918030049458699,0.24714167062138548,0.7884806922154769,0.8304253453813906,0.581058706752582,0.2248738334185522,0.792185918156187,0.8231198477912315,0.5766537223511826,0.2108100323001113
2022,30.7696,-8.6054,9,2550,365,0.6809826396809657,1.019841653931489,0.7695946719397744,0.19279981946256275,0.7009846818734616,0.9873526726931033,0.6808476588789636,0.004200452896893893,0.7930388241846895,0.8214289958422027,0.5799212817491582,0.17363901217390662,0.7849420989139948,0.8373427973501214,0.5895073967038905,0.1851265573660523,0.780524924979852,0.845898374862199,0.5977066003885533,0.2375268282045443,0.7786484855527522,0.8495067545703432,0.5900320866691484,0.24201473817622304,0.7924030347422478,0.822689752601612,0.5799880436011051,0.21188073576194838,0.7902056923991131,0.8270322357005128,0.5779744753095051,0.19684463045082784
2022,30.7696,-9.1054,12,2550,365,0.7361817590052768,0.8679269665589173,0.6175918616665186,0.1391563062276236,0.7729320912317179,0.8052090586515176,0.527385050201163,0.0014598365833973458,0.8265138889331851,0.7038224700141618,0.4741114085781291,0.08575507426576662,0.8292669703338726,0.6982155960831298,0.4642807545063016,0.09953562515557621,0.8296449672072868,0.6974422555234571,0.46679640036499687,0.13249455974734603,0.8290702457166852,0.6986177345921163,0.46364461773052623,0.14256757013432475,0.8317997349260798,0.6930173538282908,0.4612154342304588,0.10355522351208014,0.8335087734983668,0.6894875813033792,0.4534958440579811,0.10724804524785962
2022,30.7696,-9.6054,12,2550,365,0.7361817590052768,0.8679269665589173,0.6175918616665186,0.1391563062276236,0.7729320912317179,0.8052090586515176,0.527385050201163,0.0014598365833973458,0.8265138889331851,0.7038224700141618,0.4741114085781291,0.08575507426576662,0.8292669703338726,0.6982155960831298,0.4642807545063016,0.09953562515557621,0.8296449672072868,0.6974422555234571,0.46679640036499687,0.13249455974734603,0.8290702457166852,0.6986177345921163,0.46364461773052623,0.14256757013432475,0.8317997349260798,0.6930173538282908,0.4612154342304588,0.10355522351208014,0.8335087734983668,0.6894875813033792,0.4534958440579811,0.10724804524785962
2022,31.2696,-4.1054,3,2550,365,0.7504584335724285,0.8778559612277284,0.6004640472269023,0.1410379632338559,0.7114012561912375,0.9440587728716234,0.6217203977200512,0.0054820352550145855,0.8076866513614342,0.7706488402823337,0.5231848673251964,0.09524983720251487,0.8034575820465109,0.77907624341194,0.523839004620142,0.10602471700525228,0.8036067097767425,0.7787806229554144,0.5110634623130169,0.12189076953078873,0.8071922753213788,0.7716387502074863,0.5055064849372879,0.1333825462475471,0.8028189114190464,0.7803410328503982,0.5117760877375274,0.11799560330999029,0.8039438684353195,0.7781118490381639,0.5109043446181109,0.12298858889010515
2022,31.2696,-4.6054,3,2550,365,0.7504584335724285,0.8778559612277284,0.6004640472269023,0.1410379632338559,0.7114012561912375,0.9440587728716234,0.6217203977200512,0.0054820352550145855,0.8076866513614342,0.7706488402823337,0.5231848673251964,0.09524983720251487,0.8034575820465109,0.77907624341194,0.523839004620142,0.10602471700525228,0.8036067097767425,0.7787806229554144,0.5110634623130169,0.12189076953078873,0.8071922753213788,0.7716387502074863,0.5055064849372879,0.1333825462475471,0.8028189114190464,0.7803410328503982,0.5117760877375274,0.11799560330999029,0.8039438684353195,0.7781118490381639,0.5109043446181109,0.12298858889010515
2022,31.2696,-5.1054,3,2550,365,0.6821447357143247,1.0056967514123003,0.7533236480893016,0.15192893757724382,0.6767514099955274,1.014193125831201,0.6870294313268988,0.006615243472289218,0.7676848621878418,0.8597874425313558,0.6055025132067939,0.12173241489801266,0.766281434277091,0.8623805426426949,0.6105374721056185,0.12758024050689387,0.7588656865392192,0.8759551099883646,0.6027313224757179,0.205488765214401,0.7602932755954899,0.8733582994150104,0.600580610558401,0.20650300111392753,0.762777745416278,0.8688204958895317,0.5999901590196295,0.17853792592173898,0.7655602039922365,0.8637101243653216,0.5959325760253604,0.18167473680218468
2022,31.2696,-5.6054,3,2550,365,0.6821447357143247,1.0056967514123003,0.7533236480893016,0.15192893757724382,0.6767514099955274,1.014193125831201,0.6870294313268988,0.006615243472289218,0.7659498537900334,0.8629920627659196,0.6012657972566089,0.12001309280253679,0.770541806993343,0.8544843787594516,0.5976142938400436,0.11718275063615094,0.7592485990873492,0.8752593411850265,0.6013533819417084,0.20209687141689253,0.7598231277856595,0.8742143587392864,0.6009385361265658,0.19983627850333127,0.7636249151674035,0.8672677394734659,0.6002329655411974,0.1601617556554447,0.7620762099186809,0.8701042254903909,0.5992377600025633,0.1694690933967158
2022,31.2696,-6.1054,6,2550,365,0.6499188925822008,1.0494692329904673,0.7982161557660905,0.17541581543371362,0.6220350932799681,1.0904634489388025,0.7444792163202791,0.006722028664433162,0.7453699369425666,0.8950354001725804,0.6539360957440005,0.08112850509240761,0.7499028161747846,0.887032995152731,0.6487630267260522,0.07850862770288751,0.7537768670315919,0.8801360309056593,0.6420700468632689,0.0856564121852311,0.7567639003682712,0.8747810958877921,0.6340007271730006,0.09994387555094174,0.7521119316022429,0.8831067120378367,0.6469184149996371,0.08581868014211637,0.7559732301065083,0.876201736626557,0.6428293922034307,0.0803400137955203
2022,31.2696,-6.6054,7,2550,365,0.6499188925822008,1.0494692329904673,0.7982161557660905,0.17541581543371362,0.6220350932799681,1.0904634489388025,0.7444792163202791,0.006722028664433162,0.7532586030925303,0.8810618232642018,0.6414507885233024,0.06588125578550008,0.7555841159770225,0.8769000343410085,0.6411262171013058,0.07929307350650018,0.7604137430784531,0.8681930905615434,0.6419462512599626,0.05919275037891982,0.7670924742816961,0.85600664257346,0.6345833204314821,0.07072091752191911,0.7660639621603731,0.8578946094311487,0.6307596732377238,0.06522292603358182,0.7617050782576368,0.8658502119272681,0.6390174577869117,0.0800551416046897
2022,31.2696,-7.1054,7,2550,365,0.6812772694067349,1.0082675617443269,0.7679822678164028,0.16385575542603995,0.6372301671409095,1.0756843715827618,0.7490946913012526,0.00488209756477215,0.7689884756111929,0.8583928655817974,0.640651771919786,0.06607169920473241,0.7683280859106794,0.8596189283469057,0.6392492505862746,0.06920727495077028,0.7676370327118721,0.8609000505760019,0.642609051552104,0.0725299813986548,0.7640728252548902,0.8674775813724416,0.642831776619572,0.07863380201305002,0.7743025512042558,0.8484624005964717,0.6349084136466403,0.06916175736324963,0.7743961104150108,0.8482865242158143,0.626462072549345,0.07003057070557235
2022,31.2696,-7.6054,7,2550,365,0.6812772694067349,1.0082675617443269,0.7679822678164028,0.16385575542603995,0.6372301671409095,1.0756843715827618,0.7490946913012526,0.00488209756477215,0.7776819497480372,0.8420863719335693,0.6307554214356695,0.04510185151518249,0.7739467525975967,0.8491309124927694,0.6335529306173493,0.06087768411099467,0.7746110920272291,0.8478822548777971,0.6334941179288479,0.05604642988556048,0.7690527122506631,0.8582735119978602,0.6378208014504185,0.07133306713480782,0.7808743508857257,0.8360184929134465,0.6287851661802205,0.049823042064912136,0.7738358870203339,0.8493391108935081,0.6368552584330269,0.050032801295921366
2022,31.2696,-8.1054,7,2550,365,0.7225055548827648,0.9721698324199342,0.7076068081069311,0.19156265011680612,0.7069610858783437,0.9990279564230934,0.6987550584755192,0.003287541897220751,0.8115402909768162,0.8011692119384504,0.5824786749851251,0.09990264357645608,0.8083302817605504,0.8079635069540634,0.5829346375281539,0.10745025990703823,0.8147738833143613,0.7942662414747119,0.5742732123451113,0.10449476433938804,0.807649553763878,0.8093970038731964,0.5727387472778986,0.12486883723154828,0.818412291657979,0.7864266410480593,0.5685470395617443,0.10127672226696385,0.8114830769819095,0.801290815152766,0.5700251425789741,0.11445900392238777
2022,31.2696,-8.6054,9,2550,365,0.7225055548827648,0.9721698324199342,0.7076068081069311,0.19156265011680612,0.7069610858783437,0.9990279564230934,0.6987550584755192,0.003287541897220751,0.8091748638472464,0.8061814182080462,0.5906742435248697,0.10209022903148433,0.8091939347639844,0.8061411326273219,0.5831087966530321,0.11265054541731204,0.8152037511086418,0.793344050239758,0.574214637288517,0.09946719925047481,0.8110110040835116,0.8022934603229811,0.5707836698955698,0.11636256969338152,0.815921839143942,0.7918011472233816,0.5727027183679109,0.1077676728467331,0.8108050646173854,0.8027304669854245,0.567904281350142,0.12800701236604778
2022,31.2696,-9.1054,11,2550,365,0.7705536380506495,0.8834951190135351,0.6484262665266335,0.14885316838968218,0.8003635219164721,0.82410683538807,0.5681310875058546,0.0008747843052569422,0.8416218746728815,0.7340255304422709,0.5313737120348387,0.060489926231887495,0.8469275373430829,0.7216258817337472,0.5177733652657089,0.09218755135903664,0.8488166339752042,0.7171591961612561,0.5181769739343369,0.08958484135322398,0.8481181461516806,0.7188139738135977,0.514552010282311,0.10239311331468519,0.8470976949303528,0.721224685268956,0.5216961679872102,0.09344053897939616,0.8468440316396675,0.7218226893752107,0.5164579919345751,0.10535427995908568
2022,31.2696,-9.6054,11,2550,365,0.7705536380506495,0.8834951190135351,0.6484262665266335,0.14885316838968218,0.8003635219164721,0.82410683538807,0.5681310875058546,0.0008747843052569422,0.8416218746728815,0.7340255304422709,0.5313737120348387,0.060489926231887495,0.8469275373430829,0.7216258817337472,0.5177733652657089,0.09218755135903664,0.8488166339752042,0.7171591961612561,0.5181769739343369,0.08958484135322398,0.8481181461516806,0.7188139738135977,0.514552010282311,0.10239311331468519,0.8470976949303528,0.721224685268956,0.5216961679872102,0.09344053897939616,0.8468440316396675,0.7218226893752107,0.5164579919345751,0.10535427995908568
2022,31.7696,-3.1054,3,2550,365,0.7734693068915238,0.8297663918513369,0.5574556871660116,0.13934160358605607,0.7169528017232727,0.9275167128331637,0.5873758042850113,0.00417737710279806,0.8197685622000078,0.7401292830586502,0.49132738947653903,0.08529174370142381,0.8164751000978883,0.7468610512429866,0.4977835764970235,0.0984347105057095,0.8170448679427302,0.7457008048560535,0.4877713233692365,0.10339589025575985,0.8189167622330115,0.741876200720108,0.4888870610469067,0.1061554152081674,0.8170448679427302,0.7457008048560535,0.4877713233692365,0.10339589025575985,0.8189167622330115,0.741876200720108,0.4888870610469067,0.1061554152081674
2022,31.7696,-3.6054,4,2550,365,0.7734693068915238,0.8297663918513369,0.5574556871660116,0.13934160358605607,0.7169528017232727,0.9275167128331637,0.5873758042850113,0.00417737710279806,0.8186967391277137,0.7423267679699703,0.493228969760478,0.08852705371493057,0.817688913632198,0.7443871253999402,0.4925851832742259,0.0988134700278824,0.8181400479131666,0.7434655507360103,0.4862598877769181,0.0985009228753321,0.8174027013104689,0.7449712073083125,0.4890444992318057,0.10650275253991912,0.8160418659861464,0.7477420623612645,0.49037784715897476,0.09903156356833238,0.8167119689864618,0.7463789224792338,0.4944828759219403,0.10555661534903536
2022,31.7696,-4.1054,2,2550,365,0.7504584335724285,0.8778559612277284,0.6004640472269023,0.1410379632338559,0.7114012561912375,0.9440587728716234,0.6217203977200512,0.0054820352550145855,0.8082829369366488,0.7694531782416114,0.5215377357759655,0.08739620003028059,0.8062675155065043,0.7734870343512231,0.5204222294029061,0.09464135163903604,0.8065720827554451,0.7728787949016016,0.5026965977498224,0.12237397639188236,0.8056373584955937,0.774743980401498,0.5029064656698843,0.13404200267029065,0.8058144202908196,0.7743910092365598,0.5083714562916234,0.1108043158725519,0.8051514476194571,0.7757118143680508,0.51176573098711,0.10739330122930692
2022,31.7696,-4.6054,2,2550,365,0.7504584335724285,0.8778559612277284,0.6004640472269023,0.1410379632338559,0.7114012561912375,0.9440587728716234,0.6217203977200512,0.0054820352550145855,0.8082829369366488,0.7694531782416114,0.5215377357759655,0.08739620003028059,0.8062675155065043,0.7734870343512231,0.5204222294029061,0.09464135163903604,0.8065720827554451,0.7728787949016016,0.5026965977498224,0.12237397639188236,0.8056373584955937,0.774743980401498,0.5029064656698843,0.13404200267029065,0.8058144202908196,0.7743910092365598,0.5083714562916234,0.1108043158725519,0.8051514476194571,0.7757118143680508,0.51176573098711,0.10739330122930692
2022,31.7696,-5.1054,2,2550,365,0.6821447357143247,1.0056967514123003,0.7533236480893016,0.15192893757724382,0.6767514099955274,1.014193125831201,0.6870294313268988,0.006615243472289218,0.7700341922907961,0.855429015350579,0.6011490880019528,0.11923908044412132,0.7699560528542087,0.8555743349197216,0.6042295922545315,0.11660911861591738,0.7606831933325768,0.8726476883778591,0.6014198309191888,0.2066218183458922,0.7586527007839428,0.8763418753129478,0.6011657436926693,0.2105147144244731,0.7659734830942073,0.8629484985618595,0.5970490581847099,0.16368886539388142,0.7653697158659505,0.8640609460243361,0.597124994807454,0.16653349354432054
2022,31.7696,-5.6054,3,2550,365,0.6821447357143247,1.0056967514123003,0.7533236480893016,0.15192893757724382,0.6767514099955274,1.014193125831201,0.6870294313268988,0.006615243472289218,0.7687074141321385,0.8578931473402683,0.5989963200708415,0.13067558528088166,0.7701487874434996,0.8552158527181819,0.6020020565608211,0.1290225944198102,0.7622609518691779,0.869766352662707,0.5988680598305978,0.1988554498361454,0.763100950705008,0.868228428564358,0.5947360095737751,0.19238972654856865,0.7640484489418493,0.8664904116397946,0.5987369423974139,0.17325348311931485,0.7663891508446481,0.8621817921127781,0.5949953898162172,0.17332731000829138
2022,31.7696,-6.1054,8,2550,365,0.6499188925822008,1.0494692329904673,0.7982161557660905,0.17541581543371362,0.6220350932799681,1.0904634489388025,0.7444792163202791,0.006722028664433162,0.7572192674024445,0.8739618649295672,0.634290483306525,0.05486143889248599,0.763501404918743,0.8625805407506434,0.6288222782671751,0.0688097843444634,0.7648886602623971,0.8600469539979692,0.6326938928633995,0.04847886751204128,0.7744935708319901,0.842296193408346,0.6163467358301135,0.07198317621548721,0.7728872324043656,0.8452908127410161,0.6187488815442174,0.05364631446206052,0.7759313803162885,0.839606695719969,0.6142696931232539,0.05565115325048498
2022,31.7696,-6.6054,8,2550,365,0.6499188925822008,1.0494692329904673,0.7982161557660905,0.17541581543371362,0.6220350932799681,1.0904634489388025,0.7444792163202791,0.006722028664433162,0.7581299359295245,0.8723212130899626,0.6361121579105404,0.0378230362832862,0.7609276583025802,0.8672614487106384,0.6373967337408963,0.057288937815198726,0.7553531871683801,0.8773141925120326,0.643038772979787,0.03505238156305884,0.7556578400304245,0.8767677730908777,0.6465405655081938,0.05579558321923614,0.7727497519831287,0.845546618164848,0.6242194540126809,0.024046187645660685,0.7678636669849355,0.8545882825557489,0.6329408437591917,0.035469492396284046
2022,31.7696,-7.1054,8,2550,365,0.6812772694067349,1.0082675617443269,0.7679822678164028,0.16385575542603995,0.6372301671409095,1.0756843715827618,0.7490946913012526,0.00488209756477215,0.7796957285948308,0.838263845291592,0.6262964628671415,0.03549761283445214,0.7767273217259771,0.8438923839404778,0.6277242185525753,0.04274298785695751,0.777277885053353,0.8428512736310595,0.6266756575201534,0.03972151873089868,0.7757437661815194,0.8457490888376673,0.6260660149398696,0.049486254722995185,0.7857574616722014,0.8266508735615149,0.6158760803378027,0.04868868797676589,0.7782997203403601,0.8409155761088918,0.6236846705293285,0.05573051247671476
2022,31.7696,-7.6054,6,2550,365,0.6812772694067349,1.0082675617443269,0.7679822678164028,0.16385575542603995,0.6372301671409095,1.0756843715827618,0.7490946913012526,0.00488209756477215,0.7727313040216021,0.8514106659713466,0.6430047324103504,0.04111882981788678,0.7736845472043701,0.8496232349461591,0.6394961527756894,0.04571262855829364,0.7745536072860424,0.8479903728527411,0.6365639942310831,0.05555994715466151,0.7725424670272516,0.8517643100287049,0.6288502449130902,0.060169114551488025,0.7761664318008268,0.8449517026297865,0.6417665751900797,0.04163270635567994,0.7663637781164552,0.8632555193739355,0.6500884002604769,0.04399551840277151
2022,31.7696,-8.1054,4,2550,365,0.7225055548827648,0.9721698324199342,0.7076068081069311,0.19156265011680612,0.7069610858783437,0.9990279564230934,0.6987550584755192,0.003287541897220751,0.8048255721171594,0.8153169118575672,0.6038836247628833,0.10037869348675546,0.8082288959892305,0.8081771692226216,0.5926439876472296,0.10173302723108932,0.808072756576877,0.8085061098986788,0.5911360295453154,0.0963919576274027,0.8058772978758705,0.8131172176992285,0.5880902729229914,0.10364419918797609,0.8097329378587946,0.8050017038051726,0.5903235082270886,0.09169927147170949,0.8078011392020058,0.8090780106397976,0.5915802504484494,0.09565925495560004
2022,31.7696,-8.6054,6,2550,365,0.7225055548827648,0.9721698324199342,0.7076068081069311,0.19156265011680612,0.7069610858783437,0.9990279564230934,0.6987550584755192,0.003287541897220751,0.8056835875801805,0.8135228114317037,0.6002297625840065,0.11073799552408126,0.8065161329406811,0.8117781783960527,0.5949032471854097,0.10875320143979023,0.8080727044940081,0.8085062195999232,0.5890549953500929,0.10540268934828474,0.8094693552085073,0.8055591072902218,0.5818930443985032,0.11724239826725841,0.8103750902782716,0.8036421130090399,0.5850572258260738,0.10100828617696521,0.810107092588634,0.804209807902861,0.5901549435477371,0.10161186887790835
2022,31.7696,-9.1054,8,2550,365,0.7705536380506495,0.8834951190135351,0.6484262665266335,0.14885316838968218,0.8003635219164721,0.82410683538807,0.5681310875058546,0.0008747843052569422,0.8412113889707619,0.7349761415343663,0.5392021403602166,0.07041804134319891,0.8477991683675202,0.7195683938587663,0.530936814006858,0.09432906428684047,0.8421906231360277,0.7327063730041488,0.538025846169093,0.09290479491402916,0.8438047360888695,0.7289495918858874,0.530488644508447,0.10745205391366001,0.8413027643704929,0.7347646389500584,0.5358020845819979,0.09572195504367,0.8424617936660126,0.7320765821561206,0.5322356078359199,0.09582896000221959
2022,31.7696,-9.6054,8,2550,365,0.7705536380506495,0.8834951190135351,0.6484262665266335,0.14885316838968218,0.8003635219164721,0.82410683538807,0.5681310875058546,0.0008747843052569422,0.8412113889707619,0.7349761415343663,0.5392021403602166,0.07041804134319891,0.8477991683675202,0.7195683938587663,0.530936814006858,0.09432906428684047,0.8421906231360277,0.7327063730041488,0.538025846169093,0.09290479491402916,0.8438047360888695,0.7289495918858874,0.530488644508447,0.10745205391366001,0.8413027643704929,0.7347646389500584,0.5358020845819979,0.09572195504367,0.8424617936660126,0.7320765821561206,0.5322356078359199,0.09582896000221959
2022,32.2696,-1.6054,4,2550,365,0.730472001525327,0.9252121886215977,0.6726581458607507,0.14170244815655617,0.6762385873919856,1.0140326658328174,0.6674011829503605,0.0032435509135340704,0.793109053899592,0.810606618107457,0.5616005168339804,0.10177959076241971,0.7951199566157385,0.8066576021656195,0.5625867955574857,0.11306472390093834,0.7928771455137751,0.8110608038171091,0.5592088282518777,0.11093431297642214,0.7961684473863044,0.8045908857270991,0.5516987095681124,0.12441034089537498,0.7911215547949063,0.8144908605544385,0.5617671902378352,0.11965884564759173,0.7960545094171411,0.8048157298275369,0.5489739299187142,0.11405889692659758
2022,32.2696,-2.1054,3,2550,365,0.7581992191345263,0.8842516859516856,0.6420033499080194,0.12037373674642766,0.7169422137562134,0.9567194427347941,0.6285978778020118,0.0033675281275197333,0.8178418412558789,0.7674875883879372,0.5325704844364663,0.08864376168274463,0.81992668773267,0.7630829035659976,0.531093865716788,0.09889764571583673,0.8177420953523613,0.7676976895070446,0.5207163100405799,0.10212013786594314,0.8175004775739176,0.7682063861693071,0.520933736343504,0.12014785132030686,0.814600877569864,0.7742850680963511,0.5242245968680534,0.11114664858726865,0.8177539576980464,0.767672706108998,0.5218777560925896,0.10634565685032137
2022,32.2696,-2.6054,3,2550,365,0.7581992191345263,0.8842516859516856,0.6420033499080194,0.12037373674642766,0.7169422137562134,0.9567194427347941,0.6285978778020118,0.0033675281275197333,0.8176217034194547,0.7679512021077451,0.5328137992377316,0.09008621777735716,0.8188981176465262,0.7652591467370244,0.5312917254610271,0.10064330114386785,0.8155550350187029,0.7722900671065492,0.5243323760571548,0.11843567937797508,0.8181483381859646,0.7668416342772519,0.5203344544446975,0.1267524049959282,0.8150751048862319,0.773294172804137,0.5236976464284134,0.11179822144111365,0.8179039626208924,0.767356709149545,0.5214340376710118,0.10752063722695633
2022,32.2696,-3.1054,4,2550,365,0.7514957811427343,0.8837109571200145,0.6423954313270015,0.11752899905753252,0.7070622318962176,0.9594692065414863,0.6324352991955974,0.0029290501837232175,0.804117060805274,0.7845880022779168,0.5408182640725159,0.0985810077995859,0.807157601136706,0.7784749089822426,0.5344649278718401,0.10616307003238822,0.8009990748396631,0.7908077275995217,0.5340981679371757,0.13774818651410903,0.8071402107176647,0.7785100094055972,0.5230359145868947,0.1486194586055439,0.7963497598797298,0.7999923241687196,0.5358155409110031,0.12605801757101917,0.7943350115604693,0.8039398185902247,0.5390540863787133,0.11896387233252562
2022,32.2696,-3.6054,4,2550,365,0.7514957811427343,0.8837109571200145,0.6423954313270015,0.11752899905753252,0.7070622318962176,0.9594692065414863,0.6324352991955974,0.0029290501837232175,0.8081178568938561,0.776534288230571,0.532507384549367,0.104116025917643,0.8099746309182843,0.7727680343386478,0.5317565080269223,0.10558967497972521,0.801926593990735,0.7889626457605254,0.5345609792475822,0.13874635923692022,0.8083438747932387,0.776076813762847,0.521193398636407,0.14983967617753663,0.8001360224843979,0.7925207097738368,0.5337397185437117,0.13416542793041192,0.803968706492677,0.7848850546498549,0.5295811844668733,0.12709601032491782
2022,32.2696,-4.1054,5,2550,365,0.719438784915927,0.9411353102863735,0.7099812832717172,0.13173227691957276,0.6839123410766079,0.9989460202476866,0.6978733980633134,0.004139348157546725,0.7928279183533966,0.8087305815874071,0.5840782031400167,0.07990849082841249,0.7926762509489684,0.8090265568617342,0.5805064098595424,0.08671361501630803,0.7910560224862304,0.8121816629181987,0.5704809628209134,0.0946697534637374,0.7983488388651755,0.7978819025862084,0.5572987116758865,0.12285849314864979,0.7868039590304379,0.8204040938851085,0.57959015084843,0.09601166544914337,0.7879898944827005,0.8181191004289231,0.5787881142582888,0.10264711730547657
2022,32.2696,-4.6054,5,2550,365,0.719438784915927,0.9411353102863735,0.7099812832717172,0.13173227691957276,0.6839123410766079,0.9989460202476866,0.6978733980633134,0.004139348157546725,0.7928279183533966,0.8087305815874071,0.5840782031400167,0.07990849082841249,0.7926762509489684,0.8090265568617342,0.5805064098595424,0.08671361501630803,0.7910560224862304,0.8121816629181987,0.5704809628209134,0.0946697534637374,0.7983488388651755,0.7978819025862084,0.5572987116758865,0.12285849314864979,0.7868039590304379,0.8204040938851085,0.57959015084843,0.09601166544914337,0.7879898944827005,0.8181191004289231,0.5787881142582888,0.10264711730547657
2022,32.2696,-5.1054,8,2550,365,0.6564769557765522,1.062677499288612,0.8277277330721552,0.12550860140907688,0.6164197730108925,1.1229273332181229,0.7734086688568359,0.005118987344819147,0.7445202514004281,0.9164352534675811,0.6869983957982609,0.07576777602022752,0.7480203384121096,0.9101359966046467,0.6703141226339772,0.08712151024244336,0.7414932178724508,0.9218484250658728,0.6788663427536914,0.06726048087776011,0.7605397913428369,0.8872381866363479,0.6554331765377128,0.08986520109154741,0.7471808473459378,0.9116508325965911,0.673670549725976,0.08030511301669283,0.757282535186558,0.8932521308027696,0.651894764754831,0.09713108175565727
2022,32.2696,-5.6054,7,2550,365,0.6564769557765522,1.062677499288612,0.8277277330721552,0.12550860140907688,0.6164197730108925,1.1229273332181229,0.7734086688568359,0.005118987344819147,0.7566101047714936,0.89448861879716,0.663945244821376,0.04728661264871524,0.7627557824086362,0.8831233449072928,0.6458645983444966,0.0666589559598844,0.7532960443458908,0.9005578240870747,0.6579607050219799,0.04034585967664056,0.7714704880138701,0.8667516824591456,0.6302077688401471,0.064003932189621,0.7514502843399815,0.9039203890469815,0.6578196308075301,0.04117160382028245,0.7647992167398338,0.8793118563383409,0.6393168224720528,0.062251972496325476
2022,32.2696,-6.1054,6,2550,365,0.7352029509741325,0.9677023746719067,0.7273891045805881,0.1080776620944393,0.6466463368572031,1.1178667414180636,0.7359516320489701,0.006265512341682721,0.7957681728468247,0.84985913652549,0.5972388318279832,0.05924201477248538,0.7953862637697702,0.8506533744522563,0.5979959297326675,0.05371601646756707,0.7941777966827255,0.8531616938958188,0.5964295363158926,0.05894512358825705,0.7995159730918435,0.8420252690484186,0.5898307912850475,0.0711262590743181,0.8030980702998632,0.8344690287737399,0.6010962385118015,0.051291954830215765,0.8044476081130779,0.8316044459714836,0.5916057071707612,0.07015728515472917
2022,32.2696,-6.6054,5,2550,365,0.7352029509741325,0.9677023746719067,0.7273891045805881,0.1080776620944393,0.6466463368572031,1.1178667414180636,0.7359516320489701,0.006265512341682721,0.7952521776234067,0.8509320511303019,0.603193205511197,0.07720110254889571,0.7943575146991058,0.8527891344490235,0.6077063823253592,0.06621806150028935,0.7897764638303119,0.8622355103113836,0.6109287883647224,0.07158662824320484,0.7944281396144862,0.8526426828722032,0.6042594330267292,0.0775531863589673,0.7931525552983021,0.8552839385006626,0.6094374051565753,0.07874004098282315,0.7879434711173467,0.865986377699163,0.6149281598680195,0.08612129859658145
2022,32.2696,-7.1054,4,2550,365,0.7737192267653623,0.9184168893051639,0.6728396078479896,0.13639815057516375,0.7057976858591006,1.0472227704764574,0.7068428516606738,0.0025841435494171135,0.8292605681819734,0.7977796435482963,0.5681954432233888,0.08430953768359349,0.8252291431765033,0.8071431070278867,0.5727829165337066,0.08386752820249958,0.8311633117638464,0.793321906611821,0.5602864745993089,0.07382331845284099,0.8324098503231906,0.7903878926082257,0.5628515083256321,0.07746846599773925,0.833297867370703,0.7882910803456313,0.5610086287067603,0.06307496070765121,0.8270380386239143,0.8029552376109876,0.5699077903087688,0.07363946127302357
2022,32.2696,-7.6054,5,2550,365,0.7737192267653623,0.9184168893051639,0.6728396078479896,0.13639815057516375,0.7057976858591006,1.0472227704764574,0.7068428516606738,0.0025841435494171135,0.8326011484388383,0.789936664159902,0.5666571554245741,0.0873915880654779,0.8269853245192124,0.8030775877554533,0.576378886097953,0.08520606787750533,0.8303306393306452,0.7952757616331156,0.5645226773920952,0.09358557416575423,0.8290363617353669,0.7983032737834792,0.5643672324573691,0.10822801098237723,0.8319337365543579,0.7915098191242114,0.5617105307278905,0.09536663617623087,0.8323983968002933,0.7904149006727722,0.5643982173573701,0.09728834151416522
2022,32.2696,-8.1054,6,2550,365,0.7838655832083341,0.8875250956255477,0.6294621301793893,0.10206008671811719,0.7479816788359933,0.9583733637998797,0.6604195838076101,0.0006631245390136605,0.8417955466613075,0.759325578923849,0.5440270017176083,0.024487582147221274,0.8409838137851124,0.761271102298178,0.5373373178819006,0.04217652384824833,0.8439384644452643,0.7541654206592134,0.5350628915103737,0.03500929219625531,0.8453381987734672,0.7507757035201814,0.5291365336271767,0.05219363996686793,0.8437739560458863,0.7545628083549726,0.5437585899099242,0.014540389738257978,0.8515827732206878,0.735463008463646,0.5275752704306895,0.015103321185760589
2022,32.2696,-8.6054,7,2550,365,0.7838655832083341,0.8875250956255477,0.6294621301793893,0.10206008671811719,0.7479816788359933,0.9583733637998797,0.6604195838076101,0.0006631245390136605,0.83985058082604,0.7639788956615282,0.5426913240665762,0.029446230848247802,0.8400760461721504,0.7634409248238223,0.5390640384622734,0.04298380485127565,0.8418247830052955,0.7592554136121533,0.542213543853239,0.024153703645574873,0.8443170180841154,0.7532501874440541,0.5338097457223985,0.04759220380605064,0.8438795608340393,0.7543077327146104,0.5382359537108867,0.023143447886093342,0.8508906973825425,0.7371757617631319,0.5300021697582445,0.024628629513181167
2022,32.2696,-9.1054,7,2550,365,0.7727050305946834,0.8767275104458928,0.6676122194704618,0.03469870022135409,0.7678475245406609,0.8860462295969246,0.6326815744520377,0.0005082726904156877,0.8360513492154432,0.7446010527110164,0.5665591103272356,0.0010717592950768896,0.8398607787348507,0.7358996197490075,0.561225706408564,0.02193348371365254,0.8398563146142318,0.7359098768295208,0.5574352671801153,0.018944064043291155,0.8408758636815605,0.7335635644324442,0.5568696135457795,0.027734188073918222,0.8385440757051327,0.7389187978113406,0.5606354187218076,-0.0020111800603734094,0.841112928382064,0.7330169256595443,0.5523484758119901,0.020439105715716267
2022,32.7696,-1.6054,5,2550,365,0.730472001525327,0.9252121886215977,0.6726581458607507,0.14170244815655617,0.6762385873919856,1.0140326658328174,0.6674011829503605,0.0032435509135340704,0.7976611670166597,0.8016393417784746,0.5551649039280636,0.10276466474823884,0.7959997391755552,0.8049237905470251,0.5574482541150372,0.11208431799316683,0.7970332610551496,0.8028822179279805,0.5526390453707498,0.11303411441154493,0.801401515556281,0.7941954000909233,0.5437754364241913,0.12241466026807751,0.7949176363387396,0.8070557935064322,0.5609487864456478,0.08657889418793004,0.7963125101676146,0.8043065036297574,0.5560889920297897,0.08982620208280664
2022,32.7696,-2.1054,5,2550,365,0.7581992191345263,0.8842516859516856,0.6420033499080194,0.12037373674642766,0.7169422137562134,0.9567194427347941,0.6285978778020118,0.0033675281275197333,0.8211157758281693,0.7605592767233348,0.5233985387987642,0.09106274105318012,0.8203225776048051,0.7622436259087828,0.5258497516868055,0.10106427399925727,0.8213959949613846,0.759963341583699,0.5175567462520259,0.1090158733158808,0.8226405590631813,0.7573108911215634,0.5163679911859531,0.1237595363723665,0.8214113613709197,0.759930648702239,0.5226689727500279,0.07358216254614668,0.8227451768903449,0.7570875032195716,0.5240046733844578,0.08654404754551982
2022,32.7696,-2.6054,5,2550,365,0.7581992191345263,0.8842516859516856,0.6420033499080194,0.12037373674642766,0.7169422137562134,0.9567194427347941,0.6285978778020118,0.0033675281275197333,0.8197711327822477,0.7634124240762754,0.5282752888425533,0.0990280328228163,0.8199195412377793,0.7630980454931867,0.5273319115742232,0.1038940683606173,0.8211070828567757,0.7605777563845393,0.5197705275906417,0.11276735180075566,0.8234727251963515,0.7555321601937541,0.5150685328296079,0.12858794159094153,0.8189695328592569,0.7651082467771352,0.5228183778939677,0.08891749352195993,0.8208419573449602,0.761141149035641,0.5199201353230684,0.09540343484533098
2022,32.7696,-3.1054,7,2550,365,0.7514957811427343,0.8837109571200145,0.6423954313270015,0.11752899905753252,0.7070622318962176,0.9594692065414863,0.6324352991955974,0.0029290501837232175,0.8134116352770248,0.7657475853726129,0.5315883685940259,0.07861712834547847,0.81254416661103,0.76752554127855,0.5307011221201936,0.09196732764129918,0.8111615266018504,0.7703509051527192,0.5219275804504898,0.10311131480766961,0.8154320333816423,0.7615905044053052,0.5145232430403645,0.11089032759755772,0.8094718435093587,0.7737896910026392,0.5307745151213814,0.09185178012059599,0.8110631007531062,0.7705516390468541,0.527335418510783,0.10666554721737267
2022,32.7696,-3.6054,5,2550,365,0.7514957811427343,0.8837109571200145,0.6423954313270015,0.11752899905753252,0.7070622318962176,0.9594692065414863,0.6324352991955974,0.0029290501837232175,0.8163082644385888,0.7597805392685998,0.5294164594166996,0.0819967832021392,0.8138326923083167,0.764883100850952,0.532591216366648,0.08794428539728569,0.8086502516635244,0.7754562568012141,0.5266864854168627,0.13142735017211787,0.811890358187495,0.7688628639407042,0.5197677757425481,0.14001451721688216,0.8112804622933143,0.7701082727933762,0.526396379594041,0.09200315844872026,0.8136570274306281,0.7652438822824003,0.5231808207325861,0.09616349358852717
2022,32.7696,-4.1054,4,2550,365,0.719438784915927,0.9411353102863735,0.7099812832717172,0.13173227691957276,0.6839123410766079,0.9989460202476866,0.6978733980633134,0.004139348157546725,0.7937409582831128,0.8069465123487519,0.5795626484503703,0.08481893980399391,0.7933767577277462,0.8076586283999223,0.5760949836072436,0.09684487282856823,0.7916226565997476,0.8110796396006783,0.5734360028209247,0.07644440998405513,0.7944272440150439,0.8056029171722914,0.5674312532469822,0.10379747306496748,0.7949041139039354,0.8046679907022706,0.5719789444660872,0.058694272194228486,0.7938889806061726,0.8066569067774272,0.5681354127921604,0.08586861861103852
2022,32.7696,-4.6054,4,2550,365,0.719438784915927,0.9411353102863735,0.7099812832717172,0.13173227691957276,0.6839123410766079,0.9989460202476866,0.6978733980633134,0.004139348157546725,0.7937409582831128,0.8069465123487519,0.5795626484503703,0.08481893980399391,0.7933767577277462,0.8076586283999223,0.5760949836072436,0.09684487282856823,0.7916226565997476,0.8110796396006783,0.5734360028209247,0.07644440998405513,0.7944272440150439,0.8056029171722914,0.5674312532469822,0.10379747306496748,0.7949041139039354,0.8046679907022706,0.5719789444660872,0.058694272194228486,0.7938889806061726,0.8066569067774272,0.5681354127921604,0.08586861861103852
2022,32.7696,-5.1054,8,2550,365,0.6564769557765522,1.062677499288612,0.8277277330721552,0.12550860140907688,0.6164197730108925,1.1229273332181229,0.7734086688568359,0.005118987344819147,0.7520156375425199,0.9028917714581689,0.6747911017338086,0.0528597720162542,0.7526570351749573,0.9017233760310354,0.6514764357344458,0.10537867418938807,0.75219395971278,0.9025670845036206,0.6634998845023593,0.0322998296493004,0.7799647914394477,0.8504908328686978,0.6197427096108362,0.07433890003659664,0.7445374874264181,0.916404339141968,0.6730058323365948,0.06350600210572478,0.7505896590513896,0.9054839886841043,0.659791507816911,0.08505031700296495
2022,32.7696,-5.6054,7,2550,365,0.6564769557765522,1.062677499288612,0.8277277330721552,0.12550860140907688,0.6164197730108925,1.1229273332181229,0.7734086688568359,0.005118987344819147,0.7631815281782584,0.8823305861530661,0.6543679550318797,0.02854214763996261,0.7604230336331076,0.8874544632252558,0.6440856708584098,0.07550425043780856,0.7556245212979469,0.8962978609604705,0.6493731820839007,0.03640803892174101,0.7665745229655947,0.8759870274917194,0.6301203123937156,0.06222784130784306,0.7560088381541281,0.8955928026744322,0.6548332080468179,0.04660960032573934,0.7628117863851739,0.8830191035084318,0.6440452232254691,0.07214757560977289
2022,32.7696,-6.1054,5,2550,365,0.7352029509741325,0.9677023746719067,0.7273891045805881,0.1080776620944393,0.6466463368572031,1.1178667414180636,0.7359516320489701,0.006265512341682721,0.7992094711866254,0.8426686713902886,0.5981295570111722,0.07927914173626051,0.7989747332758289,0.8431610962722595,0.5973400700324288,0.07462285486564232,0.7895283716981418,0.8627441374030403,0.6141760629497138,0.07030171309503111,0.7954566689134492,0.8505070120258374,0.6037293154074914,0.08405772092392744,0.8009330613366132,0.8390441334914368,0.6098912030901661,0.041358717420607226,0.8003363188293204,0.8403007927661567,0.6035166578340759,0.05719367476205012
2022,32.7696,-6.6054,4,2550,365,0.7352029509741325,0.9677023746719067,0.7273891045805881,0.1080776620944393,0.6466463368572031,1.1178667414180636,0.7359516320489701,0.006265512341682721,0.7989822660078684,0.8431452988399087,0.6010487724854932,0.09182974598634515,0.7995729667575251,0.8419055749297263,0.6022747837362659,0.08552638224421122,0.7924923026795612,0.8566478749718243,0.6089832404245448,0.06654990298161817,0.7965857859696317,0.8481562853413417,0.6016982187734492,0.07470882929326862,0.7956779862015442,0.8500467602810716,0.6109969715186613,0.0787086120182911,0.7995290977044607,0.8419977071610376,0.6037411413730207,0.07600526315175887
2022,32.7696,-7.1054,5,2550,365,0.7737192267653623,0.9184168893051639,0.6728396078479896,0.13639815057516375,0.7057976858591006,1.0472227704764574,0.7068428516606738,0.0025841435494171135,0.8344980912379811,0.7854481805756931,0.561046182730134,0.09534419282058319,0.8292568508927728,0.7977883280140947,0.5646705151110261,0.09915405052842106,0.8347685040305755,0.7848062482065106,0.5609971411138058,0.05075652898281051,0.831232688130793,0.7931588986563056,0.5620548511985244,0.06952776509514744,0.8356759534466511,0.7826482078407759,0.5627880042646921,0.057993120085314286,0.8303681122056986,0.7951879351841425,0.569770710371899,0.07562592099927196
2022,32.7696,-7.6054,5,2550,365,0.7737192267653623,0.9184168893051639,0.6728396078479896,0.13639815057516375,0.7057976858591006,1.0472227704764574,0.7068428516606738,0.0025841435494171135,0.8364949197527513,0.7806954713524649,0.5641535249717841,0.06890798335571668,0.8307380096936667,0.7943204728598765,0.5713760808180333,0.07979579435316661,0.8347736460153741,0.7847940365722493,0.5594305616425915,0.05761747631612573,0.8330122959583753,0.7889659879417978,0.5595521006027177,0.07126764817449839,0.836379575906274,0.7809707916758574,0.5570742973856643,0.06297878264909126,0.8379311287993547,0.7772591408599386,0.5576226588537706,0.0616080304183704
2022,32.7696,-8.1054,5,2550,365,0.7838655832083341,0.8875250956255477,0.6294621301793893,0.10206008671811719,0.7479816788359933,0.9583733637998797,0.6604195838076101,0.0006631245390136605,0.8421596939049683,0.7584511863062083,0.5455851095974388,0.013513585080578426,0.8418668922544599,0.7591543427739117,0.5376974043185481,0.0361726976011844,0.8444742370266693,0.7528697505138556,0.5353001227104631,0.023297066889283218,0.8450109497089433,0.7515695673499634,0.5347499885125857,0.032683526071090624,0.8431191321190481,0.7561425356781144,0.5392159799389258,0.022444762504856886,0.8438365962263492,0.7544115189535314,0.5419316032382733,0.020173887000120704
2022,32.7696,-8.6054,6,2550,365,0.7838655832083341,0.8875250956255477,0.6294621301793893,0.10206008671811719,0.7479816788359933,0.9583733637998797,0.6604195838076101,0.0006631245390136605,0.8435947572912514,0.7549954441669662,0.542192531477083,0.026589124927930096,0.8437570772882705,0.754603568968379,0.5372180448903976,0.046582114465284916,0.8465330647642644,0.747869957880407,0.5329920606818463,0.02636216255757571,0.8455902973265383,0.7501635722207523,0.5337956805586708,0.040730672951008406,0.8438965307710632,0.7542667358321523,0.5336262526459625,0.028670760092420554,0.8472134719456178,0.7462102474158322,0.5367467742350354,0.029691265006815477
2022,33.2696,-2.1054,5,2550,365,0.7380067551366312,0.9434130398855565,0.7081857104611006,0.14627955088254888,0.7096931582913653,0.9930828076732137,0.6853873318182805,0.0030471370431778347,0.8217028921869401,0.7782676472846262,0.5615191119747938,0.08193191610125647,0.819189407119554,0.7837341357985934,0.5667980632396742,0.087925574032557,0.8235764928309373,0.7741677105311427,0.5515407889582012,0.08049320639747805,0.8216782647967442,0.778321394761112,0.5513891928021211,0.09849896175584945,0.8216377313026051,0.7784098480646257,0.5669850291101536,0.05778067786541049,0.8148121548756523,0.7931641327751598,0.5754622088207211,0.07529027815624853
2022,33.2696,-2.6054,6,2550,365,0.7380067551366312,0.9434130398855565,0.7081857104611006,0.14627955088254888,0.7096931582913653,0.9930828076732137,0.6853873318182805,0.0030471370431778347,0.8203408114255284,0.7812347355907506,0.5656597007648919,0.08963585320884432,0.8173408740912094,0.7877302356490549,0.5717715697141259,0.09395568461830536,0.824526128311899,0.7720813414307399,0.5506744949904048,0.08194707500448772,0.822458291876232,0.7766172358787651,0.5522543684184922,0.10225906893122406,0.821163075949926,0.7794449069891979,0.5676484801060514,0.058395505004821484,0.8230336893600021,0.7753577395675179,0.5575843899448589,0.08105016708246333
2022,33.2696,-3.1054,6,2550,365,0.7510095500023077,0.9218401351124266,0.6895931404121874,0.13046161679333934,0.7319314127732646,0.9565049684264236,0.6600071713354483,0.0030468592844822085,0.8342511001095747,0.7521242557887359,0.5488102216845502,0.057056715871785214,0.8299355396013667,0.7618527687227852,0.5580015920436744,0.06455694025829951,0.8339769946199324,0.7527459076477909,0.5378644260937262,0.06971848084668142,0.8302727056559549,0.7610971777703519,0.5428249961647126,0.09034870241625431,0.831700921957194,0.757888183570601,0.5510436652049147,0.02285717635045114,0.8331020758636206,0.7547267359027782,0.5450625644020568,0.05421224897465644
2022,33.2696,-3.6054,7,2550,365,0.7510095500023077,0.9218401351124266,0.6895931404121874,0.13046161679333934,0.7319314127732646,0.9565049684264236,0.6600071713354483,0.0030468592844822085,0.8303074741545358,0.7610192187079139,0.5458355140820007,0.0906159611346256,0.8292692924302225,0.7633436331108339,0.5520044844623652,0.09153181549810432,0.8301313165971372,0.7614141227038143,0.5472449654669852,0.0606385268970794,0.8348270602046002,0.750816342013833,0.5404135630918744,0.07683270414341908,0.8336197393029836,0.7535553676469043,0.5400205836188663,0.06005313114714687,0.8350214538324694,0.7503743904396233,0.5361871722163228,0.0631234626196663
2022,33.2696,-4.1054,7,2550,365,0.718637772598575,0.9838641288981931,0.7902872802065251,0.08534979002394034,0.6742761404695411,1.0585881207123484,0.7440949718231876,0.0034127043268824034,0.8142024720706944,0.7995068622606595,0.6047411871975582,0.04074588061515227,0.8100800723641526,0.8083277679786329,0.6159434726787515,0.057544774968804654,0.8124994406654151,0.8031626682206497,0.6043873223269085,0.01450126302929152,0.8211905452440803,0.7843275487958734,0.5899503368529834,0.0199078811712599,0.8123334922625283,0.8035180113852998,0.6074251570153473,0.020512118631774445,0.8186705839423059,0.7898349759614134,0.5989507562257846,0.03698219886344659
2022,33.2696,-4.6054,7,2550,365,0.718637772598575,0.9838641288981931,0.7902872802065251,0.08534979002394034,0.6742761404695411,1.0585881207123484,0.7440949718231876,0.0034127043268824034,0.8142024720706944,0.7995068622606595,0.6047411871975582,0.04074588061515227,0.8100800723641526,0.8083277679786329,0.6159434726787515,0.057544774968804654,0.8124994406654151,0.8031626682206497,0.6043873223269085,0.01450126302929152,0.8211905452440803,0.7843275487958734,0.5899503368529834,0.0199078811712599,0.8123334922625283,0.8035180113852998,0.6074251570153473,0.020512118631774445,0.8186705839423059,0.7898349759614134,0.5989507562257846,0.03698219886344659
2022,33.2696,-5.1054,6,2550,365,0.7166140509374803,1.0310862999553738,0.8110670542523168,0.07472750831854863,0.6464432263035714,1.1516895890710135,0.7629349227849834,0.003842909393593334,0.8013560501084007,0.8632638027048077,0.6309339671532513,0.023831208471152696,0.7919367811446172,0.8834938207697418,0.6419447101250821,0.03522828853221025,0.8018509652314811,0.8621877347988771,0.6288823713985444,-0.016994138080209924,0.8082413282946366,0.8481708963121982,0.6149945093116794,0.013757502729662398,0.8067291722580622,0.8515085502451074,0.6254053018682753,-0.01677858126790404,0.8105969045255976,0.8429453050976253,0.6122534371954297,0.02003839395123953
2022,33.2696,-5.6054,8,2550,365,0.7166140509374803,1.0310862999553738,0.8110670542523168,0.07472750831854863,0.6464432263035714,1.1516895890710135,0.7629349227849834,0.003842909393593334,0.8089021088069135,0.8467082807096528,0.6247713190981437,0.03507963305317686,0.8031088620826556,0.8594466920345423,0.6284010594273459,0.03219234201609513,0.8004022444351341,0.8653338377841402,0.6278484134882151,-0.001493971325429307,0.8014424863727487,0.8630759655792716,0.6226878119662173,0.03703718769049196,0.8095558437333226,0.8452587697391278,0.6097444831809269,0.024123677417036006,0.8150926383145112,0.8328810114319993,0.5967029656177849,0.05707819615674808
2022,33.2696,-6.1054,4,2550,365,0.7460895194319294,0.9723390270874144,0.7403256270228088,0.09493822198583099,0.659571631224624,1.125875259091996,0.7686933089615745,0.003527235344178984,0.814881743925056,0.8302368946399521,0.5952376473325052,0.06469352104390512,0.8074741390458453,0.8466851463579601,0.6164336715497819,0.04241619136299127,0.8097569886417246,0.8416504494619298,0.6014501708837675,0.044414751236403247,0.810974617429685,0.8389526817866947,0.5959578471233967,0.057295785120715884,0.8129249614952905,0.8346133466875059,0.5987754332788369,0.03197529357012956,0.8149414633707815,0.8301029659621003,0.5888468292009791,0.0575423059615676
2022,33.2696,-6.6054,4,2550,365,0.7460895194319294,0.9723390270874144,0.7403256270228088,0.09493822198583099,0.659571631224624,1.125875259091996,0.7686933089615745,0.003527235344178984,0.811884672361537,0.8369306935608108,0.6047896482343336,0.05223527531513078,0.8058430517405716,0.8502641582958245,0.6188374709992747,0.04604912946723808,0.8107022050961363,0.8395569889277532,0.6012555671816237,0.03708885972537918,0.812338470404627,0.8359206035204632,0.5961683228336391,0.04910465808505044,0.8115534212644802,0.8376672424540434,0.5945537357482321,0.05310335304541481,0.8144514218998998,0.8312013101580711,0.5868953855992033,0.06546745135670898
2022,33.2696,-7.1054,6,2550,365,0.7374180430442281,0.9586196848615893,0.7145256623210426,0.0853533911731677,0.6559015785643225,1.0973754562661104,0.7716311599800435,0.0010882486408921497,0.809399327380746,0.8167255027612634,0.6035172601543308,0.026074489634712608,0.8047226358015427,0.8266846138927315,0.6136143903920687,0.03816799328204861,0.8111196218669656,0.81303141022339,0.6003280510988224,0.010049318932249428,0.8102923037819412,0.814810050887727,0.5990232757283668,0.03576729250478502,0.8111169471565829,0.8130371668188537,0.602478968624077,0.008245821783257811,0.8153115062557809,0.8039588534112361,0.5923457390188795,0.021033111226868614
2022,33.2696,-7.6054,5,2550,365,0.7374180430442281,0.9586196848615893,0.7145256623210426,0.0853533911731677,0.6559015785643225,1.0973754562661104,0.7716311599800435,0.0010882486408921497,0.8096074527615498,0.8162794714544659,0.6102185225155906,0.01043360185237465,0.8046585196973537,0.82682031688892,0.615596461785343,0.03495445499980129,0.8061435873711583,0.8236714036158047,0.5985038508265225,0.04494459764697235,0.8074905767690725,0.8208048215249779,0.5972092340110305,0.061954411219639655,0.8087066351052734,0.818208252953373,0.6046583040523272,0.015668143741530385,0.8102458449008636,0.8149098171245154,0.5986621318720636,0.03489594808087667
2022,33.2696,-8.1054,7,2550,365,0.7636796398044738,0.9037317393651005,0.6761954022936786,0.043094110642375984,0.7201993489396373,0.9833617818410942,0.69119865250822,0.0004740096139010302,0.8238170150539695,0.780316781564143,0.5803689672589165,-0.013947699975221734,0.8269975751489087,0.773241332113044,0.5740024967162857,0.013998281262901298,0.8350007441656478,0.7551443162077661,0.5627136954268306,0.002948475783627367,0.8359272053290981,0.7530212862734437,0.5534128014948767,0.028517906377253672,0.8341701545440037,0.7570425904602547,0.5648640044096673,-7.431302218211852e-05,0.837521975991497,0.7493527052826446,0.5526957590963144,0.015058529516492022
2022,33.7696,-2.1054,8,2550,365,0.7380067551366312,0.9434130398855565,0.7081857104611006,0.14627955088254888,0.7096931582913653,0.9930828076732137,0.6853873318182805,0.0030471370431778347,0.8183750742375661,0.7854970399469025,0.5663469452130943,0.08695144165867513,0.8170319289089865,0.7883961280355434,0.5679552137548373,0.09836701972193423,0.8248399768913938,0.7713905688460784,0.5551185231293606,0.0798078972272341,0.8238871782739989,0.7734857474903689,0.5583927662775328,0.09086263690434448,0.8228662992206426,0.7757243533119644,0.565090024762736,0.056367741086496795,0.8245963875682145,0.7719267563309672,0.5592474094353176,0.06984393231310838
2022,33.7696,-2.6054,7,2550,365,0.7380067551366312,0.9434130398855565,0.7081857104611006,0.14627955088254888,0.7096931582913653,0.9930828076732137,0.6853873318182805,0.0030471370431778347,0.8147966277472819,0.7931973836161114,0.5675912225807671,0.10886834502159225,0.8132876232300207,0.7964222444590806,0.5703590113648808,0.11419052410126777,0.8244220052443461,0.7723103771119965,0.5532578060601596,0.07980691322457044,0.8269973077646178,0.7666254960181236,0.5486786162419922,0.09271541199824407,0.8226662029090068,0.7761623720815716,0.5680882395033604,0.05509798792410042,0.8192506429467308,0.7836014094149322,0.5688310808828926,0.07944212622361302
2022,33.7696,-3.1054,5,2550,365,0.7510095500023077,0.9218401351124266,0.6895931404121874,0.13046161679333934,0.7319314127732646,0.9565049684264236,0.6600071713354483,0.0030468592844822085,0.8331141246114009,0.7546994926753465,0.5433619272558662,0.06905065563193208,0.82954185915105,0.7627340615183757,0.5552806620017305,0.07788604402859832,0.8305676919669472,0.760435496083837,0.5434150042557596,0.0806485253566328,0.8228073988142566,0.7776551622635001,0.5504713528761082,0.10782799462517804,0.8360851585856469,0.7479514464971724,0.5423309995723032,0.02816074801155646,0.8328046293700159,0.7553989758038734,0.5435761445537476,0.045254208930068346
2022,33.7696,-3.6054,7,2550,365,0.7510095500023077,0.9218401351124266,0.6895931404121874,0.13046161679333934,0.7319314127732646,0.9565049684264236,0.6600071713354483,0.0030468592844822085,0.8345370624993007,0.7514751652140512,0.5410873446476528,0.07811723488228996,0.8331399756440714,0.7546410380075019,0.5517183622357921,0.07506695106898505,0.8359524425119097,0.7482541802024278,0.5400652890973568,0.07035393039958378,0.8413790029745076,0.7357742846655875,0.5277479842230012,0.07373790789325158,0.8381944192377261,0.7431235349726097,0.5392137793745018,0.047495400585402144,0.8383672905676693,0.742726456317698,0.5333687203700666,0.05011726181450155
2022,33.7696,-4.1054,5,2550,365,0.718637772598575,0.9838641288981931,0.7902872802065251,0.08534979002394034,0.6742761404695411,1.0585881207123484,0.7440949718231876,0.0034127043268824034,0.8210308755709486,0.784677657180541,0.5924605876925817,0.01056800236033558,0.8195441951037926,0.7879300403009166,0.6045370048215306,0.02072089091283951,0.8192942506360043,0.7884755218060344,0.5924522275106391,0.013565563398432377,0.8266177847395404,0.772332843794671,0.5708067565465648,0.023066261125583593,0.8144341817097953,0.7990081709099207,0.6005270100569448,0.006327071771681432,0.823187804943088,0.7799348706119581,0.5846902784301096,0.024069459192731547
2022,33.7696,-4.6054,5,2550,365,0.718637772598575,0.9838641288981931,0.7902872802065251,0.08534979002394034,0.6742761404695411,1.0585881207123484,0.7440949718231876,0.0034127043268824034,0.8210308755709486,0.784677657180541,0.5924605876925817,0.01056800236033558,0.8195441951037926,0.7879300403009166,0.6045370048215306,0.02072089091283951,0.8192942506360043,0.7884755218060344,0.5924522275106391,0.013565563398432377,0.8266177847395404,0.772332843794671,0.5708067565465648,0.023066261125583593,0.8144341817097953,0.7990081709099207,0.6005270100569448,0.006327071771681432,0.823187804943088,0.7799348706119581,0.5846902784301096,0.024069459192731547
2022,33.7696,-5.1054,5,2550,365,0.7166140509374803,1.0310862999553738,0.8110670542523168,0.07472750831854863,0.6464432263035714,1.1516895890710135,0.7629349227849834,0.003842909393593334,0.8107801378796613,0.8425374631103355,0.6203315913661048,0.01724595615171469,0.8017804008290644,0.8623412413420242,0.6342259367394155,0.02174260057737109,0.8099736541717164,0.8443310651226797,0.6105750723843183,-0.004376505983806528,0.8138112335456746,0.8357619542191114,0.597660999612482,0.007716836229982273,0.8044088045869784,0.8566048132799341,0.6184672991538962,0.05442865156028974,0.8099515638648381,0.8443801398713197,0.6064045843331418,0.07068828601897323
2022,33.7696,-5.6054,5,2550,365,0.7166140509374803,1.0310862999553738,0.8110670542523168,0.07472750831854863,0.6464432263035714,1.1516895890710135,0.7629349227849834,0.003842909393593334,0.8104229350267119,0.8433323450060981,0.6227255086138801,0.030380604665731455,0.8022806905803037,0.8612523150997944,0.6365055648675799,0.02851686261395879,0.8045601692111573,0.8562732933451813,0.621328204941942,0.01029186219048652,0.8114146522566668,0.8411236288191847,0.6004585195830736,0.02685099882320389,0.8065569261266129,0.8518879049347832,0.6157508882261805,0.02326342292042712,0.8068499638615979,0.85124241810249,0.605539531607107,0.041416315754611716
2022,33.7696,-6.1054,5,2550,365,0.7460895194319294,0.9723390270874144,0.7403256270228088,0.09493822198583099,0.659571631224624,1.125875259091996,0.7686933089615745,0.003527235344178984,0.8130887550930249,0.8342478937124673,0.605549952707286,0.04462709555263561,0.8049143414790696,0.852295265155851,0.6266145915261023,0.03602728717394217,0.811887415321851,0.8369245917825152,0.596919960838467,0.05507647983202516,0.8124292254241134,0.8357184492345191,0.5909195337791441,0.07362056871821758,0.8119750073188297,0.836729717972964,0.5925528471370288,0.06615140550310691,0.8135276939895444,0.8332677518068405,0.5847462991781038,0.0778884385964016
2022,33.7696,-6.6054,5,2550,365,0.7460895194319294,0.9723390270874144,0.7403256270228088,0.09493822198583099,0.659571631224624,1.125875259091996,0.7686933089615745,0.003527235344178984,0.8115855573420633,0.8375958150834334,0.6063952392382866,0.036509927156936406,0.804406735012092,0.8534033669367224,0.6260682976561933,0.03612699699494925,0.8126956840700239,0.8351246372503912,0.5969676685171499,0.051765935008030665,0.8124672898734113,0.8356336471733666,0.5899002065603436,0.079088403417945,0.8130271855952355,0.8343852851108872,0.5915633244472844,0.0651780955033017,0.8145459786842706,0.8309894903218976,0.5809641915598404,0.08992743785331034
2022,33.7696,-7.1054,4,2550,365,0.7374180430442281,0.9586196848615893,0.7145256623210426,0.0853533911731677,0.6559015785643225,1.0973754562661104,0.7716311599800435,0.0010882486408921497,0.80914043840321,0.8172799852745812,0.6074678666309004,0.015864790772536615,0.8044162082956761,0.8273329727203481,0.6176272396402627,0.02929086374552839,0.8043937372512607,0.8273804983917085,0.5996094314796504,0.05731268376625724,0.8082813698393478,0.8191172295393656,0.5966110633587706,0.06534445410720836,0.8082030094361174,0.8192846097230924,0.6027157657546456,0.01663017440507583,0.8114562605729305,0.8123065601747637,0.5952945781986565,0.03247518041065095
2022,34.2696,-2.1054,8,2550,365,0.719662227414189,1.0514992429089534,0.8013962734856693,0.12206667681114308,0.7372726511330838,1.0179367573683937,0.6858335148825192,0.0014648043427812917,0.8224975606674748,0.8367010577566849,0.6096469608341386,0.06275020466912193,0.8172462739735109,0.8489874594781747,0.6206557310650782,0.08331172964901683,0.8253409349738574,0.8299725339887187,0.5975030886692647,0.06233079542796997,0.8248963708332036,0.8310281377548714,0.5984201271016876,0.08765617172323976,0.8289308800638105,0.8213986140543045,0.59782240642498,0.033680616392016645,0.8302788943082311,0.8181559278560794,0.5960796649039606,0.05409688596239661
2022,34.2696,-2.6054,6,2550,365,0.719662227414189,1.0514992429089534,0.8013962734856693,0.12206667681114308,0.7372726511330838,1.0179367573683937,0.6858335148825192,0.0014648043427812917,0.8246254985736838,0.8316706586539315,0.6022304600099939,0.07883822230683749,0.8200057017969632,0.8425535816492907,0.618977489251134,0.08271790698536677,0.8329103623045431,0.8117885357348822,0.5837834329251316,0.05479767231224631,0.8355609575412224,0.8053239680294115,0.5796712916728098,0.06939180529033137,0.8347650133813171,0.8072706441717699,0.5871029000587271,0.042221381862894196,0.8381177173518443,0.7990387015828487,0.5756341613286745,0.06656276329139584
2022,34.2696,-3.1054,5,2550,365,0.7631302517815182,0.977427688720275,0.7662932748756833,0.11155249819036443,0.775048000249415,0.9525214568753867,0.6600310263241754,0.002527418106843253,0.8514827840769253,0.7739595049083567,0.5658203908888484,0.09204244493738695,0.8473887651653345,0.7845544528035329,0.5945233676124491,0.08474128021348563,0.8502658900498072,0.7771238024386665,0.5666856418481729,0.11813360749162186,0.8530206729016363,0.7699419201307605,0.5587868719692328,0.1279100489398007,0.8459504853289236,0.7882427875537865,0.5757520205560891,0.11650990887611194,0.8465471002335446,0.7867149229186017,0.5763108644442555,0.12488537950920528
2022,34.2696,-3.6054,6,2550,365,0.7631302517815182,0.977427688720275,0.7662932748756833,0.11155249819036443,0.775048000249415,0.9525214568753867,0.6600310263241754,0.002527418106843253,0.8504197382196736,0.7767244618956023,0.5653812243488785,0.0882910856602127,0.8495651478533367,0.7789401147002032,0.5892005248086921,0.0672069209033764,0.851376145668851,0.7742373144507686,0.565943999626218,0.10512410893829519,0.8587196503212324,0.7548674848680111,0.5530642940997629,0.09602800189225216,0.8418578138059826,0.7986448722019159,0.5840589178044341,0.10054714823351453,0.841032522663441,0.800726090588032,0.586581700646344,0.10409821201730625
2022,34.2696,-4.1054,4,2550,365,0.7595977249682507,1.0073091890960446,0.807688572251549,0.0401366858054336,0.7515900121643222,1.0239483156238662,0.6942474683981706,0.0032574184747518565,0.8586006485525719,0.772533316299348,0.5717271198584889,0.012366978999419426,0.853019339568869,0.7876324606482349,0.5984349239297424,-0.006159950923345835,0.8515452499236054,0.7915722453029062,0.5762096575749077,0.019961325777639878,0.8549506325190026,0.7824406925458485,0.5747243827098926,0.030434224199499687,0.8502910275677165,0.7949090178870788,0.5962112878531399,-0.03974119885340197,0.8553746831303973,0.7812961259940621,0.5797239136865867,-0.019209686975995066
2022,34.2696,-4.6054,4,2550,365,0.7595977249682507,1.0073091890960446,0.807688572251549,0.0401366858054336,0.7515900121643222,1.0239483156238662,0.6942474683981706,0.0032574184747518565,0.8586006485525719,0.772533316299348,0.5717271198584889,0.012366978999419426,0.853019339568869,0.7876324606482349,0.5984349239297424,-0.006159950923345835,0.8515452499236054,0.7915722453029062,0.5762096575749077,0.019961325777639878,0.8549506325190026,0.7824406925458485,0.5747243827098926,0.030434224199499687,0.8502910275677165,0.7949090178870788,0.5962112878531399,-0.03974119885340197,0.8553746831303973,0.7812961259940621,0.5797239136865867,-0.019209686975995066
2022,34.2696,-5.1054,6,2550,365,0.763198969935938,0.9870815372462952,0.7774455620274743,0.01832112475600452,0.7438589141745531,1.0265990506095386,0.6965073166786657,0.0024705209178897377,0.8395166889798475,0.8125987934389155,0.6207989074622745,-0.001274785344924746,0.8394043047573678,0.8128832694398734,0.6245467304329096,-0.004242491042676843,0.8475860298606807,0.7919059811215939,0.6029876635153967,-0.008163723304425358,0.8496983623853714,0.786399251413008,0.5899546043170442,0.017579093997923026,0.8403535719516059,0.8104772675819177,0.613422988781458,0.012409680043363807,0.8389196711174208,0.8141088745723922,0.6162374380371768,0.024618249260765883
2022,34.2696,-5.6054,7,2550,365,0.763198969935938,0.9870815372462952,0.7774455620274743,0.01832112475600452,0.7438589141745531,1.0265990506095386,0.6965073166786657,0.0024705209178897377,0.8386105485975011,0.8148896612985053,0.6224406220487506,-0.010714354561165451,0.8371802470404275,0.8184926444823613,0.6261512335927415,-0.007736451674192234,0.8463421380436864,0.795130894568895,0.6020498211058263,-0.007059391065180579,0.8482441582963721,0.7901943936746002,0.5890459408884886,0.015157638017527626,0.845228148175384,0.7980079622669903,0.6056001988367451,0.012321287923024525,0.8437736927311751,0.8017488005773518,0.6021122889302246,0.0146977333835297
2022,34.2696,-6.1054,6,2550,365,0.7690482104941301,0.9231965104971674,0.7027168583987804,0.0726879361138186,0.7153495387832287,1.0249187407878595,0.7439481613185217,0.0012987890847154491,0.8349564286214384,0.7804279142807267,0.5749764695040566,0.018965305111252582,0.8274619573458968,0.7979504461343575,0.5846222958452687,0.02737489752429526,0.8365325105944961,0.7766926310033769,0.5758654507329013,0.01209381808541147,0.8345105881449921,0.7814813078962597,0.5724103568847408,0.03094826044412245,0.8364884655929301,0.7767972607503062,0.5777311946383457,0.01798452799915724,0.8368053885194029,0.7760440898241677,0.5636588575073888,0.039927977491861735
2022,34.2696,-6.6054,4,2550,365,0.7690482104941301,0.9231965104971674,0.7027168583987804,0.0726879361138186,0.7153495387832287,1.0249187407878595,0.7439481613185217,0.0012987890847154491,0.8397337355259249,0.7690499453368462,0.5594321056792706,0.028751699771379913,0.8327611478011124,0.7856010903336115,0.5708932439598376,0.04380598079369799,0.8364509425116408,0.7768863864343962,0.5742673331481407,0.021235778187727008,0.8351500563878858,0.7799699841121616,0.5696941694215077,0.028348195777115177,0.8390296043408625,0.770737507500151,0.5737663426682722,0.012415780994577878,0.8371249002400918,0.7752840259214032,0.5651433720774032,0.022184890544077
2022,34.7696,-2.1054,8,2550,365,0.719662227414189,1.0514992429089534,0.8013962734856693,0.12206667681114308,0.7372726511330838,1.0179367573683937,0.6858335148825192,0.0014648043427812917,0.8246349722488193,0.8316481950575034,0.6071340912103589,0.08025868723881266,0.8177356069172219,0.8478500928050728,0.619933318627511,0.08903537473575487,0.8310276208470958,0.8163492811713672,0.5845327856397616,0.0879436967882237,0.8261100885941397,0.8281430247608588,0.5935444955904698,0.12183673200720983,0.8285233495122958,0.8223764232149869,0.5922401263305859,0.051703946113172555,0.8275423942461376,0.8247253262271568,0.5978235455004791,0.061048614338231263
2022,34.7696,-2.6054,6,2550,365,0.719662227414189,1.0514992429089534,0.8013962734856693,0.12206667681114308,0.7372726511330838,1.0179367573683937,0.6858335148825192,0.0014648043427812917,0.8232927716687366,0.8348247433839089,0.6035844304945767,0.1033282220480539,0.8163646537057808,0.851032791328066,0.6205451451291334,0.10623505743942928,0.8274554268393735,0.8249332474219256,0.5902503150827294,0.09903104948516128,0.8298399946327316,0.819213122594362,0.5816864877914638,0.10673514075022718,0.8313546163448102,0.8155589987216023,0.577535766181754,0.09843510040097661,0.838302029132259,0.7985836975313102,0.567909176873248,0.11428322998158444
2022,34.7696,-3.1054,5,2550,365,0.7631302517815182,0.977427688720275,0.7662932748756833,0.11155249819036443,0.775048000249415,0.9525214568753867,0.6600310263241754,0.002527418106843253,0.8476144209235001,0.7839742048210383,0.5767296786851044,0.08883689049610735,0.8418626958551872,0.798632544518363,0.6043867922091107,0.09149607651465756,0.8483652624851604,0.7820404020752318,0.576230953688153,0.10975619964000467,0.8489382009885429,0.7805615684445179,0.5758929959126868,0.10793129927430949,0.8450814644484539,0.7904629701583225,0.5794798638021571,0.11768803965111264,0.8455681747317676,0.7892202876547126,0.5809465547393051,0.11856973737538118
2022,34.7696,-3.6054,5,2550,365,0.7631302517815182,0.977427688720275,0.7662932748756833,0.11155249819036443,0.775048000249415,0.9525214568753867,0.6600310263241754,0.002527418106843253,0.8503442047163232,0.7769205483124679,0.5687085683723541,0.08568144993490152,0.8470120518443258,0.7855221730029965,0.5940299494338146,0.08171330713891484,0.8490196303541604,0.7803511605134364,0.5707056703777572,0.09514907580667761,0.8533490533898421,0.7690813389638049,0.5622210926513475,0.09501676646278562,0.8453787362377753,0.7897041998299166,0.577839510150182,0.09522635312394434,0.8461135074260331,0.7878256002393389,0.5773763568355198,0.10556668946702191
2022,34.7696,-4.1054,5,2550,365,0.7595977249682507,1.0073091890960446,0.807688572251549,0.0401366858054336,0.7515900121643222,1.0239483156238662,0.6942474683981706,0.0032574184747518565,0.8636424042342392,0.7586355267368046,0.561662506987483,0.023335668866975457,0.8568507980032282,0.7772987598718859,0.5879515570106182,0.005335351930153306,0.8556290030585996,0.7806088790869696,0.5720695199751294,0.00854982885505036,0.8558773309084453,0.7799372401919163,0.5760679993702256,0.02902108905130911,0.851595400108236,0.7914385316716657,0.5891622311933508,-0.02543378016062586,0.854942652424169,0.7824622157870699,0.5806716526696979,-0.006069372457120225
2022,34.7696,-4.6054,5,2550,365,0.7595977249682507,1.0073091890960446,0.807688572251549,0.0401366858054336,0.7515900121643222,1.0239483156238662,0.6942474683981706,0.0032574184747518565,0.8636424042342392,0.7586355267368046,0.561662506987483,0.023335668866975457,0.8568507980032282,0.7772987598718859,0.5879515570106182,0.005335351930153306,0.8556290030585996,0.7806088790869696,0.5720695199751294,0.00854982885505036,0.8558773309084453,0.7799372401919163,0.5760679993702256,0.02902108905130911,0.851595400108236,0.7914385316716657,0.5891622311933508,-0.02543378016062586,0.854942652424169,0.7824622157870699,0.5806716526696979,-0.006069372457120225
2022,34.7696,-5.1054,5,2550,365,0.763198969935938,0.9870815372462952,0.7774455620274743,0.01832112475600452,0.7438589141745531,1.0265990506095386,0.6965073166786657,0.0024705209178897377,0.8478727866383431,0.7911606710991235,0.6012477699207972,-0.002335560538783778,0.8428749976336101,0.8040515320641091,0.6150566610568545,-0.00332070187627761,0.8499733699513725,0.7856794829405176,0.6019252820066789,-0.042216858640223044,0.8491044775885872,0.7879513639959658,0.598078413563749,-0.014951431214558816,0.846097193467759,0.7957643976048845,0.6088238994003128,-0.03744991815839057,0.845265299182,0.7979121807084135,0.6019673794621645,-0.017761234733863845
2022,34.7696,-5.6054,6,2550,365,0.763198969935938,0.9870815372462952,0.7774455620274743,0.01832112475600452,0.7438589141745531,1.0265990506095386,0.6965073166786657,0.0024705209178897377,0.8432270505480853,0.8031502514939313,0.6138604795095156,-0.010616563520366896,0.8398169881220581,0.8118381630004904,0.6225934724854031,-0.003319599154505944,0.848726707726009,0.7889370731956521,0.6022857844258219,-0.012592224195419324,0.8499909935284269,0.7856333348348035,0.5917769999339283,0.014546792531642164,0.8462780614385292,0.7952966653835769,0.6062885095999878,-0.010974294934054631,0.8490011282739498,0.7882211542892787,0.59038567600273,0.009868062949790049
2022,34.7696,-6.1054,6,2550,365,0.7690482104941301,0.9231965104971674,0.7027168583987804,0.0726879361138186,0.7153495387832287,1.0249187407878595,0.7439481613185217,0.0012987890847154491,0.8426332846146001,0.7620613372611434,0.5635444510302399,0.0033223230361440897,0.8334863325584653,0.783895969591493,0.5777029797618386,0.019166596298039455,0.8382660913285215,0.7725632219733342,0.5764608624720352,-0.0009912964057681593,0.8362123062370033,0.7774529616805649,0.5712677538256559,0.02298292692569387,0.8398986323984546,0.7686542083815002,0.5708810680277528,0.015328571188367873,0.8375065281547174,0.7743752205209923,0.5658882915855961,0.041720555237412915
2022,35.2696,-3.1054,5,2550,365,0.7460665682191736,1.0002153083029992,0.7733051485259491,0.05370827938905937,0.7472558805970082,0.9978702752694475,0.6894100049169138,-0.0007624914698068691,0.8248467295990972,0.8306970754976959,0.6255380162003039,-0.017880708790290835,0.8157342949909541,0.8520318170128888,0.6407416469964418,0.0036757172325395473,0.8229838821024585,0.8351028430319186,0.6277496110005277,-0.0058992325834876435,0.8160603918455327,0.8512775585614104,0.6468947077763344,-0.011406546334117442,0.8165327269689112,0.8501838660298819,0.635288612366869,-0.006137026031114866,0.8086238110204615,0.8683154071667043,0.6557884203203357,-0.01141443064890056
2022,35.2696,-5.1054,4,2550,365,0.7828026498494333,0.9805706965426925,0.7638065107768419,0.024488845603786325,0.7880106472186689,0.9687432151714656,0.6806203022307787,-0.0003984617676621424,0.8597423417413491,0.7879795401422688,0.6033263283687822,-0.03394042898444578,0.8579850517301348,0.7929004774159703,0.6046164192613904,-0.011651728895835373,0.8620772301169707,0.7813932127684796,0.5866509341401087,0.003149104516561887,0.8630292946354028,0.7786916101596364,0.5852390643040746,0.006610155561677128,0.8620772301169707,0.7813932127684796,0.5866509341401088,0.0031491045165618456,0.863029294635403,0.7786916101596356,0.585239064304074,0.00661015556167706
2022,35.2696,-5.6054,6,2550,365,0.7828026498494333,0.9805706965426925,0.7638065107768419,0.024488845603786325,0.7880106472186689,0.9687432151714656,0.6806203022307787,-0.0003984617676621424,0.8615327866849927,0.7829339496384935,0.6039804872032403,-0.05655358965118336,0.8578891327833573,0.7931682004336241,0.6102743054104236,-0.030913054152891122,0.8636913009859231,0.7768075460591854,0.5877092494925807,-0.02560096490233605,0.8586097180557436,0.7911547313196896,0.5941551042555624,-0.012783319535730931,0.8623434497187963,0.780638722887453,0.5959359984888587,-0.03921232511940675,0.8611649465254811,0.7839731975955979,0.5943368982671705,-0.0305466997286935
2022,35.2696,-6.1054,7,2550,365,0.7780090708432078,0.9661749858551141,0.7498721738210783,0.03730252776480336,0.772440761671634,0.9782174611868362,0.6911083313756927,0.000946149051805433,0.8535694704835619,0.7847006121665121,0.5870936782424198,-0.006160549415727861,0.8476248412409352,0.8004703694852227,0.598160707668906,0.017362659467333494,0.8526948668192842,0.787040562352855,0.5939509624386973,-0.016048441968320906,0.845934404268454,0.804898297485721,0.6024599979706576,0.02106224264595732,0.8490761559432329,0.7966491628447763,0.5967296856384123,-0.0029902180978555047,0.8473541134538067,0.8011811592261121,0.5890753445962792,0.04687189166417311
2022,35.7696,-5.6054,4,2550,365,0.7828026498494333,0.9805706965426925,0.7638065107768419,0.024488845603786325,0.7880106472186689,0.9687432151714656,0.6806203022307787,-0.0003984617676621424,0.8618635315783102,0.7819983266190854,0.5978847872254789,-0.02430522434278164,0.8548172528359167,0.8016949618387944,0.6132841584297059,-0.012351162820297835,0.8611507093954341,0.7840133936482421,0.5890206716562199,-0.012212687945927394,0.8589630481512057,0.7901655769336429,0.5894846763207179,-0.0035348594957854596,0.8563927395410273,0.7973332001975357,0.6013464264508801,-0.014552319778387467,0.8548944721996236,0.8014817319272395,0.6020441072748355,-0.013753771475328618
