fold,lat,lon,k,n_train,n_test,CLIM_r2,CLIM_rmse,CLIM_mae,CLIM_mbe,PERSIST_KC_r2,PERSIST_KC_rmse,PERSIST_KC_mae,PERSIST_KC_mbe,ALL_LIN_r2,ALL_LIN_rmse,ALL_LIN_mae,ALL_LIN_mbe,ALL_KRR_r2,ALL_KRR_rmse,ALL_KRR_mae,ALL_KRR_mbe,PCMCI_LIN_r2,PCMCI_LIN_rmse,PCMCI_LIN_mae,PCMCI_LIN_mbe,PCMCI_KRR_r2,PCMCI_KRR_rmse,PCMCI_KRR_mae,PCMCI_KRR_mbe,LASSO_LIN_r2,LASSO_LIN_rmse,LASSO_LIN_mae,LASSO_LIN_mbe,LASSO_KRR_r2,LASSO_KRR_rmse,LASSO_KRR_mae,LASSO_KRR_mbe
2021,21.7696,-13.1054,5,2185,365,0.6985676149990935,0.7489255971445018,0.5385867734005645,0.008174102302555747,0.6884222492239813,0.7614246606419093,0.5047105260714139,-0.0004013921644753637,0.7693314478878309,0.6551457292122269,0.46401575748735646,0.008039608270448405,0.773954290465838,0.6485475956617517,0.4562885665203491,0.009129300691050541,0.7732788751514356,0.6495157897859356,0.45569749936411635,0.007018743995105978,0.7801985353654863,0.6395271854206698,0.4406151358992535,0.014341462837714035,0.7711458871214447,0.6525639534005921,0.45869678782101614,0.019215303497647464,0.7747173383796395,0.6474520401989189,0.44771734619216774,0.024120765621597328
2021,21.7696,-13.6054,5,2185,365,0.6985676149990935,0.7489255971445018,0.5385867734005645,0.008174102302555747,0.6884222492239813,0.7614246606419093,0.5047105260714139,-0.0004013921644753637,0.7729614987475412,0.6499702443375732,0.461021433144094,0.011942700264679546,0.7746587361579818,0.647536244772348,0.45526502606973157,0.013443938463309652,0.7739223250627154,0.6485934499992039,0.45636378462850313,0.00997369036972063,0.7765622249017591,0.6447955307035287,0.4430352846743475,0.01995435747951024,0.7739223250627154,0.6485934499992039,0.45636378462850313,0.009973690369720588,0.776562224901759,0.6447955307035287,0.44303528467434744,0.01995435747951026
2021,21.7696,-14.1054,4,2185,365,0.68361939683432,0.7846459402091877,0.5289128833347135,0.03673107950492295,0.6577544310096626,0.8160893761260161,0.5173114634517146,-0.00016405231146887238,0.7630690426109692,0.67901553713287,0.4590172555979144,0.03323869054545407,0.7600676882274467,0.6833027623801009,0.4575978105036736,0.038674614232408706,0.7608533535321226,0.6821830976910683,0.45513013009803066,0.033723254673970096,0.7656280704430719,0.675338649404481,0.44555549090109997,0.04502554692165429,0.7620187050447819,0.6805189431582116,0.45559179875715844,0.04284765859455265,0.7655477673722427,0.6754543354487201,0.4460192412171663,0.04942797534870718
2021,21.7696,-14.6054,4,2185,365,0.68361939683432,0.7846459402091877,0.5289128833347135,0.03673107950492295,0.6577544310096626,0.8160893761260161,0.5173114634517146,-0.00016405231146887238,0.7630690426109692,0.67901553713287,0.4590172555979144,0.03323869054545407,0.7600676882274467,0.6833027623801009,0.4575978105036736,0.038674614232408706,0.7608533535321226,0.6821830976910683,0.45513013009803066,0.033723254673970096,0.7656280704430719,0.675338649404481,0.44555549090109997,0.04502554692165429,0.7620187050447819,0.6805189431582116,0.45559179875715844,0.04284765859455265,0.7655477673722427,0.6754543354487201,0.4460192412171663,0.04942797534870718
2021,21.7696,-15.1054,4,2185,365,0.6924155461254804,0.7582530598596139,0.5022149719787663,0.06857649788123117,0.6551595305387143,0.802862354519892,0.5201243684716723,0.00026861542104209316,0.7616164894695586,0.6675289209635048,0.4455994320502318,0.04233479311620117,0.7658535742556152,0.661569914743458,0.4346310145888075,0.0557591186686364,0.7602457961622708,0.6694452991591546,0.4409641986937037,0.044169282650871514,0.7619539924978873,0.6670562103496136,0.43561903711916367,0.06252581382589648,0.7600779319169431,0.6696796146893403,0.4375815165809545,0.050958013617643835,0.7663128330312963,0.6609207890529757,0.4277115462266724,0.06773090783828521
2021,21.7696,-15.6054,3,2185,365,0.6924155461254804,0.7582530598596139,0.5022149719787663,0.06857649788123117,0.6551595305387143,0.802862354519892,0.5201243684716723,0.00026861542104209316,0.7536576672830088,0.6785807035886985,0.45201409540671733,0.04267808264838302,0.7625743341345828,0.6661864778822386,0.43914111629926944,0.060662144406007215,0.7588370646136814,0.6714091593292988,0.4415117422675542,0.05462005631995329,0.7652011104882764,0.66249102663005,0.43111875225371327,0.062032942234525684,0.7591619497772806,0.6709567589882853,0.43901448519647884,0.045485175238370076,0.7668043661486961,0.6602253390881154,0.4276865261570252,0.06431379752827217
2021,21.7696,-16.1054,4,2185,365,0.6810836990218563,0.7759435567659397,0.5444580454884819,0.06428695489209078,0.6649025473739976,0.7953848880125752,0.5192011964329188,0.00026114640378857584,0.7592148256900108,0.674227781422825,0.46637519756579693,0.04006613727465229,0.7662160021671485,0.6643534010278401,0.4518100280339737,0.06418383094662788,0.757699031018795,0.6763466567038561,0.460352894933304,0.053554335498207206,0.7684456767669644,0.6611777329915564,0.4441307848552465,0.0670377707847139,0.7583382392750431,0.6754539407708844,0.46395472439755453,0.03998314137278783,0.7668099744292953,0.6635089068393986,0.4498835961460549,0.04929278930720342
2021,21.7696,-16.6054,3,2185,365,0.6810836990218563,0.7759435567659397,0.5444580454884819,0.06428695489209078,0.6649025473739976,0.7953848880125752,0.5192011964329188,0.00026114640378857584,0.7650346254350727,0.6660298686968114,0.4595238549466687,0.0429645746433205,0.7658184900078304,0.6649179742936115,0.45075506662827564,0.06288046665663835,0.7580223861403412,0.6758952074796066,0.4629834562610562,0.04242322486174881,0.7644439913680818,0.6668664452149036,0.44841867074830516,0.05465238413557267,0.7580223861403413,0.6758952074796066,0.46298345626105614,0.04242322486174887,0.7644439913680822,0.6668664452149031,0.4484186707483048,0.05465238413557229
2021,22.2696,-13.1054,7,2185,365,0.6906770630668223,0.756300263266405,0.5240239247693084,0.041503991222294014,0.6090036824983718,0.8503045884104232,0.5427895419043917,0.0003355710981570929,0.7231574069513368,0.7154917710646795,0.49308335519222973,0.031360260557497625,0.7427286951612581,0.6897375398312072,0.46530137052728526,0.03958307867642435,0.7386923662575726,0.6951271281208957,0.4706721601732673,0.031696337922251724,0.7538758328016294,0.6746294858803177,0.44591610900047196,0.036696603789760494,0.7337049037506191,0.7017295636534627,0.46895613026268707,0.031176688755504004,0.7493797033178502,0.6807635728743389,0.4532228417977933,0.03821687980020072
2021,22.2696,-13.6054,8,2185,365,0.6906770630668223,0.756300263266405,0.5240239247693084,0.041503991222294014,0.6090036824983718,0.8503045884104232,0.5427895419043917,0.0003355710981570929,0.7301846362962875,0.7063525653418333,0.48273921735131115,0.03720527333222262,0.7428583937585812,0.6895636586652014,0.4625313899512643,0.04579270144888758,0.7405019698585443,0.6927160046586858,0.4666299562883741,0.036508449942315356,0.7513692771708061,0.678056034392194,0.44671870300650574,0.043961400571382384,0.7367538872340659,0.6977007221589185,0.46482432302218873,0.03364968633238482,0.7489622442487827,0.6813303120514196,0.45232368884735924,0.04063245674162862
2021,22.2696,-14.1054,5,2185,365,0.689737823517597,0.7490724407369215,0.48280664192851536,0.06804758822020926,0.598007353637589,0.8526454053178849,0.5317949152552233,6.521080732644741e-05,0.7310143356975476,0.6974674897547029,0.4596646745399307,0.052127329410915454,0.7437871737402808,0.6807064023600825,0.43318985245989144,0.06584747736120303,0.7339711725377001,0.6936234253992765,0.44585455309388644,0.05015962741441029,0.7365197479042054,0.6902929484135425,0.4361559680063789,0.06822090585268467,0.7352514550125058,0.6919523566390019,0.4440126956784753,0.053086235734455894,0.7371833162688697,0.6894231577480501,0.43357482468491304,0.06837930448719581
2021,22.2696,-14.6054,5,2185,365,0.689737823517597,0.7490724407369215,0.48280664192851536,0.06804758822020926,0.598007353637589,0.8526454053178849,0.5317949152552233,6.521080732644741e-05,0.7310143356975476,0.6974674897547029,0.4596646745399307,0.052127329410915454,0.7437871737402808,0.6807064023600825,0.43318985245989144,0.06584747736120303,0.7339711725377001,0.6936234253992765,0.44585455309388644,0.05015962741441029,0.7365197479042054,0.6902929484135425,0.4361559680063789,0.06822090585268467,0.7352514550125058,0.6919523566390019,0.4440126956784753,0.053086235734455894,0.7371833162688697,0.6894231577480501,0.43357482468491304,0.06837930448719581
2021,22.2696,-15.1054,4,2185,365,0.6843143239298155,0.7578680486747764,0.5009301285263315,0.06291048777322303,0.6090903509802975,0.8433432140443976,0.5159574033271004,-0.00018012902311291594,0.7285096058557512,0.7028188378636351,0.4554026651550067,0.0401203819990085,0.743927997330187,0.6825700189196306,0.43978198247171346,0.06462217694114492,0.7334676271651792,0.6963717463616178,0.4496469973630632,0.045471622884222414,0.7478841692669219,0.6772768289846779,0.4367505794301133,0.050851775695055196,0.7367210436240597,0.6921085803208389,0.4455223715978377,0.038780692719398505,0.7440721510553965,0.6823778681544327,0.431799065752213,0.05976394154129811
2021,22.2696,-15.6054,3,2185,365,0.6843143239298155,0.7578680486747764,0.5009301285263315,0.06291048777322303,0.6090903509802975,0.8433432140443976,0.5159574033271004,-0.00018012902311291594,0.7252617409438793,0.7070102831305531,0.45901081110319136,0.038438605903497264,0.7420292287961059,0.685095966299844,0.4419576539080372,0.06461139685758933,0.7300690297593168,0.7007974572112461,0.451512705319175,0.05648364986666029,0.7421935780472793,0.6848776994253177,0.4383973039917578,0.06360923288561872,0.7367945680791944,0.692011932908936,0.4474909885927743,0.038376570429276106,0.7444987444333979,0.6818089201357016,0.43135086427288405,0.06467696842606015
2021,22.2696,-16.1054,4,2185,365,0.6607915635700481,0.762821812488837,0.537880593147271,0.04804351939573436,0.6251951413785253,0.8018486206862236,0.5214186267029511,3.391567369347441e-05,0.7440812204818629,0.6625838688550754,0.45882313331790786,0.04676402471028418,0.7461181918327915,0.6599417010015555,0.44948210718085624,0.0628130253237592,0.7455224862936578,0.660715487414689,0.45767540324714456,0.0439127567031856,0.7434802189445133,0.6633614210271889,0.45868605507970733,0.04655060100832967,0.744351588092081,0.6622337801348174,0.45310184395147396,0.04805221056479173,0.7451478737132018,0.6612016233157709,0.45323414364759623,0.048254228250412784
2021,22.2696,-16.6054,5,2185,365,0.6607915635700481,0.762821812488837,0.537880593147271,0.04804351939573436,0.6251951413785253,0.8018486206862236,0.5214186267029511,3.391567369347441e-05,0.7483602315350866,0.6570212541912301,0.4524550947727773,0.03880725955888561,0.7506865286072133,0.6539772690193574,0.44604659042029476,0.05945753693853503,0.744729732731206,0.6617438243723506,0.45871244505413394,0.04480297642359344,0.7443481032251903,0.6622382937335769,0.4578166250371914,0.04633314178855589,0.7432224976044574,0.6636945716996707,0.45357423374556394,0.05715637322726776,0.7482464073125754,0.6571698326113509,0.4455124118429202,0.059157351108937696
2021,22.7696,-13.6054,8,2185,365,0.6906770630668223,0.756300263266405,0.5240239247693084,0.041503991222294014,0.6090036824983718,0.8503045884104232,0.5427895419043917,0.0003355710981570929,0.7336449140936262,0.7018086003046458,0.4794626551246939,0.04023543969211391,0.7439293218486678,0.6881262335917575,0.4602475935754132,0.05106524870250369,0.7420890245801547,0.6905944774217779,0.46306014921044925,0.03960669329878767,0.7514744782953228,0.6779125690077679,0.4459831654922242,0.04427081606189206,0.7370652627818157,0.6972879691996301,0.4624963457899582,0.03871803573635462,0.742584794509819,0.6899304097788492,0.45288558130368983,0.04945881531014507
2021,22.7696,-14.1054,5,2185,365,0.689737823517597,0.7490724407369215,0.48280664192851536,0.06804758822020926,0.598007353637589,0.8526454053178849,0.5317949152552233,6.521080732644741e-05,0.7275352498551553,0.701963553340989,0.46392684743598034,0.04812838001232569,0.7421709135593987,0.6828500675157119,0.4374214843885041,0.07359509964201977,0.7307602197756906,0.697796867445528,0.4467083924489996,0.05185419273592352,0.7407478991025005,0.684731873124683,0.43206141186253494,0.07933573275307682,0.7325673817276427,0.6954510864472677,0.4457365697806276,0.05164761039306474,0.7400604623550995,0.6856390947590849,0.4283825588759737,0.07917219969899549
2021,22.7696,-14.6054,5,2185,365,0.689737823517597,0.7490724407369215,0.48280664192851536,0.06804758822020926,0.598007353637589,0.8526454053178849,0.5317949152552233,6.521080732644741e-05,0.7275352498551553,0.701963553340989,0.46392684743598034,0.04812838001232569,0.7421709135593987,0.6828500675157119,0.4374214843885041,0.07359509964201977,0.7307602197756906,0.697796867445528,0.4467083924489996,0.05185419273592352,0.7407478991025005,0.684731873124683,0.43206141186253494,0.07933573275307682,0.7325673817276427,0.6954510864472677,0.4457365697806276,0.05164761039306474,0.7400604623550995,0.6856390947590849,0.4283825588759737,0.07917219969899549
2021,22.7696,-15.1054,4,2185,365,0.6843143239298155,0.7578680486747764,0.5009301285263315,0.06291048777322303,0.6090903509802975,0.8433432140443976,0.5159574033271004,-0.00018012902311291594,0.7296348586675372,0.7013608304058893,0.4545076973125215,0.03717211909599284,0.7442864597978417,0.6820921036885402,0.44085328032249044,0.06446321925788659,0.7338469700249408,0.6958760135041963,0.44817934334210063,0.05180258993702324,0.7444210696967396,0.6819125503581561,0.4390335309402726,0.05476923615908725,0.7362033887452846,0.692788652616098,0.4482063763067659,0.03280016068950288,0.7470272049693348,0.6784269148145505,0.4314034815344991,0.05774150632366454
2021,22.7696,-15.6054,3,2185,365,0.6843143239298155,0.7578680486747764,0.5009301285263315,0.06291048777322303,0.6090903509802975,0.8433432140443976,0.5159574033271004,-0.00018012902311291594,0.7290876469180549,0.7020702393274663,0.4561086693139415,0.0349530940399132,0.7436569849994876,0.6829311204286276,0.4409847510690466,0.056667939062905084,0.7313617190839092,0.6991173969498845,0.4498906173393663,0.05718988169998249,0.7416270241685028,0.6856298280387066,0.43908056511454935,0.06095104346864282,0.7354070375775859,0.693833562377882,0.4484658785971058,0.03606974148884353,0.7441665466407359,0.6822520135450958,0.43153924439997055,0.06679811457417881
2021,22.7696,-16.1054,4,2185,365,0.6607915635700481,0.762821812488837,0.537880593147271,0.04804351939573436,0.6251951413785253,0.8018486206862236,0.5214186267029511,3.391567369347441e-05,0.7425246658216487,0.6645958051032791,0.45641168581841013,0.04310257047061288,0.7469666877131041,0.658837985734581,0.4481522352961784,0.06624669689260305,0.7453567549650035,0.6609306015741302,0.45718902796372585,0.044544823877357725,0.7429769078270532,0.664011884636967,0.4590486659598845,0.04853079343402349,0.7391638837603998,0.6689191712128917,0.4560104636975227,0.057618349933916665,0.7407304836146286,0.6669073583600411,0.4500417079632989,0.07389633063144155
2021,23.2696,-13.1054,5,2185,365,0.7358454299992764,0.7073412758128392,0.4746041096042781,0.01736720421087655,0.6644103657524105,0.7972677666299494,0.4939923485803602,-0.00018941389809576175,0.7661181585165713,0.6655768215700979,0.44274190268453095,0.024290107368347073,0.7826819407575982,0.6415756107774119,0.4222828963357873,0.03544960003262169,0.777244876451771,0.6495517962411185,0.42477177615563855,0.0236525743377221,0.7813044843908213,0.64360569158985,0.4235652572338995,0.028261666583933535,0.777244876451771,0.6495517962411183,0.42477177615563855,0.023652574337722047,0.7813044843908212,0.6436056915898501,0.42356525723389965,0.028261666583933896
2021,23.2696,-13.6054,5,2185,365,0.7358454299992764,0.7073412758128392,0.4746041096042781,0.01736720421087655,0.6644103657524105,0.7972677666299494,0.4939923485803602,-0.00018941389809576175,0.7620300643325855,0.6713685355932908,0.4488787661680592,0.025665918027194735,0.7830312920184939,0.6410597185422865,0.42243847758643804,0.041290552886944276,0.772463237730607,0.6564863857816692,0.42675487388750444,0.0279036676100233,0.7851860144892545,0.6378685847244762,0.41885755413067915,0.0389770223564182,0.773162311630446,0.6554771300973352,0.4258572256012989,0.028740905273887316,0.7833146026198569,0.6406410444790233,0.4201339535697237,0.03838390527853002
2021,23.2696,-14.1054,5,2185,365,0.7455041499799895,0.6881662464506376,0.44022583120428965,0.03863319287473842,0.6572327816531593,0.7986429364456177,0.487603122254197,-4.6140878770964514e-05,0.758529637079354,0.6703242520967855,0.42508121766432316,0.024415442402276926,0.783837911696772,0.6342241550677608,0.4032428245548742,0.04549951744260548,0.7701832325211179,0.6539489860556372,0.40266036915467984,0.03447672306636974,0.7841895899986936,0.6337080292574706,0.3934055251126293,0.057757610602250535,0.7721056698575023,0.6512080718231801,0.39996437265738,0.033280069230737036,0.7855695585076607,0.6316787027455458,0.38809759036859826,0.0576229599309
2021,23.2696,-14.6054,5,2185,365,0.7455041499799895,0.6881662464506376,0.44022583120428965,0.03863319287473842,0.6572327816531593,0.7986429364456177,0.487603122254197,-4.6140878770964514e-05,0.758529637079354,0.6703242520967855,0.42508121766432316,0.024415442402276926,0.783837911696772,0.6342241550677608,0.4032428245548742,0.04549951744260548,0.7701832325211179,0.6539489860556372,0.40266036915467984,0.03447672306636974,0.7841895899986936,0.6337080292574706,0.3934055251126293,0.057757610602250535,0.7721056698575023,0.6512080718231801,0.39996437265738,0.033280069230737036,0.7855695585076607,0.6316787027455458,0.38809759036859826,0.0576229599309
2021,23.2696,-15.1054,6,2185,365,0.7577003901534431,0.6389794774328912,0.4444722584812493,0.01865919843603444,0.706144230148611,0.7036839793989451,0.44778643154531284,-0.00029751324668052584,0.7829834204008945,0.604723727826133,0.403592276702024,0.013587718728711413,0.8053996639382301,0.5726408759608602,0.3849653600240536,0.027555424187198724,0.7932871883795833,0.5901932653215808,0.3874700525842959,0.01791111230483062,0.8063167797094948,0.5712899065366601,0.3734202604499185,0.03768938787721667,0.7932871883795832,0.5901932653215809,0.38747005258429595,0.017911112304830574,0.8063167797094948,0.5712899065366602,0.3734202604499185,0.03768938787721647
2021,23.2696,-15.6054,4,2185,365,0.7577003901534431,0.6389794774328912,0.4444722584812493,0.01865919843603444,0.706144230148611,0.7036839793989451,0.44778643154531284,-0.00029751324668052584,0.78048677545477,0.6081922714799322,0.4072206235324266,0.013713051529340211,0.804206356919487,0.5743939356412744,0.3854637748707388,0.027623370691152747,0.7915390040030372,0.5926836634324412,0.39463739948052196,0.005976536610368765,0.809294001409264,0.566882081088893,0.37254181293016786,0.022618331598503495,0.7863773169876596,0.5999764929456743,0.3912694723810694,0.023744137441622914,0.8048583206073123,0.5734368150556757,0.37806146828717474,0.029511814654162968
2021,23.7696,-12.1054,7,2185,365,0.7358794275309244,0.7187152429256697,0.5141040975644334,0.03279700439478747,0.6707359067622438,0.802468377118304,0.5242481502413004,-0.00026878741261952014,0.7624249327735311,0.6816417318290813,0.46890109935788854,0.031555985141771006,0.7778375262819945,0.6591603748200069,0.44749998748076325,0.04707038309294798,0.7768051533889755,0.6606901349220089,0.4499958182555538,0.022723951023897116,0.7851470187495573,0.648225979870024,0.44422866547300843,0.029385286599884965,0.7740990094685506,0.6646833627529288,0.45497230596046023,0.026414007576858353,0.77286777426322,0.666492273529787,0.45258213896973726,0.03402916141499855
2021,23.7696,-12.6054,6,2185,365,0.7358794275309244,0.7187152429256697,0.5141040975644334,0.03279700439478747,0.6707359067622438,0.802468377118304,0.5242481502413004,-0.00026878741261952014,0.7636381263456873,0.6798990788269688,0.4660020261290121,0.029992232758115304,0.7768854790407744,0.6605712362505858,0.4492113821228162,0.04597847002958688,0.7739822523108083,0.6648551117011888,0.45018510887744195,0.019763132136517803,0.7808284909765529,0.654708214053327,0.44773519116063276,0.026493025267477613,0.774007824320747,0.6648174992512271,0.4559123314152939,0.026066106876340086,0.7707470903536806,0.6695964908008983,0.45816901205098287,0.028165272744151443
2021,23.7696,-13.1054,5,2185,365,0.7358454299992764,0.7073412758128392,0.4746041096042781,0.01736720421087655,0.6644103657524105,0.7972677666299494,0.4939923485803602,-0.00018941389809576175,0.7657447972549364,0.6661078621690159,0.44397529889214604,0.025396441907591792,0.7830635236394441,0.6410121007049603,0.42440189527836825,0.03498773489376824,0.777085102289513,0.6497847044441116,0.4254564640599545,0.023035854834484393,0.7814730224353814,0.6433576459200043,0.4253736208725031,0.02781647401832096,0.7774789565820945,0.6492104188307364,0.42417021767075924,0.02459213430660737,0.7785222095507327,0.6476867732601549,0.42626901480521356,0.030290858268597377
2021,23.7696,-13.6054,4,2185,365,0.7358454299992764,0.7073412758128392,0.4746041096042781,0.01736720421087655,0.6644103657524105,0.7972677666299494,0.4939923485803602,-0.00018941389809576175,0.7562933898783237,0.679412591775719,0.45100302693671446,0.023487349371208433,0.7819010594470903,0.642727252663199,0.42265634904935423,0.04267447548213132,0.7661424927736968,0.6655421956694317,0.430058655417062,0.024637459142404096,0.7842622932480414,0.6392385623343025,0.4158546153952497,0.041146584721089625,0.7661424927736968,0.6655421956694318,0.4300586554170622,0.024637459142404217,0.7842622932480416,0.6392385623343022,0.41585461539524937,0.04114658472108969
2021,23.7696,-14.1054,4,2185,365,0.7455041499799895,0.6881662464506376,0.44022583120428965,0.03863319287473842,0.6572327816531593,0.7986429364456177,0.487603122254197,-4.6140878770964514e-05,0.7619537422628067,0.665554607166219,0.425565529501814,0.026424487249783343,0.7828125866824319,0.6357265382831209,0.4068531095023477,0.043537798778201825,0.7689218144337129,0.6557412274406031,0.4049066105412483,0.03916037233447447,0.7849103114228659,0.6326489772097297,0.39073981060543417,0.051009674807897844,0.7738380662408876,0.6487281885456384,0.4021392861508954,0.023873892566649558,0.7875344979690718,0.628777839017357,0.3887737753051304,0.048481137607029705
2021,23.7696,-14.6054,4,2185,365,0.7455041499799895,0.6881662464506376,0.44022583120428965,0.03863319287473842,0.6572327816531593,0.7986429364456177,0.487603122254197,-4.6140878770964514e-05,0.7619537422628067,0.665554607166219,0.425565529501814,0.026424487249783343,0.7828125866824319,0.6357265382831209,0.4068531095023477,0.043537798778201825,0.7689218144337129,0.6557412274406031,0.4049066105412483,0.03916037233447447,0.7849103114228659,0.6326489772097297,0.39073981060543417,0.051009674807897844,0.7738380662408876,0.6487281885456384,0.4021392861508954,0.023873892566649558,0.7875344979690718,0.628777839017357,0.3887737753051304,0.048481137607029705
2021,23.7696,-15.1054,4,2185,365,0.7577003901534431,0.6389794774328912,0.4444722584812493,0.01865919843603444,0.706144230148611,0.7036839793989451,0.44778643154531284,-0.00029751324668052584,0.7848928584817816,0.6020574945731436,0.4062057092635211,0.013339684828455387,0.8043386119518755,0.5741999065599539,0.38681618040816357,0.026831293670269298,0.7897671344527284,0.5951971697130516,0.38824158702499895,0.02342213989272568,0.8021552320353236,0.5773947587599595,0.38091233345292513,0.031225727313863246,0.7897671344527284,0.5951971697130516,0.3882415870249989,0.023422139892725662,0.8021552320353236,0.5773947587599595,0.3809123334529251,0.031225727313863444
2021,23.7696,-15.6054,6,2185,365,0.7577003901534431,0.6389794774328912,0.4444722584812493,0.01865919843603444,0.706144230148611,0.7036839793989451,0.44778643154531284,-0.00029751324668052584,0.7822416714372928,0.6057563000176276,0.4085986923357823,0.01385173904688348,0.803312723599243,0.5757032559839702,0.38736520154659987,0.0318408083548263,0.7915063095464696,0.5927301390584494,0.39470839385184964,0.012926599817275612,0.8048174035291804,0.5734969306835234,0.3754730687909421,0.026536132768675894,0.7942444308932567,0.5888251506677266,0.38538830557719383,0.020595285522305884,0.8054774974599604,0.5725263460619318,0.36976929115053353,0.04001582985826493
2021,24.2696,-12.1054,9,2185,365,0.7542259854902794,0.6891581319509268,0.4565342052377161,0.017420529402434964,0.6986689273047966,0.7630849043349027,0.4717390021799072,-0.0008174279662446535,0.7909126228887954,0.6356452570115843,0.4217944310728123,0.018390370473366738,0.8057509076621586,0.6126753429026904,0.398461268971956,0.036735278206748385,0.8050006225605306,0.6138574286285851,0.40245440460535425,0.011829461215633642,0.8052447674222285,0.6134730246401988,0.39038201131799455,0.025588192051431712,0.8057443417328966,0.6126856975172735,0.4029176509089449,0.014999749670686175,0.8066928837683229,0.6111880080194736,0.3890755305235354,0.02733835720631363
2021,24.2696,-12.6054,8,2185,365,0.7542259854902794,0.6891581319509268,0.4565342052377161,0.017420529402434964,0.6986689273047966,0.7630849043349027,0.4717390021799072,-0.0008174279662446535,0.7893438923926468,0.6380253450479424,0.422596144301812,0.01870668177484809,0.8041351959779796,0.6152181006844076,0.40157479265479784,0.03483703026214664,0.803532128268505,0.6161645009839793,0.402599573151121,0.013962808500207667,0.8042077325576422,0.6151041701866851,0.39460606920600694,0.024566413749628462,0.8060267342168824,0.6122402001685805,0.39716939212632957,0.015338938004263067,0.8045381284104653,0.6145849625648071,0.3919836236557715,0.022479073036325386
2021,24.2696,-13.1054,7,2185,365,0.7351291146578143,0.7160950011240516,0.460320866846869,0.03074135247699585,0.6793254494037256,0.787926628203253,0.46520660903249306,-0.0004762884750364539,0.7652581574695736,0.6741379638929899,0.4286934476259232,0.02326407031093338,0.7867446415670962,0.6425449381640039,0.4050894239153735,0.03446361740161752,0.7827625428493888,0.648516284294884,0.401393359201258,0.02249014902469103,0.7804712819741307,0.6519273498594855,0.4029385828846304,0.0321183132740908,0.7837575075126906,0.6470294520593788,0.40210395146700867,0.029138597515948435,0.7845744458885392,0.6458060954472337,0.3980838993714968,0.04041088706785925
2021,24.2696,-13.6054,6,2185,365,0.7351291146578143,0.7160950011240516,0.460320866846869,0.03074135247699585,0.6793254494037256,0.787926628203253,0.46520660903249306,-0.0004762884750364539,0.7436645936742434,0.7044624179284529,0.44058813714550266,0.02329418036921044,0.7833824189237687,0.647590369134822,0.4114982910080397,0.042922113722212905,0.7702264549815825,0.666965765652232,0.4076403155195215,0.02706986282587056,0.782411895349284,0.6490394650755253,0.3955084312343422,0.036456164543011156,0.7729551215132595,0.6629936752125576,0.4057749891797778,0.030113604660104112,0.7855911046921753,0.6442804154501062,0.39086542971207183,0.04429038214469186
2021,24.2696,-14.1054,7,2185,365,0.7921351607119582,0.6194043484177937,0.42453179106183514,-0.001152454413814859,0.7751786639894517,0.6441729664578624,0.4152046157014979,-0.00044143470774938323,0.8143696701330926,0.5853399972689574,0.3958089295344997,0.0005205161702666141,0.8389532363273995,0.5452048793334991,0.36782554614014995,0.010247856745196684,0.8315011098039979,0.5576763860902988,0.37259030188209785,0.009467532336585817,0.8344136623973756,0.5528355764905256,0.3641932966169556,0.02276291875360003,0.8345075474788456,0.5526788293426553,0.3729963691989631,0.0041619872697791155,0.8381887802871107,0.5464973354053875,0.3594651826035005,0.018940619255247468
2021,24.2696,-14.6054,7,2185,365,0.7921351607119582,0.6194043484177937,0.42453179106183514,-0.001152454413814859,0.7751786639894517,0.6441729664578624,0.4152046157014979,-0.00044143470774938323,0.8143696701330926,0.5853399972689574,0.3958089295344997,0.0005205161702666141,0.8389532363273995,0.5452048793334991,0.36782554614014995,0.010247856745196684,0.8315011098039979,0.5576763860902988,0.37259030188209785,0.009467532336585817,0.8344136623973756,0.5528355764905256,0.3641932966169556,0.02276291875360003,0.8345075474788456,0.5526788293426553,0.3729963691989631,0.0041619872697791155,0.8381887802871107,0.5464973354053875,0.3594651826035005,0.018940619255247468
2021,24.2696,-15.1054,6,2185,365,0.7167759544465679,0.7163361340283504,0.5164488634193356,-0.014867494577759472,0.6944455296125591,0.7440397168312478,0.479782955198273,-9.056039478296107e-05,0.7712601706001452,0.6437580817540403,0.4480332657246063,-0.01693192059973753,0.7830180604538938,0.6269942979456006,0.4294667940276199,-0.0002467002337814435,0.7741009567807696,0.6397480835041262,0.4360733494898108,-0.03093996626023364,0.7783057072277689,0.6337661716342948,0.42939004561288346,-0.006627705042861628,0.7741009567807695,0.6397480835041263,0.43607334948981086,-0.030939966260233626,0.778305707227769,0.6337661716342947,0.4293900456128833,-0.006627705042861156
2021,24.7696,-12.1054,8,2185,365,0.7542259854902794,0.6891581319509268,0.4565342052377161,0.017420529402434964,0.6986689273047966,0.7630849043349027,0.4717390021799072,-0.0008174279662446535,0.792244989058758,0.633616761179947,0.4183927482852253,0.017928649404777328,0.8056812328823237,0.6127852126371681,0.3974447323012709,0.03932586205982133,0.8049202855239239,0.6139838659769618,0.40353736043962535,0.012079978962823996,0.8024780136627196,0.6178152521164426,0.39290444838786404,0.027269026078636002,0.8059284319900764,0.6123953167811337,0.40216904487594785,0.01426152941905111,0.8053040804308922,0.6133796004451469,0.3914727428443394,0.02751903564803042
2021,24.7696,-12.6054,9,2185,365,0.7542259854902794,0.6891581319509268,0.4565342052377161,0.017420529402434964,0.6986689273047966,0.7630849043349027,0.4717390021799072,-0.0008174279662446535,0.7923756287227903,0.6334175156908508,0.41718873056238936,0.02006543204136154,0.8058658586411809,0.6124940343262046,0.39704710806089044,0.03772865263395476,0.8044869683221378,0.6146653878763154,0.39943805991591685,0.014157484360106333,0.8024839699419232,0.6178059369309584,0.3939752873191867,0.027047857746957168,0.8059480925762412,0.6123642963798368,0.39902510305338074,0.015659198998948805,0.8055190838529845,0.6130408282148825,0.39096789387261754,0.026033647618328125
2021,24.7696,-13.1054,7,2185,365,0.7351291146578143,0.7160950011240516,0.460320866846869,0.03074135247699585,0.6793254494037256,0.787926628203253,0.46520660903249306,-0.0004762884750364539,0.7698336981903595,0.6675355516301404,0.4252360784710496,0.023350911887476074,0.7882140433490165,0.6403274353977004,0.40495106025091915,0.03605643517294026,0.7821786311534493,0.6493872715757777,0.4021365263014692,0.021674622093688128,0.7819346598711396,0.6497508435890454,0.4021476828982955,0.03243653458052056,0.7835735055055175,0.6473046741056784,0.4029287683596834,0.02640357264208666,0.7881088735786029,0.6404864042266892,0.3946156467610752,0.040461056083999566
2021,24.7696,-13.6054,6,2185,365,0.7351291146578143,0.7160950011240516,0.460320866846869,0.03074135247699585,0.6793254494037256,0.787926628203253,0.46520660903249306,-0.0004762884750364539,0.76095920242361,0.680282885321361,0.43164179845945205,0.022718339152956943,0.7835152015494091,0.6473918581678222,0.41142042894433994,0.0430207148080326,0.7760658275181745,0.6584362253572993,0.40616256449001215,0.02865809244257435,0.7842576001325229,0.64628084352917,0.39443579133869916,0.03340101327579142,0.7787451391539678,0.6544853666330153,0.40399427220143586,0.029809779864586817,0.7873376692616318,0.6416509108763941,0.38831053255824055,0.04112697428748118
2021,24.7696,-14.1054,6,2185,365,0.7921351607119582,0.6194043484177937,0.42453179106183514,-0.001152454413814859,0.7751786639894517,0.6441729664578624,0.4152046157014979,-0.00044143470774938323,0.8222827219082007,0.5727281895155186,0.38618521140309386,0.0006671259505810112,0.8415102090641711,0.5408593965375621,0.364081831054132,0.013139912303594847,0.8351497570095877,0.551605425037791,0.3719033290900321,0.009931633924190058,0.8362565847514378,0.5497505280401006,0.36123913331643887,0.026729059260067224,0.8372108850806319,0.5481462078623247,0.37002530383742727,0.003719200174224045,0.8365613861739483,0.5492386210603755,0.35849767496592155,0.022289937868616827
2021,24.7696,-14.6054,6,2185,365,0.7921351607119582,0.6194043484177937,0.42453179106183514,-0.001152454413814859,0.7751786639894517,0.6441729664578624,0.4152046157014979,-0.00044143470774938323,0.8222827219082007,0.5727281895155186,0.38618521140309386,0.0006671259505810112,0.8415102090641711,0.5408593965375621,0.364081831054132,0.013139912303594847,0.8351497570095877,0.551605425037791,0.3719033290900321,0.009931633924190058,0.8362565847514378,0.5497505280401006,0.36123913331643887,0.026729059260067224,0.8372108850806319,0.5481462078623247,0.37002530383742727,0.003719200174224045,0.8365613861739483,0.5492386210603755,0.35849767496592155,0.022289937868616827
2021,25.2696,-12.1054,4,2185,365,0.7697276250454705,0.6764017982743508,0.44641580718104473,0.011400057437379827,0.728854988911606,0.7339807037021333,0.46075206921592404,-0.0013154756303351805,0.8040982611462298,0.6238827515699024,0.40831352716250296,0.013073148130406137,0.8131102288559658,0.6093637280268585,0.3959850386865875,0.030717550678386187,0.8172587636244992,0.6025625176240311,0.3936169441614307,0.013681923441588651,0.8166743579140954,0.6035252447459692,0.3886986878371552,0.02020238875736942,0.8172587636244992,0.6025625176240311,0.3936169441614308,0.013681923441588676,0.8166743579140954,0.6035252447459692,0.3886986878371554,0.020202388757368867
2021,25.2696,-12.6054,5,2185,365,0.7697276250454705,0.6764017982743508,0.44641580718104473,0.011400057437379827,0.728854988911606,0.7339807037021333,0.46075206921592404,-0.0013154756303351805,0.8016462188577319,0.6277750846755081,0.41110562924940075,0.013427567247068745,0.8120290938901502,0.6111237344706594,0.39626580277450785,0.0296044178735659,0.8180185715662005,0.6013085349856319,0.3918332623562338,0.015682156756214396,0.8178814527011359,0.6015350284779596,0.38632792854143877,0.021368351672523298,0.8180185715662005,0.601308534985632,0.3918332623562338,0.015682156756214437,0.8178814527011354,0.6015350284779605,0.38632792854143944,0.021368351672523732
2021,25.2696,-13.1054,4,2185,365,0.7906604761921909,0.6397434341753445,0.4479691361442622,-0.002524696473423251,0.7809316766012084,0.6544402676603099,0.4353830397250841,-0.0011298307172863638,0.8291686374259857,0.5779150757408944,0.4125839293213638,0.0006574425375561223,0.8381417521448945,0.5625325260540897,0.3995968005346408,0.010931835084601204,0.8410107336718979,0.5575247145126906,0.39003823639072166,0.0023100275544715608,0.8360358599121275,0.5661801761619396,0.38922206017343197,0.010118680447755971,0.8417740274144218,0.5561847903503796,0.3913017929810311,-0.004951758804950455,0.8355612626517641,0.5669989936072592,0.39424859898152653,0.004474301386324181
2021,25.2696,-13.6054,5,2185,365,0.7906604761921909,0.6397434341753445,0.4479691361442622,-0.002524696473423251,0.7809316766012084,0.6544402676603099,0.4353830397250841,-0.0011298307172863638,0.8211597915613476,0.5913067069399738,0.4232858920917487,0.0003261010615316149,0.8364203924589753,0.5655158769367972,0.4015167453429531,0.015994129047434188,0.8388277746419515,0.5613391369192077,0.3932431595176735,0.005984227828478203,0.8375276740649502,0.5635986189959271,0.3873170711218031,0.01826738199383448,0.8408695986447198,0.5577721174123247,0.39220470075290614,-0.003743054343163903,0.8382116597062017,0.5624110323251713,0.39153631332667765,0.004466667831138401
2021,25.2696,-14.1054,6,2185,365,0.7969804871799506,0.6262788242967559,0.45865624529351756,-0.02678814033809095,0.7977966136368482,0.6250187547185928,0.4195026468173161,-0.000673097587693381,0.837354656862475,0.560556836441471,0.3981034016108013,-0.023320898518151383,0.8492455414147513,0.5396770123932966,0.38674383208302276,-0.0037514803937484494,0.8459130565699753,0.5456092909399116,0.3872815730085893,-0.01871603113595744,0.8428460947187268,0.5510124678722913,0.3839492083908835,5.132856360405379e-05,0.846039889729704,0.5453846917783948,0.3904009693052553,-0.02994319952455382,0.8425392533094256,0.5515501286889468,0.3865566549878253,-0.006250561821703038
2021,25.2696,-14.6054,6,2185,365,0.7969804871799506,0.6262788242967559,0.45865624529351756,-0.02678814033809095,0.7977966136368482,0.6250187547185928,0.4195026468173161,-0.000673097587693381,0.837354656862475,0.560556836441471,0.3981034016108013,-0.023320898518151383,0.8492455414147513,0.5396770123932966,0.38674383208302276,-0.0037514803937484494,0.8459130565699753,0.5456092909399116,0.3872815730085893,-0.01871603113595744,0.8428460947187268,0.5510124678722913,0.3839492083908835,5.132856360405379e-05,0.846039889729704,0.5453846917783948,0.3904009693052553,-0.02994319952455382,0.8425392533094256,0.5515501286889468,0.3865566549878253,-0.006250561821703038
2021,25.7696,-12.1054,5,2185,365,0.7697276250454705,0.6764017982743508,0.44641580718104473,0.011400057437379827,0.728854988911606,0.7339807037021333,0.46075206921592404,-0.0013154756303351805,0.7989742666851897,0.6319892061794151,0.4121035995517002,0.017265229419194558,0.8109034156619912,0.6129508837906603,0.397876854607474,0.0344640818727297,0.8152177329013545,0.6059181740851666,0.39483067257636106,0.02133389684935547,0.8148233974081418,0.6065643608283293,0.38865067230678646,0.024453490743652502,0.8152177329013545,0.6059181740851666,0.39483067257636106,0.021333896849355487,0.8148233974081421,0.6065643608283288,0.38865067230678596,0.02445349074365263
2021,25.7696,-12.6054,4,2185,365,0.7697276250454705,0.6764017982743508,0.44641580718104473,0.011400057437379827,0.728854988911606,0.7339807037021333,0.46075206921592404,-0.0013154756303351805,0.800869445007764,0.6290030995581513,0.4109332634194649,0.015050185842209182,0.8105272921356613,0.613560177503599,0.39930009000222216,0.03129048293403824,0.8139724612307121,0.6079564264314419,0.39545711780411696,0.01916448465190913,0.8190450197337092,0.5996103264289657,0.38370091866254263,0.019860552712509017,0.8139754691015187,0.6079515114016812,0.39702460839193515,0.015807654283264184,0.8165589615290337,0.603715162737102,0.38786556148518775,0.023227207667552936
2021,25.7696,-13.1054,6,2185,365,0.7906604761921909,0.6397434341753445,0.4479691361442622,-0.002524696473423251,0.7809316766012084,0.6544402676603099,0.4353830397250841,-0.0011298307172863638,0.8279658339364759,0.5799460230635852,0.4130265307813453,0.0011399071532134102,0.837351889922651,0.5639034244959618,0.39904020242149346,0.010940124850431651,0.8421892123823712,0.5554545965557319,0.39146809119036224,0.0036615406270255825,0.8327687197006653,0.5717931900648092,0.39141708538087594,0.011276484306607833,0.838222784296086,0.5623916962604574,0.3975758874560516,-0.008519170970679725,0.8373476509882172,0.5639107726725503,0.39179697814911707,0.005049815896908223
2021,25.7696,-13.6054,5,2185,365,0.7906604761921909,0.6397434341753445,0.4479691361442622,-0.002524696473423251,0.7809316766012084,0.6544402676603099,0.4353830397250841,-0.0011298307172863638,0.8245682766185382,0.5856447929147078,0.41710102616368216,-0.0026117181139095357,0.8373033744449825,0.5639875201677975,0.40042001016881706,0.012566933954567157,0.8396536311114295,0.5598991216081816,0.392717209554057,0.009235973434969376,0.8381169006177821,0.5625757096914359,0.3872810203761947,0.01363082557603754,0.8405669296237602,0.5583023119591966,0.39343510594784603,-0.00520770429756821,0.8361136523085388,0.566045848808032,0.39381349050572245,0.00537961538906812
2021,25.7696,-14.1054,3,2185,365,0.7969804871799506,0.6262788242967559,0.45865624529351756,-0.02678814033809095,0.7977966136368482,0.6250187547185928,0.4195026468173161,-0.000673097587693381,0.8438618908006306,0.5492287905917377,0.39222291949773896,-0.024037599800084835,0.84891674506135,0.5402652112074774,0.38884653555626536,-0.012904039076448118,0.8494123747822252,0.5393783112546146,0.38543217258977835,-0.01800151036382423,0.8419234510327506,0.5526275857870923,0.38844965466930553,-0.01042790426521302,0.8504384188101181,0.5375376160931483,0.38493588922746474,-0.03259289531082033,0.8466721982207449,0.5442636021246942,0.3886624994106639,-0.02039967305452732
2021,25.7696,-14.6054,3,2185,365,0.7969804871799506,0.6262788242967559,0.45865624529351756,-0.02678814033809095,0.7977966136368482,0.6250187547185928,0.4195026468173161,-0.000673097587693381,0.8438618908006306,0.5492287905917377,0.39222291949773896,-0.024037599800084835,0.84891674506135,0.5402652112074774,0.38884653555626536,-0.012904039076448118,0.8494123747822252,0.5393783112546146,0.38543217258977835,-0.01800151036382423,0.8419234510327506,0.5526275857870923,0.38844965466930553,-0.01042790426521302,0.8504384188101181,0.5375376160931483,0.38493588922746474,-0.03259289531082033,0.8466721982207449,0.5442636021246942,0.3886624994106639,-0.02039967305452732
2021,26.2696,-10.1054,3,2185,365,0.6591747800804992,0.8364759938183692,0.5484634922534755,0.01152421793942971,0.6383890329086681,0.8616054085785841,0.5253391522264141,-0.0031387880269477656,0.7541005875892034,0.7105037349566509,0.4605413911100643,0.020873233374200342,0.746747780408439,0.721048121838931,0.45992536761106007,0.037874622869991964,0.7521817468167373,0.713270504883425,0.46260202517369936,0.014931309384477506,0.7455116066794563,0.722805768210858,0.4582407038026855,0.032525522734210034,0.7512082506339757,0.7146700901180596,0.46463817799055007,0.019780661121695135,0.7518140811608006,0.7137994164333243,0.45117916316565465,0.03514796428565683
2021,26.2696,-10.6054,3,2185,365,0.6591747800804992,0.8364759938183692,0.5484634922534755,0.01152421793942971,0.6383890329086681,0.8616054085785841,0.5253391522264141,-0.0031387880269477656,0.7505192494273677,0.7156590057657426,0.46790055568261785,0.01645068481935857,0.7471279446969032,0.7205067254099617,0.4584775769710684,0.03449696996091305,0.7518782436499527,0.7137071426492653,0.4624259136783586,0.01638271226683527,0.7448132355667519,0.7237968563023147,0.457489864461837,0.03532953814656827,0.7501696625641117,0.7161602416413448,0.4670582898761282,0.019074239113734428,0.7483814298359368,0.7187187333071496,0.4523744341229752,0.038774133923449326
2021,26.2696,-11.1054,5,2185,365,0.6999547392143189,0.7691425997821617,0.5157621938353832,0.019380728867836428,0.6811942467632384,0.7928235742676021,0.5077815423306119,-0.0025021197783509186,0.7636511736495097,0.6826375990929417,0.46240657790070067,0.017748406438388327,0.7651114469152223,0.6805255049518087,0.4559706244184247,0.03423381905183225,0.7729144297281341,0.6691265300678553,0.45345455441442833,0.011561830505244253,0.7640374655945584,0.6820795145747158,0.44806755207072896,0.021870083670304005,0.7690793576270203,0.6747530535722992,0.453721257416343,0.01637894562803857,0.7654277834803803,0.6800671011103123,0.44073717076830005,0.0380697133579753
2021,26.2696,-11.6054,4,2185,365,0.6999547392143189,0.7691425997821617,0.5157621938353832,0.019380728867836428,0.6811942467632384,0.7928235742676021,0.5077815423306119,-0.0025021197783509186,0.7632252885598173,0.6832523563789037,0.46209884885371794,0.024581951272212355,0.7632335325190308,0.6832404616255437,0.45669120375864936,0.04547471163066332,0.7710469355188649,0.671872260126063,0.45316471546843134,0.02282049034803784,0.7703676012185412,0.6728682891702988,0.44112254065992085,0.03855357209446787,0.7710469355188648,0.6718722601260632,0.45316471546843134,0.022820490348037792,0.7703676012185412,0.6728682891702988,0.44112254065992085,0.03855357209446795
2021,26.2696,-12.1054,4,2185,365,0.7824051697721097,0.6689799583557392,0.47252199361242686,-0.00786051332237203,0.7710107188695867,0.6862721858241047,0.4629206183079856,-0.0028631757195402025,0.8197450099665525,0.6088810653569047,0.42454168453508595,0.006009932377330492,0.8236631012643951,0.6022272736946326,0.4163313129320418,0.02053939041258378,0.834110589263745,0.5841147228476982,0.40881140494819546,0.0032896627592722484,0.8291961103552892,0.5927037826758971,0.3981496696412843,0.01983206377921761,0.834110589263745,0.5841147228476982,0.4088114049481956,0.0032896627592722194,0.829196110355289,0.5927037826758976,0.3981496696412845,0.019832063779217778
2021,26.2696,-12.6054,3,2185,365,0.7824051697721097,0.6689799583557392,0.47252199361242686,-0.00786051332237203,0.7710107188695867,0.6862721858241047,0.4629206183079856,-0.0028631757195402025,0.8189847061066982,0.610163824557751,0.4327163642399413,-0.003759459936502245,0.8242130687336648,0.601287413517592,0.42014537770319393,0.00785149316725621,0.8361735050047981,0.580471485305025,0.40839059011879436,-0.0027167356249340625,0.8310051370784725,0.5895566905683959,0.39867996433194147,0.008868945100156046,0.833798909316756,0.5846631949029208,0.411585172988923,-0.0015361397473954914,0.8289079922912772,0.5932034689323538,0.403223440339573,-1.073930349177838e-05
2021,26.2696,-13.1054,5,2185,365,0.791911596522401,0.611210786274447,0.44304425288360666,-0.026939215347657003,0.8020906227307264,0.596074107044976,0.41317838435508036,-0.0020269789777617566,0.8407911851111664,0.5346266769489332,0.400101423725025,-0.008090574618110304,0.8442203952201117,0.5288376534977033,0.390750757577067,-0.0003764605910336948,0.8533940208360253,0.513030177731074,0.380913482692225,-0.013897628878113858,0.8516825631013585,0.5160160103052752,0.37862906079302233,-0.00421561085488606,0.8506936637839779,0.5177334082556309,0.3880676913175439,-0.009699387563656217,0.8509991391662517,0.5172035051301727,0.38020685516387237,0.004073027616569077
2021,26.2696,-13.6054,5,2185,365,0.791911596522401,0.611210786274447,0.44304425288360666,-0.026939215347657003,0.8020906227307264,0.596074107044976,0.41317838435508036,-0.0020269789777617566,0.8411367715721664,0.5340461182893025,0.4012937852580515,-0.008613558814623928,0.8459826757435376,0.5258378672012431,0.39034612025837795,-0.002078106315045926,0.852694885257977,0.514251993691075,0.38180076493114523,-0.013168547926307865,0.8505422141359702,0.5179959244705257,0.38072195713805884,-0.00493043108711,0.8492797754858235,0.5201790257185753,0.3879019985962177,-0.011709621061631004,0.8500508684394277,0.5188466872094443,0.3820527099742385,-0.01479038743940435
2021,26.2696,-14.1054,3,2185,365,0.7628525172129682,0.6884019929778749,0.5368511055030609,-0.03987519125990648,0.7424650667276989,0.7173827556711327,0.5224218669220991,-0.001203598238451297,0.8100902612982268,0.616036546441993,0.4846450486197981,-0.036228921576260134,0.810713751420628,0.6150244643988603,0.48886410986939927,-0.03009472888056835,0.818702860448031,0.6019055327220981,0.4691657243421636,-0.03000920812543369,0.8197154779642063,0.6002222365928879,0.4688627101607425,-0.02722134633725265,0.8181008386227224,0.6029040590919537,0.4677703810599005,-0.03373865530738646,0.8160937533810453,0.6062211719863957,0.46991512379834943,-0.028089253365875092
2021,26.2696,-9.1054,3,2185,365,0.6984706572760819,0.7695768875048669,0.5235800354328586,0.008302169960788143,0.6807697449131451,0.7918433031787842,0.5058663236129008,-0.0032026800126168536,0.788147833395121,0.6450653001203429,0.43748488013118314,0.013860939908368126,0.7837898800568945,0.6516662577784056,0.43743224911678896,0.025211225695991515,0.7870225301123226,0.6467762401669017,0.43840326304154853,0.0026511468958871774,0.7862048574493379,0.6480166169673897,0.4362171207103832,0.013624863806744502,0.7842955815813913,0.6509037089577625,0.44227983274498217,0.007762254588465326,0.7856632275561952,0.6488369423287945,0.44087068178577227,0.011332690524479511
2021,26.2696,-9.6054,3,2185,365,0.6984706572760819,0.7695768875048669,0.5235800354328586,0.008302169960788143,0.6807697449131451,0.7918433031787842,0.5058663236129008,-0.0032026800126168536,0.788147833395121,0.6450653001203429,0.43748488013118314,0.013860939908368126,0.7837898800568945,0.6516662577784056,0.43743224911678896,0.025211225695991515,0.7870225301123226,0.6467762401669017,0.43840326304154853,0.0026511468958871774,0.7862048574493379,0.6480166169673897,0.4362171207103832,0.013624863806744502,0.7842955815813913,0.6509037089577625,0.44227983274498217,0.007762254588465326,0.7856632275561952,0.6488369423287945,0.44087068178577227,0.011332690524479511
2021,26.7696,-10.1054,3,2185,365,0.6591747800804992,0.8364759938183692,0.5484634922534755,0.01152421793942971,0.6383890329086681,0.8616054085785841,0.5253391522264141,-0.0031387880269477656,0.7536513573639638,0.7111524435210617,0.45971426833029183,0.018304159183941984,0.7469504759742234,0.7207595113123544,0.4610700541944171,0.033735396919187394,0.7524368213588644,0.7129033326002794,0.46208429180001864,0.015031644509681889,0.7448992811287052,0.7236748187071865,0.4587330663100664,0.03263923171696725,0.7493252473182973,0.7173695153004731,0.4653439743062719,0.019155729327878956,0.7529542328156549,0.7121579525949884,0.4507190641331673,0.03690678274609103
2021,26.7696,-10.6054,4,2185,365,0.6591747800804992,0.8364759938183692,0.5484634922534755,0.01152421793942971,0.6383890329086681,0.8616054085785841,0.5253391522264141,-0.0031387880269477656,0.7485067501781424,0.7185397296363425,0.47081482244619466,0.016343845725358373,0.7479826956966293,0.7192879763720511,0.4595022299972926,0.03185286744696279,0.7508790961050621,0.715142692492422,0.4644058500052889,0.019152619941398177,0.7427705323816938,0.7266879842464533,0.45435438183837695,0.044950340947083764,0.7508790961050621,0.715142692492422,0.4644058500052889,0.019152619941398184,0.742770532381694,0.7266879842464532,0.4543543818383771,0.04495034094708313
2021,26.7696,-11.1054,2,2185,365,0.6999547392143189,0.7691425997821617,0.5157621938353832,0.019380728867836428,0.6811942467632384,0.7928235742676021,0.5077815423306119,-0.0025021197783509186,0.7648210246875623,0.6809460845768336,0.4606319658693792,0.017554359368075294,0.7656074010758576,0.6798066793691534,0.4532534780870885,0.03450711276863432,0.7713567045680148,0.6714175912255759,0.4535864700347169,0.01990632805709823,0.7659850735649956,0.6792587785669317,0.4468405854725391,0.029648954270316368,0.7713567045680148,0.6714175912255759,0.4535864700347169,0.01990632805709823,0.7659850735649956,0.6792587785669317,0.4468405854725391,0.029648954270316368
2021,26.7696,-11.6054,3,2185,365,0.6999547392143189,0.7691425997821617,0.5157621938353832,0.019380728867836428,0.6811942467632384,0.7928235742676021,0.5077815423306119,-0.0025021197783509186,0.7655549260865342,0.6798827714728529,0.4598810081710948,0.01734872128927105,0.7640975804388765,0.6819926242643544,0.45486962338538445,0.038092346237198656,0.7729718336228245,0.6690419520461695,0.4539130748162408,0.011769444988135917,0.7683460185185068,0.675823617393903,0.44756351062373734,0.024458544743425657,0.7713765195458301,0.6713884969700301,0.4516667070685008,0.026508989968379654,0.769966712070117,0.6734553752478178,0.4422071498956146,0.036048953394295785
2021,26.7696,-12.1054,4,2185,365,0.7824051697721097,0.6689799583557392,0.47252199361242686,-0.00786051332237203,0.7710107188695867,0.6862721858241047,0.4629206183079856,-0.0028631757195402025,0.8232294001502813,0.6029674087465983,0.4224473885366214,0.0010655809293061234,0.8265536832955602,0.5972709079572615,0.4141894995698797,0.015297182946598074,0.8359201611945143,0.580920136935673,0.40744240893452194,-0.0010346879010382625,0.8331469358604139,0.5858088305480699,0.3948762007268188,0.013750141289386952,0.834206422552449,0.5839459787384689,0.41143576810424987,-0.003893904828843755,0.8305494935553968,0.5903509361989039,0.4019039856360913,0.01210750429220321
2021,26.7696,-12.6054,3,2185,365,0.7824051697721097,0.6689799583557392,0.47252199361242686,-0.00786051332237203,0.7710107188695867,0.6862721858241047,0.4629206183079856,-0.0028631757195402025,0.8240797496516381,0.6015153823774144,0.4262308529881268,-0.005725372381057145,0.8271069523779095,0.5963175424493407,0.41549501718049603,0.00751716345757325,0.8363073830262177,0.5802342579354342,0.4083386797259807,-0.0029123839697496718,0.8334476409473366,0.5852807157800695,0.394429315475369,0.010747600443477692,0.8346550414788338,0.5831553972300575,0.4132021969594075,-0.011857664300055328,0.8301778050802013,0.590998046815462,0.4049109328385735,0.004281134533325162
2021,26.7696,-13.1054,6,2185,365,0.791911596522401,0.611210786274447,0.44304425288360666,-0.026939215347657003,0.8020906227307264,0.596074107044976,0.41317838435508036,-0.0020269789777617566,0.8452130524803027,0.5271500337043508,0.3932095059937504,-0.014165456700645965,0.8467542043378906,0.5245191574316502,0.3873615660044846,-0.005956753869155054,0.8531437782585735,0.513467838109713,0.3820559245747203,-0.013879831409814714,0.8535925305345025,0.5126827295435198,0.37821855944616395,-0.0038017659226271395,0.8522151619245895,0.5150886861363162,0.3851560781385077,-0.012707871329217376,0.8509733095742248,0.5172483323095219,0.3799943160623955,0.002827023806384128
2021,26.7696,-9.1054,4,2185,365,0.6984706572760819,0.7695768875048669,0.5235800354328586,0.008302169960788143,0.6807697449131451,0.7918433031787842,0.5058663236129008,-0.0032026800126168536,0.7871227997901691,0.6466239712904125,0.4381021575676247,0.011533652877751157,0.7852945355247101,0.6493947519427173,0.4360962948470554,0.02516691088442448,0.7889693168528928,0.6438134243931133,0.4345282539766599,0.004775215372853442,0.7865438950379493,0.6475025988309581,0.43348554303907527,0.011696858919281947,0.7867992631627541,0.6471151631830974,0.4385284454514746,0.00431626621549611,0.7847035443324554,0.6502878890664245,0.43645899784888004,0.019017379113915153
2021,26.7696,-9.6054,4,2185,365,0.6984706572760819,0.7695768875048669,0.5235800354328586,0.008302169960788143,0.6807697449131451,0.7918433031787842,0.5058663236129008,-0.0032026800126168536,0.7871227997901691,0.6466239712904125,0.4381021575676247,0.011533652877751157,0.7852945355247101,0.6493947519427173,0.4360962948470554,0.02516691088442448,0.7889693168528928,0.6438134243931133,0.4345282539766599,0.004775215372853442,0.7865438950379493,0.6475025988309581,0.43348554303907527,0.011696858919281947,0.7867992631627541,0.6471151631830974,0.4385284454514746,0.00431626621549611,0.7847035443324554,0.6502878890664245,0.43645899784888004,0.019017379113915153
2021,27.2696,-10.1054,3,2185,365,0.6698057573901708,0.8239890475484215,0.5307986439588986,0.00847778312205005,0.6944770571465604,0.7926082804912957,0.49020831442589563,-0.0014733958174716316,0.7749732506695896,0.6802268400863695,0.43948554494562386,0.011522965033983604,0.7643155886213129,0.6961488660590679,0.4387489488507003,0.028709316661304107,0.7824566764397941,0.6688204912398261,0.4297111147511471,0.013116166040409584,0.758527459585559,0.7046453112118627,0.4341207777466927,0.04192110669051097,0.7852792721978296,0.6644673963661616,0.42473436036065326,0.009128149416688514,0.769584120165644,0.688323970908053,0.42288176405285466,0.02682177310104057
2021,27.2696,-10.6054,3,2185,365,0.6698057573901708,0.8239890475484215,0.5307986439588986,0.00847778312205005,0.6944770571465604,0.7926082804912957,0.49020831442589563,-0.0014733958174716316,0.7736116626782827,0.6822816888557917,0.4445429230821703,0.013742652336451994,0.7659641873837097,0.6937098329172809,0.43925954077413953,0.029831821018806253,0.7863673153632906,0.6627817477317894,0.4242444146760926,0.008522117524564674,0.7706931961860052,0.6866653949805713,0.421951255803619,0.025731800444213436,0.7797066369999159,0.6730346091488065,0.4267959819866592,0.023806029405926608,0.7608115113325049,0.7013048271663586,0.42972060448418614,0.03944932834092904
2021,27.2696,-11.1054,7,2185,365,0.6731817302876579,0.7630699106690274,0.5517777247034862,0.023394440265100135,0.650500658671326,0.7891041845955349,0.5280018014913873,-0.00396128980805256,0.7449804403837119,0.6740589993959657,0.4830028331084765,0.004917530394798008,0.7488699550568817,0.6688989324413218,0.4788959263077961,0.015245319547429944,0.7505887002694794,0.6666060154563497,0.47574514760867825,0.011002690744376058,0.7478486687696477,0.6702576790157602,0.4655886689178137,0.02856529987666432,0.75192884714338,0.6648126860248522,0.47026210499499177,0.007648669509204052,0.7513493141584491,0.665588786186613,0.45975772360832234,0.02632579575894203
2021,27.2696,-11.6054,6,2185,365,0.6731817302876579,0.7630699106690274,0.5517777247034862,0.023394440265100135,0.650500658671326,0.7891041845955349,0.5280018014913873,-0.00396128980805256,0.7487816244183554,0.6690165588991042,0.47802654634278685,0.010563154512462692,0.7489427249419474,0.6688020120884779,0.4784248162790915,0.020490293067244605,0.753982354997261,0.6620553419049177,0.4750062509734528,0.01186876913252122,0.7509730957856577,0.6660921270119051,0.4653798822999741,0.02585822834388364,0.7548043741710062,0.6609483531179561,0.4686648837523835,0.0033252459043973705,0.7563220511927273,0.6588996559437729,0.45922436810276895,0.018357623447575442
2021,27.2696,-12.1054,6,2185,365,0.6914481182106303,0.7987585854469105,0.5824510660581277,-0.04090681468265615,0.6926112251086906,0.7972516771266965,0.5302195971852685,-0.0015829576253130993,0.7692995504445499,0.6906780590740631,0.506676706256717,-0.015226929621709986,0.7653148621527908,0.6966172640018115,0.5052950534679748,-0.013501096822310798,0.7752322332750903,0.6817394952485982,0.5007810258095119,-0.027277879518082075,0.7726932515903957,0.6855791547179058,0.5013861187061774,-0.022667482680477826,0.7745232914370223,0.6828137888447101,0.5044786238102678,-0.036104180255941004,0.7696900123587329,0.6900933231438776,0.5004628445280764,-0.007165022919259308
2021,27.2696,-12.6054,6,2185,365,0.6914481182106303,0.7987585854469105,0.5824510660581277,-0.04090681468265615,0.6926112251086906,0.7972516771266965,0.5302195971852685,-0.0015829576253130993,0.7697626580383318,0.6899844779894907,0.5062036950890185,-0.02566022272462223,0.7647890653532433,0.6973971902566913,0.5089215303191215,-0.025213032865854964,0.7753966832196719,0.6814900543748722,0.5005501331266483,-0.027077992706839218,0.7725468946389709,0.6857998325672808,0.5020862159014033,-0.026572292638887093,0.776146425115787,0.6803516723688852,0.5036240470986091,-0.03192826922372482,0.7723331406310889,0.6861220045549802,0.4975840202948166,-0.012672608345985211
2021,27.2696,-13.1054,3,2185,365,0.7338882737893452,0.7333240293558063,0.5807170346792703,-0.0364759731032354,0.7404774085972605,0.7241882841134709,0.5190916833787723,-0.0011892622677022633,0.8011859583647133,0.6338513753588474,0.4937040435369784,-0.007130737269507066,0.7993766664331297,0.6367290011871956,0.5005376463216354,-0.003917646347134816,0.8065157063884769,0.6252976091165999,0.494684794334976,-0.021598929346017356,0.8106862907842244,0.6185217020843443,0.48841054794707545,-0.02407068390349726,0.8070083598792006,0.6245010292286065,0.4930683894303352,-0.027002864398663673,0.8087905033603005,0.6216109255431187,0.48917698113432206,-0.022101124238540663
2021,27.2696,-9.1054,2,2185,365,0.6816454888908734,0.8139249668923187,0.547721533219749,0.009450824734395883,0.7231966125373317,0.7589524490595871,0.46612443242501433,-0.0013242887184701521,0.8009039491607066,0.643665436821968,0.42940152801178205,0.013131924644711768,0.7854292485235905,0.6682117798626973,0.43480454988785733,0.030772269880958,0.7988446545148424,0.6469856606966836,0.4384902350660895,0.01513654973026319,0.7872455653560342,0.665377601279995,0.43693535803300787,0.03956432695193188,0.7987044171296505,0.6472111475436919,0.43391741039978926,0.014165540795139282,0.7868576407761678,0.6659839312379897,0.4303022012932077,0.03037776268483066
2021,27.2696,-9.6054,2,2185,365,0.6816454888908734,0.8139249668923187,0.547721533219749,0.009450824734395883,0.7231966125373317,0.7589524490595871,0.46612443242501433,-0.0013242887184701521,0.8009039491607066,0.643665436821968,0.42940152801178205,0.013131924644711768,0.7854292485235905,0.6682117798626973,0.43480454988785733,0.030772269880958,0.7988446545148424,0.6469856606966836,0.4384902350660895,0.01513654973026319,0.7872455653560342,0.665377601279995,0.43693535803300787,0.03956432695193188,0.7987044171296505,0.6472111475436919,0.43391741039978926,0.014165540795139282,0.7868576407761678,0.6659839312379897,0.4303022012932077,0.03037776268483066
2021,27.7696,-10.1054,2,2185,365,0.6698057573901708,0.8239890475484215,0.5307986439588986,0.00847778312205005,0.6944770571465604,0.7926082804912957,0.49020831442589563,-0.0014733958174716316,0.7779928588200611,0.6756474827427177,0.4363481894157969,0.011534487112323617,0.7666681922746746,0.6926656702003176,0.4345561553427369,0.036131276962547594,0.7796442922819253,0.6731298393999414,0.43122697529094667,0.02830497746605037,0.7513668551767887,0.7150167281486937,0.43821338356138717,0.061861980145685364,0.7835012507563289,0.6672128266859314,0.4238991935805883,0.020667834132272446,0.7642084300259537,0.6963071070236172,0.4272076337104748,0.03465275775256757
2021,27.7696,-10.6054,5,2185,365,0.6698057573901708,0.8239890475484215,0.5307986439588986,0.00847778312205005,0.6944770571465604,0.7926082804912957,0.49020831442589563,-0.0014733958174716316,0.7768442022902753,0.6773931149244791,0.4353807334913763,0.01565804480033748,0.7653082754706291,0.6946812530141577,0.4367963314780918,0.034199344845809165,0.7842725766715177,0.6660232176385903,0.43027343913679594,0.010815866099093095,0.7621209141267897,0.6993825968797012,0.4290510938446238,0.03287614469496883,0.7806996572489711,0.6715159708725228,0.4236614428982752,0.013359268081892903,0.7616965158316736,0.7000062004879698,0.42952307722732663,0.040524165766936446
2021,27.7696,-11.1054,6,2185,365,0.6731817302876579,0.7630699106690274,0.5517777247034862,0.023394440265100135,0.650500658671326,0.7891041845955349,0.5280018014913873,-0.00396128980805256,0.7493041593224639,0.6683204185866713,0.47447243638079356,0.010865740049745026,0.7511826200119159,0.6658118524642577,0.4725110053970546,0.0171614497084406,0.7540029167834769,0.6620276745299729,0.47278902227469843,0.009028636168455399,0.749725844503219,0.6677581048575456,0.4657786456597436,0.02246111007471106,0.7514423907047197,0.6654642007591117,0.46860777446116286,0.010065480741205458,0.7475496755209157,0.6706549466950092,0.461954955329627,0.021822346384128978
2021,27.7696,-11.6054,6,2185,365,0.6731817302876579,0.7630699106690274,0.5517777247034862,0.023394440265100135,0.650500658671326,0.7891041845955349,0.5280018014913873,-0.00396128980805256,0.7522565577376992,0.6643734206010184,0.4723090044339871,0.013629748856846997,0.7501317660812538,0.6672163641015303,0.47538170760899134,0.021383936167174628,0.755169657510061,0.6604558414607198,0.47144228827495827,0.011527381694127793,0.7491881521449866,0.6684750302431859,0.46939981724930246,0.02080403493765868,0.7547183389876859,0.6610643009966599,0.46688217842472957,0.013630721599308252,0.750661365044248,0.6665089021646913,0.46180677997449054,0.02193754143319857
2021,27.7696,-12.1054,7,2185,365,0.6914481182106303,0.7987585854469105,0.5824510660581277,-0.04090681468265615,0.6926112251086906,0.7972516771266965,0.5302195971852685,-0.0015829576253130993,0.7732894139630019,0.6846795227497123,0.49909362060034906,-0.01840398731694943,0.771518615237645,0.6873482805853818,0.4974907493218345,-0.014511333870309765,0.7776425058637169,0.6780743636100024,0.49665124457842835,-0.027735892466250692,0.7705785382918977,0.6887608617176164,0.49716266159973144,-0.008513723928617982,0.7759632184987919,0.6806300227051021,0.5013942905110556,-0.03496705948044453,0.7725365194028228,0.6858154737124358,0.4973556200066699,-0.018559495054195647
2021,27.7696,-12.6054,6,2185,365,0.6914481182106303,0.7987585854469105,0.5824510660581277,-0.04090681468265615,0.6926112251086906,0.7972516771266965,0.5302195971852685,-0.0015829576253130993,0.7727126770000603,0.685549859634122,0.5006328180380196,-0.02254373030466376,0.7714654735942272,0.6874282098400258,0.49821208127701005,-0.01632305333893745,0.7749406216226798,0.6821815932060918,0.500518100305015,-0.025392242864015358,0.7719679693628841,0.6866720443238776,0.49739864116323385,-0.010258642634661691,0.7747316502006174,0.6824982282703603,0.5005405188778036,-0.028724959536056454,0.7664950673767043,0.6948634512646915,0.4973619438778185,-0.014802973125585124
2021,27.7696,-9.1054,3,2185,365,0.6816454888908734,0.8139249668923187,0.547721533219749,0.009450824734395883,0.7231966125373317,0.7589524490595871,0.46612443242501433,-0.0013242887184701521,0.8003703772595497,0.6445273624944912,0.4286728870446953,0.016804248239820137,0.7874195403307342,0.6651054971378678,0.4316818833836735,0.03589554039808889,0.8006302319727059,0.6441077403744149,0.4324181682719844,0.023076938422347613,0.7824923548919208,0.6727692446094947,0.43788908836829643,0.049838664693543956,0.7979128311736543,0.6484824634947083,0.4325914165021622,0.022615209810897704,0.7834999957104622,0.6712090771296478,0.4327248034045641,0.04170870094548994
2021,27.7696,-9.6054,3,2185,365,0.6816454888908734,0.8139249668923187,0.547721533219749,0.009450824734395883,0.7231966125373317,0.7589524490595871,0.46612443242501433,-0.0013242887184701521,0.8003703772595497,0.6445273624944912,0.4286728870446953,0.016804248239820137,0.7874195403307342,0.6651054971378678,0.4316818833836735,0.03589554039808889,0.8006302319727059,0.6441077403744149,0.4324181682719844,0.023076938422347613,0.7824923548919208,0.6727692446094947,0.43788908836829643,0.049838664693543956,0.7979128311736543,0.6484824634947083,0.4325914165021622,0.022615209810897704,0.7834999957104622,0.6712090771296478,0.4327248034045641,0.04170870094548994
2021,28.2696,-10.1054,5,2185,365,0.6098736998231724,0.8075700795263133,0.586372788141574,0.035594669696931806,0.5344014552990108,0.8822332314982455,0.6238911957682074,-0.0014523562022396995,0.6762190351245427,0.7357042449670991,0.5352247028633439,0.01509370002071946,0.6901920119398942,0.7196542775203996,0.5203836343360053,0.035724716213594,0.6843711242850081,0.72638349849095,0.5252556455272309,0.011490216703394262,0.6679840857674382,0.7450013433794433,0.537024240294415,0.02563802920040147,0.6916743497521383,0.7179305488005595,0.5174274986600821,0.017480734278501966,0.6734171454151443,0.7388806543111539,0.5298910948196235,0.039911651685262305
2021,28.2696,-10.6054,6,2185,365,0.6098736998231724,0.8075700795263133,0.586372788141574,0.035594669696931806,0.5344014552990108,0.8822332314982455,0.6238911957682074,-0.0014523562022396995,0.6802012175791563,0.7311660342598291,0.5372772091551026,0.02060977654850341,0.691704153132791,0.7178958496529222,0.5226764464630174,0.032562802310532324,0.6928338875899392,0.7165792960133015,0.5181719785960168,0.024757576209373865,0.673725458803177,0.7385317985983914,0.5244182763979323,0.04640508115205643,0.6936361326412783,0.715642916609265,0.514273019265639,0.02128106614440962,0.6708744577689355,0.7417514419287549,0.5229228444770749,0.03898390959379412
2021,28.2696,-11.1054,3,2185,365,0.45308693090558205,0.9568407014324729,0.7536817828466644,0.017996406408034408,0.42707112674335646,0.9793340279341898,0.7253728015175407,-0.004635295627486939,0.605192316476769,0.8129676945286942,0.6204703391337348,0.02674123478663161,0.6029446558756443,0.815278543856568,0.6219194885640758,0.01933962737734896,0.5920877634960428,0.8263496676275146,0.6239684846115189,0.01902659659750545,0.5954399429801611,0.8229472360510754,0.6217042515440881,0.011793313790877625,0.5920877634960426,0.8263496676275147,0.623968484611519,0.01902659659750545,0.5954399429801611,0.8229472360510754,0.6217042515440881,0.011793313790877414
2021,28.2696,-11.6054,5,2185,365,0.45308693090558205,0.9568407014324729,0.7536817828466644,0.017996406408034408,0.42707112674335646,0.9793340279341898,0.7253728015175407,-0.004635295627486939,0.6142070077093402,0.803632806196015,0.6149355922570118,0.02123138574846931,0.6126019619302683,0.8053027803373546,0.6178363799257024,0.013097637559241251,0.6062458585612176,0.8118822700709447,0.6139329539294606,0.0155636159530993,0.6161866717517448,0.8015682674713447,0.606382071297037,0.00702976924368155,0.6035455347700402,0.8146614143334898,0.617998615299286,0.028194645646070934,0.6099095712646907,0.8080963354366365,0.6128579456639002,0.025974213288237524
2021,28.2696,-9.1054,3,2185,365,0.6957893924234528,0.8257945228943842,0.5629357135334473,0.02633354036649622,0.7133940383076048,0.8015441176931682,0.5029422721547635,-0.0007140241848175161,0.7929954087511482,0.6812002682769073,0.45543282654336614,0.01639216562948268,0.7850161003559972,0.694205083423977,0.44984882948265653,0.04911364364866937,0.8019136448946551,0.6663648826702485,0.44291540757837267,0.035869239566018646,0.7771727172366759,0.706755185349905,0.44958925679507367,0.06749545236159055,0.8038922681310261,0.6630284739814959,0.4394240240533049,0.032580014115850764,0.7801757966042037,0.7019765029324422,0.4465188159027909,0.058737421083525226
2021,28.2696,-9.6054,3,2185,365,0.6957893924234528,0.8257945228943842,0.5629357135334473,0.02633354036649622,0.7133940383076048,0.8015441176931682,0.5029422721547635,-0.0007140241848175161,0.7929954087511482,0.6812002682769073,0.45543282654336614,0.01639216562948268,0.7850161003559972,0.694205083423977,0.44984882948265653,0.04911364364866937,0.8019136448946551,0.6663648826702485,0.44291540757837267,0.035869239566018646,0.7771727172366759,0.706755185349905,0.44958925679507367,0.06749545236159055,0.8038922681310261,0.6630284739814959,0.4394240240533049,0.032580014115850764,0.7801757966042037,0.7019765029324422,0.4465188159027909,0.058737421083525226
2021,28.7696,-10.1054,7,2185,365,0.6098736998231724,0.8075700795263133,0.586372788141574,0.035594669696931806,0.5344014552990108,0.8822332314982455,0.6238911957682074,-0.0014523562022396995,0.6810844231310547,0.73015568585095,0.5330938233743673,0.015028503048451118,0.6918496036734125,0.7177264820482965,0.5209522683935979,0.03595263894882243,0.6902109810275314,0.7196322454964494,0.5239213173163477,0.01705627242232129,0.6724678240771733,0.7399537758216103,0.5301892447262213,0.03670234855402372,0.6916858128073125,0.7179172029210025,0.5162370167105421,0.023157926744124795,0.6745391949982174,0.7376102660298749,0.5206377529502896,0.050312378465632336
2021,28.7696,-10.6054,4,2185,365,0.6098736998231724,0.8075700795263133,0.586372788141574,0.035594669696931806,0.5344014552990108,0.8822332314982455,0.6238911957682074,-0.0014523562022396995,0.6815940013352837,0.7295721142142275,0.535678606812795,0.015876980297914952,0.6871465274366342,0.7231828115259904,0.5291520103613194,0.03050838723230481,0.6909568236896593,0.7187654364050331,0.5166318018216621,0.0285870448302526,0.6710490745200179,0.7415546486169897,0.5225480638061757,0.03685664471214655,0.6873996462286085,0.7228902013813971,0.5195527117564737,0.02977658560559199,0.6792488348195462,0.7322539562435124,0.5200720193501017,0.03010644774078446
2021,28.7696,-8.6054,1,2185,365,0.707643008439309,0.8183766798515563,0.5640658578391086,0.037992845106666624,0.7381285282592143,0.7745341977518373,0.4785473678415656,-0.00038308962357874016,0.8205782153371762,0.641112270906387,0.42885984191472304,0.022827007824794222,0.8022296550769077,0.6730961225655042,0.43730060904856466,0.06074740393140446,0.8147138423118206,0.6515053568778473,0.4333240849074091,0.026771025643618766,0.802574970853428,0.6725082380230152,0.43569824198209145,0.05465836407126422,0.8147138423118206,0.6515053568778473,0.4333240849074091,0.026771025643618766,0.802574970853428,0.6725082380230152,0.43569824198209145,0.05465836407126422
2021,28.7696,-9.1054,3,2185,365,0.6957893924234528,0.8257945228943842,0.5629357135334473,0.02633354036649622,0.7133940383076048,0.8015441176931682,0.5029422721547635,-0.0007140241848175161,0.7939926690411359,0.6795574203200471,0.4521239626110553,0.019220217802482314,0.784162051066632,0.6955826230881715,0.4489788204651619,0.055483779721664295,0.801030716968182,0.6678483215652067,0.44269620559162515,0.03639980607420206,0.7764877153049776,0.7078406834145009,0.4493714770393429,0.06558407763270284,0.8031833250430856,0.6642258398375832,0.4394658912525788,0.03304527404037982,0.7794423591160511,0.7031465905282824,0.44621042199853683,0.05617210883732536
2021,28.7696,-9.6054,3,2185,365,0.6957893924234528,0.8257945228943842,0.5629357135334473,0.02633354036649622,0.7133940383076048,0.8015441176931682,0.5029422721547635,-0.0007140241848175161,0.7939926690411359,0.6795574203200471,0.4521239626110553,0.019220217802482314,0.784162051066632,0.6955826230881715,0.4489788204651619,0.055483779721664295,0.801030716968182,0.6678483215652067,0.44269620559162515,0.03639980607420206,0.7764877153049776,0.7078406834145009,0.4493714770393429,0.06558407763270284,0.8031833250430856,0.6642258398375832,0.4394658912525788,0.03304527404037982,0.7794423591160511,0.7031465905282824,0.44621042199853683,0.05617210883732536
2021,29.2696,-10.1054,5,2185,365,0.5652780349535736,0.9918927035413917,0.7746368886328473,-0.05189613901284755,0.572390626766696,0.9837449403166698,0.7026242619863332,-0.0014062441555118199,0.7103137095921711,0.8096976422782949,0.6146423575530937,-0.039788872897542085,0.7060887754010117,0.815580793104176,0.6283212728146705,-0.031353904264566246,0.7001887784244957,0.8237261350638801,0.6231558049676814,-0.052312590427163894,0.7201206677920973,0.7958740014342848,0.6025456998709839,-0.04765074768771502,0.699060182279196,0.8252750779144822,0.6249446469656651,-0.0376134204508711,0.7143120147300681,0.8040904268546804,0.6120019256196197,-0.03458471160736008
2021,29.2696,-8.1054,1,2185,365,0.673097821202422,0.949068743013864,0.667413664671883,0.05788078984801069,0.7318787830428404,0.8595167683886702,0.5236846450186587,-0.000791002423044143,0.8121066727699089,0.7195226029650205,0.48518249579479605,0.04860140778680742,0.7907108774118458,0.7593851348689568,0.5053528576414801,0.08692798091537775,0.8075105257270038,0.7282697246721316,0.48542610362563254,0.0508993003950672,0.7730162063503059,0.7908355577760181,0.5058327508812352,0.09857415924386068,0.8075105257270038,0.7282697246721316,0.48542610362563254,0.0508993003950672,0.7730162063503059,0.7908355577760181,0.5058327508812352,0.09857415924386068
2021,29.2696,-8.6054,3,2185,365,0.673097821202422,0.949068743013864,0.667413664671883,0.05788078984801069,0.7318787830428404,0.8595167683886702,0.5236846450186587,-0.000791002423044143,0.8201611313123405,0.7039317334664306,0.46919743693327925,0.04370507121159363,0.796161837920253,0.7494307526386066,0.49483438638968097,0.08364516855435379,0.8144227925154199,0.7150741532035089,0.4773493165396641,0.04423929890860534,0.7791057701071716,0.780155094115348,0.4972849367469504,0.0938457404797051,0.8076994951191248,0.7279121610175989,0.48441641478248143,0.05452517409908971,0.7754276629318039,0.7866234556882296,0.5012391077845023,0.10371815593316695
2021,29.2696,-9.1054,7,2185,365,0.7153616988600995,0.83952487129912,0.6214814601367846,-0.010313899496739743,0.7328483914022444,0.8133281320154238,0.5271513657385766,-0.001167897774806234,0.8208624737837891,0.666009131591284,0.4746887445506619,-0.02524712384392449,0.8116569763209751,0.6829071608386218,0.4916015244234329,0.006014662688622885,0.8202667962206578,0.6671155369547089,0.4779913449347418,-0.024231697752074295,0.8040711403207039,0.6965240280772877,0.4949018910458153,0.022276125812522724,0.8225528493581433,0.6628593895311532,0.4768451757064089,-0.027820020484710908,0.8111016783385894,0.6839131388089514,0.4872144179827484,0.01971218813002713
2021,29.2696,-9.6054,7,2185,365,0.7153616988600995,0.83952487129912,0.6214814601367846,-0.010313899496739743,0.7328483914022444,0.8133281320154238,0.5271513657385766,-0.001167897774806234,0.8208624737837891,0.666009131591284,0.4746887445506619,-0.02524712384392449,0.8116569763209751,0.6829071608386218,0.4916015244234329,0.006014662688622885,0.8202667962206578,0.6671155369547089,0.4779913449347418,-0.024231697752074295,0.8040711403207039,0.6965240280772877,0.4949018910458153,0.022276125812522724,0.8225528493581433,0.6628593895311532,0.4768451757064089,-0.027820020484710908,0.8111016783385894,0.6839131388089514,0.4872144179827484,0.01971218813002713
2021,29.7696,-5.6054,3,2185,365,0.7035231156496602,0.8510652836510111,0.5492436480622611,0.1160011878465383,0.6373672506703182,0.9412412839460615,0.5507071246451979,-0.0009900427096981351,0.7751568283819223,0.7411520388676571,0.44169999163267365,0.07154763607825637,0.7658433384095329,0.7563463494763928,0.46114183144867665,0.09394244655675907,0.7614294799502908,0.7634416420179347,0.46073142770452924,0.08467073585956471,0.7683895796210466,0.7522228188160889,0.4565548082872682,0.08390685305022118,0.7614294799502908,0.7634416420179346,0.4607314277045293,0.08467073585956471,0.7683895796210465,0.752222818816089,0.4565548082872683,0.08390685305022148
2021,29.7696,-6.1054,3,2185,365,0.6609723379093556,0.9054656026042347,0.5962072643779947,0.10846812137520678,0.6239465388992653,0.9536284177676373,0.5441034936605743,-0.001019783014928054,0.7507928211207632,0.7763090761925492,0.47229127874309523,0.07984431539295406,0.7406916261452495,0.7918859911615832,0.48787710122597294,0.10611239421424759,0.743813166439549,0.787105219389857,0.4873809110588538,0.06866219837926073,0.7511592427151162,0.7757381435047347,0.4748179840738315,0.08842862692529344,0.7421410666989103,0.789669710818464,0.48806460681355457,0.07711836607834938,0.7442281991467455,0.7864673903119044,0.48422338089252326,0.08658549747346335
2021,29.7696,-6.6054,3,2185,365,0.6609723379093556,0.9054656026042347,0.5962072643779947,0.10846812137520678,0.6239465388992653,0.9536284177676373,0.5441034936605743,-0.001019783014928054,0.7434787344706006,0.7876188041300717,0.482839295073374,0.07711211711886086,0.7354832227531726,0.7997992650647543,0.49433820564482595,0.11230309322688374,0.7428468768247485,0.7885882303510566,0.4877699521784421,0.07092773585380839,0.7493659084922384,0.7785284024919664,0.47604707926544887,0.09108192715255081,0.7425342541557087,0.789067430589081,0.488365015738409,0.0757550488287992,0.7443316938029853,0.7863082574296493,0.48264929142362917,0.08791209851993724
2021,29.7696,-7.1054,2,2185,365,0.6573762195041761,0.9458371438441853,0.6393907183285594,0.09989491503443286,0.6693540770621369,0.9291572067634685,0.5586787794895902,-0.0009801468541248603,0.764583339893099,0.7840183197862112,0.5050628143243342,0.08694779216437266,0.7489067550782085,0.8097018440325199,0.513187728230906,0.11638147501227662,0.7633041727732317,0.7861454670540832,0.509088784032731,0.07103975223478141,0.7512700405227024,0.8058823854718435,0.5031677842319453,0.11000303834262029,0.7633041727732317,0.7861454670540832,0.509088784032731,0.07103975223478141,0.7512700405227024,0.8058823854718435,0.5031677842319453,0.11000303834262029
2021,29.7696,-7.6054,2,2185,365,0.6573762195041761,0.9458371438441853,0.6393907183285594,0.09989491503443286,0.6693540770621369,0.9291572067634685,0.5586787794895902,-0.0009801468541248603,0.7665750621099708,0.7806947156202755,0.5072138296382794,0.08309054467086929,0.7536987152275478,0.8019382941064043,0.5106314837240062,0.11410154563593913,0.7633041727732317,0.7861454670540832,0.509088784032731,0.07103975223478141,0.7512700405227024,0.8058823854718435,0.5031677842319453,0.11000303834262029,0.7633041727732317,0.7861454670540832,0.509088784032731,0.07103975223478141,0.7512700405227024,0.8058823854718435,0.5031677842319453,0.11000303834262029
2021,29.7696,-8.1054,2,2185,365,0.673097821202422,0.949068743013864,0.667413664671883,0.05788078984801069,0.7318787830428404,0.8595167683886702,0.5236846450186587,-0.000791002423044143,0.8136852744354018,0.7164936625974934,0.48658695963650095,0.03829734520697328,0.7904274280614024,0.7598991950126425,0.5069968595863396,0.07999822260617132,0.8096982338094454,0.7241193823984059,0.4826714363204046,0.04819155995568377,0.7793792313078665,0.7796720389043729,0.4969106485136556,0.095260477249095,0.8074527177428096,0.7283790725846293,0.48502750784064647,0.05140474179976113,0.7747563449095338,0.7877983119786405,0.5027761389975143,0.09524590896351565
2021,29.7696,-8.6054,2,2185,365,0.673097821202422,0.949068743013864,0.667413664671883,0.05788078984801069,0.7318787830428404,0.8595167683886702,0.5236846450186587,-0.000791002423044143,0.8201365337641738,0.7039798721219397,0.4756668233565581,0.025839516415712728,0.7965773955101711,0.7486664440264666,0.4982090208796029,0.0709641763211208,0.8141250124052454,0.7156476328668134,0.4771352594695554,0.04380376834886646,0.7841048850846155,0.771276627128997,0.4898868893882385,0.09476674542815425,0.8141250124052454,0.7156476328668134,0.4771352594695554,0.04380376834886646,0.7841048850846155,0.771276627128997,0.4898868893882385,0.09476674542815425
2021,29.7696,-9.1054,5,2185,365,0.7153616988600995,0.83952487129912,0.6214814601367846,-0.010313899496739743,0.7328483914022444,0.8133281320154238,0.5271513657385766,-0.001167897774806234,0.8188516042478428,0.66973677052597,0.4829713204649749,-0.03671743587327908,0.8064971219641477,0.6921984331672122,0.4999358903172884,-0.0036226464481193287,0.8160033991956814,0.674981387523622,0.48880531425212004,-0.03762908944442387,0.8049988840545884,0.6948730141038989,0.4984105171970542,-0.0025946315894059225,0.8179115279173905,0.6714723336749561,0.4826983671113249,-0.02915490733474974,0.8059835565710323,0.6931163874773973,0.4897119293418019,0.011524028083803591
2021,29.7696,-9.6054,5,2185,365,0.7153616988600995,0.83952487129912,0.6214814601367846,-0.010313899496739743,0.7328483914022444,0.8133281320154238,0.5271513657385766,-0.001167897774806234,0.8188516042478428,0.66973677052597,0.4829713204649749,-0.03671743587327908,0.8064971219641477,0.6921984331672122,0.4999358903172884,-0.0036226464481193287,0.8160033991956814,0.674981387523622,0.48880531425212004,-0.03762908944442387,0.8049988840545884,0.6948730141038989,0.4984105171970542,-0.0025946315894059225,0.8179115279173905,0.6714723336749561,0.4826983671113249,-0.02915490733474974,0.8059835565710323,0.6931163874773973,0.4897119293418019,0.011524028083803591
2021,30.2696,-5.1054,1,2185,365,0.691926738240316,0.8998504599397609,0.6045965655389003,0.11574122913261642,0.633522518212667,0.9814473051796981,0.5727012164197178,-0.0012791019395225391,0.7623764783132424,0.7902928515368683,0.5021080183793434,0.10180833109227955,0.7474228686525164,0.8147799864334306,0.5227145531047103,0.11042732529050373,0.7541475788107398,0.803860306659955,0.5117429556776207,0.09848086820257582,0.7510829023143013,0.8088550548037282,0.5127344211550877,0.11245869770399469,0.7541475788107398,0.803860306659955,0.5117429556776207,0.09848086820257582,0.7510829023143013,0.8088550548037282,0.5127344211550877,0.11245869770399469
2021,30.2696,-5.6054,1,2185,365,0.691926738240316,0.8998504599397609,0.6045965655389003,0.11574122913261642,0.633522518212667,0.9814473051796981,0.5727012164197178,-0.0012791019395225391,0.7641175141640377,0.7873923437011221,0.5018386528443013,0.10538604455387586,0.7483835754885895,0.8132289543743345,0.520076696763617,0.1157857067608231,0.7541475788107398,0.803860306659955,0.5117429556776207,0.09848086820257582,0.7510829023143013,0.8088550548037282,0.5127344211550877,0.11245869770399469,0.7541475788107398,0.803860306659955,0.5117429556776207,0.09848086820257582,0.7510829023143013,0.8088550548037282,0.5127344211550877,0.11245869770399469
2021,30.2696,-6.1054,2,2185,365,0.6422245580234978,0.9914987357588717,0.6874014836552168,0.0998833645004218,0.6279753908173736,1.0110502383318112,0.6111695710503241,-0.0008461830095835719,0.7371820415657546,0.8497954863484356,0.5465836513036076,0.1201561303755999,0.7247864361111667,0.8696045801226535,0.5683812176189715,0.12413945319556628,0.7357334241220548,0.8521342475866447,0.553110840278216,0.09893070778802988,0.7369820209935858,0.8501187980659277,0.5517721561735199,0.11797682021950695,0.7347358957776737,0.8537410104197121,0.5557783494650863,0.09269324518180963,0.7300838252203815,0.8611947162315023,0.5523258100232153,0.11255827669488128
2021,30.2696,-6.6054,3,2185,365,0.6422245580234978,0.9914987357588717,0.6874014836552168,0.0998833645004218,0.6279753908173736,1.0110502383318112,0.6111695710503241,-0.0008461830095835719,0.7397924928462154,0.8455646382720041,0.542575514263262,0.11565837785766053,0.7289761830182062,0.8629599290823703,0.564805072912879,0.12271843431627859,0.7323100915299812,0.857635799216968,0.5550803383813624,0.10752584643817911,0.735326341410065,0.8527903192691904,0.5516244677997496,0.11469951670504655,0.7334359049260912,0.8558304356916068,0.553559993653931,0.10413932882582203,0.7285550358836861,0.8636301506688304,0.5520343589083688,0.12434120640850418
2021,30.2696,-7.1054,3,2185,365,0.623135587988478,1.0794070082980984,0.7941649663991669,0.05670974496579167,0.6711274984167892,1.008338733894833,0.6434311649505253,-0.0009770806559202309,0.7611107564229149,0.85939132817916,0.5976959512521485,0.048337155183172324,0.7461282760542501,0.8859308713750056,0.6254961967859092,0.07644391724551147,0.7485927899652536,0.8816202027260175,0.6188547141335587,0.060882930413774794,0.7428079184899072,0.8917055424995374,0.6156832984427315,0.09007923050484364,0.7503420061823154,0.8785478243062603,0.6160931006602011,0.05436075713835491,0.7450058114543621,0.887887231980728,0.6076036770262321,0.09260823884838999
2021,30.2696,-7.6054,3,2185,365,0.623135587988478,1.0794070082980984,0.7941649663991669,0.05670974496579167,0.6711274984167892,1.008338733894833,0.6434311649505253,-0.0009770806559202309,0.7608979778949029,0.8597739727027276,0.5998287643440672,0.04566287251733038,0.7483453091390109,0.8820540216853855,0.6219523911556808,0.08325727149755308,0.7508396909136322,0.8776717098379114,0.6181644588702409,0.05486630794704515,0.7422611115664504,0.8926529509000128,0.6177517372473467,0.09042805787219167,0.7520177337812708,0.875594412848159,0.6138605668944775,0.056990238329321596,0.744435877451372,0.8888789304261165,0.6083153559516974,0.09104753467263033
2021,30.2696,-8.1054,4,2185,365,0.6898739520386927,0.9817799765446935,0.7474432827840984,0.012628046053871883,0.7124960666941771,0.9452940912966838,0.6208603103043602,-0.0009386440137083584,0.8073185491398509,0.7738646380155599,0.5695154565586887,-0.015396597929829737,0.7946269736781688,0.7989447538774532,0.5910803233490494,0.024311887776208664,0.796319399954142,0.7956459946711195,0.5736740221335512,-0.010761937594375123,0.7847417769589446,0.8179465471015472,0.5836946764600884,0.02268854947980322,0.7948986001489531,0.798416236693104,0.5716684820570185,0.007315477751125044,0.7841260828297634,0.8191154810544287,0.585139413848108,0.04003137219440526
2021,30.2696,-8.6054,5,2185,365,0.6898739520386927,0.9817799765446935,0.7474432827840984,0.012628046053871883,0.7124960666941771,0.9452940912966838,0.6208603103043602,-0.0009386440137083584,0.806257674584113,0.7759921037428648,0.5682170567814302,-0.029926464423144176,0.7903671659987032,0.8071880072207039,0.5992246510277139,0.02054413560754282,0.8064071870845253,0.7756926263013376,0.5566723839930284,-0.009401957929176457,0.7931819420817079,0.8017505671405426,0.5735055746283829,0.02907126289687588,0.8019993291952129,0.7844736830702124,0.5610369880269229,-0.012955192137912217,0.7903067530772858,0.8073043083552303,0.5772798427756182,0.029313245030120616
2021,30.2696,-9.1054,5,2185,365,0.7579966648591155,0.8121310301131559,0.6011070987033998,-0.002243398981815851,0.7647081215614846,0.8007904722512866,0.5277522705403548,-0.0007124464079685252,0.8454385301430348,0.6490319081797902,0.47543728428112897,-0.01934012389277937,0.8342475505436209,0.672117814227207,0.4858585391778837,0.002249887227509785,0.8441140246558556,0.6518068963490061,0.47550730534973756,-0.02981533658516203,0.8337707917439392,0.6730837365793371,0.47749467679525376,-0.0018512242573701548,0.8443876110233074,0.6512346710684732,0.4751262029582277,-0.0293964459802407,0.8348187543149113,0.6709587135365804,0.47645855260979647,-0.0031483722689173354
2021,30.2696,-9.6054,5,2185,365,0.7579966648591155,0.8121310301131559,0.6011070987033998,-0.002243398981815851,0.7647081215614846,0.8007904722512866,0.5277522705403548,-0.0007124464079685252,0.8454385301430348,0.6490319081797902,0.47543728428112897,-0.01934012389277937,0.8342475505436209,0.672117814227207,0.4858585391778837,0.002249887227509785,0.8441140246558556,0.6518068963490061,0.47550730534973756,-0.02981533658516203,0.8337707917439392,0.6730837365793371,0.47749467679525376,-0.0018512242573701548,0.8443876110233074,0.6512346710684732,0.4751262029582277,-0.0293964459802407,0.8348187543149113,0.6709587135365804,0.47645855260979647,-0.0031483722689173354
2021,30.7696,-4.1054,2,2185,365,0.7616031518908012,0.7752975536712282,0.5266881000636787,0.09936169682979984,0.7225969619087448,0.8363224703280357,0.497116922263176,-0.002113601853302326,0.8123677444764619,0.6878154210773009,0.4432712689353799,0.0656819062372385,0.8037684594219727,0.7034003267648005,0.4590844598732167,0.0811057790590308,0.8093684479734516,0.6932909815608772,0.4499632217170811,0.07073676370872053,0.8114824669972385,0.6894361204615945,0.44358514059043297,0.08163215965967792,0.8087944775436351,0.69433390818787,0.4470609006560433,0.0697914259979627,0.8121360598467919,0.68823994056762,0.4386895368974872,0.07506651550362531
2021,30.7696,-4.6054,2,2185,365,0.7616031518908012,0.7752975536712282,0.5266881000636787,0.09936169682979984,0.7225969619087448,0.8363224703280357,0.497116922263176,-0.002113601853302326,0.8123677444764619,0.6878154210773009,0.4432712689353799,0.0656819062372385,0.8037684594219727,0.7034003267648005,0.4590844598732167,0.0811057790590308,0.8093684479734516,0.6932909815608772,0.4499632217170811,0.07073676370872053,0.8114824669972385,0.6894361204615945,0.44358514059043297,0.08163215965967792,0.8087944775436351,0.69433390818787,0.4470609006560433,0.0697914259979627,0.8121360598467919,0.68823994056762,0.4386895368974872,0.07506651550362531
2021,30.7696,-5.1054,1,2185,365,0.691926738240316,0.8998504599397609,0.6045965655389003,0.11574122913261642,0.633522518212667,0.9814473051796981,0.5727012164197178,-0.0012791019395225391,0.7613450765673204,0.7920061222655882,0.502988532692275,0.10455068726139333,0.7467227243362224,0.8159084908014372,0.5244745340930852,0.11389469697643674,0.7541475788107398,0.803860306659955,0.5117429556776207,0.09848086820257582,0.7510829023143013,0.8088550548037282,0.5127344211550877,0.11245869770399469,0.7541475788107398,0.803860306659955,0.5117429556776207,0.09848086820257582,0.7510829023143013,0.8088550548037282,0.5127344211550877,0.11245869770399469
2021,30.7696,-5.6054,2,2185,365,0.691926738240316,0.8998504599397609,0.6045965655389003,0.11574122913261642,0.633522518212667,0.9814473051796981,0.5727012164197178,-0.0012791019395225391,0.760406010371159,0.7935627965913404,0.5053701721914032,0.1079503614538604,0.7487930910150902,0.8125669039950315,0.5205903703473651,0.11812960088707473,0.7552854298493855,0.801997941310055,0.5109873470329594,0.09616661681000625,0.7571802312377263,0.7988870112244844,0.5085313003176706,0.10704979709417099,0.7542097940457695,0.8037585880718461,0.5112911745191284,0.09351162373866104,0.7563773507319711,0.8002066761789505,0.501283423389236,0.10835365569287196
2021,30.7696,-6.1054,3,2185,365,0.6422245580234978,0.9914987357588717,0.6874014836552168,0.0998833645004218,0.6279753908173736,1.0110502383318112,0.6111695710503241,-0.0008461830095835719,0.7334503616176318,0.8558072280567386,0.5513813308671722,0.12036584806751856,0.7230233432857378,0.8723855947916005,0.5731485412749532,0.12359267090503119,0.7339026246119951,0.8550808825602031,0.5502061152369006,0.10176612296204253,0.7337766510512589,0.8552832611775558,0.550314125286016,0.12860852870912987,0.730768341732587,0.8601020136028548,0.5556221153857287,0.10365368452231892,0.7278718743233397,0.8647162422239648,0.5513041767454521,0.12427673242602055
2021,30.7696,-6.6054,3,2185,365,0.6422245580234978,0.9914987357588717,0.6874014836552168,0.0998833645004218,0.6279753908173736,1.0110502383318112,0.6111695710503241,-0.0008461830095835719,0.7380728364940013,0.8483541159766846,0.547444556931758,0.11476173919579835,0.7263887369849132,0.8670694540536813,0.567613881048298,0.12459943324315523,0.7388856122267673,0.8470368463828577,0.5463940761339274,0.10239550312600704,0.7387474191234622,0.8472609611241136,0.5452109819974825,0.12956517337513154,0.7337308236021673,0.8553568718575411,0.5545024831806973,0.10381052083693335,0.7303384198300595,0.860788465550838,0.548523216948521,0.12655878717008656
2021,30.7696,-7.1054,3,2185,365,0.623135587988478,1.0794070082980984,0.7941649663991669,0.05670974496579167,0.6711274984167892,1.008338733894833,0.6434311649505253,-0.0009770806559202309,0.7599381919082588,0.8614978655996692,0.6025652487023379,0.05535789294254483,0.7454185885674471,0.8871682980114987,0.6269224907352329,0.08160066223427948,0.751245412965451,0.876956837057502,0.6159281844727568,0.05625714782229327,0.7453721387287844,0.8872492287922503,0.6120058240447289,0.08648108274366757,0.7505023220279017,0.8782657028466402,0.6163522170113966,0.055418091231939394,0.7467451717084604,0.8848538327267613,0.6061423737829048,0.09475809927627761
2021,30.7696,-7.6054,4,2185,365,0.623135587988478,1.0794070082980984,0.7941649663991669,0.05670974496579167,0.6711274984167892,1.008338733894833,0.6434311649505253,-0.0009770806559202309,0.7642232152725689,0.853774520565103,0.6031031831022767,0.04939651825305296,0.7516449116718765,0.8762523598022408,0.6203326302716505,0.08429628061721768,0.7553453245597233,0.8696999182660662,0.6106408062136959,0.04451765870002173,0.7514101059836185,0.8766664854635504,0.6069017847840688,0.07908096299985741,0.7508801266270465,0.8776004891811214,0.617062115389611,0.057135756599448695,0.7402624758190632,0.8961073049888045,0.6124430015181281,0.09993671745030532
2021,30.7696,-8.1054,5,2185,365,0.6898739520386927,0.9817799765446935,0.7474432827840984,0.012628046053871883,0.7124960666941771,0.9452940912966838,0.6208603103043602,-0.0009386440137083584,0.8005113809372117,0.7874157728711383,0.5786620940446735,-0.004647240661500886,0.7936066593989091,0.8009269148130738,0.5897502178922029,0.03126705496346368,0.8014530465270158,0.7855551167698915,0.563425790023545,-0.019055872157645714,0.7920611612788573,0.803920040502665,0.5708088632177813,0.02322912626231949,0.8021135614514429,0.7842473577575343,0.5618400383461227,-0.012746642608831352,0.7942053252422479,0.7997644843977074,0.5711881521436133,0.018074150887233003
2021,30.7696,-8.6054,10,2185,365,0.6898739520386927,0.9817799765446935,0.7474432827840984,0.012628046053871883,0.7124960666941771,0.9452940912966838,0.6208603103043602,-0.0009386440137083584,0.8067328739345633,0.7750398664528556,0.5587631658637205,0.01191461647756607,0.7947838073873956,0.7986396373723584,0.5793552689695276,0.04618983968377188,0.807335461784039,0.7738306742260277,0.5505694555026549,0.00043615685070070974,0.7991526678830374,0.7900927590391047,0.5677028175002747,0.032775178473213436,0.8015336868487171,0.7853955730204026,0.5563477087595102,0.004117136549352532,0.7991154788294104,0.7901659027589307,0.5650282391726436,0.05000382632109674
2021,30.7696,-9.1054,10,2185,365,0.7579966648591155,0.8121310301131559,0.6011070987033998,-0.002243398981815851,0.7647081215614846,0.8007904722512866,0.5277522705403548,-0.0007124464079685252,0.8500256364371338,0.6393283201095696,0.4644121013510287,-0.007313577897089907,0.8382703922456769,0.6639115062457979,0.4777565139811968,0.012071053485970649,0.8576360029494927,0.6228959616618839,0.44747342722722316,-0.0006657877946345658,0.845795484855016,0.6482820158740789,0.46007029967984414,0.015609199843327747,0.8486754856486428,0.6421996628685566,0.4697353339282383,-0.01923336371312684,0.8384019484887544,0.6636414274593591,0.47672665773929507,0.001534370001358955
2021,30.7696,-9.6054,10,2185,365,0.7579966648591155,0.8121310301131559,0.6011070987033998,-0.002243398981815851,0.7647081215614846,0.8007904722512866,0.5277522705403548,-0.0007124464079685252,0.8500256364371338,0.6393283201095696,0.4644121013510287,-0.007313577897089907,0.8382703922456769,0.6639115062457979,0.4777565139811968,0.012071053485970649,0.8576360029494927,0.6228959616618839,0.44747342722722316,-0.0006657877946345658,0.845795484855016,0.6482820158740789,0.46007029967984414,0.015609199843327747,0.8486754856486428,0.6421996628685566,0.4697353339282383,-0.01923336371312684,0.8384019484887544,0.6636414274593591,0.47672665773929507,0.001534370001358955
2021,31.2696,-4.1054,2,2185,365,0.7239363048234277,0.8548119743690061,0.6009182086174012,0.09620906958289611,0.6958690491657237,0.8972144483728524,0.5667966263503267,-0.0010473331851734275,0.78387229139247,0.756347147528133,0.5095612597757463,0.09591198781642636,0.7780159608937463,0.7665258818829996,0.5266654165371736,0.10143918410365735,0.7826717702330658,0.7584448732708995,0.5139813437628213,0.08671599051704691,0.7818421776959433,0.7598910749440102,0.512710819727743,0.09544099617775904,0.7882281810052858,0.7486865518958485,0.5115570908960937,0.07381334148374209,0.7901553524090628,0.7452721578071455,0.5022844196989944,0.08164761695150217
2021,31.2696,-4.6054,2,2185,365,0.7239363048234277,0.8548119743690061,0.6009182086174012,0.09620906958289611,0.6958690491657237,0.8972144483728524,0.5667966263503267,-0.0010473331851734275,0.78387229139247,0.756347147528133,0.5095612597757463,0.09591198781642636,0.7780159608937463,0.7665258818829996,0.5266654165371736,0.10143918410365735,0.7826717702330658,0.7584448732708995,0.5139813437628213,0.08671599051704691,0.7818421776959433,0.7598910749440102,0.512710819727743,0.09544099617775904,0.7882281810052858,0.7486865518958485,0.5115570908960937,0.07381334148374209,0.7901553524090628,0.7452721578071455,0.5022844196989944,0.08164761695150217
2021,31.2696,-5.1054,2,2185,365,0.637622136507066,1.0102186710187468,0.7398141039010737,0.045673000344731915,0.6382191570468969,1.0093861561581805,0.6340178120406985,-0.0009838145459551502,0.7514802235717978,0.8365945633978987,0.5795607600000464,0.05154517051668328,0.7261604334988083,0.8781782167049819,0.6151738677333579,0.07210087428469836,0.7409384063326525,0.8541537999177873,0.6016013267793264,0.04433034887664386,0.7436679865357543,0.8496420249355455,0.5984667232797067,0.05941277558688657,0.7441463303834901,0.8488488918156021,0.5948135032874781,0.029646698265440946,0.7435307200156418,0.8498694873448074,0.5953559389508557,0.0508825814592841
2021,31.2696,-5.6054,3,2185,365,0.637622136507066,1.0102186710187468,0.7398141039010737,0.045673000344731915,0.6382191570468969,1.0093861561581805,0.6340178120406985,-0.0009838145459551502,0.7557032225520376,0.8294561469243613,0.5740700511614004,0.04557991395802794,0.732831325781419,0.8674157999545143,0.6088608676292083,0.06387164366513916,0.7453432351834222,0.8468610713457393,0.5972306231761251,0.0453156661120598,0.755439286900905,0.8299040937861567,0.5895340574744039,0.0450007029412612,0.7431008466360207,0.8505814309157042,0.5915639886406826,0.03893788922003716,0.7418368612819377,0.8526713624245114,0.5932598791945423,0.053022114367129336
2021,31.2696,-6.1054,3,2185,365,0.5974074245841949,1.1162557220604665,0.8218998004554563,0.0647380555492807,0.6067976707760991,1.1031608946043865,0.707643210439538,-0.0012658223691469899,0.7438553559895658,0.8903760244610215,0.6253431827771034,0.06572666560819837,0.7118173624812452,0.9444190166170399,0.6707018651400279,0.08275854866151337,0.7300976373952869,0.9139746715413187,0.6386838294561353,0.06719734557213154,0.7366596948305524,0.9027957058801039,0.6358211168754809,0.0756845812407608,0.7249001858462809,0.922732815672676,0.6436029019539217,0.07581228907362313,0.7275772641433045,0.9182321455186965,0.6409786685774296,0.09317554153339058
2021,31.2696,-6.6054,6,2185,365,0.5974074245841949,1.1162557220604665,0.8218998004554563,0.0647380555492807,0.6067976707760991,1.1031608946043865,0.707643210439538,-0.0012658223691469899,0.7548591265320652,0.8710411690241697,0.6229795360071081,0.04917689409559506,0.7255729580529335,0.9216038272672358,0.6590341237799412,0.0734364891067715,0.7505664509768097,0.8786344968219845,0.6132749503840943,0.05438547456213203,0.7436229349608927,0.8907798884373926,0.6231293693823539,0.08437766960120421,0.7383002400009222,0.8999792151920538,0.6275528675436345,0.04896177417227925,0.7313563004938779,0.9118410657151929,0.638412748617728,0.07710262394774527
2021,31.2696,-7.1054,5,2185,365,0.6327044851886565,1.069443277891644,0.8167001500814923,0.01536376294501614,0.6331424075021277,1.0688055451453455,0.7066367011826737,-0.0010012846012896395,0.7638933002037579,0.8574407072431123,0.6220950650893977,0.0028320097849312614,0.7482170629796072,0.8854480587015434,0.6523826540189215,0.02055808040855146,0.756357055359552,0.8710174631777458,0.6279353078379796,-0.009896007574354831,0.741535320292612,0.8971200111348318,0.6418950903300024,0.03381630094373879,0.7576797128554222,0.8686500119621726,0.6270769844730529,-0.002462456433198658,0.7412361954943764,0.8976389858086146,0.6435673407979409,0.03799225799997427
2021,31.2696,-7.6054,6,2185,365,0.6327044851886565,1.069443277891644,0.8167001500814923,0.01536376294501614,0.6331424075021277,1.0688055451453455,0.7066367011826737,-0.0010012846012896395,0.7723410845163166,0.8419615788039034,0.6068089597846548,-0.0014461141157308252,0.755340952039741,0.8728318454829563,0.6422115146255504,0.02387419135521613,0.7621293671207744,0.860637680591792,0.6207188478610906,-0.007337477928818578,0.7473030290245017,0.8870537997707815,0.6310385232923885,0.04305537908749722,0.7624100765181457,0.8601297145637584,0.6167963631401986,0.008312558669644672,0.7457108357824265,0.8898439861546987,0.6343698688696915,0.04538216334983878
2021,31.2696,-8.1054,6,2185,365,0.7087742745510959,0.9663548010736508,0.7384161360099778,0.004761261577006094,0.7117343197965322,0.9614311982829493,0.628173045869635,-0.001083725158252867,0.8174365906116335,0.7651183354375716,0.5462863831909044,0.0005745633147547786,0.8071133971055784,0.7864529991829912,0.5729629942857966,0.020151779343028833,0.8092954415994535,0.7819919418393207,0.5643590160918572,-0.008533740184542815,0.7937976746160462,0.813145981477125,0.5846562482587707,0.021033731881265567,0.814868643318766,0.7704806436486346,0.5546315358481122,0.0034660739872254174,0.7978102034203789,0.8051955359042966,0.5722003632204673,0.03379350057561829
2021,31.2696,-8.6054,7,2185,365,0.7087742745510959,0.9663548010736508,0.7384161360099778,0.004761261577006094,0.7117343197965322,0.9614311982829493,0.628173045869635,-0.001083725158252867,0.8239479506731117,0.7513499869364811,0.5411020253755154,0.005310900412169996,0.8126454845130231,0.7750930149441935,0.5600683597279538,0.033688079022856574,0.8222633575853292,0.7549361581036101,0.5447444828791264,0.0032228136507420255,0.8118271216038632,0.7767839702416945,0.5549871937102527,0.02680522945954319,0.818761009481197,0.7623379817726845,0.5511170039314591,0.013996437360547018,0.8076938900294285,0.7852686909044198,0.5576065218427388,0.02820720828141487
2021,31.2696,-9.1054,10,2185,365,0.7717419579587929,0.8602846348930359,0.6593840679665784,-0.01656016582725027,0.7711505510803096,0.8613983943832225,0.5663554388351029,-0.0009277316109422855,0.8576548807561377,0.6793606886513276,0.5038717229293447,-0.0015480814911934062,0.8537053992344203,0.6887209145099529,0.5078741509268607,0.015611645698668727,0.8599523747019286,0.6738558407174571,0.49527173973728783,0.01686149750940918,0.858707242518432,0.6768447629095805,0.4987314700525456,0.03144562107252488,0.855692043952946,0.6840285995727794,0.5067649080509694,0.010709957941361498,0.8548841283263167,0.6859407119577019,0.5058623889333891,0.02810002498353734
2021,31.2696,-9.6054,10,2185,365,0.7717419579587929,0.8602846348930359,0.6593840679665784,-0.01656016582725027,0.7711505510803096,0.8613983943832225,0.5663554388351029,-0.0009277316109422855,0.8576548807561377,0.6793606886513276,0.5038717229293447,-0.0015480814911934062,0.8537053992344203,0.6887209145099529,0.5078741509268607,0.015611645698668727,0.8599523747019286,0.6738558407174571,0.49527173973728783,0.01686149750940918,0.858707242518432,0.6768447629095805,0.4987314700525456,0.03144562107252488,0.855692043952946,0.6840285995727794,0.5067649080509694,0.010709957941361498,0.8548841283263167,0.6859407119577019,0.5058623889333891,0.02810002498353734
2021,31.7696,-3.1054,2,2185,365,0.7580119797267685,0.802564817480613,0.5740431240003345,0.10012064380657966,0.720716517061066,0.8621956155855457,0.5671376540117937,-0.002279449679752701,0.806507465709254,0.7176542986155421,0.5016257688566557,0.08400215502928485,0.8049509076421016,0.7205351151906095,0.5087856004745842,0.09553618266647658,0.8064494353370187,0.7177619064470544,0.5071873839689285,0.07024076350241538,0.8085899075845444,0.7137820143971436,0.4988680451488104,0.08190055439313648,0.8064494353370187,0.7177619064470544,0.5071873839689285,0.07024076350241538,0.8085899075845444,0.7137820143971436,0.4988680451488104,0.08190055439313648
2021,31.7696,-3.6054,1,2185,365,0.7580119797267685,0.802564817480613,0.5740431240003345,0.10012064380657966,0.720716517061066,0.8621956155855457,0.5671376540117937,-0.002279449679752701,0.8046775642779804,0.7210398202759565,0.5006341739999838,0.08941174831024629,0.8021792747188187,0.7256364316658555,0.5145177311338478,0.09219992018611643,0.8050489371732088,0.7203540259176523,0.5106760352659293,0.07823283962359348,0.80540462177942,0.7196965896162323,0.5083747091922797,0.08545104658159322,0.8050489371732088,0.7203540259176523,0.5106760352659293,0.07823283962359348,0.80540462177942,0.7196965896162323,0.5083747091922797,0.08545104658159322
2021,31.7696,-4.1054,2,2185,365,0.7239363048234277,0.8548119743690061,0.6009182086174012,0.09620906958289611,0.6958690491657237,0.8972144483728524,0.5667966263503267,-0.0010473331851734275,0.7830543915525455,0.7577769319292098,0.5097072583472451,0.09731641455797505,0.7765357587105328,0.7690772548371839,0.5266429173247088,0.10012623375752083,0.7819571090596638,0.7596908831235317,0.5151882657553217,0.08887162018144434,0.7804774546195915,0.7622641828197723,0.5139902923313778,0.09554116430732652,0.7882281810052858,0.7486865518958485,0.5115570908960937,0.07381334148374209,0.7901553524090628,0.7452721578071455,0.5022844196989944,0.08164761695150217
2021,31.7696,-4.6054,2,2185,365,0.7239363048234277,0.8548119743690061,0.6009182086174012,0.09620906958289611,0.6958690491657237,0.8972144483728524,0.5667966263503267,-0.0010473331851734275,0.7830543915525455,0.7577769319292098,0.5097072583472451,0.09731641455797505,0.7765357587105328,0.7690772548371839,0.5266429173247088,0.10012623375752083,0.7819571090596638,0.7596908831235317,0.5151882657553217,0.08887162018144434,0.7804774546195915,0.7622641828197723,0.5139902923313778,0.09554116430732652,0.7882281810052858,0.7486865518958485,0.5115570908960937,0.07381334148374209,0.7901553524090628,0.7452721578071455,0.5022844196989944,0.08164761695150217
2021,31.7696,-5.1054,3,2185,365,0.637622136507066,1.0102186710187468,0.7398141039010737,0.045673000344731915,0.6382191570468969,1.0093861561581805,0.6340178120406985,-0.0009838145459551502,0.7540206579833952,0.8323076350784928,0.5730218015610652,0.04441698937396175,0.7292179866621094,0.8732618092523143,0.6147803318871988,0.0580919871599311,0.7412905031575941,0.8535731521004338,0.6026858880397994,0.04192579361655897,0.7483740628302273,0.8418064781998151,0.5987131234099013,0.037996340491780856,0.7409890416276992,0.8540703208449945,0.5993502728517415,0.039712401590919336,0.7417769890306298,0.8527702309050773,0.5960130600737747,0.055832807644280426
2021,31.7696,-5.6054,3,2185,365,0.637622136507066,1.0102186710187468,0.7398141039010737,0.045673000344731915,0.6382191570468969,1.0093861561581805,0.6340178120406985,-0.0009838145459551502,0.7612388368523724,0.820004817467015,0.5725849971317691,0.0316237930675788,0.7390497622302425,0.8572616767106259,0.6107356807577204,0.048315364900409025,0.747235104362773,0.8437095016288266,0.5959370205674089,0.040587761199511664,0.7582089115594545,0.8251914243670031,0.5877116482583431,0.03711880703260127,0.7439005054427833,0.8492565821383915,0.5960329483491286,0.03851004981437083,0.7433709934553261,0.8501340913571942,0.5952216112905196,0.05427857053607287
2021,31.7696,-6.1054,6,2185,365,0.5974074245841949,1.1162557220604665,0.8218998004554563,0.0647380555492807,0.6067976707760991,1.1031608946043865,0.707643210439538,-0.0012658223691469899,0.7592388476469705,0.8632250289746969,0.6175500381177187,0.03905154652758073,0.7266585090591609,0.9197792270300262,0.6586816495000765,0.05904762771571268,0.7505870230937254,0.8785982632351754,0.6114852542319038,0.05312781422792009,0.7433210264591279,0.8913042233543691,0.6209718354121794,0.0815268066280672,0.7427835289730025,0.8922369511787039,0.6282880190713284,0.04823573296696683,0.7420463502262281,0.8935146056033303,0.6297415154054364,0.07924489468555121
2021,31.7696,-6.6054,6,2185,365,0.5974074245841949,1.1162557220604665,0.8218998004554563,0.0647380555492807,0.6067976707760991,1.1031608946043865,0.707643210439538,-0.0012658223691469899,0.7707651508463367,0.8423084124121314,0.6029464226602702,0.04129934945792257,0.7364737490861988,0.9031143836386473,0.6464576588798183,0.06535748954543377,0.7508780404997439,0.8780855352712416,0.6094480916768904,0.060721662909295517,0.7406213004922031,0.8959792906766624,0.6200729974840432,0.1044827506846775,0.7496735308991767,0.8802057559979032,0.6181532739270703,0.05754389898372443,0.7375148643304323,0.9013286475928446,0.6295283000314237,0.09603962113896551
2021,31.7696,-7.1054,6,2185,365,0.6327044851886565,1.069443277891644,0.8167001500814923,0.01536376294501614,0.6331424075021277,1.0688055451453455,0.7066367011826737,-0.0010012846012896395,0.7762393657814197,0.834721855264879,0.6021603408825537,-0.004716856145126187,0.7544272514459733,0.874460160027991,0.6439616778186371,0.012641012705725374,0.7595664089301034,0.8652617667443229,0.620274143288137,0.003964981167188889,0.7487019622850166,0.8845950222094819,0.6306142464542179,0.04299817289718517,0.7644699174817124,0.8563930509079524,0.616108454369353,0.008429947094175693,0.7461869420983238,0.8890105671723196,0.6357393224964085,0.04303642194005746
2021,31.7696,-7.6054,4,2185,365,0.6327044851886565,1.069443277891644,0.8167001500814923,0.01536376294501614,0.6331424075021277,1.0688055451453455,0.7066367011826737,-0.0010012846012896395,0.7801782116553806,0.8273424553263508,0.5970880233613118,0.0029609005664765734,0.7578595605312577,0.8683276004846485,0.6366140452438167,0.031016251565354622,0.7646899961549546,0.8559928517224666,0.6126727324366021,0.01682974100641867,0.744699506597172,0.8916117221134872,0.6310090015647586,0.053316065602237846,0.7636400781818837,0.8579003822235237,0.6196563749968532,0.017666574364836582,0.7473181368309583,0.8870272825604976,0.6374610850693642,0.058606591533177745
2021,31.7696,-8.1054,4,2185,365,0.7087742745510959,0.9663548010736508,0.7384161360099778,0.004761261577006094,0.7117343197965322,0.9614311982829493,0.628173045869635,-0.001083725158252867,0.8167016896663646,0.7666567638152917,0.5482487231615867,0.01473909021202099,0.8053926422835832,0.7899532111047832,0.5762103309719159,0.023848821039659938,0.8127746344236115,0.7748258197543433,0.5588725023750521,0.0067496791975967425,0.7952145673570524,0.8103474517753982,0.582560186469352,0.026646304432626094,0.8103574520521896,0.779811493009609,0.5637261179646379,0.008442181524678398,0.7942608434344791,0.8122322294317904,0.5869449111661497,0.032084397217054736
2021,31.7696,-8.6054,6,2185,365,0.7087742745510959,0.9663548010736508,0.7384161360099778,0.004761261577006094,0.7117343197965322,0.9614311982829493,0.628173045869635,-0.001083725158252867,0.8166514371379872,0.7667618488007919,0.5541483136002943,0.005197952945960448,0.8052577110962421,0.7902270210378197,0.5755051507641875,0.03279235102530083,0.8166394356777131,0.7667869433833208,0.5582988297226205,-0.009158531245181388,0.803660427574506,0.7934611387515778,0.5820832521903462,-0.008744044311610213,0.8107672122918791,0.7789685689413547,0.5677119519560151,0.006940789943579328,0.7984727333052345,0.8038752322987299,0.5793862686778799,0.029000738309497107
2021,31.7696,-9.1054,8,2185,365,0.7717419579587929,0.8602846348930359,0.6593840679665784,-0.01656016582725027,0.7711505510803096,0.8613983943832225,0.5663554388351029,-0.0009277316109422855,0.8497243648337984,0.6980289076897773,0.5159505237524111,-0.004348531513189589,0.8441114414101265,0.7109453911131689,0.5204060985405013,0.01821173886243765,0.8478223705581901,0.7024323908383375,0.5125674567185832,0.011753308127366363,0.8455155958503578,0.7077362547441017,0.5186540813850345,0.027802023532269488,0.8489673266685877,0.6997849164902988,0.5124677368387158,0.01446398849173664,0.8480667305210183,0.7018681971575298,0.5170738843595576,0.033744478784297226
2021,31.7696,-9.6054,8,2185,365,0.7717419579587929,0.8602846348930359,0.6593840679665784,-0.01656016582725027,0.7711505510803096,0.8613983943832225,0.5663554388351029,-0.0009277316109422855,0.8497243648337984,0.6980289076897773,0.5159505237524111,-0.004348531513189589,0.8441114414101265,0.7109453911131689,0.5204060985405013,0.01821173886243765,0.8478223705581901,0.7024323908383375,0.5125674567185832,0.011753308127366363,0.8455155958503578,0.7077362547441017,0.5186540813850345,0.027802023532269488,0.8489673266685877,0.6997849164902988,0.5124677368387158,0.01446398849173664,0.8480667305210183,0.7018681971575298,0.5170738843595576,0.033744478784297226
2021,32.2696,-1.6054,6,2185,365,0.703528974382025,0.9414780971408088,0.6750915794295268,0.08271739190633881,0.7002672979154962,0.9466428465725977,0.6514370294723675,-0.0010668739027494042,0.7635851964430298,0.8407297713335875,0.5895741958274583,0.07945042080228538,0.7724578098448478,0.8248026735058693,0.5808355164809557,0.07775168709507851,0.776350326620054,0.817717377495003,0.5753130970672601,0.05006238709139455,0.7787860669087224,0.813252358989798,0.5704976060254829,0.0591117709688559,0.7749072385543251,0.8203512753079818,0.5797421500704436,0.05457585871105138,0.7721347143919994,0.8253880494761758,0.5772795818255982,0.05677959123641103
2021,32.2696,-2.1054,3,2185,365,0.7019034222325236,0.956251763174472,0.6869686834308985,0.09323625476406239,0.6821425481734528,0.9874382641838477,0.6433181063997487,-0.0010371035358323255,0.7703668095013765,0.8392881354183158,0.5792583497347842,0.0824826752903504,0.7699654301446447,0.8400213174408127,0.5825818496417073,0.09429485077165597,0.770106191430725,0.8397642678696663,0.582984817604458,0.06733983421914218,0.7713677849902386,0.8374569010895295,0.5825795440236176,0.06908250235221577,0.7749600364739253,0.8308518250903657,0.5780312951390653,0.06334913604856571,0.7755392265425085,0.8297819458801795,0.5747029189863823,0.07711310322007257
2021,32.2696,-2.6054,4,2185,365,0.7019034222325236,0.956251763174472,0.6869686834308985,0.09323625476406239,0.6821425481734528,0.9874382641838477,0.6433181063997487,-0.0010371035358323255,0.7677716311864367,0.8440173798902775,0.5825671245610404,0.08899926453552004,0.7646197441661731,0.8497257300794155,0.5913264762268389,0.09554078810155633,0.7728951047753083,0.8346550042181785,0.577134085340815,0.06809411605469017,0.775132195927809,0.8305339562960451,0.577058318585248,0.07255947359757862,0.7723877952240306,0.8355867152104359,0.5819210510323918,0.06729138990012022,0.7694743097520974,0.8409175558546519,0.5801928894910102,0.07813066842616179
2021,32.2696,-3.1054,4,2185,365,0.6860522066890316,0.9766050461742488,0.717856282353619,0.09369300130817663,0.6678201171509727,1.0045623804526733,0.6489981735242267,-0.00045848774362832904,0.7701367649084343,0.8356511282980841,0.5962202231771534,0.08700566685850832,0.7578452935124327,0.8577025549070221,0.6227765869448219,0.09275322216844036,0.7691150803806732,0.8375061992712097,0.6055562008695881,0.07240294718626115,0.7713013130372232,0.8335316252463459,0.6025395291640301,0.0813537641838076,0.7667002112778009,0.8418746244162418,0.6068289388128338,0.07153130175071448,0.7701663958106542,0.8355972660636958,0.5988737817895265,0.07746165475625628
2021,32.2696,-3.6054,5,2185,365,0.6860522066890316,0.9766050461742488,0.717856282353619,0.09369300130817663,0.6678201171509727,1.0045623804526733,0.6489981735242267,-0.00045848774362832904,0.7701019027068996,0.835714495398785,0.5980870301985803,0.08020757420876312,0.7572741805857098,0.8587133891444276,0.6240898149178232,0.08741439285369862,0.7670905207976987,0.8411701033567452,0.6056290645087654,0.07173827621438246,0.7680328133453049,0.8394667986192362,0.6044433944710411,0.08063418589510192,0.764768743710138,0.8453523427514246,0.6074573859551416,0.07881824559317534,0.7681339838455445,0.8392837155300079,0.6029025798834562,0.08506795321761326
2021,32.2696,-4.1054,6,2185,365,0.6602128932451732,1.0077023412672712,0.7563755077274918,0.05568206611545942,0.6655231845194429,0.9997970009395818,0.655892813780817,-0.0005976044491511017,0.7790832219896789,0.8125370445612456,0.5915122500445944,0.060410456205480106,0.7566874054931281,0.8527291605897193,0.6290978018629402,0.06874290034563724,0.7719741657699304,0.8255071638335226,0.6057661215829443,0.05358060851409304,0.7729791858499817,0.8236859503131362,0.5993976464368012,0.06609012275793441,0.764214398796446,0.8394357479845713,0.6123163542636402,0.0593042891485851,0.7633447055312277,0.8409824490006901,0.6068124220401873,0.07276741352032558
2021,32.2696,-4.6054,6,2185,365,0.6602128932451732,1.0077023412672712,0.7563755077274918,0.05568206611545942,0.6655231845194429,0.9997970009395818,0.655892813780817,-0.0005976044491511017,0.7790832219896789,0.8125370445612456,0.5915122500445944,0.060410456205480106,0.7566874054931281,0.8527291605897193,0.6290978018629402,0.06874290034563724,0.7719741657699304,0.8255071638335226,0.6057661215829443,0.05358060851409304,0.7729791858499817,0.8236859503131362,0.5993976464368012,0.06609012275793441,0.764214398796446,0.8394357479845713,0.6123163542636402,0.0593042891485851,0.7633447055312277,0.8409824490006901,0.6068124220401873,0.07276741352032558
2021,32.2696,-5.1054,6,2185,365,0.6274796186735394,1.1312388697969435,0.8495137475968065,0.024742162259074264,0.6051975867634165,1.1645796559086998,0.7554932675797191,-0.00047820611530706837,0.7534118884056681,0.9203761734111744,0.659699758230487,0.025002672053767754,0.7324349415656668,0.958724881766532,0.6951349561856355,0.032395548560318316,0.7409606669406237,0.9433267641037192,0.6697268899818909,0.017640859719763043,0.7438033960902726,0.9381363935545757,0.6629168881681734,0.027872028803442486,0.7333097789008323,0.9571562632211142,0.6849105668577438,0.02709777004591507,0.7422776960570222,0.9409256383923074,0.6605798337837177,0.03988724495157465
2021,32.2696,-5.6054,8,2185,365,0.6274796186735394,1.1312388697969435,0.8495137475968065,0.024742162259074264,0.6051975867634165,1.1645796559086998,0.7554932675797191,-0.00047820611530706837,0.767395115481679,0.8938995424379786,0.6433711949048574,0.014809256959590239,0.7451631913868217,0.9356434435273829,0.6824054969775093,0.026747254572810505,0.7586200201031577,0.9106047747597135,0.6540512541672464,0.011546526797290537,0.7597960177428813,0.908383843749651,0.6420935942461782,0.037507767827564466,0.7508021316374383,0.9252337395001194,0.6568257182497088,0.015051965983235249,0.7553681327571075,0.916718118226977,0.6456146745357831,0.031298835245971116
2021,32.2696,-6.1054,5,2185,365,0.679489048922084,1.053331951897813,0.7708899590552576,0.04666462991919387,0.631363996218921,1.1296468525049104,0.7257876072908144,-0.0008465124469371172,0.7937826099527762,0.844902246538448,0.5845576862843136,0.03169774713972461,0.7748000743318854,0.8829333948752873,0.6191836430292605,0.0329524910711336,0.7865994072934145,0.8594915919825745,0.5920848566071052,0.03851973984030422,0.7787646013436945,0.8751270953493492,0.5974614171759519,0.07658517027330008,0.7787895121239343,0.875077824950973,0.5958267812448005,0.03052498975541595,0.7652813537309706,0.9014001328546958,0.6170803123832417,0.05450988503147333
2021,32.2696,-6.6054,3,2185,365,0.679489048922084,1.053331951897813,0.7708899590552576,0.04666462991919387,0.631363996218921,1.1296468525049104,0.7257876072908144,-0.0008465124469371172,0.7942611390858788,0.8439213759062638,0.5839069855218202,0.024373993186997043,0.7785137781153801,0.8756230377375408,0.61682912296762,0.031209356637029676,0.7816402882125233,0.8694209042116114,0.600583139071186,0.037353880728490725,0.7683762576093238,0.8954376666032913,0.6161888700602961,0.0642579388066146,0.7786278731090224,0.8753974772638656,0.6054065318041343,0.030528406407722166,0.7668954262318011,0.8982954901870749,0.6207560742153796,0.06707466301571018
2021,32.2696,-7.1054,3,2185,365,0.7369154912847881,0.9549597450418389,0.7005110247726748,0.030273665079086097,0.7306657706693567,0.9662359730009041,0.6193962467905284,-0.0006015223800916387,0.8307646047227917,0.7659193241073584,0.523112748253736,0.006620405047268366,0.821315067437309,0.7870120702979075,0.549562072023784,0.014326958716583687,0.8241644187272997,0.7807119151216471,0.5397859376642167,0.014188054609369555,0.8105354099953638,0.8104037724975626,0.5614465386189318,0.03776123130124599,0.8237637095159267,0.781600985540644,0.5413757294490632,0.012884082899965706,0.8099674590261671,0.8116175222298201,0.5643777191296935,0.028733649669842265
2021,32.2696,-7.6054,3,2185,365,0.7369154912847881,0.9549597450418389,0.7005110247726748,0.030273665079086097,0.7306657706693567,0.9662359730009041,0.6193962467905284,-0.0006015223800916387,0.8348920264526076,0.7565218055542161,0.5192739968214319,0.011108796346029843,0.8226130084481359,0.7841484908313795,0.5437300614437334,0.020485615984501587,0.826691210484622,0.7750821250386304,0.5343527910077681,0.016714810878338433,0.8134360419275426,0.8041763565555855,0.5567022430390149,0.03893398029603519,0.8248189120376667,0.7792575817851107,0.5394053584319904,0.012523534187542385,0.8092315073286986,0.8131876062149896,0.5636062684042293,0.04539877182983289
2021,32.2696,-8.1054,4,2185,365,0.7670133385806036,0.8984380087382564,0.6710821467341538,0.000534764235669919,0.7550515879006814,0.9212126685064846,0.5885982867171914,-0.0010371177818250471,0.8377696269834145,0.7497020025471665,0.5398411241526305,-0.037139988931621314,0.8344298845833061,0.757379530336489,0.5502076089676552,-0.013492256444662294,0.8382486140776952,0.7485944324014544,0.5338630473563135,-0.007127784986966013,0.8320821617775551,0.7627303094544026,0.550410296782285,0.008465352301018409,0.8379724540417153,0.7492332018948953,0.5340296187402479,-0.005869524541539296,0.833890287232463,0.7586126863136632,0.5499382265019862,0.007848825341594342
2021,32.2696,-8.6054,7,2185,365,0.7670133385806036,0.8984380087382564,0.6710821467341538,0.000534764235669919,0.7550515879006814,0.9212126685064846,0.5885982867171914,-0.0010371177818250471,0.8372024730928549,0.7510113302285535,0.5359709165931302,-0.04226107824093677,0.8342447740173282,0.7578027944888939,0.5452685058516288,-0.0034953417749605314,0.8384810828518454,0.7480562997571758,0.536022710778851,-0.026882936727255603,0.8373375557269673,0.7506996865449658,0.5450657334397191,-0.016701195694246995,0.8405387317321658,0.7432761447803601,0.5340210310326412,-0.018475282576435048,0.8371437864951929,0.75114668341623,0.5452290121534865,-0.001031620826678414
2021,32.2696,-9.1054,6,2185,365,0.7628369589983304,0.8661156484141515,0.6651097206425424,-0.035264685967626455,0.7043096010066355,0.9670991279243437,0.682071934402881,-0.001214208507878129,0.8162209536651195,0.7624307026875582,0.5637480511448091,-0.033172551866705334,0.8161155200055378,0.7626493737895427,0.5690260473107043,-0.0190445615306303,0.8146719349434672,0.7656371108005556,0.5618759312925516,-0.0318685179618063,0.8145564554772802,0.7658756110946757,0.5728708368679863,-0.028179974133339773,0.8125098004326461,0.770090322348229,0.5674338253519344,-0.039154587063354486,0.8133107292680366,0.7684437091861487,0.5718037961141965,-0.031282926341583465
2021,32.7696,-1.6054,7,2185,365,0.703528974382025,0.9414780971408088,0.6750915794295268,0.08271739190633881,0.7002672979154962,0.9466428465725977,0.6514370294723675,-0.0010668739027494042,0.7670597867880726,0.8345287968149555,0.587483210516146,0.06150445640067795,0.7721515711468332,0.8253575191097756,0.5848621411801109,0.05661125490695,0.7772277899424541,0.8161116917958658,0.5709081550483351,0.05512283378179076,0.7797453321533315,0.8114871621099992,0.5662161564633968,0.05412549414870614,0.7792062343164331,0.812479657786487,0.5762009491369574,0.027933781413749696,0.7750350278585874,0.8201183779881064,0.5803365918789567,0.034347438578589455
2021,32.7696,-2.1054,5,2185,365,0.7019034222325236,0.956251763174472,0.6869686834308985,0.09323625476406239,0.6821425481734528,0.9874382641838477,0.6433181063997487,-0.0010371035358323255,0.7726335636463664,0.8351354733835825,0.5808451093585971,0.06052023135290285,0.7691626984110058,0.8414857158597034,0.5893385199861435,0.06876917131650608,0.7796101570096797,0.8222228493984902,0.5693153566461758,0.05702500283343181,0.7800096445717789,0.8214773141671027,0.5733190176178455,0.06712659444304338,0.7763137506047934,0.8283490864874907,0.5795441732619598,0.04166266845954602,0.7754808447806495,0.8298898511091629,0.5791153116183696,0.05448349107130032
2021,32.7696,-2.6054,6,2185,365,0.7019034222325236,0.956251763174472,0.6869686834308985,0.09323625476406239,0.6821425481734528,0.9874382641838477,0.6433181063997487,-0.0010371035358323255,0.7736899466612924,0.8331931241295973,0.5763516489957113,0.07259413249198139,0.7661219104383478,0.8470099705230356,0.5914922901045265,0.07432969161063391,0.7772253074158058,0.8266595367271566,0.5718577394307316,0.06041907557315815,0.7777623737180535,0.8256624780390039,0.5764385602117833,0.06916478794517167,0.7759587470147019,0.8290061459119239,0.5766883924335285,0.051554345219137106,0.7730726914845929,0.8343286074159978,0.582147763066758,0.056932594674307495
2021,32.7696,-3.1054,5,2185,365,0.6860522066890316,0.9766050461742488,0.717856282353619,0.09369300130817663,0.6678201171509727,1.0045623804526733,0.6489981735242267,-0.00045848774362832904,0.7764692072507267,0.8240601742043718,0.5952795204840954,0.06177219282353645,0.763283811344612,0.8480163514573861,0.6211460559101692,0.06673526355659361,0.7718570471980783,0.8325182749897261,0.6022808945991849,0.03951782312473739,0.7729244361241171,0.8305684830069091,0.6011236264434309,0.05643592041809194,0.77206456998356,0.8321395523182606,0.603633394735807,0.042060070688429554,0.7728819223320096,0.8306462301731582,0.5987707847359596,0.05948880098570028
2021,32.7696,-3.6054,4,2185,365,0.6860522066890316,0.9766050461742488,0.717856282353619,0.09369300130817663,0.6678201171509727,1.0045623804526733,0.6489981735242267,-0.00045848774362832904,0.7746135808684014,0.827473545926585,0.5989755288445983,0.05655211848069844,0.7625126148130984,0.8493966023879075,0.6221517422394727,0.06691283015497759,0.7723088461797868,0.8316935348323302,0.6012085913807882,0.0616675694115896,0.7713593223116211,0.8334259061625404,0.5999876887270346,0.07304917068820918,0.7658751326318427,0.8433619805078413,0.6086273546954709,0.06842205228109066,0.769784582502181,0.8362910500836779,0.6002370299240682,0.08120408201592341
2021,32.7696,-4.1054,5,2185,365,0.6602128932451732,1.0077023412672712,0.7563755077274918,0.05568206611545942,0.6655231845194429,0.9997970009395818,0.655892813780817,-0.0005976044491511017,0.7835986408094511,0.8041902657715132,0.5888417262932335,0.040104855735817256,0.7646572773589505,0.8386470169645144,0.622570542295582,0.05255763190767225,0.7784575440983741,0.8136868599272997,0.5965511582410756,0.040507026273470165,0.7778235355470426,0.8148503296194474,0.5921387073849268,0.047636055812422196,0.7701528703529537,0.8287973659356774,0.6061628690306465,0.04080317061805874,0.7683991026681576,0.8319532807560068,0.6035686679292493,0.05388550457287846
2021,32.7696,-4.6054,5,2185,365,0.6602128932451732,1.0077023412672712,0.7563755077274918,0.05568206611545942,0.6655231845194429,0.9997970009395818,0.655892813780817,-0.0005976044491511017,0.7835986408094511,0.8041902657715132,0.5888417262932335,0.040104855735817256,0.7646572773589505,0.8386470169645144,0.622570542295582,0.05255763190767225,0.7784575440983741,0.8136868599272997,0.5965511582410756,0.040507026273470165,0.7778235355470426,0.8148503296194474,0.5921387073849268,0.047636055812422196,0.7701528703529537,0.8287973659356774,0.6061628690306465,0.04080317061805874,0.7683991026681576,0.8319532807560068,0.6035686679292493,0.05388550457287846
2021,32.7696,-5.1054,6,2185,365,0.6274796186735394,1.1312388697969435,0.8495137475968065,0.024742162259074264,0.6051975867634165,1.1645796559086998,0.7554932675797191,-0.00047820611530706837,0.7620805030278484,0.9040538838855484,0.6496656483136123,0.007305766378481763,0.7434535358528154,0.9387767311708619,0.6847764639726609,0.02019590655998039,0.7517281352991847,0.9235130842545883,0.6565885133234237,0.00222124174464017,0.7552798698435526,0.9168834787664515,0.6480594266186339,0.023244977237355254,0.745028429753098,0.9358908021697516,0.6717269847931994,-0.009914084850151463,0.7479673607355593,0.9304813942716483,0.6608864741971333,0.011220622487747339
2021,32.7696,-5.6054,7,2185,365,0.6274796186735394,1.1312388697969435,0.8495137475968065,0.024742162259074264,0.6051975867634165,1.1645796559086998,0.7554932675797191,-0.00047820611530706837,0.7716642499469841,0.8856584213519633,0.6370596936389112,0.013258542864542212,0.7515632956606552,0.9238196157721429,0.6708794372465272,0.023726788484510517,0.7653159497279535,0.8978857668210312,0.6433361548323474,0.00281167943550642,0.7657018994446483,0.8971471538873818,0.6362613842103222,0.019240154917993024,0.7545320718877172,0.9182832831154613,0.6537027715044453,0.012809210266207073,0.7531449987516754,0.9208741139794644,0.6493704672348136,0.0358869053445972
2021,32.7696,-6.1054,4,2185,365,0.679489048922084,1.053331951897813,0.7708899590552576,0.04666462991919387,0.631363996218921,1.1296468525049104,0.7257876072908144,-0.0008465124469371172,0.7946136379501122,0.8431981074496132,0.5816007266326313,0.03958919218906601,0.7791137296573324,0.8744363101431322,0.6100262094293077,0.04260979174330289,0.7797107998385866,0.8732536808637575,0.6035925365575343,0.03474136069589177,0.7673631817676697,0.8973937625170791,0.617905606091022,0.05927254760638402,0.7816950530203215,0.8693118716110302,0.5971162844510093,0.028978711329780575,0.7674682282175295,0.8971911319240179,0.618767975568605,0.048999129183469846
2021,32.7696,-6.6054,4,2185,365,0.679489048922084,1.053331951897813,0.7708899590552576,0.04666462991919387,0.631363996218921,1.1296468525049104,0.7257876072908144,-0.0008465124469371172,0.7972399153098235,0.8377897716149613,0.5750361887202677,0.026159951751054896,0.7844924279386172,0.8637242020198289,0.6061747910185021,0.027125161910846445,0.7835263379314198,0.8656580139942787,0.5978441326542984,0.035633577325613036,0.7718195546002353,0.8887569985944972,0.6123303817637162,0.05931164426695845,0.7844904936916486,0.8637280781067683,0.5942303969560064,0.03124630935307471,0.771035790878117,0.890282059956562,0.6096786478813201,0.06683961535618045
2021,32.7696,-7.1054,3,2185,365,0.7369154912847881,0.9549597450418389,0.7005110247726748,0.030273665079086097,0.7306657706693567,0.9662359730009041,0.6193962467905284,-0.0006015223800916387,0.8326684175297806,0.7615990365078821,0.5175134554297031,0.006176663408796579,0.8251913644414042,0.7784287514733076,0.5417961973002263,0.011241326291366547,0.8252914203625442,0.7782059433901969,0.5375904965851886,0.013924341397831313,0.8117829939588548,0.8077311975461706,0.5587601884042044,0.03858874021116116,0.8254275077226921,0.7779027967904825,0.5365492952243247,0.019368383677925465,0.8135510915164256,0.803928360028506,0.5607578035383206,0.030321612386094314
2021,32.7696,-7.6054,4,2185,365,0.7369154912847881,0.9549597450418389,0.7005110247726748,0.030273665079086097,0.7306657706693567,0.9662359730009041,0.6193962467905284,-0.0006015223800916387,0.8337168671422794,0.7592093114943851,0.5193263068329576,-0.003224062461235112,0.8233570549319598,0.7825022144642633,0.5435244594354146,0.009140658655239725,0.8276105301356311,0.7730236729643967,0.5328647989527574,0.013690784103081667,0.8158826808103707,0.7988858855076199,0.5540893836270452,0.03777564002319409,0.8278714491009448,0.7724384489538927,0.537740842682413,0.004646566495681193,0.8134889911660164,0.8040622306875147,0.5584490298623256,0.03346044699361151
2021,32.7696,-8.1054,5,2185,365,0.7670133385806036,0.8984380087382564,0.6710821467341538,0.000534764235669919,0.7550515879006814,0.9212126685064846,0.5885982867171914,-0.0010371177818250471,0.8378046476618486,0.7496210790759992,0.5355362263164699,-0.04128252881092588,0.8339935308933201,0.7583768959934513,0.5490196095767482,-0.01684325758370433,0.8362250588085612,0.7532624415565276,0.5351361714832128,-0.005562196727830679,0.8319226156401003,0.7630925752621548,0.5491029006979145,0.007296957975228925,0.8381069842303954,0.7489220961062905,0.5343647166000992,-0.00276657504534333,0.8365736851024274,0.7524602828358489,0.5467313635444913,0.009275377382798706
2021,32.7696,-8.6054,6,2185,365,0.7670133385806036,0.8984380087382564,0.6710821467341538,0.000534764235669919,0.7550515879006814,0.9212126685064846,0.5885982867171914,-0.0010371177818250471,0.8365130853546265,0.7525997789661849,0.538440932952972,-0.03942040264456138,0.8346330667751275,0.7569146720721073,0.5480763711686616,-0.016113041198303767,0.8390329603833218,0.7467772275623654,0.5403582463622656,-0.033511818785681304,0.8331571125149203,0.7602850245823795,0.5575564457428337,-0.01083659418812253,0.8406768520398389,0.7429541738996124,0.5344165448311865,-0.01277540899548629,0.8354916195026405,0.7549472387551746,0.5491869590006948,-0.000654158934901923
2021,33.2696,-2.1054,3,2185,365,0.7007993003690365,0.9870791880943077,0.7321121814758634,0.08506800283883278,0.6839571657545116,1.0144804139831087,0.6652220629305906,-0.0014806893863078727,0.7877236551521694,0.8314219641417929,0.6098564594493935,0.04607128808867014,0.7805598556592651,0.8453347707439094,0.615636250092001,0.04632362602326685,0.7909270100673551,0.8251248330349302,0.5968098106003396,0.05073779105963191,0.7909804527703358,0.8250193681450548,0.6006061700012609,0.05580915890209174,0.7920682952872193,0.8228696602469232,0.6007096270446052,0.019787396853775015,0.788972647282541,0.8289723942319353,0.6049974893085189,0.039060465681613095
2021,33.2696,-2.6054,5,2185,365,0.7007993003690365,0.9870791880943077,0.7321121814758634,0.08506800283883278,0.6839571657545116,1.0144804139831087,0.6652220629305906,-0.0014806893863078727,0.7894718142814654,0.8279913824194606,0.6081405030389685,0.05665192843913391,0.7809432286902334,0.8445960266471955,0.6148220123901491,0.052476153419871746,0.7973533772869548,0.812344749782524,0.5927960273044468,0.04392814941997848,0.7930875148233454,0.8208504513263011,0.6001298522781685,0.05332605783855187,0.7918714226828225,0.8232591202510705,0.5986353008379077,0.022007299409536114,0.7843156718940583,0.8380694077128411,0.6099806665759646,0.031665983091334726
2021,33.2696,-3.1054,6,2185,365,0.6702235667319967,1.0486796667538092,0.7714581344275109,0.10724153875154122,0.6380081781320115,1.0987083336754773,0.7044181308929671,-0.0007955106344718816,0.7795546129157103,0.8574001335982157,0.6190124170682252,0.06442175925683133,0.7645574009835403,0.8860853591391726,0.6417285665059489,0.06411242106165127,0.7797324136854812,0.8570542947553612,0.6125589951724054,0.05992677771163825,0.7742451236050142,0.8676640609159793,0.6215198855989108,0.07191019957539646,0.7736238675280066,0.868857105426866,0.6301485479172851,0.035737096532473575,0.766980688623433,0.8815135581365797,0.6388461114979649,0.055666521592376894
2021,33.2696,-3.6054,6,2185,365,0.6702235667319967,1.0486796667538092,0.7714581344275109,0.10724153875154122,0.6380081781320115,1.0987083336754773,0.7044181308929671,-0.0007955106344718816,0.7766722794707238,0.8629872029490957,0.617472682399394,0.07244694606620444,0.7639977342217213,0.8871378835529228,0.6384765777856901,0.07452206941456356,0.7782062128426567,0.8600183691046945,0.6173752175264681,0.058854342856753346,0.7710848726147109,0.8737159935974423,0.6286271564069382,0.07360975976447383,0.7762337207862678,0.8638341307483959,0.6231241369633334,0.039676119872544165,0.7706848745849059,0.8744790103190775,0.6311320426387771,0.06585123818732361
2021,33.2696,-4.1054,6,2185,365,0.6407705344719845,1.1336832038345315,0.8558174484099301,0.09961750644834945,0.6104314009249936,1.1805862154707774,0.7773296614012586,-0.000744912079388685,0.7729862487892301,0.901222070491432,0.6595854980713303,0.07673574259827169,0.7590148776569933,0.9285405020818158,0.6873295926639135,0.08359872087602307,0.7699278635175942,0.9072725034909888,0.6654606076494992,0.06429301016573918,0.7686134796753373,0.9098604005185063,0.6605503638002054,0.07888190103883601,0.7625317849418148,0.921740096787028,0.6721709133364806,0.06737321217600653,0.7650586787636182,0.916822873187302,0.6640630001938488,0.07689484245522267
2021,33.2696,-4.6054,6,2185,365,0.6407705344719845,1.1336832038345315,0.8558174484099301,0.09961750644834945,0.6104314009249936,1.1805862154707774,0.7773296614012586,-0.000744912079388685,0.7729862487892301,0.901222070491432,0.6595854980713303,0.07673574259827169,0.7590148776569933,0.9285405020818158,0.6873295926639135,0.08359872087602307,0.7699278635175942,0.9072725034909888,0.6654606076494992,0.06429301016573918,0.7686134796753373,0.9098604005185063,0.6605503638002054,0.07888190103883601,0.7625317849418148,0.921740096787028,0.6721709133364806,0.06737321217600653,0.7650586787636182,0.916822873187302,0.6640630001938488,0.07689484245522267
2021,33.2696,-5.1054,6,2185,365,0.6592161184704464,1.144723902707859,0.8725168566215213,0.03608274561635264,0.6273256886162255,1.1970876698308328,0.7770681323762485,-0.0009242881608076347,0.7919487396295606,0.8944300964314964,0.6471472515112158,0.018097179640752366,0.7806546424988253,0.9183864176129692,0.6866101689873888,0.017386077628166068,0.7862599408346905,0.9065759449788389,0.6630717750833679,-0.009222302714822932,0.7808387587295129,0.9180008946517809,0.6674298186955859,0.014769950894348753,0.7772406633640021,0.925505889305147,0.6816509365578176,-0.01585299719101052,0.7771204565827405,0.9257555692536606,0.684589532379009,0.0012743402876359247
2021,33.2696,-5.6054,5,2185,365,0.6592161184704464,1.144723902707859,0.8725168566215213,0.03608274561635264,0.6273256886162255,1.1970876698308328,0.7770681323762485,-0.0009242881608076347,0.7944956606742759,0.8889385226996867,0.6423610371256786,0.014589243146584932,0.7830632152383259,0.9133302212303018,0.6771924584500573,0.00976179264069371,0.7846194063621572,0.9100484483539155,0.6584618774255343,0.001476398712422145,0.778718079475566,0.9224316476640279,0.6663452031759359,0.02169996839580024,0.7698639001044429,0.9407053265359124,0.687455970629961,0.006134420610720699,0.7655926344843217,0.9493948152351886,0.6937043871295823,0.026541706091960538
2021,33.2696,-6.1054,4,2185,365,0.7108888401483504,1.0402617025844028,0.787587584355147,0.04161023215400579,0.6909343850807637,1.0755621913993434,0.7042637095007664,-0.0013081856168310085,0.8121710464657561,0.8384775743555153,0.6121894513944626,0.0036759214129014647,0.8047893471792549,0.8547949328947768,0.633464111137396,0.0016877310097010054,0.8094783063213032,0.8444664478383721,0.6078506938054851,0.013692950516438514,0.8016035862958999,0.8617416637476422,0.6223691215551761,0.03451324795192842,0.80499977445357,0.8543340956795415,0.6253747008970582,0.0024154740196381387,0.7995352507386823,0.8662219603573252,0.6362178633457756,0.02002510143620075
2021,33.2696,-6.6054,4,2185,365,0.7108888401483504,1.0402617025844028,0.787587584355147,0.04161023215400579,0.6909343850807637,1.0755621913993434,0.7042637095007664,-0.0013081856168310085,0.8096396821046065,0.8441087318709062,0.6158443931568528,-0.013027209031177519,0.8042689298900468,0.8559335848215922,0.6328500478698309,-0.015579204586924253,0.8117352564634062,0.8394497046836955,0.6059078460443209,0.01595513516872763,0.8040185077523292,0.8564809588347158,0.6196703896146185,0.03462172677483509,0.8085559086609143,0.8465081926586118,0.6182098489916189,0.00838716076204859,0.8044824335942932,0.8554666307180305,0.6256993161696931,0.02163353847169548
2021,33.2696,-7.1054,4,2185,365,0.735873854366048,0.9584369668815202,0.7272140588303089,0.03084100151912038,0.697547699131126,1.0256195852362497,0.7316628770719464,-0.002204113824123748,0.8046597171143861,0.8242401490482101,0.6131414828373126,-0.024312363347963772,0.8046732509517636,0.8242115954769872,0.6219384838519666,-0.014578908958507091,0.8030915607966059,0.8275419608264896,0.6172936981263728,-0.005621115757278865,0.7967187316702857,0.8408267891293522,0.6307887976421566,-0.0001593889097662879,0.8058577048331239,0.8217088018150962,0.6154077113470572,-0.004457630640037153,0.8020252169252445,0.8297796831454577,0.621537220233792,-0.006289636228233561
2021,33.2696,-7.6054,4,2185,365,0.735873854366048,0.9584369668815202,0.7272140588303089,0.03084100151912038,0.697547699131126,1.0256195852362497,0.7316628770719464,-0.002204113824123748,0.8089200587763011,0.8152023232626708,0.6032232501199042,-0.02065823881496599,0.8049585433235895,0.8236094577612332,0.6205582474895067,-0.012868264166546607,0.8063178586517284,0.8207344217657682,0.6122291081206492,0.001997941656937867,0.8020189491935442,0.8297928181396742,0.6265974296983572,-0.0118628680771036,0.8035122171139968,0.8266575475641549,0.6207478050035523,-0.007268024336392321,0.7994067239347621,0.8352491547787518,0.6266651715372419,-0.012487315050083742
2021,33.2696,-8.1054,7,2185,365,0.7778294131617007,0.867116871357714,0.6709224926394568,0.000947735029097914,0.7395342002402796,0.9388791801181298,0.6764177312262483,-0.004088537910607185,0.8165856099319245,0.7878636399803486,0.5935740528047645,-0.03793105278102911,0.8197067184756412,0.7811314556774572,0.5968833744298089,-0.04081532730139689,0.8230058697137745,0.7739515729054796,0.585973804456966,-0.03281992367622949,0.8201793530185055,0.7801069250390579,0.5914788115392273,-0.05135194500171216,0.8220179356752184,0.7761085628085724,0.5930954833750286,-0.03529155299447935,0.8164588535553451,0.7881358364308758,0.5977301077658134,-0.04269637621341595
2021,33.7696,-2.1054,7,2185,365,0.7007993003690365,0.9870791880943077,0.7321121814758634,0.08506800283883278,0.6839571657545116,1.0144804139831087,0.6652220629305906,-0.0014806893863078727,0.7895259497225766,0.8278849202836587,0.6033648142514294,0.05165058596595738,0.7823600086683792,0.8418603252576878,0.6161341130305839,0.04373985147844409,0.7972489270783516,0.8125540763598503,0.5904981279621945,0.036894026078767156,0.7953025221842343,0.8164450091857237,0.5943669322221959,0.0402924866567745,0.7941411941969267,0.8187577377803444,0.5925967468616847,0.016452068386518824,0.7898793417754053,0.8271896068665618,0.6013086508955264,0.028627883324767726
2021,33.7696,-2.6054,6,2185,365,0.7007993003690365,0.9870791880943077,0.7321121814758634,0.08506800283883278,0.6839571657545116,1.0144804139831087,0.6652220629305906,-0.0014806893863078727,0.793153097182984,0.8207203538702449,0.6042973312534102,0.051962580752390554,0.7857259022155344,0.8353250981741325,0.6140333164759658,0.03995896951901716,0.7987664755011459,0.8095074681005733,0.5871231330356678,0.0331645916510873,0.7964923261624508,0.8140687580784867,0.5946829819713702,0.03931187181981507,0.7979230250073441,0.8112021795561647,0.5903040773920311,0.017043576216383662,0.79309556457216,0.8208344839374573,0.6021510196016662,0.029739407606829284
2021,33.7696,-3.1054,5,2185,365,0.6702235667319967,1.0486796667538092,0.7714581344275109,0.10724153875154122,0.6380081781320115,1.0987083336754773,0.7044181308929671,-0.0007955106344718816,0.7774584974300305,0.8614668044843455,0.6229383984660236,0.0603690539249384,0.7668239691601298,0.8818099436810258,0.6423732410330637,0.06435686564502506,0.7829659333471352,0.8507402747140108,0.6133058836230096,0.06044113386065817,0.7797192819592313,0.857079841942833,0.6223907109444905,0.06806712181494268,0.7759619173300145,0.8643586106814183,0.6285167297803067,0.03904199330353773,0.7733296870902449,0.8694214709700375,0.6354761872824771,0.05236648979940894
2021,33.7696,-3.6054,6,2185,365,0.6702235667319967,1.0486796667538092,0.7714581344275109,0.10724153875154122,0.6380081781320115,1.0987083336754773,0.7044181308929671,-0.0007955106344718816,0.778860740210186,0.858748447452057,0.6165581855574155,0.07142128539822878,0.7682731109464093,0.8790655379888688,0.6355809462186746,0.07166039912233914,0.7845364345368528,0.8476566241399516,0.6100726079983723,0.057831492667705514,0.7797017202204272,0.8571140063319485,0.6211673971395482,0.06339968011454519,0.7802632714643236,0.856020896228217,0.6163162101787497,0.053274732984679676,0.7789791441453237,0.8585185181087545,0.6217947799211646,0.06370258987838495
2021,33.7696,-4.1054,5,2185,365,0.6407705344719845,1.1336832038345315,0.8558174484099301,0.09961750644834945,0.6104314009249936,1.1805862154707774,0.7773296614012586,-0.000744912079388685,0.7855865452774169,0.8758540721630536,0.6463015906952062,0.06515027909485444,0.7706562211238677,0.9058352528309808,0.669602830655425,0.07665888492690334,0.7804674766244393,0.8862478017485134,0.6490721010804975,0.07720949181679533,0.7815801827620126,0.8839989638759171,0.6357655739467545,0.09069212310089143,0.7752677689757497,0.8966819300259651,0.6517709207930684,0.07002377749196384,0.775337554181156,0.8965426976805604,0.6447555746868942,0.08490779104451113
2021,33.7696,-4.6054,5,2185,365,0.6407705344719845,1.1336832038345315,0.8558174484099301,0.09961750644834945,0.6104314009249936,1.1805862154707774,0.7773296614012586,-0.000744912079388685,0.7855865452774169,0.8758540721630536,0.6463015906952062,0.06515027909485444,0.7706562211238677,0.9058352528309808,0.669602830655425,0.07665888492690334,0.7804674766244393,0.8862478017485134,0.6490721010804975,0.07720949181679533,0.7815801827620126,0.8839989638759171,0.6357655739467545,0.09069212310089143,0.7752677689757497,0.8966819300259651,0.6517709207930684,0.07002377749196384,0.775337554181156,0.8965426976805604,0.6447555746868942,0.08490779104451113
2021,33.7696,-5.1054,6,2185,365,0.6592161184704464,1.144723902707859,0.8725168566215213,0.03608274561635264,0.6273256886162255,1.1970876698308328,0.7770681323762485,-0.0009242881608076347,0.7907087249319642,0.8970916010113347,0.6519159386395924,-0.0014790281906581222,0.783344668958536,0.9127375517565378,0.6793913663581214,0.0012792475450687504,0.7902021226945356,0.8981766771265037,0.6468547256564987,0.00694206653233365,0.7909898179362725,0.8964889698234138,0.645612208939149,0.018130805752050623,0.7842928470865081,0.9107380931236335,0.6614421708326437,0.008989631488123796,0.7831440349998471,0.9131600748741053,0.6651454979145215,0.020180906469215235
2021,33.7696,-5.6054,5,2185,365,0.6592161184704464,1.144723902707859,0.8725168566215213,0.03608274561635264,0.6273256886162255,1.1970876698308328,0.7770681323762485,-0.0009242881608076347,0.7913127734233517,0.8957960897995628,0.6520575168777986,-0.0035086108183559617,0.7835570935897196,0.9122899849100723,0.6768635141356157,-0.004182739456786699,0.7874676977536836,0.9040109730685534,0.6511510850544333,0.008038783305018862,0.7848966705896983,0.9094624969140922,0.6541774087411519,0.02528826489986442,0.7859172115256619,0.9073024950071619,0.6545280638391995,0.016545822112656434,0.783155776549801,0.9131353532581424,0.6569378978947226,0.03429380137263995
2021,33.7696,-6.1054,5,2185,365,0.7108888401483504,1.0402617025844028,0.787587584355147,0.04161023215400579,0.6909343850807637,1.0755621913993434,0.7042637095007664,-0.0013081856168310085,0.8074856860760087,0.8488709962817748,0.6197256391737902,0.006432329262284361,0.8037843232309139,0.8569925242347969,0.6327162811290572,0.002092610840788087,0.8110035642960308,0.8410793861839967,0.6088437808899299,-0.003562873339408534,0.8008614641731567,0.8633518758767426,0.6311088690003744,0.004137622697426847,0.806819340841798,0.8503388157817665,0.6239767958554744,0.0015648739489008223,0.7999143692529473,0.8654024741420228,0.6352191174086423,0.008386725334045768
2021,33.7696,-6.6054,5,2185,365,0.7108888401483504,1.0402617025844028,0.787587584355147,0.04161023215400579,0.6909343850807637,1.0755621913993434,0.7042637095007664,-0.0013081856168310085,0.8115603734174269,0.8398395053486855,0.6109381473571014,0.0010253097511989352,0.8061300838556831,0.8518544439722764,0.6321749927996364,-0.001502631268490442,0.8135422237203012,0.835411467412922,0.6092824733968067,-0.014093816551931704,0.8023769389345616,0.8600604819031874,0.632051617543357,-0.019110412251200554,0.8093398915561062,0.8447731462539094,0.6230301147925948,-0.012087593900219053,0.8029280560412034,0.8588604069636679,0.6352645516942595,-0.010067498715306804
2021,33.7696,-7.1054,4,2185,365,0.735873854366048,0.9584369668815202,0.7272140588303089,0.03084100151912038,0.697547699131126,1.0256195852362497,0.7316628770719464,-0.002204113824123748,0.8069388823042304,0.8194175612802211,0.6075468608866208,-0.02023886002938789,0.8040455904331173,0.8255347889334028,0.6228893378855646,-0.009690879692818776,0.8058543682581355,0.8217158628247895,0.6116436169910467,-0.00935106242137088,0.7987784653330026,0.8365561333502398,0.6280566964298724,-0.015153788813783226,0.8027597782327938,0.8282388543538384,0.6210030390898656,-0.018267762849763943,0.7959508828292562,0.8424133085155388,0.6289550900636217,-0.012571007524872087
2021,34.2696,-2.1054,5,2185,365,0.6299061988194554,1.1722768759136928,0.8544418879505189,0.16567064883325341,0.5719394387457026,1.2607439740517796,0.8205397194393317,-0.0011775076205328677,0.7609260308723248,0.9421942264650007,0.6667397533569764,0.11958452127925026,0.7446547392395055,0.9737291997180657,0.7005154656470624,0.10368154014077816,0.7565763023601336,0.9507267648278777,0.672200031108092,0.09567110913713803,0.7602997084941959,0.9434275923162709,0.669979954776596,0.09169970837653435,0.7579887670573422,0.9479644584597549,0.6723737903044333,0.07857089302608565,0.7593287656282904,0.9453364104998582,0.6744093549791093,0.07764960325160486
2021,34.2696,-2.6054,6,2185,365,0.6299061988194554,1.1722768759136928,0.8544418879505189,0.16567064883325341,0.5719394387457026,1.2607439740517796,0.8205397194393317,-0.0011775076205328677,0.7659945169096574,0.9321532317530565,0.6630272011513206,0.1256596989680997,0.7467360026007395,0.9697527535064775,0.6940251548372915,0.10536243082137942,0.7628120081762798,0.9384705352479884,0.6697242388523431,0.10463707113634702,0.7687710144166167,0.926606686323131,0.6597367438730087,0.11612616120494763,0.76165704865148,0.940752647428119,0.6679513702061113,0.0903789548159049,0.7646193632129442,0.9348881596426705,0.6642246749509672,0.09170948248024444
2021,34.2696,-3.1054,5,2185,365,0.6230969816914504,1.2090930397925324,0.8778800325445808,0.17533470342079,0.5918342444295337,1.258239155845268,0.8095142522879809,-0.0012854125475299423,0.7516309388090283,0.9815075876611772,0.6902535889068225,0.11555464046991859,0.7358490918542075,1.0122108016675573,0.727788577696049,0.1115878161918693,0.7498849560046665,0.9849514428889566,0.6925135383868711,0.12260997170042795,0.7506736146149575,0.9833973505566161,0.68911579602552,0.12897101304248007,0.7485377966989788,0.987600433071781,0.6935617270590665,0.1217347739518144,0.7456030402780303,0.9933467423080482,0.7015339070954693,0.11439103156060665
2021,34.2696,-3.6054,5,2185,365,0.6230969816914504,1.2090930397925324,0.8778800325445808,0.17533470342079,0.5918342444295337,1.258239155845268,0.8095142522879809,-0.0012854125475299423,0.7482666365645009,0.9881327709495393,0.6942925093497542,0.10732471730421071,0.7393677056990692,1.0054466396623396,0.712727918842583,0.1048324467276296,0.7482476754621612,0.9881699843994016,0.7009892409905221,0.11197806809229924,0.7500936238969224,0.9845404907457279,0.6962016049978869,0.11428068766595896,0.7379764570191318,1.008126592571955,0.7072331426754356,0.12914752846164623,0.74074371979328,1.0027889880968552,0.7033610399493799,0.13219650463906982
2021,34.2696,-4.1054,3,2185,365,0.677878755836661,1.1765268038889747,0.8792355852208267,0.11601216117181751,0.659557936352882,1.2095219357768765,0.8114444887446238,-0.0016462153245909847,0.8121729406095828,0.8984030580255555,0.6600888771705608,0.052636104889861556,0.8042531596825988,0.9171482086922038,0.6759701160293693,0.059420973567089086,0.8054570116893705,0.9143236074551427,0.6677738179693901,0.06217607187933899,0.7982937448955718,0.931004596261578,0.6784707933991556,0.0799422994235038,0.7943961419090613,0.9399565353375768,0.6811298285139861,0.06039276416649157,0.7875723121792331,0.9554274241369375,0.6942412876374343,0.07790399763539879
2021,34.2696,-4.6054,3,2185,365,0.677878755836661,1.1765268038889747,0.8792355852208267,0.11601216117181751,0.659557936352882,1.2095219357768765,0.8114444887446238,-0.0016462153245909847,0.8121729406095828,0.8984030580255555,0.6600888771705608,0.052636104889861556,0.8042531596825988,0.9171482086922038,0.6759701160293693,0.059420973567089086,0.8054570116893705,0.9143236074551427,0.6677738179693901,0.06217607187933899,0.7982937448955718,0.931004596261578,0.6784707933991556,0.0799422994235038,0.7943961419090613,0.9399565353375768,0.6811298285139861,0.06039276416649157,0.7875723121792331,0.9554274241369375,0.6942412876374343,0.07790399763539879
2021,34.2696,-5.1054,4,2185,365,0.7379377851214498,1.0554563214959898,0.8021657460055076,0.06150223959240961,0.7237737498537421,1.0836038406592672,0.7529337038086823,-0.0015154544423268519,0.830060110235761,0.8499350277307341,0.6226932047981432,0.006114475109596596,0.8255116447792321,0.8612342370292401,0.6444971899001078,0.005823358293937756,0.8275686733963538,0.8561426773751548,0.6387235096277188,0.007041249009664788,0.8183305561766433,0.8787776542701087,0.656772059633349,0.02442531068874493,0.8217593498460444,0.8704452116905091,0.647564657296507,0.006141230582034045,0.818584822578887,0.8781624658650697,0.656201734971867,0.02354838176583314
2021,34.2696,-5.6054,7,2185,365,0.7379377851214498,1.0554563214959898,0.8021657460055076,0.06150223959240961,0.7237737498537421,1.0836038406592672,0.7529337038086823,-0.0015154544423268519,0.8271648610146319,0.8571445801279141,0.6278582508204069,0.004480817599977045,0.824242454519976,0.8643607769381295,0.644195635560595,0.004528273920442189,0.8330163039135892,0.8425100625726143,0.624693335486628,-0.01073379977374015,0.8266126681736374,0.858512738423864,0.641142284368004,-5.079574371955061e-05,0.8295824204716366,0.8511287449630643,0.6337568746347321,0.0008897370091882957,0.8243538598882748,0.8640867924143715,0.6472354844377664,0.015275407809831654
2021,34.2696,-6.1054,6,2185,365,0.7674932999316726,0.9559949603845723,0.7151837374631438,0.041077359557708644,0.7149691536212364,1.0584827820530276,0.7445909332924413,-0.001854826293741759,0.8272041447116031,0.8241467062763286,0.597916159078416,-0.016672195613607516,0.8266067441692482,0.8255701225975668,0.6090578886445972,-0.004627848391083788,0.8281642572661874,0.821853897201775,0.5976451358482906,-0.01443338398519152,0.8201143603014343,0.8408840487533399,0.6092041578455333,0.008114938597257025,0.8295695501079997,0.8184863893560325,0.6011151539120092,-0.022113343050774188,0.8200291060880271,0.8410832876039048,0.6088481125675739,0.012771388691940559
2021,34.2696,-6.6054,4,2185,365,0.7674932999316726,0.9559949603845723,0.7151837374631438,0.041077359557708644,0.7149691536212364,1.0584827820530276,0.7445909332924413,-0.001854826293741759,0.8316405196082589,0.8134983100054258,0.58932260148145,-0.003137333475254948,0.8278021044568027,0.822719491393226,0.5989915428267005,0.01913265151427235,0.829503523257939,0.8186449198446084,0.5906963697593408,0.003543790012979861,0.8193872548857777,0.8425817794745221,0.6119269798348411,0.006197845581937676,0.8295812907378789,0.8184581968843639,0.5973582403782877,-0.005338902002136492,0.8231589381949909,0.833737668779646,0.6119375271491114,0.015173860881005983
2021,34.7696,-2.1054,5,2185,365,0.6299061988194554,1.1722768759136928,0.8544418879505189,0.16567064883325341,0.5719394387457026,1.2607439740517796,0.8205397194393317,-0.0011775076205328677,0.7550366548815768,0.9537286844726931,0.6715461169393747,0.12857856343974822,0.741968403103521,0.9788378125726056,0.7027918103284769,0.10797747235199276,0.7575303586524629,0.9488618326959919,0.6748632327865464,0.10585691648823617,0.7609437481638491,0.942159313757589,0.6668915205151829,0.11659243517165276,0.7529290364770624,0.9578227480269175,0.6758146841714464,0.11158412309767266,0.7565248075037777,0.9508273198473086,0.6727830860044085,0.11744872615641809
2021,34.7696,-2.6054,5,2185,365,0.6299061988194554,1.1722768759136928,0.8544418879505189,0.16567064883325341,0.5719394387457026,1.2607439740517796,0.8205397194393317,-0.0011775076205328677,0.7518659205409426,0.9598812327300292,0.6706369245906282,0.13350072636324742,0.735993155807743,0.9901064407591464,0.7049984404921479,0.11227551954044666,0.7565252835971513,0.9508263902191131,0.6751235407831063,0.1027697227784197,0.7580306460034388,0.9478824344363475,0.6710190644028562,0.10339864962959962,0.7522345625749673,0.959167940758211,0.6767737674308001,0.1111183137882618,0.7576143879806858,0.9486974015303962,0.6689268089963254,0.11845536217488194
2021,34.7696,-3.1054,4,2185,365,0.6230969816914504,1.2090930397925324,0.8778800325445808,0.17533470342079,0.5918342444295337,1.258239155845268,0.8095142522879809,-0.0012854125475299423,0.7486699311095577,0.9873409245916772,0.6893206011453177,0.11428634081017328,0.7285797660196889,1.0260440912717106,0.7278983688367662,0.1167969845500655,0.749698192509419,0.985319110991007,0.692332266712662,0.10985854212181168,0.7524691757118949,0.9798499109228358,0.6853934353646947,0.1042589954371397,0.7395161416967097,1.0051602865628249,0.7102797485248209,0.10729245825114218,0.7421693374229147,1.0000280822278813,0.7030936932998797,0.10983862669195846
2021,34.7696,-3.6054,5,2185,365,0.6230969816914504,1.2090930397925324,0.8778800325445808,0.17533470342079,0.5918342444295337,1.258239155845268,0.8095142522879809,-0.0012854125475299423,0.7519785911412933,0.9808204189573159,0.6841906989688014,0.11393543776569458,0.7297182082968673,1.0238900156738713,0.7234531427961949,0.11637737387479874,0.7499278970298173,0.984866888518477,0.6937766822054294,0.1089277640552366,0.7565716378713798,0.9716961946565671,0.679972151807059,0.10280478993821106,0.7418428878781262,1.0006609694081128,0.7032358093611274,0.11504042920737662,0.7437241826318888,0.9970081928605978,0.6939361164769657,0.1216743448760753
2021,34.7696,-4.1054,5,2185,365,0.677878755836661,1.1765268038889747,0.8792355852208267,0.11601216117181751,0.659557936352882,1.2095219357768765,0.8114444887446238,-0.0016462153245909847,0.8091469971032141,0.9056108991631993,0.6680662230654216,0.04693192631829676,0.7973527783062139,0.9331736536893901,0.6896813284972875,0.04729071211948051,0.8064168668789882,0.9120652288168684,0.6686744271169216,0.05724636982948763,0.8006815580057983,0.9254775405607025,0.6780291758727991,0.07965055964559534,0.8019024902750977,0.9226386635284136,0.668486922370919,0.07376770828016309,0.8030388966781902,0.919988452249104,0.6695397356019952,0.07123725770603558
2021,34.7696,-4.6054,5,2185,365,0.677878755836661,1.1765268038889747,0.8792355852208267,0.11601216117181751,0.659557936352882,1.2095219357768765,0.8114444887446238,-0.0016462153245909847,0.8091469971032141,0.9056108991631993,0.6680662230654216,0.04693192631829676,0.7973527783062139,0.9331736536893901,0.6896813284972875,0.04729071211948051,0.8064168668789882,0.9120652288168684,0.6686744271169216,0.05724636982948763,0.8006815580057983,0.9254775405607025,0.6780291758727991,0.07965055964559534,0.8019024902750977,0.9226386635284136,0.668486922370919,0.07376770828016309,0.8030388966781902,0.919988452249104,0.6695397356019952,0.07123725770603558
2021,34.7696,-5.1054,5,2185,365,0.7379377851214498,1.0554563214959898,0.8021657460055076,0.06150223959240961,0.7237737498537421,1.0836038406592672,0.7529337038086823,-0.0015154544423268519,0.8321164113072733,0.8447771996479913,0.6237597665843293,4.4421562893063636e-05,0.82540187947914,0.8615050825305797,0.6432672836653929,0.0058541888537503835,0.8321806823924693,0.8446154806103547,0.6253641014151979,0.0036575024671168742,0.8244410601587455,0.8638722760120582,0.6424279241796997,0.022501637000166,0.8172917622525527,0.8812865177039793,0.6568443471961248,0.007218014116150801,0.8121264476182551,0.8936570490710016,0.6703403445160262,0.024882475611476784
2021,34.7696,-5.6054,5,2185,365,0.7379377851214498,1.0554563214959898,0.8021657460055076,0.06150223959240961,0.7237737498537421,1.0836038406592672,0.7529337038086823,-0.0015154544423268519,0.8292018487076891,0.8520785734096424,0.6289133864940457,0.0008349217437009938,0.8234832617607908,0.8662255882852826,0.645351008470605,0.007599423687797619,0.8305695229130201,0.8486601868669263,0.62993512222811,-0.0072202396236173165,0.8228196487549815,0.8678523442242446,0.6472333303510563,0.00805256003284999,0.8204602917976469,0.8736114535790523,0.6495664872100443,5.428069146283965e-05,0.8178221510295605,0.880006432574261,0.6603683536742206,0.024635180720790007
2021,34.7696,-6.1054,5,2185,365,0.7674932999316726,0.9559949603845723,0.7151837374631438,0.041077359557708644,0.7149691536212364,1.0584827820530276,0.7445909332924413,-0.001854826293741759,0.8303774258354313,0.816544187277444,0.5947517669506989,-0.020157718866418498,0.827852819328466,0.8225983308359595,0.6069641231816316,0.0003685420461073373,0.8283346304510394,0.8214463667646849,0.5955693239376098,-0.002114670137980743,0.8182569030819438,0.8452142856281636,0.6129797248581059,0.018153540687016266,0.8277387804859416,0.8228707507225138,0.6029053031204294,-0.013659203411202242,0.8167625942553443,0.848681888134063,0.6172966772327969,0.02444404089065756
2021,35.2696,-3.1054,5,2185,365,0.5732919853843683,1.2276827059841027,0.8780467489987587,0.2125423840399333,0.5353645558758978,1.2810819325096439,0.8195639704842369,0.0011144138469648256,0.680065555840201,1.0630439923464834,0.7235096273049754,0.1398678511895174,0.6757887508042226,1.0701256598568942,0.7418549845358762,0.1350187673471513,0.6972019276357339,1.034182753783212,0.7097467031317648,0.1356471627505676,0.7063037409689352,1.0185209007233729,0.7050762272755414,0.11754927324696506,0.6988337757893419,1.031392265213141,0.7106898492253665,0.12938442526395788,0.7082264118827893,1.0151815732111042,0.7096500390886233,0.09749714162304172
2021,35.2696,-5.1054,4,2185,365,0.718530039311512,1.1031780015671033,0.8382593815773288,0.10221989187450209,0.7308536757693682,1.0787574133529145,0.7283666980057062,-0.0009157969174429602,0.8271479446602893,0.8645036689738081,0.6346262082648467,0.025617524786792537,0.8123666454925309,0.9007091782694505,0.6577284682412573,0.048008234457467394,0.8286338234430728,0.8607799060189623,0.6209206147031459,0.04529822905420777,0.8261196363642913,0.867071350528149,0.6322965579347958,0.047981936833160356,0.821996486162659,0.8772913646101523,0.6302851904072353,0.03740627137178451,0.8172617003370733,0.8888825010561532,0.6412745808259145,0.05890222933670008
2021,35.2696,-5.6054,6,2185,365,0.718530039311512,1.1031780015671033,0.8382593815773288,0.10221989187450209,0.7308536757693682,1.0787574133529145,0.7283666980057062,-0.0009157969174429602,0.8287708438383663,0.8604357074402758,0.6259478092875572,0.021603006285079312,0.8135747233476955,0.8978048866706666,0.6536965028696962,0.044400394793510864,0.8275972981490802,0.8633792376300831,0.6251390191020558,0.03542956740112955,0.8274259831284374,0.863808097225686,0.6242161572426494,0.05428087925344135,0.8234882777535953,0.8736074781828425,0.6256301797460051,0.03763421447717745,0.8148683009579178,0.8946845963252679,0.6400681014398618,0.04872486012470701
2021,35.2696,-6.1054,6,2185,365,0.7770578671367739,0.9691674513330643,0.7467741972628321,0.03214119047934388,0.7630737888024853,0.9991007827106924,0.6648785305007323,-0.0018849569681917643,0.8499415617413264,0.7951205089198701,0.5801695246581634,-0.0034300863945286473,0.8411078779737196,0.818189547540135,0.6056299647767226,0.01451486884660534,0.8519179967284415,0.7898668458079702,0.5802885941594702,0.01722582750232331,0.8468729975801795,0.80320912728567,0.5858037024859346,0.0230412202779457,0.8460396055843358,0.8053918897407588,0.5901748980748722,-0.002146257574699929,0.8422781122185914,0.8151710124621316,0.5938944063617811,0.026912968623078643
2021,35.7696,-5.6054,5,2185,365,0.718530039311512,1.1031780015671033,0.8382593815773288,0.10221989187450209,0.7308536757693682,1.0787574133529145,0.7283666980057062,-0.0009157969174429602,0.8182843009235014,0.8863919257719188,0.6441553927394841,0.050416987855144785,0.8085585918126879,0.9098032981186311,0.6573339352576574,0.06651333345921732,0.8215707457056478,0.8783398702158118,0.6332736898684329,0.05985289511136185,0.8209356510784865,0.8799016472826111,0.6388881461224998,0.06643731609343602,0.8176429063221315,0.8879548787954527,0.6368473678173602,0.05884504277029574,0.8126069164667304,0.9001322989662524,0.6501445860581584,0.055572521325590936
