method,driver,lag,edge,val,p,lat,lon
PCMCI,kc,1,-->,0.1802069116021654,2.207776080609518e-18,21.7696,-16.6054
PCMCI,WS10M,1,-->,0.09176822194084207,6.122350684753927e-05,21.7696,-16.6054
PCMCI,PS,1,-->,0.067322558715507,0.00771838351575585,21.7696,-16.6054
PCMCI,CLOUD_AMT,1,-->,-0.18516205962887838,2.0639418900761638e-19,21.7696,-16.6054
PCMCI+,kc,1,-->,0.18477725934132105,6.5072025241273966e-21,21.7696,-16.6054
PCMCI+,WS10M,0,<--,0.07964078109111966,5.9844435876967385e-05,21.7696,-16.6054
PCMCI+,PRECT,0,x-x,-0.12454288187689232,3.109014026316401e-10,21.7696,-16.6054
PCMCI+,CLOUD_AMT,0,-->,-0.7688782223704524,0.0,21.7696,-16.6054
PCMCI+,CLOUD_AMT,1,-->,-0.17889098733538147,1.0918777590047886e-19,21.7696,-16.6054
PCMCI,kc,1,-->,0.19198018325846286,6.652421063275294e-21,21.7696,-16.1054
PCMCI,DTR,1,-->,-0.06549983569628823,0.008761007485986204,21.7696,-16.1054
PCMCI,WS10M,1,-->,0.094995372399553,2.2225393424153825e-05,21.7696,-16.1054
PCMCI,WS10M,2,-->,-0.07085176242805927,0.003431563980965569,21.7696,-16.1054
PCMCI,CLOUD_AMT,1,-->,-0.1860690913537508,1.1329592449328132e-19,21.7696,-16.1054
PCMCI+,kc,1,-->,0.18208724259981154,2.448856716527617e-20,21.7696,-16.1054
PCMCI+,DTR,0,x-x,0.12587202874713724,2.0382535272860929e-10,21.7696,-16.1054
PCMCI+,PRECT,0,-->,-0.07191899406790371,0.0002893455844676408,21.7696,-16.1054
PCMCI+,CLOUD_AMT,0,<--,-0.7679626155973196,0.0,21.7696,-16.1054
PCMCI+,CLOUD_AMT,1,-->,-0.16127847050751076,3.091434529432474e-16,21.7696,-16.1054
PCMCI,kc,1,-->,0.1694383852632141,2.43355424448912e-16,21.7696,-15.6054
PCMCI,CLOUD_AMT,1,-->,-0.20442964114777312,9.01313099896265e-24,21.7696,-15.6054
PCMCI+,kc,1,-->,0.15221755755774588,1.2916418401197645e-14,21.7696,-15.6054
PCMCI+,DTR,0,x-x,0.152235673146808,1.3610049256826042e-14,21.7696,-15.6054
PCMCI+,PRECT,0,x-x,-0.14714558413698714,9.444491068996467e-14,21.7696,-15.6054
PCMCI+,CLOUD_AMT,0,-->,-0.7063959794249073,0.0,21.7696,-15.6054
PCMCI+,CLOUD_AMT,1,-->,-0.13635383305078672,5.421277856126879e-12,21.7696,-15.6054
PCMCI,kc,1,-->,0.17053370421624858,1.7185576460271934e-16,21.7696,-15.1054
PCMCI,T2M,1,-->,-0.08501414013092386,0.0002262103605787206,21.7696,-15.1054
PCMCI,DTR,1,-->,-0.08853266280540259,0.00011422325879998598,21.7696,-15.1054
PCMCI,CLOUD_AMT,1,-->,-0.199684525120876,1.2586086384914178e-22,21.7696,-15.1054
PCMCI+,kc,1,-->,0.1500472791185384,3.066066934306631e-14,21.7696,-15.1054
PCMCI+,DTR,0,x-x,0.16607924253977327,3.998232932880832e-17,21.7696,-15.1054
PCMCI+,PRECT,0,<--,-0.14270138123648707,5.210552035830585e-13,21.7696,-15.1054
PCMCI+,CLOUD_AMT,0,-->,-0.693964001690198,0.0,21.7696,-15.1054
PCMCI+,CLOUD_AMT,1,-->,-0.12236015512444885,6.374359200686251e-10,21.7696,-15.1054
PCMCI,kc,1,-->,0.12531625846419112,5.354222149675365e-09,21.7696,-14.6054
PCMCI,kc,2,-->,0.068521005875803,0.005378930407714977,21.7696,-14.6054
PCMCI,T2M,1,-->,-0.11182646611825442,3.0726661815847175e-07,21.7696,-14.6054
PCMCI,T2M,2,-->,0.07210835570252981,0.003040978467218997,21.7696,-14.6054
PCMCI,CLOUD_AMT,1,-->,-0.22440635219700056,1.1599993968858443e-28,21.7696,-14.6054
PCMCI+,kc,1,-->,0.11094918176128304,2.1622955207418417e-08,21.7696,-14.6054
PCMCI+,DTR,0,x-x,0.17874375780545698,1.335191671898781e-19,21.7696,-14.6054
PCMCI+,PRECT,0,<--,-0.11118644114936026,2.0170249417166653e-08,21.7696,-14.6054
PCMCI+,CLOUD_AMT,0,-->,-0.7194182761839721,0.0,21.7696,-14.6054
PCMCI+,CLOUD_AMT,1,-->,-0.16081081802180233,3.8213196032622934e-16,21.7696,-14.6054
PCMCI,kc,1,-->,0.12531625846419112,5.354222149675365e-09,21.7696,-14.1054
PCMCI,kc,2,-->,0.068521005875803,0.005378930407714977,21.7696,-14.1054
PCMCI,T2M,1,-->,-0.11182646611825442,3.0726661815847175e-07,21.7696,-14.1054
PCMCI,T2M,2,-->,0.07210835570252981,0.003040978467218997,21.7696,-14.1054
PCMCI,CLOUD_AMT,1,-->,-0.22440635219700056,1.1599993968858443e-28,21.7696,-14.1054
PCMCI+,kc,1,-->,0.11094918176128304,2.1622955207418417e-08,21.7696,-14.1054
PCMCI+,DTR,0,x-x,0.17874375780545698,1.335191671898781e-19,21.7696,-14.1054
PCMCI+,PRECT,0,<--,-0.11118644114936026,2.0170249417166653e-08,21.7696,-14.1054
PCMCI+,CLOUD_AMT,0,-->,-0.7194182761839721,0.0,21.7696,-14.1054
PCMCI+,CLOUD_AMT,1,-->,-0.16081081802180233,3.8213196032622934e-16,21.7696,-14.1054
PCMCI,kc,1,-->,0.09761356231959621,1.3973099559747306e-05,21.7696,-13.6054
PCMCI,kc,2,-->,0.07055794548813288,0.0037479817052750814,21.7696,-13.6054
PCMCI,T2M,1,-->,-0.09575908400757797,2.1075817723378228e-05,21.7696,-13.6054
PCMCI,DTR,5,-->,0.06625759607711458,0.007426528844233342,21.7696,-13.6054
PCMCI,PRECT,1,-->,-0.08028356190584131,0.0006271517892758726,21.7696,-13.6054
PCMCI,CLOUD_AMT,1,-->,-0.21905050417547095,2.6443333625816337e-27,21.7696,-13.6054
PCMCI+,kc,1,-->,0.08530027230293061,1.7239401544117247e-05,21.7696,-13.6054
PCMCI+,DTR,0,x-x,0.17339538610075697,1.578490317636947e-18,21.7696,-13.6054
PCMCI+,PRECT,0,-->,-0.10691603400286327,6.858300753858792e-08,21.7696,-13.6054
PCMCI+,CLOUD_AMT,0,<--,-0.7322617783879715,0.0,21.7696,-13.6054
PCMCI+,CLOUD_AMT,1,-->,-0.14516318733281938,2.1396894592887415e-13,21.7696,-13.6054
PCMCI,kc,1,-->,0.09603312503684472,2.0237982276582142e-05,21.7696,-13.1054
PCMCI,kc,2,-->,0.07144276005397958,0.0030932147213338034,21.7696,-13.1054
PCMCI,T2M,1,-->,-0.1054931938673535,1.8755530009149771e-06,21.7696,-13.1054
PCMCI,PRECT,1,-->,-0.08975859925338635,8.364295753083527e-05,21.7696,-13.1054
PCMCI,CLOUD_AMT,1,-->,-0.2178917106619505,5.2027152890811644e-27,21.7696,-13.1054
PCMCI+,kc,1,-->,0.08574457325349184,1.5394348688328477e-05,21.7696,-13.1054
PCMCI+,DTR,0,x-x,0.1726039342656173,2.1970476985353475e-18,21.7696,-13.1054
PCMCI+,PRECT,0,x-x,-0.1132426209730981,1.0756743204205296e-08,21.7696,-13.1054
PCMCI+,CLOUD_AMT,0,o-o,-0.7299451069870375,0.0,21.7696,-13.1054
PCMCI+,CLOUD_AMT,1,-->,-0.14346961637557182,4.0265420763954005e-13,21.7696,-13.1054
PCMCI,kc,1,-->,0.13371410214513718,3.712537232185622e-10,22.2696,-16.6054
PCMCI,DTR,1,-->,-0.069233283745734,0.006096696695254539,22.2696,-16.6054
PCMCI,RH2M,1,-->,-0.06841714204352337,0.006966440737643534,22.2696,-16.6054
PCMCI,WS10M,1,-->,0.07780604567058616,0.0012260114600150841,22.2696,-16.6054
PCMCI,WS10M,3,-->,-0.06665664020719347,0.009001225809642003,22.2696,-16.6054
PCMCI,PRECT,1,-->,-0.06675727979886541,0.00899916699934828,22.2696,-16.6054
PCMCI,CLOUD_AMT,1,-->,-0.24050799130582068,5.2357804832420896e-33,22.2696,-16.6054
PCMCI,CLOUD_AMT,2,-->,0.08133402583809837,0.0005973128145422375,22.2696,-16.6054
PCMCI+,kc,1,-->,0.13350039780642922,1.521551826484392e-11,22.2696,-16.6054
PCMCI+,DTR,1,-->,-0.051465234034736275,0.009551650026063618,22.2696,-16.6054
PCMCI+,WS10M,0,<--,0.09177652500655961,3.7519316444065327e-06,22.2696,-16.6054
PCMCI+,PRECT,0,-->,-0.15538363753535933,3.667666888121335e-15,22.2696,-16.6054
PCMCI+,CLOUD_AMT,0,-->,-0.7217841910328757,0.0,22.2696,-16.6054
PCMCI+,CLOUD_AMT,1,-->,0.15625388883148683,2.5337538702389577e-15,22.2696,-16.6054
PCMCI,kc,1,-->,0.13951408739558546,4.3085288664917436e-11,22.2696,-16.1054
PCMCI,WS10M,1,-->,0.10403526412238684,2.6439894477131983e-06,22.2696,-16.1054
PCMCI,CLOUD_AMT,1,-->,-0.2366876417029806,6.47061408007818e-32,22.2696,-16.1054
PCMCI,CLOUD_AMT,2,-->,0.0769067278717016,0.0012158031512535673,22.2696,-16.1054
PCMCI+,kc,1,-->,0.13987599685382696,1.5214773390155013e-12,22.2696,-16.1054
PCMCI+,DTR,0,x-x,0.16457586657034148,7.70182230429215e-17,22.2696,-16.1054
PCMCI+,WS10M,0,x-x,0.06205843847854281,0.0017829710682382637,22.2696,-16.1054
PCMCI+,PRECT,0,x-x,-0.12410198373905822,3.6497784023808027e-10,22.2696,-16.1054
PCMCI+,CLOUD_AMT,0,-->,-0.7129589809441147,0.0,22.2696,-16.1054
PCMCI+,CLOUD_AMT,1,-->,0.1577125179653244,1.367848783630696e-15,22.2696,-16.1054
PCMCI,kc,1,-->,0.1338830022476046,2.5424596452772003e-10,22.2696,-15.6054
PCMCI,kc,2,-->,0.06994776752336311,0.004005413179068999,22.2696,-15.6054
PCMCI,DTR,1,-->,-0.06969798384864809,0.00410483790316774,22.2696,-15.6054
PCMCI,CLOUD_AMT,1,-->,-0.2184284037558414,4.19870927982385e-27,22.2696,-15.6054
PCMCI+,kc,1,-->,0.11693398780763449,3.5547883038918494e-09,22.2696,-15.6054
PCMCI+,DTR,0,x-x,0.17677072912955344,3.264046985871978e-19,22.2696,-15.6054
PCMCI+,PRECT,0,x-x,-0.16339221784753175,1.233144362192954e-16,22.2696,-15.6054
PCMCI+,CLOUD_AMT,0,<--,-0.7570554577259009,0.0,22.2696,-15.6054
PCMCI+,CLOUD_AMT,1,-->,-0.18393032281400937,1.0193732870410864e-20,22.2696,-15.6054
PCMCI,kc,1,-->,0.13517539279329424,1.79677893429309e-10,22.2696,-15.1054
PCMCI,kc,2,-->,0.06525141894308806,0.009095617393483212,22.2696,-15.1054
PCMCI,DTR,1,-->,-0.09174906858091571,4.826486767005096e-05,22.2696,-15.1054
PCMCI,CLOUD_AMT,1,-->,-0.21829590753557002,4.425514006096906e-27,22.2696,-15.1054
PCMCI+,kc,1,-->,0.11511950621223518,6.193249094359874e-09,22.2696,-15.1054
PCMCI+,DTR,0,x-x,0.18801939431597237,1.4338186165644702e-21,22.2696,-15.1054
PCMCI+,PRECT,0,x-x,-0.1634773594593829,1.1886665859286772e-16,22.2696,-15.1054
PCMCI+,CLOUD_AMT,0,<--,-0.7259653395414639,0.0,22.2696,-15.1054
PCMCI+,CLOUD_AMT,1,-->,-0.14757161465734214,8.277648518024021e-14,22.2696,-15.1054
PCMCI,kc,1,-->,0.1560689523892307,6.949912677999068e-14,22.2696,-14.6054
PCMCI,kc,2,-->,0.07772474395835273,0.0008783894700823008,22.2696,-14.6054
PCMCI,T2M,1,-->,-0.0918904488821954,4.621974241508733e-05,22.2696,-14.6054
PCMCI,DTR,1,-->,-0.1045369667130805,2.1810290297605226e-06,22.2696,-14.6054
PCMCI,PRECT,1,-->,-0.07072632472294778,0.003449784685034735,22.2696,-14.6054
PCMCI,CLOUD_AMT,1,-->,-0.21043708331137248,3.3468539560820274e-25,22.2696,-14.6054
PCMCI+,kc,1,-->,0.1361146555194872,5.906868620648997e-12,22.2696,-14.6054
PCMCI+,DTR,0,x-x,0.17642995906096173,3.888216244502762e-19,22.2696,-14.6054
PCMCI+,PRECT,0,-->,-0.13665292900194298,4.822197553142915e-12,22.2696,-14.6054
PCMCI+,CLOUD_AMT,0,-->,-0.6980731071079258,0.0,22.2696,-14.6054
PCMCI+,CLOUD_AMT,1,-->,-0.12776420703360694,1.0836256506071162e-10,22.2696,-14.6054
PCMCI,kc,1,-->,0.1560689523892307,6.949912677999068e-14,22.2696,-14.1054
PCMCI,kc,2,-->,0.07772474395835273,0.0008783894700823008,22.2696,-14.1054
PCMCI,T2M,1,-->,-0.0918904488821954,4.621974241508733e-05,22.2696,-14.1054
PCMCI,DTR,1,-->,-0.1045369667130805,2.1810290297605226e-06,22.2696,-14.1054
PCMCI,PRECT,1,-->,-0.07072632472294778,0.003449784685034735,22.2696,-14.1054
PCMCI,CLOUD_AMT,1,-->,-0.21043708331137248,3.3468539560820274e-25,22.2696,-14.1054
PCMCI+,kc,1,-->,0.1361146555194872,5.906868620648997e-12,22.2696,-14.1054
PCMCI+,DTR,0,x-x,0.17642995906096173,3.888216244502762e-19,22.2696,-14.1054
PCMCI+,PRECT,0,-->,-0.13665292900194298,4.822197553142915e-12,22.2696,-14.1054
PCMCI+,CLOUD_AMT,0,-->,-0.6980731071079258,0.0,22.2696,-14.1054
PCMCI+,CLOUD_AMT,1,-->,-0.12776420703360694,1.0836256506071162e-10,22.2696,-14.1054
PCMCI,kc,1,-->,0.12344266518916495,9.16721423195108e-09,22.2696,-13.6054
PCMCI,kc,2,-->,0.09283467309582231,3.754440993759051e-05,22.2696,-13.6054
PCMCI,T2M,1,-->,-0.12819643954877305,2.102694773531926e-09,22.2696,-13.6054
PCMCI,T2M,2,-->,0.08864653071762729,0.00010026489160730638,22.2696,-13.6054
PCMCI,PRECT,1,-->,-0.09536000196266789,2.129902360632248e-05,22.2696,-13.6054
PCMCI,CLOUD_AMT,1,-->,-0.20400652667827393,1.2413109635449894e-23,22.2696,-13.6054
PCMCI+,kc,1,-->,0.11113503344299488,2.008731129103781e-08,22.2696,-13.6054
PCMCI+,DTR,0,x-x,0.1620370627112749,2.298145690046555e-16,22.2696,-13.6054
PCMCI+,PRECT,0,-->,-0.09605393021841546,1.2721077134350524e-06,22.2696,-13.6054
PCMCI+,CLOUD_AMT,0,x-x,-0.7116288558141831,0.0,22.2696,-13.6054
PCMCI+,CLOUD_AMT,1,-->,-0.11918454720830884,1.7516942579253751e-09,22.2696,-13.6054
PCMCI,kc,1,-->,0.12431830410980797,7.206290590382003e-09,22.2696,-13.1054
PCMCI,kc,2,-->,0.09514792902185296,2.3063252662232678e-05,22.2696,-13.1054
PCMCI,T2M,1,-->,-0.13630716249401664,1.5534270439482761e-10,22.2696,-13.1054
PCMCI,T2M,2,-->,0.09118637102667472,5.807707033283677e-05,22.2696,-13.1054
PCMCI,PRECT,1,-->,-0.08167681220559658,0.00046183713686556987,22.2696,-13.1054
PCMCI,CLOUD_AMT,1,-->,-0.20260082102233998,2.652167026304392e-23,22.2696,-13.1054
PCMCI+,kc,1,-->,0.12195407166540073,7.264553126114513e-10,22.2696,-13.1054
PCMCI+,DTR,0,x-x,0.15428388954900168,6.032280840525352e-15,22.2696,-13.1054
PCMCI+,PRECT,0,x-x,-0.1111139910882526,2.008289705940461e-08,22.2696,-13.1054
PCMCI+,CLOUD_AMT,0,-->,-0.7010605720923936,0.0,22.2696,-13.1054
PCMCI+,CLOUD_AMT,1,-->,-0.11624649605695195,4.39136192985286e-09,22.2696,-13.1054
PCMCI,kc,1,-->,0.14391033299069791,9.575554283090816e-12,22.7696,-16.1054
PCMCI,DTR,1,-->,-0.06633388841911167,0.008656309959975076,22.7696,-16.1054
PCMCI,WS10M,1,-->,0.09455655190728497,3.1017483254267425e-05,22.7696,-16.1054
PCMCI,CLOUD_AMT,1,-->,-0.23731046969814948,4.1033081777340445e-32,22.7696,-16.1054
PCMCI,CLOUD_AMT,2,-->,0.07570640931717339,0.0017893350527931281,22.7696,-16.1054
PCMCI+,kc,1,-->,0.13674668547816285,4.752787756861488e-12,22.7696,-16.1054
PCMCI+,DTR,0,<--,0.10864116615245677,4.195779099226384e-08,22.7696,-16.1054
PCMCI+,WS10M,0,<--,0.06165778330738658,0.0019093729699885154,22.7696,-16.1054
PCMCI+,PRECT,0,x-x,-0.13517065662738484,8.353121729516893e-12,22.7696,-16.1054
PCMCI+,CLOUD_AMT,0,-->,-0.7207238948324459,0.0,22.7696,-16.1054
PCMCI+,CLOUD_AMT,1,-->,0.15770064282764912,1.3923078014909141e-15,22.7696,-16.1054
PCMCI,kc,1,-->,0.1346359824674711,2.41501739565894e-10,22.7696,-15.6054
PCMCI,kc,2,-->,0.07297719955211415,0.002129494745751576,22.7696,-15.6054
PCMCI,DTR,1,-->,-0.08017869573900716,0.0005509822102498347,22.7696,-15.6054
PCMCI,PRECT,1,-->,-0.06595026771067172,0.0073530006003352305,22.7696,-15.6054
PCMCI,CLOUD_AMT,1,-->,-0.22076717837230622,1.0389543746380916e-27,22.7696,-15.6054
PCMCI+,kc,1,-->,0.11605854549300418,4.651576047204436e-09,22.7696,-15.6054
PCMCI+,DTR,0,x-x,0.1612828926700682,3.2119061440501013e-16,22.7696,-15.6054
PCMCI+,PRECT,0,x-x,-0.149635412826346,3.649336794729889e-14,22.7696,-15.6054
PCMCI+,CLOUD_AMT,0,<--,-0.7568282008440782,0.0,22.7696,-15.6054
PCMCI+,CLOUD_AMT,1,-->,0.19712561560048333,1.3409645378575526e-23,22.7696,-15.6054
PCMCI,kc,1,-->,0.13642634038882653,1.1392611370816135e-10,22.7696,-15.1054
PCMCI,kc,2,-->,0.07160417793087685,0.002842998925164498,22.7696,-15.1054
PCMCI,DTR,1,-->,-0.09552325114564635,1.9454247939268543e-05,22.7696,-15.1054
PCMCI,CLOUD_AMT,1,-->,-0.2176121540929869,5.96948370055831e-27,22.7696,-15.1054
PCMCI+,kc,1,-->,0.11455690917332276,7.343930813371819e-09,22.7696,-15.1054
PCMCI+,DTR,0,x-x,0.1902867790220835,4.5161647549401e-22,22.7696,-15.1054
PCMCI+,PRECT,0,x-x,-0.16385311696690805,1.0388062558979207e-16,22.7696,-15.1054
PCMCI+,CLOUD_AMT,0,<--,-0.7556532422863884,0.0,22.7696,-15.1054
PCMCI+,CLOUD_AMT,1,-->,-0.16208053797039496,2.195748927392723e-16,22.7696,-15.1054
PCMCI,kc,1,-->,0.15875043527333865,2.260345558050304e-14,22.7696,-14.6054
PCMCI,kc,2,-->,0.07697868363274367,0.0010226311363890329,22.7696,-14.6054
PCMCI,T2M,1,-->,-0.09224199543363984,3.9150698751811e-05,22.7696,-14.6054
PCMCI,DTR,1,-->,-0.11084043497395099,3.6871009499350797e-07,22.7696,-14.6054
PCMCI,CLOUD_AMT,1,-->,-0.20618692661108942,3.6992018602708294e-24,22.7696,-14.6054
PCMCI+,kc,1,-->,0.13668457986979232,4.721930050926155e-12,22.7696,-14.6054
PCMCI+,DTR,0,x-x,0.17715819196976781,2.6367416825398637e-19,22.7696,-14.6054
PCMCI+,PRECT,0,x-x,-0.1510975761025788,2.0448927227319977e-14,22.7696,-14.6054
PCMCI+,CLOUD_AMT,0,-->,-0.708474724625285,0.0,22.7696,-14.6054
PCMCI+,CLOUD_AMT,1,-->,-0.14023834869476137,1.3178452768402432e-12,22.7696,-14.6054
PCMCI,kc,1,-->,0.15875043527333865,2.260345558050304e-14,22.7696,-14.1054
PCMCI,kc,2,-->,0.07697868363274367,0.0010226311363890329,22.7696,-14.1054
PCMCI,T2M,1,-->,-0.09224199543363984,3.9150698751811e-05,22.7696,-14.1054
PCMCI,DTR,1,-->,-0.11084043497395099,3.6871009499350797e-07,22.7696,-14.1054
PCMCI,CLOUD_AMT,1,-->,-0.20618692661108942,3.6992018602708294e-24,22.7696,-14.1054
PCMCI+,kc,1,-->,0.13668457986979232,4.721930050926155e-12,22.7696,-14.1054
PCMCI+,DTR,0,x-x,0.17715819196976781,2.6367416825398637e-19,22.7696,-14.1054
PCMCI+,PRECT,0,x-x,-0.1510975761025788,2.0448927227319977e-14,22.7696,-14.1054
PCMCI+,CLOUD_AMT,0,-->,-0.708474724625285,0.0,22.7696,-14.1054
PCMCI+,CLOUD_AMT,1,-->,-0.14023834869476137,1.3178452768402432e-12,22.7696,-14.1054
PCMCI,kc,1,-->,0.12053894108570372,2.32654495002961e-08,22.7696,-13.6054
PCMCI,kc,2,-->,0.0915632564492496,4.8488690951519775e-05,22.7696,-13.6054
PCMCI,T2M,1,-->,-0.12666345096588796,3.6880949548954205e-09,22.7696,-13.6054
PCMCI,T2M,2,-->,0.09854148818521262,9.705667846486144e-06,22.7696,-13.6054
PCMCI,DTR,1,-->,-0.07998904566369303,0.0006106921799634088,22.7696,-13.6054
PCMCI,PRECT,1,-->,-0.0957252729380537,1.8756559495648407e-05,22.7696,-13.6054
PCMCI,CLOUD_AMT,1,-->,-0.20436076313987572,1.0465387297433734e-23,22.7696,-13.6054
PCMCI+,kc,1,-->,0.11204737219820973,1.5551146687598273e-08,22.7696,-13.6054
PCMCI+,DTR,0,x-x,0.15746208282437874,1.5770704297116405e-15,22.7696,-13.6054
PCMCI+,PRECT,0,-->,-0.10217216273792849,2.5473686933059075e-07,22.7696,-13.6054
PCMCI+,CLOUD_AMT,0,x-x,-0.7222890678373336,0.0,22.7696,-13.6054
PCMCI+,CLOUD_AMT,1,-->,-0.13275873010758585,1.9550410783572123e-11,22.7696,-13.6054
PCMCI,kc,1,-->,0.15003980150590002,9.31159281295784e-13,23.2696,-15.6054
PCMCI,DTR,1,-->,-0.08633993864573647,0.00015696285010226104,23.2696,-15.6054
PCMCI,PRECT,1,-->,-0.08900545302265478,8.725756796694239e-05,23.2696,-15.6054
PCMCI,CLOUD_AMT,1,-->,-0.1955303219657764,1.131884123625852e-21,23.2696,-15.6054
PCMCI+,kc,1,-->,0.1374279296948323,3.681189858357139e-12,23.2696,-15.6054
PCMCI+,DTR,0,x-x,0.12243387820178016,6.32168357143607e-10,23.2696,-15.6054
PCMCI+,PRECT,0,x-x,-0.2021122944641725,8.730920489481747e-25,23.2696,-15.6054
PCMCI+,CLOUD_AMT,0,<--,-0.7464105263147142,0.0,23.2696,-15.6054
PCMCI+,CLOUD_AMT,1,-->,-0.18597807398625193,3.735964247496817e-21,23.2696,-15.6054
PCMCI,kc,1,-->,0.1567045894839929,5.487864843044401e-14,23.2696,-15.1054
PCMCI,T2M,1,-->,-0.07412493401659882,0.001729212991436124,23.2696,-15.1054
PCMCI,T2M,3,-->,0.07664807670791071,0.0010984113888289136,23.2696,-15.1054
PCMCI,DTR,1,-->,-0.0945427345883385,2.4208354430783624e-05,23.2696,-15.1054
PCMCI,PRECT,1,-->,-0.07811205159322913,0.0008287593281021481,23.2696,-15.1054
PCMCI,CLOUD_AMT,1,-->,-0.19676171377798635,5.968787610718654e-22,23.2696,-15.1054
PCMCI+,kc,1,-->,0.1449836855776274,2.2182451522608636e-13,23.2696,-15.1054
PCMCI+,DTR,0,x-x,0.15240630217670845,1.226323349834458e-14,23.2696,-15.1054
PCMCI+,PRECT,0,x-x,-0.17337361010116858,1.498735468059583e-18,23.2696,-15.1054
PCMCI+,CLOUD_AMT,0,x-x,-0.7492654966809961,0.0,23.2696,-15.1054
PCMCI+,CLOUD_AMT,1,-->,-0.1549952423418497,4.298922733889903e-15,23.2696,-15.1054
PCMCI,kc,1,-->,0.1370103406699765,9.237303213792587e-11,23.2696,-14.6054
PCMCI,kc,2,-->,0.0668268230956267,0.006094333795093437,23.2696,-14.6054
PCMCI,T2M,1,-->,-0.07767262946365273,0.0008517579186236029,23.2696,-14.6054
PCMCI,DTR,1,-->,-0.08280918965993031,0.0003142013146251767,23.2696,-14.6054
PCMCI,PRECT,1,-->,-0.0691773393214964,0.004074610406841132,23.2696,-14.6054
PCMCI,CLOUD_AMT,1,-->,-0.21186983819175517,1.5643883144824925e-25,23.2696,-14.6054
PCMCI+,kc,1,-->,0.12307926385251391,5.012448870472007e-10,23.2696,-14.6054
PCMCI+,DTR,0,x-x,0.1552012485467415,4.050935133106962e-15,23.2696,-14.6054
PCMCI+,PRECT,0,x-x,-0.18298854228802067,1.6390915642964518e-20,23.2696,-14.6054
PCMCI+,CLOUD_AMT,0,-->,-0.7004138988505004,0.0,23.2696,-14.6054
PCMCI+,CLOUD_AMT,1,-->,-0.15624525970855754,2.5748868298042013e-15,23.2696,-14.6054
PCMCI,kc,1,-->,0.1370103406699765,9.237303213792587e-11,23.2696,-14.1054
PCMCI,kc,2,-->,0.0668268230956267,0.006094333795093437,23.2696,-14.1054
PCMCI,T2M,1,-->,-0.07767262946365273,0.0008517579186236029,23.2696,-14.1054
PCMCI,DTR,1,-->,-0.08280918965993031,0.0003142013146251767,23.2696,-14.1054
PCMCI,PRECT,1,-->,-0.0691773393214964,0.004074610406841132,23.2696,-14.1054
PCMCI,CLOUD_AMT,1,-->,-0.21186983819175517,1.5643883144824925e-25,23.2696,-14.1054
PCMCI+,kc,1,-->,0.12307926385251391,5.012448870472007e-10,23.2696,-14.1054
PCMCI+,DTR,0,x-x,0.1552012485467415,4.050935133106962e-15,23.2696,-14.1054
PCMCI+,PRECT,0,x-x,-0.18298854228802067,1.6390915642964518e-20,23.2696,-14.1054
PCMCI+,CLOUD_AMT,0,-->,-0.7004138988505004,0.0,23.2696,-14.1054
PCMCI+,CLOUD_AMT,1,-->,-0.15624525970855754,2.5748868298042013e-15,23.2696,-14.1054
PCMCI,kc,1,-->,0.13873740801895687,5.382843319102341e-11,23.2696,-13.6054
PCMCI,T2M,1,-->,-0.08001785800499323,0.0005484434831156232,23.2696,-13.6054
PCMCI,DTR,1,-->,-0.10580691447648093,1.4403310438385174e-06,23.2696,-13.6054
PCMCI,PRECT,1,-->,-0.1338783538303972,2.921758424546885e-10,23.2696,-13.6054
PCMCI,CLOUD_AMT,1,-->,-0.20744405260637308,1.9361569746103195e-24,23.2696,-13.6054
PCMCI+,kc,1,-->,0.13620526644640518,5.718089260542094e-12,23.2696,-13.6054
PCMCI+,DTR,0,x-x,0.15999239208874505,5.401750553110005e-16,23.2696,-13.6054
PCMCI+,PRECT,0,-->,-0.20484101773732874,2.0291234915963347e-25,23.2696,-13.6054
PCMCI+,CLOUD_AMT,0,<--,-0.717102440027761,0.0,23.2696,-13.6054
PCMCI+,CLOUD_AMT,1,-->,-0.1501001710830087,3.108785330304415e-14,23.2696,-13.6054
PCMCI,kc,1,-->,0.14162810864425995,2.1388732311459943e-11,23.2696,-13.1054
PCMCI,T2M,1,-->,-0.09642229352073906,1.7226539240243167e-05,23.2696,-13.1054
PCMCI,DTR,1,-->,-0.10123058630026328,5.337323961254989e-06,23.2696,-13.1054
PCMCI,PRECT,1,-->,-0.11939565478121397,3.4125421629266045e-08,23.2696,-13.1054
PCMCI,CLOUD_AMT,1,-->,-0.20303267060946695,2.1691999887883605e-23,23.2696,-13.1054
PCMCI+,kc,1,-->,0.13781906304033997,3.1947864848287417e-12,23.2696,-13.1054
PCMCI+,DTR,0,x-x,0.1709520147440586,4.5095338773481985e-18,23.2696,-13.1054
PCMCI+,PRECT,0,-->,-0.20620906013095003,9.795915623991905e-26,23.2696,-13.1054
PCMCI+,CLOUD_AMT,0,<--,-0.718041501447821,0.0,23.2696,-13.1054
PCMCI+,CLOUD_AMT,1,-->,-0.14564437261975005,1.7607082693645263e-13,23.2696,-13.1054
PCMCI,kc,1,-->,0.1509605590555663,6.563395432816581e-13,23.7696,-15.6054
PCMCI,DTR,1,-->,-0.11354535522144336,1.7976680365018752e-07,23.7696,-15.6054
PCMCI,DTR,2,-->,0.06545968904564495,0.008896897716907208,23.7696,-15.6054
PCMCI,PRECT,1,-->,-0.07668809833369224,0.0012965224185028225,23.7696,-15.6054
PCMCI,CLOUD_AMT,1,-->,-0.19805843158540626,3.2614431449504993e-22,23.7696,-15.6054
PCMCI+,kc,1,-->,0.14200945972657153,6.546965806890134e-13,23.7696,-15.6054
PCMCI+,DTR,0,<--,0.07659245417217642,0.00011298489052271568,23.7696,-15.6054
PCMCI+,PRECT,0,-->,-0.18540355269643113,4.784760948485239e-21,23.7696,-15.6054
PCMCI+,CLOUD_AMT,0,<--,-0.749810143122662,0.0,23.7696,-15.6054
PCMCI+,CLOUD_AMT,1,-->,-0.18473255629810126,6.535575690257384e-21,23.7696,-15.6054
PCMCI,kc,1,-->,0.1451843593432852,4.992069057259374e-12,23.7696,-15.1054
PCMCI,T2M,1,-->,-0.06557159602660917,0.00747636133142245,23.7696,-15.1054
PCMCI,T2M,3,-->,0.09143949218099988,5.152631688475613e-05,23.7696,-15.1054
PCMCI,PRECT,1,-->,-0.08739132501152778,0.0001290406051524022,23.7696,-15.1054
PCMCI,CLOUD_AMT,1,-->,-0.18973432570694346,2.214011751568674e-20,23.7696,-15.1054
PCMCI+,kc,1,-->,0.14050035543577272,1.172163481276495e-12,23.7696,-15.1054
PCMCI+,DTR,0,x-x,0.13674837150196847,4.749904842146809e-12,23.7696,-15.1054
PCMCI+,PRECT,0,x-x,-0.17573541462985576,4.960322192387587e-19,23.7696,-15.1054
PCMCI+,CLOUD_AMT,0,<--,-0.7426339606671056,0.0,23.7696,-15.1054
PCMCI+,CLOUD_AMT,1,-->,-0.17694818526894848,2.727709104152605e-19,23.7696,-15.1054
PCMCI,kc,1,-->,0.14387324790295963,8.03021385889851e-12,23.7696,-14.6054
PCMCI,kc,2,-->,0.06766077849731357,0.005017168617278791,23.7696,-14.6054
PCMCI,T2M,1,-->,-0.07189030135063695,0.002450097412648876,23.7696,-14.6054
PCMCI,DTR,1,-->,-0.08779438515953746,0.0001144538265735649,23.7696,-14.6054
PCMCI,PRECT,1,-->,-0.06567701923730045,0.0067592312925007425,23.7696,-14.6054
PCMCI,CLOUD_AMT,1,-->,-0.20885662169581584,8.646844422675925e-25,23.7696,-14.6054
PCMCI+,kc,1,-->,0.1279235703051531,1.0098473525739065e-10,23.7696,-14.6054
PCMCI+,DTR,0,x-x,0.18238400671385452,2.1958138189837587e-20,23.7696,-14.6054
PCMCI+,PRECT,0,-->,-0.15367342329726122,7.358108621737903e-15,23.7696,-14.6054
PCMCI+,CLOUD_AMT,0,<--,-0.7420961193275877,0.0,23.7696,-14.6054
PCMCI+,CLOUD_AMT,1,-->,-0.1693874818184896,8.976564951287448e-18,23.7696,-14.6054
PCMCI,kc,1,-->,0.14387324790295963,8.03021385889851e-12,23.7696,-14.1054
PCMCI,kc,2,-->,0.06766077849731357,0.005017168617278791,23.7696,-14.1054
PCMCI,T2M,1,-->,-0.07189030135063695,0.002450097412648876,23.7696,-14.1054
PCMCI,DTR,1,-->,-0.08779438515953746,0.0001144538265735649,23.7696,-14.1054
PCMCI,PRECT,1,-->,-0.06567701923730045,0.0067592312925007425,23.7696,-14.1054
PCMCI,CLOUD_AMT,1,-->,-0.20885662169581584,8.646844422675925e-25,23.7696,-14.1054
PCMCI+,kc,1,-->,0.1279235703051531,1.0098473525739065e-10,23.7696,-14.1054
PCMCI+,DTR,0,x-x,0.18238400671385452,2.1958138189837587e-20,23.7696,-14.1054
PCMCI+,PRECT,0,-->,-0.15367342329726122,7.358108621737903e-15,23.7696,-14.1054
PCMCI+,CLOUD_AMT,0,<--,-0.7420961193275877,0.0,23.7696,-14.1054
PCMCI+,CLOUD_AMT,1,-->,-0.1693874818184896,8.976564951287448e-18,23.7696,-14.1054
PCMCI,kc,1,-->,0.14537675483234286,4.963220403653137e-12,23.7696,-13.6054
PCMCI,T2M,1,-->,-0.06430932488826746,0.009597880993554268,23.7696,-13.6054
PCMCI,DTR,1,-->,-0.10447940068561068,2.1178557871573134e-06,23.7696,-13.6054
PCMCI,PRECT,1,-->,-0.11702415918173846,6.171912818300532e-08,23.7696,-13.6054
PCMCI,CLOUD_AMT,1,-->,-0.2047930802798903,7.722355410009085e-24,23.7696,-13.6054
PCMCI+,kc,1,-->,0.1429960873584462,4.712962626139766e-13,23.7696,-13.6054
PCMCI+,DTR,0,x-x,0.16171220427865796,2.604625564837319e-16,23.7696,-13.6054
PCMCI+,PRECT,0,-->,-0.1982718380421544,6.90961755409408e-24,23.7696,-13.6054
PCMCI+,CLOUD_AMT,0,x-x,-0.7256304963395073,0.0,23.7696,-13.6054
PCMCI+,CLOUD_AMT,1,-->,-0.14523997176091866,2.033244927223375e-13,23.7696,-13.6054
PCMCI,kc,1,-->,0.14654256628735582,3.1062379404221257e-12,23.7696,-13.1054
PCMCI,T2M,1,-->,-0.08562741523966065,0.00020296261041210254,23.7696,-13.1054
PCMCI,DTR,1,-->,-0.10974971483530549,5.669620925775638e-07,23.7696,-13.1054
PCMCI,PRECT,1,-->,-0.100368773837548,6.965909940239182e-06,23.7696,-13.1054
PCMCI,CLOUD_AMT,1,-->,-0.20493830521540002,8.23318118864396e-24,23.7696,-13.1054
PCMCI+,kc,1,-->,0.14451350914288308,2.653636223190045e-13,23.7696,-13.1054
PCMCI+,DTR,0,x-x,0.17181931790896243,3.091580582508428e-18,23.7696,-13.1054
PCMCI+,PRECT,0,x-x,-0.2009245996848929,1.7225948522299665e-24,23.7696,-13.1054
PCMCI+,CLOUD_AMT,0,<--,-0.7214919241821169,0.0,23.7696,-13.1054
PCMCI+,CLOUD_AMT,1,-->,-0.1367242298146096,4.7913483096654326e-12,23.7696,-13.1054
PCMCI,kc,1,-->,0.11599920611880624,1.0536177801195681e-07,23.7696,-12.6054
PCMCI,T2M,1,-->,-0.12239446433187258,1.5139606108363693e-08,23.7696,-12.6054
PCMCI,T2M,2,-->,0.1027545085849777,3.916148652456427e-06,23.7696,-12.6054
PCMCI,DTR,1,-->,-0.07057023890119879,0.0034308532744285795,23.7696,-12.6054
PCMCI,PRECT,1,-->,-0.09888948705079151,9.309874556485336e-06,23.7696,-12.6054
PCMCI,CLOUD_AMT,1,-->,-0.19814311805660384,3.3118825804338787e-22,23.7696,-12.6054
PCMCI+,kc,1,-->,0.10160533025566697,2.920956571070247e-07,23.7696,-12.6054
PCMCI+,DTR,0,x-x,0.18393137177270727,1.0188523208110532e-20,23.7696,-12.6054
PCMCI+,PRECT,0,x-x,-0.22898561037511794,1.6326144517843013e-31,23.7696,-12.6054
PCMCI+,CLOUD_AMT,0,<--,-0.7605780471247612,0.0,23.7696,-12.6054
PCMCI+,CLOUD_AMT,1,-->,-0.14923665517049506,4.269568582598451e-14,23.7696,-12.6054
PCMCI,kc,1,-->,0.12031365611219996,2.592711852305523e-08,23.7696,-12.1054
PCMCI,T2M,1,-->,-0.14042086903544115,2.9626264185168736e-11,23.7696,-12.1054
PCMCI,T2M,2,-->,0.11385681118603597,1.8513433802405963e-07,23.7696,-12.1054
PCMCI,PRECT,1,-->,-0.09666250233849451,1.6496805551792842e-05,23.7696,-12.1054
PCMCI,CLOUD_AMT,1,-->,-0.19923718269700827,1.6486590411358976e-22,23.7696,-12.1054
PCMCI+,kc,1,-->,0.10189132141886363,2.7040335163809614e-07,23.7696,-12.1054
PCMCI+,DTR,0,x-x,0.19302792830092602,1.0992423563173393e-22,23.7696,-12.1054
PCMCI+,PRECT,0,-->,-0.21148485585018376,5.0508345730115765e-27,23.7696,-12.1054
PCMCI+,PS,0,x-x,-0.05367354227500826,0.006893503613766637,23.7696,-12.1054
PCMCI+,CLOUD_AMT,0,<--,-0.7601226282362353,0.0,23.7696,-12.1054
PCMCI+,CLOUD_AMT,1,-->,-0.13762776162821405,3.424252181280942e-12,23.7696,-12.1054
PCMCI,kc,1,-->,0.15142090481514073,4.2643229144675203e-13,24.2696,-15.1054
PCMCI,T2M,1,-->,-0.07026736922184858,0.004025681396673103,24.2696,-15.1054
PCMCI,DTR,1,-->,-0.10593358473700311,1.377130109198221e-06,24.2696,-15.1054
PCMCI,PRECT,1,-->,-0.07334330923123288,0.0023846070352450603,24.2696,-15.1054
PCMCI,CLOUD_AMT,1,-->,-0.18003289258622565,2.238340624204405e-18,24.2696,-15.1054
PCMCI,CLOUD_AMT,2,-->,0.06504014895667265,0.009423306410450121,24.2696,-15.1054
PCMCI+,kc,1,-->,0.13333923240591486,1.5380322253233904e-11,24.2696,-15.1054
PCMCI+,DTR,0,x-x,0.15167079975103165,1.6269672905962695e-14,24.2696,-15.1054
PCMCI+,PRECT,0,x-x,-0.19389794906831606,6.763337078943123e-23,24.2696,-15.1054
PCMCI+,CLOUD_AMT,0,x-x,-0.7180271296063937,0.0,24.2696,-15.1054
PCMCI+,CLOUD_AMT,1,-->,-0.15870064282114946,9.056270127903596e-16,24.2696,-15.1054
PCMCI,kc,1,-->,0.16038422837402988,1.124883189214082e-14,24.2696,-14.6054
PCMCI,kc,2,-->,0.07052101244425679,0.0035371989292872293,24.2696,-14.6054
PCMCI,T2M,1,-->,-0.0851674078473807,0.00021045629708717775,24.2696,-14.6054
PCMCI,DTR,1,-->,-0.08855385530245069,9.870019020260653e-05,24.2696,-14.6054
PCMCI,PRECT,1,-->,-0.06872270007319947,0.0045817719357821585,24.2696,-14.6054
PCMCI,CLOUD_AMT,1,-->,-0.19096617118264253,1.1910944567199929e-20,24.2696,-14.6054
PCMCI,CLOUD_AMT,2,-->,0.06922521203889224,0.004304134443817503,24.2696,-14.6054
PCMCI+,kc,1,-->,0.14858291900930734,5.517541178053709e-14,24.2696,-14.6054
PCMCI+,DTR,0,x-x,0.14306988970799497,4.681339692479416e-13,24.2696,-14.6054
PCMCI+,PRECT,0,x-x,-0.15225907443200404,1.3009468333459607e-14,24.2696,-14.6054
PCMCI+,CLOUD_AMT,0,x-x,-0.7218685200667196,0.0,24.2696,-14.6054
PCMCI+,CLOUD_AMT,1,-->,-0.15454578722520437,5.100587152980782e-15,24.2696,-14.6054
PCMCI,kc,1,-->,0.16038422837402988,1.124883189214082e-14,24.2696,-14.1054
PCMCI,kc,2,-->,0.07052101244425679,0.0035371989292872293,24.2696,-14.1054
PCMCI,T2M,1,-->,-0.0851674078473807,0.00021045629708717775,24.2696,-14.1054
PCMCI,DTR,1,-->,-0.08855385530245069,9.870019020260653e-05,24.2696,-14.1054
PCMCI,PRECT,1,-->,-0.06872270007319947,0.0045817719357821585,24.2696,-14.1054
PCMCI,CLOUD_AMT,1,-->,-0.19096617118264253,1.1910944567199929e-20,24.2696,-14.1054
PCMCI,CLOUD_AMT,2,-->,0.06922521203889224,0.004304134443817503,24.2696,-14.1054
PCMCI+,kc,1,-->,0.14858291900930734,5.517541178053709e-14,24.2696,-14.1054
PCMCI+,DTR,0,x-x,0.14306988970799497,4.681339692479416e-13,24.2696,-14.1054
PCMCI+,PRECT,0,x-x,-0.15225907443200404,1.3009468333459607e-14,24.2696,-14.1054
PCMCI+,CLOUD_AMT,0,x-x,-0.7218685200667196,0.0,24.2696,-14.1054
PCMCI+,CLOUD_AMT,1,-->,-0.15454578722520437,5.100587152980782e-15,24.2696,-14.1054
PCMCI,kc,1,-->,0.1474514509228956,2.2322786864238597e-12,24.2696,-13.6054
PCMCI,kc,2,-->,0.06528566860542909,0.007742552654429597,24.2696,-13.6054
PCMCI,DTR,1,-->,-0.09085487897614418,6.215649444779666e-05,24.2696,-13.6054
PCMCI,PRECT,1,-->,-0.12471343073232176,5.43971677438441e-09,24.2696,-13.6054
PCMCI,CLOUD_AMT,1,-->,-0.19149272164223222,8.624063175295293e-21,24.2696,-13.6054
PCMCI,CLOUD_AMT,2,-->,0.07322911063836615,0.0022463260179253325,24.2696,-13.6054
PCMCI+,kc,1,-->,0.1421080007945041,6.57747429594125e-13,24.2696,-13.6054
PCMCI+,DTR,0,x-x,0.18393654947757454,1.0162846617851295e-20,24.2696,-13.6054
PCMCI+,PRECT,0,x-x,-0.20084802118241823,1.757712296736272e-24,24.2696,-13.6054
PCMCI+,CLOUD_AMT,0,<--,-0.7246960740488955,0.0,24.2696,-13.6054
PCMCI+,CLOUD_AMT,1,-->,-0.14531368550041684,1.9983172204316558e-13,24.2696,-13.6054
PCMCI,kc,1,-->,0.1455128378772056,4.462261829616226e-12,24.2696,-13.1054
PCMCI,T2M,1,-->,-0.06447232668367267,0.009664598410595956,24.2696,-13.1054
PCMCI,DTR,1,-->,-0.09804155366611696,1.1731265741691307e-05,24.2696,-13.1054
PCMCI,PRECT,1,-->,-0.11829998574732394,4.407821624871327e-08,24.2696,-13.1054
PCMCI,CLOUD_AMT,1,-->,-0.1935881212372856,2.8186684548615957e-21,24.2696,-13.1054
PCMCI,CLOUD_AMT,2,-->,0.0780795865402482,0.0008942468984898245,24.2696,-13.1054
PCMCI+,kc,1,-->,0.14359372116294908,3.761526113801188e-13,24.2696,-13.1054
PCMCI+,DTR,0,x-x,0.1439047739646221,3.4893043788358937e-13,24.2696,-13.1054
PCMCI+,PRECT,0,-->,-0.18201133995572275,2.5401664797010994e-20,24.2696,-13.1054
PCMCI+,CLOUD_AMT,0,<--,-0.7242114601478804,0.0,24.2696,-13.1054
PCMCI+,CLOUD_AMT,1,-->,-0.11740690707466794,3.0716269020616752e-09,24.2696,-13.1054
PCMCI,kc,1,-->,0.11812272921530408,5.2850781343453815e-08,24.2696,-12.6054
PCMCI,kc,2,-->,0.06566198436183313,0.007727232280283225,24.2696,-12.6054
PCMCI,T2M,1,-->,-0.11274004532386633,2.6648811366988224e-07,24.2696,-12.6054
PCMCI,T2M,2,-->,0.0787723507603511,0.000865969339397559,24.2696,-12.6054
PCMCI,DTR,1,-->,-0.07625485250229894,0.0013865035489159685,24.2696,-12.6054
PCMCI,PRECT,1,-->,-0.10290883341791965,3.778736033515649e-06,24.2696,-12.6054
PCMCI,CLOUD_AMT,1,-->,-0.21219632782394882,1.482715415034351e-25,24.2696,-12.6054
PCMCI,CLOUD_AMT,2,-->,0.07180725745266728,0.002771832964441156,24.2696,-12.6054
PCMCI+,kc,1,-->,0.10213446713352192,2.545693854810866e-07,24.2696,-12.6054
PCMCI+,DTR,0,x-x,0.1683778194312803,1.4713312378709506e-17,24.2696,-12.6054
PCMCI+,PRECT,0,-->,-0.21882715828071925,7.539152361159172e-29,24.2696,-12.6054
PCMCI+,CLOUD_AMT,0,<--,-0.7455864343925744,0.0,24.2696,-12.6054
PCMCI+,CLOUD_AMT,1,-->,-0.14430478494311128,2.842228750022129e-13,24.2696,-12.6054
PCMCI,kc,1,-->,0.11518380384087307,1.1749145530119022e-07,24.2696,-12.1054
PCMCI,kc,2,-->,0.06713665662414645,0.005990433262668139,24.2696,-12.1054
PCMCI,T2M,1,-->,-0.15526685322530956,1.1319673298524063e-13,24.2696,-12.1054
PCMCI,T2M,2,-->,0.09075774745694518,6.785543269192403e-05,24.2696,-12.1054
PCMCI,T2M,3,-->,0.06544228628605882,0.007931621299217952,24.2696,-12.1054
PCMCI,PRECT,1,-->,-0.10871914904361529,7.069564955297231e-07,24.2696,-12.1054
PCMCI,CLOUD_AMT,1,-->,-0.19375892041626527,2.7578414586880642e-21,24.2696,-12.1054
PCMCI,CLOUD_AMT,2,-->,0.0842017437246694,0.0002783155928818706,24.2696,-12.1054
PCMCI+,kc,1,-->,0.1080223970555131,5.008817809787082e-08,24.2696,-12.1054
PCMCI+,T2M,1,-->,-0.059502141505448206,0.002742085029839742,24.2696,-12.1054
PCMCI+,DTR,0,x-x,0.16551431657385923,5.4154394532064554e-17,24.2696,-12.1054
PCMCI+,PRECT,0,-->,-0.19521865431836005,3.552438521901775e-23,24.2696,-12.1054
PCMCI+,PS,0,x-x,-0.05612136485471122,0.00473098568130184,24.2696,-12.1054
PCMCI+,CLOUD_AMT,0,<--,-0.7503899222357819,0.0,24.2696,-12.1054
PCMCI+,CLOUD_AMT,1,-->,-0.12229204350985388,6.51586095664634e-10,24.2696,-12.1054
PCMCI,kc,1,-->,0.1610398098121486,9.474227333851085e-15,24.7696,-14.6054
PCMCI,kc,2,-->,0.07200343834002568,0.0029131102447827848,24.7696,-14.6054
PCMCI,T2M,1,-->,-0.08341864706258846,0.0003118742193255868,24.7696,-14.6054
PCMCI,DTR,1,-->,-0.09304816091519148,3.699910573887609e-05,24.7696,-14.6054
PCMCI,PRECT,1,-->,-0.06666532687724044,0.006847039554667714,24.7696,-14.6054
PCMCI,CLOUD_AMT,1,-->,-0.18746122941048832,7.402161626820364e-20,24.7696,-14.6054
PCMCI,CLOUD_AMT,2,-->,0.07260871185161222,0.0026614427042626946,24.7696,-14.6054
PCMCI+,kc,1,-->,0.15922956564133414,7.160727748715722e-16,24.7696,-14.6054
PCMCI+,DTR,0,x-x,0.13505671548978168,8.698499392151046e-12,24.7696,-14.6054
PCMCI+,PRECT,0,-->,-0.14913703609929677,4.4911026033813405e-14,24.7696,-14.6054
PCMCI+,CLOUD_AMT,0,x-x,-0.7612878943211594,0.0,24.7696,-14.6054
PCMCI+,CLOUD_AMT,1,-->,-0.16082503652048982,3.6986863569603484e-16,24.7696,-14.6054
PCMCI,kc,1,-->,0.1610398098121486,9.474227333851085e-15,24.7696,-14.1054
PCMCI,kc,2,-->,0.07200343834002568,0.0029131102447827848,24.7696,-14.1054
PCMCI,T2M,1,-->,-0.08341864706258846,0.0003118742193255868,24.7696,-14.1054
PCMCI,DTR,1,-->,-0.09304816091519148,3.699910573887609e-05,24.7696,-14.1054
PCMCI,PRECT,1,-->,-0.06666532687724044,0.006847039554667714,24.7696,-14.1054
PCMCI,CLOUD_AMT,1,-->,-0.18746122941048832,7.402161626820364e-20,24.7696,-14.1054
PCMCI,CLOUD_AMT,2,-->,0.07260871185161222,0.0026614427042626946,24.7696,-14.1054
PCMCI+,kc,1,-->,0.15922956564133414,7.160727748715722e-16,24.7696,-14.1054
PCMCI+,DTR,0,x-x,0.13505671548978168,8.698499392151046e-12,24.7696,-14.1054
PCMCI+,PRECT,0,-->,-0.14913703609929677,4.4911026033813405e-14,24.7696,-14.1054
PCMCI+,CLOUD_AMT,0,x-x,-0.7612878943211594,0.0,24.7696,-14.1054
PCMCI+,CLOUD_AMT,1,-->,-0.16082503652048982,3.6986863569603484e-16,24.7696,-14.1054
PCMCI,kc,1,-->,0.15298327602485173,2.822663136266872e-13,24.7696,-13.6054
PCMCI,kc,2,-->,0.06522150285214266,0.008557120919202486,24.7696,-13.6054
PCMCI,DTR,1,-->,-0.0853663176925954,0.00020330057094157156,24.7696,-13.6054
PCMCI,PRECT,1,-->,-0.09932891152733336,8.25328955224015e-06,24.7696,-13.6054
PCMCI,CLOUD_AMT,1,-->,-0.18845023138103886,4.731005975611155e-20,24.7696,-13.6054
PCMCI,CLOUD_AMT,2,-->,0.0756521518889172,0.0014435629606397544,24.7696,-13.6054
PCMCI+,kc,1,-->,0.14593777877440164,1.5391734591426576e-13,24.7696,-13.6054
PCMCI+,DTR,0,x-x,0.18089806953354154,4.411270206684567e-20,24.7696,-13.6054
PCMCI+,PRECT,0,x-x,-0.18647979461656733,2.91623470531849e-21,24.7696,-13.6054
PCMCI+,CLOUD_AMT,0,<--,-0.7594926928265374,0.0,24.7696,-13.6054
PCMCI+,CLOUD_AMT,1,-->,-0.15397440786081024,6.434340113559171e-15,24.7696,-13.6054
PCMCI,kc,1,-->,0.1555730877528825,9.879661666323353e-14,24.7696,-13.1054
PCMCI,kc,2,-->,0.06696799849357445,0.007255279751362782,24.7696,-13.1054
PCMCI,DTR,1,-->,-0.07761399000966646,0.0010189112250551349,24.7696,-13.1054
PCMCI,PRECT,1,-->,-0.09467145070744633,2.6246536561701946e-05,24.7696,-13.1054
PCMCI,CLOUD_AMT,1,-->,-0.18741567678453713,6.780665169084014e-20,24.7696,-13.1054
PCMCI,CLOUD_AMT,2,-->,0.10221923784467093,4.575896872935649e-06,24.7696,-13.1054
PCMCI+,kc,1,-->,0.14846919646165835,5.768558080397877e-14,24.7696,-13.1054
PCMCI+,DTR,0,x-x,0.1861505830268784,3.4312093200409e-21,24.7696,-13.1054
PCMCI+,PRECT,0,x-x,-0.1659522406124793,4.1089306113547156e-17,24.7696,-13.1054
PCMCI+,CLOUD_AMT,0,-->,-0.7613770300530104,0.0,24.7696,-13.1054
PCMCI+,CLOUD_AMT,1,-->,-0.11693622807515411,3.5523339423258318e-09,24.7696,-13.1054
PCMCI,kc,1,-->,0.12249855973181059,1.4826169136326437e-08,24.7696,-12.6054
PCMCI,T2M,1,-->,-0.09645910690383715,1.9593437679394e-05,24.7696,-12.6054
PCMCI,DTR,1,-->,-0.07092723762979004,0.00326876310262589,24.7696,-12.6054
PCMCI,PRECT,1,-->,-0.09676838576798914,1.843441823703188e-05,24.7696,-12.6054
PCMCI,CLOUD_AMT,1,-->,-0.2070640078269477,2.6064411311477733e-24,24.7696,-12.6054
PCMCI,CLOUD_AMT,2,-->,0.07211206496075989,0.0027230673822536714,24.7696,-12.6054
PCMCI+,kc,1,-->,0.10482257297749477,1.2254142492850573e-07,24.7696,-12.6054
PCMCI+,DTR,0,x-x,0.17749220280964767,2.2913221860970955e-19,24.7696,-12.6054
PCMCI+,PRECT,0,-->,-0.19014778494921517,4.754892418854524e-22,24.7696,-12.6054
PCMCI+,CLOUD_AMT,0,<--,-0.7669897311217602,0.0,24.7696,-12.6054
PCMCI+,CLOUD_AMT,1,-->,-0.1574421867954834,1.5501288154391735e-15,24.7696,-12.6054
PCMCI,kc,1,-->,0.1204583979642728,2.663611790332084e-08,24.7696,-12.1054
PCMCI,kc,2,-->,0.06682858626750361,0.007165265498814759,24.7696,-12.1054
PCMCI,T2M,1,-->,-0.1425081292129789,1.500312829926763e-11,24.7696,-12.1054
PCMCI,T2M,2,-->,0.07927027684790272,0.0007221047977132405,24.7696,-12.1054
PCMCI,PRECT,1,-->,-0.1010136363904395,6.301579872171638e-06,24.7696,-12.1054
PCMCI,CLOUD_AMT,1,-->,-0.2047604364142853,8.50071277871121e-24,24.7696,-12.1054
PCMCI,CLOUD_AMT,2,-->,0.0858692143456263,0.0001975271769941365,24.7696,-12.1054
PCMCI+,kc,1,-->,0.104355241250235,1.386783998685935e-07,24.7696,-12.1054
PCMCI+,DTR,0,<--,0.19112404643580114,2.9569207462531515e-22,24.7696,-12.1054
PCMCI+,PRECT,0,-->,-0.17772041439687258,1.9927365265409391e-19,24.7696,-12.1054
PCMCI+,PS,0,x-x,-0.07022006393508587,0.00040512643895446805,24.7696,-12.1054
PCMCI+,CLOUD_AMT,0,<--,-0.7751410082934379,0.0,24.7696,-12.1054
PCMCI+,CLOUD_AMT,1,-->,-0.14100681047973765,9.814294972410224e-13,24.7696,-12.1054
PCMCI,kc,1,-->,0.13793062732063588,7.823631032665808e-11,25.2696,-14.6054
PCMCI,T2M,1,-->,-0.1348308022928536,2.3622941705292073e-10,25.2696,-14.6054
PCMCI,T2M,2,-->,0.06887710299575252,0.005377804206067465,25.2696,-14.6054
PCMCI,T2M,3,-->,0.08090900166866354,0.0005632449296912047,25.2696,-14.6054
PCMCI,PS,1,-->,0.07411112535190288,0.0022100817200892352,25.2696,-14.6054
PCMCI,CLOUD_AMT,1,-->,-0.15553055787882544,1.0418764397851056e-13,25.2696,-14.6054
PCMCI+,kc,1,-->,0.09232834037395833,3.2198160348090643e-06,25.2696,-14.6054
PCMCI+,T2M,0,<--,-0.12327546701305267,4.853022030105666e-10,25.2696,-14.6054
PCMCI+,DTR,0,<--,0.09659049196466137,1.1089514242443818e-06,25.2696,-14.6054
PCMCI+,PRECT,0,<--,-0.15833849328684488,1.0537034989414257e-15,25.2696,-14.6054
PCMCI+,CLOUD_AMT,0,o-o,-0.7814412924431038,0.0,25.2696,-14.6054
PCMCI+,CLOUD_AMT,1,-->,-0.13953477848151513,1.6737619768673241e-12,25.2696,-14.6054
PCMCI,kc,1,-->,0.13793062732063588,7.823631032665808e-11,25.2696,-14.1054
PCMCI,T2M,1,-->,-0.1348308022928536,2.3622941705292073e-10,25.2696,-14.1054
PCMCI,T2M,2,-->,0.06887710299575252,0.005377804206067465,25.2696,-14.1054
PCMCI,T2M,3,-->,0.08090900166866354,0.0005632449296912047,25.2696,-14.1054
PCMCI,PS,1,-->,0.07411112535190288,0.0022100817200892352,25.2696,-14.1054
PCMCI,CLOUD_AMT,1,-->,-0.15553055787882544,1.0418764397851056e-13,25.2696,-14.1054
PCMCI+,kc,1,-->,0.09232834037395833,3.2198160348090643e-06,25.2696,-14.1054
PCMCI+,T2M,0,<--,-0.12327546701305267,4.853022030105666e-10,25.2696,-14.1054
PCMCI+,DTR,0,<--,0.09659049196466137,1.1089514242443818e-06,25.2696,-14.1054
PCMCI+,PRECT,0,<--,-0.15833849328684488,1.0537034989414257e-15,25.2696,-14.1054
PCMCI+,CLOUD_AMT,0,o-o,-0.7814412924431038,0.0,25.2696,-14.1054
PCMCI+,CLOUD_AMT,1,-->,-0.13953477848151513,1.6737619768673241e-12,25.2696,-14.1054
PCMCI,kc,1,-->,0.17353033587240904,5.1138662398299465e-17,25.2696,-13.6054
PCMCI,T2M,1,-->,-0.07818455582080462,0.001078202387966597,25.2696,-13.6054
PCMCI,PRECT,1,-->,-0.09554380000675411,2.280715913092231e-05,25.2696,-13.6054
PCMCI,CLOUD_AMT,1,-->,-0.17262600300689745,7.176741421621192e-17,25.2696,-13.6054
PCMCI,CLOUD_AMT,2,-->,0.06994996135040261,0.004953888046057923,25.2696,-13.6054
PCMCI+,kc,1,-->,0.1421969619825105,6.36207318311195e-13,25.2696,-13.6054
PCMCI+,DTR,0,<--,0.22827015813263496,2.7491781383113466e-31,25.2696,-13.6054
PCMCI+,PRECT,0,-->,-0.16018951645269078,4.841098161294622e-16,25.2696,-13.6054
PCMCI+,CLOUD_AMT,0,<--,-0.7433776851052273,0.0,25.2696,-13.6054
PCMCI+,CLOUD_AMT,1,-->,-0.16262657700609376,1.7378014825492897e-16,25.2696,-13.6054
PCMCI,kc,1,-->,0.17496031608169224,2.4071521245703817e-17,25.2696,-13.1054
PCMCI,T2M,1,-->,-0.07818907754618479,0.0009698412135695561,25.2696,-13.1054
PCMCI,PRECT,1,-->,-0.08177260191325436,0.0004677673471779556,25.2696,-13.1054
PCMCI,CLOUD_AMT,1,-->,-0.1736127415856011,4.1270487638902013e-17,25.2696,-13.1054
PCMCI,CLOUD_AMT,2,-->,0.080646192455935,0.0005799418214984912,25.2696,-13.1054
PCMCI+,kc,1,-->,0.14053139213783913,1.1946472678586654e-12,25.2696,-13.1054
PCMCI+,DTR,0,<--,0.22027634076311026,3.294548822005398e-29,25.2696,-13.1054
PCMCI+,PRECT,0,x-x,-0.14030268195285706,1.2869041995217207e-12,25.2696,-13.1054
PCMCI+,CLOUD_AMT,0,x-x,-0.7467709993079515,0.0,25.2696,-13.1054
PCMCI+,CLOUD_AMT,1,-->,-0.10670999066501681,7.269164073825715e-08,25.2696,-13.1054
PCMCI,kc,1,-->,0.1605798819467573,1.1957032301579408e-14,25.2696,-12.6054
PCMCI,T2M,1,-->,-0.07762892073776588,0.0009763747021539553,25.2696,-12.6054
PCMCI,DTR,1,-->,-0.07170121828086541,0.0030224260520405675,25.2696,-12.6054
PCMCI,PRECT,1,-->,-0.09037411433261679,7.034860787342346e-05,25.2696,-12.6054
PCMCI,CLOUD_AMT,1,-->,-0.18008629884079685,2.4353622319099997e-18,25.2696,-12.6054
PCMCI+,kc,1,-->,0.15360677898743508,7.744916584345229e-15,25.2696,-12.6054
PCMCI+,DTR,0,x-x,0.12216050442408931,6.956840373449731e-10,25.2696,-12.6054
PCMCI+,PRECT,0,x-x,-0.14850720974630535,5.81382102703486e-14,25.2696,-12.6054
PCMCI+,CLOUD_AMT,0,x-x,-0.714310546085965,0.0,25.2696,-12.6054
PCMCI+,CLOUD_AMT,1,-->,-0.10585409455210118,9.299755868739013e-08,25.2696,-12.6054
PCMCI,kc,1,-->,0.1573930861888383,4.143286392691517e-14,25.2696,-12.1054
PCMCI,T2M,1,-->,-0.09555704198257174,2.3768223872783396e-05,25.2696,-12.1054
PCMCI,PRECT,1,-->,-0.09348065948749028,3.596552430751105e-05,25.2696,-12.1054
PCMCI,CLOUD_AMT,1,-->,-0.18109922056117375,1.2622182726443893e-18,25.2696,-12.1054
PCMCI,CLOUD_AMT,2,-->,0.06710680247563597,0.007712691248688951,25.2696,-12.1054
PCMCI+,kc,1,-->,0.15284715940228807,1.0148882728717795e-14,25.2696,-12.1054
PCMCI+,T2M,1,-->,-0.05785482697733721,0.003575747911871934,25.2696,-12.1054
PCMCI+,DTR,0,x-x,0.1272274320070839,1.341621012491113e-10,25.2696,-12.1054
PCMCI+,PRECT,0,x-x,-0.1679101373135064,1.7085606556062685e-17,25.2696,-12.1054
PCMCI+,CLOUD_AMT,0,x-x,-0.7528807324707639,0.0,25.2696,-12.1054
PCMCI+,CLOUD_AMT,1,-->,-0.10857741875254175,4.247183460198343e-08,25.2696,-12.1054
PCMCI,kc,1,-->,0.1382412994006691,6.706669764742952e-11,25.7696,-14.6054
PCMCI,T2M,1,-->,-0.12473158649595455,7.03180968056489e-09,25.7696,-14.6054
PCMCI,T2M,2,-->,0.06618063610586741,0.008309120912881333,25.7696,-14.6054
PCMCI,PS,1,-->,0.07708383635292185,0.0013919169341879251,25.7696,-14.6054
PCMCI,CLOUD_AMT,1,-->,-0.15091311050209394,5.807325997102187e-13,25.7696,-14.6054
PCMCI+,kc,1,-->,0.1262873403390352,1.7757498157941809e-10,25.7696,-14.6054
PCMCI+,T2M,0,<--,-0.1312592753815484,3.4106349860394646e-11,25.7696,-14.6054
PCMCI+,PRECT,0,x-x,-0.15732866279945995,1.6248973495564284e-15,25.7696,-14.6054
PCMCI+,CLOUD_AMT,0,<--,-0.7797175289575113,0.0,25.7696,-14.6054
PCMCI+,CLOUD_AMT,1,-->,-0.1375224284713799,3.5229451687526337e-12,25.7696,-14.6054
PCMCI,kc,1,-->,0.1382412994006691,6.706669764742952e-11,25.7696,-14.1054
PCMCI,T2M,1,-->,-0.12473158649595455,7.03180968056489e-09,25.7696,-14.1054
PCMCI,T2M,2,-->,0.06618063610586741,0.008309120912881333,25.7696,-14.1054
PCMCI,PS,1,-->,0.07708383635292185,0.0013919169341879251,25.7696,-14.1054
PCMCI,CLOUD_AMT,1,-->,-0.15091311050209394,5.807325997102187e-13,25.7696,-14.1054
PCMCI+,kc,1,-->,0.1262873403390352,1.7757498157941809e-10,25.7696,-14.1054
PCMCI+,T2M,0,<--,-0.1312592753815484,3.4106349860394646e-11,25.7696,-14.1054
PCMCI+,PRECT,0,x-x,-0.15732866279945995,1.6248973495564284e-15,25.7696,-14.1054
PCMCI+,CLOUD_AMT,0,<--,-0.7797175289575113,0.0,25.7696,-14.1054
PCMCI+,CLOUD_AMT,1,-->,-0.1375224284713799,3.5229451687526337e-12,25.7696,-14.1054
PCMCI,kc,1,-->,0.17135942836324136,1.2558789268682723e-16,25.7696,-13.6054
PCMCI,T2M,1,-->,-0.07460322331718086,0.0020140743374390865,25.7696,-13.6054
PCMCI,PRECT,1,-->,-0.06906423187451097,0.004845800076053376,25.7696,-13.6054
PCMCI,CLOUD_AMT,1,-->,-0.17382389335365442,4.33336299002468e-17,25.7696,-13.6054
PCMCI,CLOUD_AMT,2,-->,0.09111408611269242,6.426079645870893e-05,25.7696,-13.6054
PCMCI+,kc,1,-->,0.15210528797201736,1.3836621538441836e-14,25.7696,-13.6054
PCMCI+,DTR,0,<--,0.1798694218951696,7.330096229962084e-20,25.7696,-13.6054
PCMCI+,PRECT,0,<--,-0.16319711557472158,1.3413436660929466e-16,25.7696,-13.6054
PCMCI+,CLOUD_AMT,0,<--,-0.7326123512905512,0.0,25.7696,-13.6054
PCMCI+,CLOUD_AMT,1,-->,-0.16175354246615867,2.5249196937240507e-16,25.7696,-13.6054
PCMCI,kc,1,-->,0.17324086979502984,5.590926216834391e-17,25.7696,-13.1054
PCMCI,T2M,1,-->,-0.07731070877606401,0.001135898534259739,25.7696,-13.1054
PCMCI,PRECT,1,-->,-0.06920746735718859,0.005051425301342985,25.7696,-13.1054
PCMCI,CLOUD_AMT,1,-->,-0.1725678074417409,6.878173603587232e-17,25.7696,-13.1054
PCMCI,CLOUD_AMT,2,-->,0.06837307954554461,0.005789768436520261,25.7696,-13.1054
PCMCI+,kc,1,-->,0.1513205834013161,1.871058530950268e-14,25.7696,-13.1054
PCMCI+,DTR,0,<--,0.21040040074154862,9.744483113864236e-27,25.7696,-13.1054
PCMCI+,PRECT,0,<--,-0.14954736439782423,3.778176255891468e-14,25.7696,-13.1054
PCMCI+,CLOUD_AMT,0,<--,-0.7480493399265049,0.0,25.7696,-13.1054
PCMCI+,CLOUD_AMT,1,-->,-0.15385339944542084,6.758038909681257e-15,25.7696,-13.1054
PCMCI,kc,1,-->,0.16435478276030108,2.203125810924532e-15,25.7696,-12.6054
PCMCI,T2M,1,-->,-0.07058321962188278,0.004096026418445159,25.7696,-12.6054
PCMCI,DTR,1,-->,-0.06817893304318147,0.005987781230373242,25.7696,-12.6054
PCMCI,PRECT,1,-->,-0.06971265250899801,0.004685869892376802,25.7696,-12.6054
PCMCI,CLOUD_AMT,1,-->,-0.17919778502943604,3.4473826171963607e-18,25.7696,-12.6054
PCMCI+,kc,1,-->,0.15581806760537648,3.107831508152297e-15,25.7696,-12.6054
PCMCI+,DTR,0,x-x,0.16925838533836787,9.510183195457488e-18,25.7696,-12.6054
PCMCI+,PRECT,0,x-x,-0.1387660278078852,2.308434504717117e-12,25.7696,-12.6054
PCMCI+,CLOUD_AMT,0,<--,-0.753288859057461,0.0,25.7696,-12.6054
PCMCI+,CLOUD_AMT,1,-->,-0.14408006667839832,3.1623115834584774e-13,25.7696,-12.6054
PCMCI,kc,1,-->,0.15862746671328443,2.62522418677458e-14,25.7696,-12.1054
PCMCI,T2M,1,-->,-0.08169459769221397,0.00044325124871303295,25.7696,-12.1054
PCMCI,WS10M,1,-->,-0.0684784524515752,0.005553702676282277,25.7696,-12.1054
PCMCI,PRECT,1,-->,-0.08702076098431538,0.00016371298111551126,25.7696,-12.1054
PCMCI,CLOUD_AMT,1,-->,-0.18155469765658283,1.207461715195982e-18,25.7696,-12.1054
PCMCI,CLOUD_AMT,2,-->,0.0667797651075923,0.007454744002686358,25.7696,-12.1054
PCMCI+,kc,1,-->,0.1570977770881475,1.7655407293983892e-15,25.7696,-12.1054
PCMCI+,DTR,0,x-x,0.09686669500061802,1.038080230371487e-06,25.7696,-12.1054
PCMCI+,PRECT,0,x-x,-0.1617589769156595,2.5531791548550268e-16,25.7696,-12.1054
PCMCI+,CLOUD_AMT,0,x-x,-0.7209446469121071,0.0,25.7696,-12.1054
PCMCI+,CLOUD_AMT,1,-->,-0.1417328191309133,7.567357426974807e-13,25.7696,-12.1054
PCMCI,kc,1,-->,0.10260684750975922,4.215947862469305e-06,26.2696,-14.1054
PCMCI,T2M,1,-->,-0.0823652655997477,0.0005174930335188868,26.2696,-14.1054
PCMCI,CLOUD_AMT,1,-->,-0.1885049656617522,4.357957852925731e-20,26.2696,-14.1054
PCMCI+,kc,1,-->,0.09819327265418315,7.290993172188577e-07,26.2696,-14.1054
PCMCI+,T2M,0,<--,-0.05739859500080222,0.0038693192653515324,26.2696,-14.1054
PCMCI+,PRECT,0,<--,-0.08537847661181196,1.6804976569384082e-05,26.2696,-14.1054
PCMCI+,CLOUD_AMT,0,-->,-0.7738567540768543,0.0,26.2696,-14.1054
PCMCI+,CLOUD_AMT,1,-->,0.1635617124061578,1.1461607914915306e-16,26.2696,-14.1054
PCMCI,kc,1,-->,0.13612389990612087,1.6119977574104071e-10,26.2696,-13.6054
PCMCI,T2M,1,-->,-0.07613897878789105,0.0016170849038052723,26.2696,-13.6054
PCMCI,WS10M,1,-->,-0.08038893057602986,0.0007330204907821683,26.2696,-13.6054
PCMCI,CLOUD_AMT,1,-->,-0.17738217606492176,7.687562355102888e-18,26.2696,-13.6054
PCMCI,CLOUD_AMT,2,-->,0.07384894557153637,0.002454868944800717,26.2696,-13.6054
PCMCI+,kc,1,-->,0.12601441258938237,1.897050308117514e-10,26.2696,-13.6054
PCMCI+,DTR,0,<--,0.1544717671924346,5.321550499600197e-15,26.2696,-13.6054
PCMCI+,WS10M,0,x-x,-0.07851051997022408,7.562752213428499e-05,26.2696,-13.6054
PCMCI+,PRECT,0,x-x,-0.15524570494727438,3.832858386071613e-15,26.2696,-13.6054
PCMCI+,CLOUD_AMT,0,-->,-0.7383466078073854,0.0,26.2696,-13.6054
PCMCI+,CLOUD_AMT,1,-->,-0.15127563935442825,1.8388144876802438e-14,26.2696,-13.6054
PCMCI,kc,1,-->,0.1275465575155954,3.2582302401004024e-09,26.2696,-13.1054
PCMCI,T2M,1,-->,-0.08116241125343063,0.0005958929374140488,26.2696,-13.1054
PCMCI,WS10M,1,-->,-0.10559368094231227,1.855720356219883e-06,26.2696,-13.1054
PCMCI,WS10M,2,-->,0.07282200331108704,0.0030178512594446517,26.2696,-13.1054
PCMCI,CLOUD_AMT,1,-->,-0.17889556688760647,3.533074519805536e-18,26.2696,-13.1054
PCMCI,CLOUD_AMT,2,-->,0.0696488768363289,0.00497424749525342,26.2696,-13.1054
PCMCI+,kc,1,-->,0.11956470539564193,1.5427327125965662e-09,26.2696,-13.1054
PCMCI+,DTR,0,<--,0.20603405839557776,1.055186543607093e-25,26.2696,-13.1054
PCMCI+,PRECT,0,-->,-0.1317076205011565,2.7686163741814383e-11,26.2696,-13.1054
PCMCI+,CLOUD_AMT,0,<--,-0.7365317257812334,0.0,26.2696,-13.1054
PCMCI+,CLOUD_AMT,1,-->,-0.15578041032297898,3.0025997045940273e-15,26.2696,-13.1054
PCMCI,kc,1,-->,0.14150388285554896,2.0043147960036185e-11,26.2696,-12.6054
PCMCI,T2M,1,-->,-0.07174048053136953,0.003760008544087141,26.2696,-12.6054
PCMCI,WS10M,1,-->,-0.09061818848972308,7.48572648120302e-05,26.2696,-12.6054
PCMCI,PS,1,-->,0.07247294292292011,0.003284834607905227,26.2696,-12.6054
PCMCI,CLOUD_AMT,1,-->,-0.16981040832904842,2.1741146093752354e-16,26.2696,-12.6054
PCMCI+,kc,1,-->,0.11398696340678545,8.662119286000501e-09,26.2696,-12.6054
PCMCI+,DTR,0,x-x,0.13651235375718374,5.121221623316843e-12,26.2696,-12.6054
PCMCI+,WS10M,0,x-x,-0.06415692635223512,0.0012294430388359,26.2696,-12.6054
PCMCI+,PRECT,0,-->,-0.12068783863126993,1.089039000536959e-09,26.2696,-12.6054
PCMCI+,CLOUD_AMT,0,-->,-0.746399148020783,0.0,26.2696,-12.6054
PCMCI+,CLOUD_AMT,1,-->,-0.09843670803725768,6.842266727489818e-07,26.2696,-12.6054
PCMCI,kc,1,-->,0.13991460226753713,3.6823086008650583e-11,26.2696,-12.1054
PCMCI,WS10M,1,-->,-0.11521628074318506,1.1153383796841407e-07,26.2696,-12.1054
PCMCI,PRECT,1,-->,-0.07964860970884827,0.0006759142395544167,26.2696,-12.1054
PCMCI,CLOUD_AMT,1,-->,-0.17141052132118492,1.0901354667899327e-16,26.2696,-12.1054
PCMCI+,kc,1,-->,0.11200284134494964,1.5453040781578816e-08,26.2696,-12.1054
PCMCI+,DTR,0,x-x,0.21120415047188218,6.056712861001641e-27,26.2696,-12.1054
PCMCI+,PRECT,0,-->,-0.15057813849067087,2.4845794313555448e-14,26.2696,-12.1054
PCMCI+,CLOUD_AMT,0,<--,-0.7461956498306677,0.0,26.2696,-12.1054
PCMCI+,CLOUD_AMT,1,-->,-0.14358918429240733,3.688890551224233e-13,26.2696,-12.1054
PCMCI,kc,1,-->,0.14829852893160728,1.6057910525176968e-12,26.2696,-11.6054
PCMCI,PRECT,1,-->,-0.08387742602436955,0.00026742875812753124,26.2696,-11.6054
PCMCI,PS,1,-->,0.08394971780717779,0.00026742875812753124,26.2696,-11.6054
PCMCI,CLOUD_AMT,1,-->,-0.18633264117612433,9.707522564361447e-20,26.2696,-11.6054
PCMCI+,kc,1,-->,0.11257338300707463,1.3305988718062868e-08,26.2696,-11.6054
PCMCI+,DTR,0,x-x,0.23833378078251724,4.782111644533577e-34,26.2696,-11.6054
PCMCI+,PRECT,0,x-x,-0.13917171698308844,1.950950667833185e-12,26.2696,-11.6054
PCMCI+,CLOUD_AMT,0,x-x,-0.7660938849565624,0.0,26.2696,-11.6054
PCMCI+,CLOUD_AMT,1,-->,0.15784652554204695,1.3443236903028372e-15,26.2696,-11.6054
PCMCI,kc,1,-->,0.12061559068833898,2.104786522003357e-08,26.2696,-11.1054
PCMCI,T2M,1,-->,-0.0906382411439464,6.774401181191231e-05,26.2696,-11.1054
PCMCI,WS10M,1,-->,-0.06584089894408042,0.008838071437121571,26.2696,-11.1054
PCMCI,PS,1,-->,0.0811378115812912,0.0004969559326040227,26.2696,-11.1054
PCMCI,CLOUD_AMT,1,-->,-0.19371058096052324,2.625267700003609e-21,26.2696,-11.1054
PCMCI+,kc,1,-->,0.11381434006636823,9.184879717296657e-09,26.2696,-11.1054
PCMCI+,DTR,0,x-x,0.2468080616204017,1.8946637069300203e-36,26.2696,-11.1054
PCMCI+,PRECT,0,-->,-0.14566787629760028,1.7072409488171252e-13,26.2696,-11.1054
PCMCI+,CLOUD_AMT,0,x-x,-0.7682348760865998,0.0,26.2696,-11.1054
PCMCI+,CLOUD_AMT,1,-->,-0.14746740599652786,8.523673121191105e-14,26.2696,-11.1054
PCMCI,kc,1,-->,0.13452875564588979,2.371802124055648e-10,26.2696,-10.6054
PCMCI,T2M,1,-->,-0.12113565713000668,1.910171586971256e-08,26.2696,-10.6054
PCMCI,T2M,2,-->,0.07835726992213222,0.0009302886631014256,26.2696,-10.6054
PCMCI,PRECT,1,-->,-0.06894320968453252,0.005151243146488215,26.2696,-10.6054
PCMCI,CLOUD_AMT,1,-->,-0.1932435007730689,3.210544513437894e-21,26.2696,-10.6054
PCMCI+,kc,1,-->,0.10408737993099128,1.5016246812453038e-07,26.2696,-10.6054
PCMCI+,DTR,0,x-x,0.1220906800658358,7.114756533979062e-10,26.2696,-10.6054
PCMCI+,PRECT,0,-->,-0.19770622755210504,9.308670610464745e-24,26.2696,-10.6054
PCMCI+,CLOUD_AMT,0,x-x,-0.7365964142909103,0.0,26.2696,-10.6054
PCMCI+,CLOUD_AMT,1,-->,-0.14818903038541997,6.435824110211646e-14,26.2696,-10.6054
PCMCI,kc,1,-->,0.13904786742030545,4.6648485340328134e-11,26.2696,-10.1054
PCMCI,T2M,1,-->,-0.12043722247887009,2.2105314570239927e-08,26.2696,-10.1054
PCMCI,T2M,2,-->,0.07399356534532453,0.0021010519930030522,26.2696,-10.1054
PCMCI,WS10M,1,-->,-0.07551401769210699,0.001603731369195264,26.2696,-10.1054
PCMCI,CLOUD_AMT,1,-->,-0.17776895980978225,5.726176100087917e-18,26.2696,-10.1054
PCMCI+,kc,1,-->,0.109232439702803,3.474157632241795e-08,26.2696,-10.1054
PCMCI+,DTR,0,x-x,0.15371297731190556,7.509961325635911e-15,26.2696,-10.1054
PCMCI+,PRECT,0,-->,-0.1981853234918342,7.23231527564883e-24,26.2696,-10.1054
PCMCI+,CLOUD_AMT,0,x-x,-0.7385781946282525,0.0,26.2696,-10.1054
PCMCI+,CLOUD_AMT,1,-->,-0.1181506103572324,2.3860911454453396e-09,26.2696,-10.1054
PCMCI,kc,1,-->,0.17539088355496965,1.629879606576429e-17,26.2696,-9.6054
PCMCI,kc,2,-->,0.07056545791636872,0.0036143753991712225,26.2696,-9.6054
PCMCI,T2M,1,-->,-0.12138274937949647,1.6365763387166104e-08,26.2696,-9.6054
PCMCI,T2M,2,-->,0.06572169103688846,0.008468199016500411,26.2696,-9.6054
PCMCI,T2M,3,-->,0.07737156419165711,0.0011322399177050807,26.2696,-9.6054
PCMCI,CLOUD_AMT,1,-->,-0.17264664976443692,5.200919122808812e-17,26.2696,-9.6054
PCMCI+,kc,1,-->,0.09118395099453966,4.222195663500831e-06,26.2696,-9.6054
PCMCI+,DTR,0,x-x,0.20007289943191964,2.828442780169251e-24,26.2696,-9.6054
PCMCI+,PRECT,0,x-x,-0.1937869995390267,7.161222841937122e-23,26.2696,-9.6054
PCMCI+,PS,0,x-x,-0.06769845738906553,0.0006494056159381927,26.2696,-9.6054
PCMCI+,CLOUD_AMT,0,x-x,-0.7248042398323162,0.0,26.2696,-9.6054
PCMCI+,CLOUD_AMT,1,-->,-0.10970065393203808,3.0337964757514606e-08,26.2696,-9.6054
PCMCI,kc,1,-->,0.17539088355496965,1.629879606576429e-17,26.2696,-9.1054
PCMCI,kc,2,-->,0.07056545791636872,0.0036143753991712225,26.2696,-9.1054
PCMCI,T2M,1,-->,-0.12138274937949647,1.6365763387166104e-08,26.2696,-9.1054
PCMCI,T2M,2,-->,0.06572169103688846,0.008468199016500411,26.2696,-9.1054
PCMCI,T2M,3,-->,0.07737156419165711,0.0011322399177050807,26.2696,-9.1054
PCMCI,CLOUD_AMT,1,-->,-0.17264664976443692,5.200919122808812e-17,26.2696,-9.1054
PCMCI+,kc,1,-->,0.09118395099453966,4.222195663500831e-06,26.2696,-9.1054
PCMCI+,DTR,0,x-x,0.20007289943191964,2.828442780169251e-24,26.2696,-9.1054
PCMCI+,PRECT,0,x-x,-0.1937869995390267,7.161222841937122e-23,26.2696,-9.1054
PCMCI+,PS,0,x-x,-0.06769845738906553,0.0006494056159381927,26.2696,-9.1054
PCMCI+,CLOUD_AMT,0,x-x,-0.7248042398323162,0.0,26.2696,-9.1054
PCMCI+,CLOUD_AMT,1,-->,-0.10970065393203808,3.0337964757514606e-08,26.2696,-9.1054
PCMCI,kc,1,-->,0.13089756867675048,9.87321721766039e-10,26.7696,-13.1054
PCMCI,T2M,1,-->,-0.0750580109878814,0.0019660848885466207,26.7696,-13.1054
PCMCI,WS10M,1,-->,-0.1028833954210144,4.074166731336674e-06,26.7696,-13.1054
PCMCI,CLOUD_AMT,1,-->,-0.1815035125574758,1.2166890253996217e-18,26.7696,-13.1054
PCMCI,CLOUD_AMT,2,-->,0.06967588501772076,0.004833934766878407,26.7696,-13.1054
PCMCI+,kc,1,-->,0.12303411626270537,5.126298924892212e-10,26.7696,-13.1054
PCMCI+,DTR,0,<--,0.16249951603317878,1.9375252792248524e-16,26.7696,-13.1054
PCMCI+,WS10M,0,x-x,-0.09045470559073798,5.0815796485331865e-06,26.7696,-13.1054
PCMCI+,PRECT,0,-->,-0.14197164622827807,6.921587539732256e-13,26.7696,-13.1054
PCMCI+,CLOUD_AMT,0,-->,-0.7430197213377899,0.0,26.7696,-13.1054
PCMCI+,CLOUD_AMT,1,-->,0.15132507852398075,1.8898287742181108e-14,26.7696,-13.1054
PCMCI,kc,1,-->,0.14225649905359597,1.5976737554366145e-11,26.7696,-12.6054
PCMCI,WS10M,1,-->,-0.08776569009253009,0.0001479827786928792,26.7696,-12.6054
PCMCI,PS,1,-->,0.07020561825431486,0.00450999376156523,26.7696,-12.6054
PCMCI,CLOUD_AMT,1,-->,-0.170389839409088,2.0939991578386446e-16,26.7696,-12.6054
PCMCI+,kc,1,-->,0.11707005636307738,3.408669349296305e-09,26.7696,-12.6054
PCMCI+,DTR,0,<--,0.14936971057598927,4.1937837653739174e-14,26.7696,-12.6054
PCMCI+,PRECT,0,x-x,-0.12137676063765067,8.675525670336968e-10,26.7696,-12.6054
PCMCI+,CLOUD_AMT,0,-->,-0.7458539464311065,0.0,26.7696,-12.6054
PCMCI+,CLOUD_AMT,1,-->,0.14344261210644485,4.0249586345710753e-13,26.7696,-12.6054
PCMCI,kc,1,-->,0.13997431503438573,3.945750062044086e-11,26.7696,-12.1054
PCMCI,T2M,1,-->,-0.0690486122084465,0.005029772095555608,26.7696,-12.1054
PCMCI,WS10M,1,-->,-0.0781114041310619,0.0011089784493542175,26.7696,-12.1054
PCMCI,CLOUD_AMT,1,-->,-0.172905332587584,5.8075333884452e-17,26.7696,-12.1054
PCMCI+,kc,1,-->,0.13022728488542942,4.6137316118980693e-11,26.7696,-12.1054
PCMCI+,DTR,0,x-x,0.22471706780012202,2.2661673046530198e-30,26.7696,-12.1054
PCMCI+,PRECT,0,x-x,-0.15116441420194182,1.9679324034460287e-14,26.7696,-12.1054
PCMCI+,CLOUD_AMT,0,o-o,-0.744655732445248,0.0,26.7696,-12.1054
PCMCI+,CLOUD_AMT,1,-->,-0.16305838984758958,1.4045893568368794e-16,26.7696,-12.1054
PCMCI,kc,1,-->,0.1475164876933861,2.383413856876705e-12,26.7696,-11.6054
PCMCI,PS,1,-->,0.08417391297101989,0.00030694402256907033,26.7696,-11.6054
PCMCI,CLOUD_AMT,1,-->,-0.18032060691732965,1.8257718269746342e-18,26.7696,-11.6054
PCMCI+,kc,1,-->,0.11894077758674773,1.890997773669298e-09,26.7696,-11.6054
PCMCI+,DTR,0,<--,0.2408811958093264,9.189000950091261e-35,26.7696,-11.6054
PCMCI+,PRECT,0,x-x,-0.1442748306100923,2.905722394360627e-13,26.7696,-11.6054
PCMCI+,CLOUD_AMT,0,x-x,-0.7665800507052868,0.0,26.7696,-11.6054
PCMCI+,CLOUD_AMT,1,-->,0.15511501731357336,4.093635845999411e-15,26.7696,-11.6054
PCMCI,kc,1,-->,0.14612587331222712,4.074653314367616e-12,26.7696,-11.1054
PCMCI,PS,1,-->,0.0749886619970164,0.001719985045147314,26.7696,-11.1054
PCMCI,CLOUD_AMT,1,-->,-0.18230110024089863,6.943636471909007e-19,26.7696,-11.1054
PCMCI+,kc,1,-->,0.12036554197277308,1.2064552633319916e-09,26.7696,-11.1054
PCMCI+,DTR,0,x-x,0.26005259723020996,2.0591600756906257e-40,26.7696,-11.1054
PCMCI+,PRECT,0,-->,-0.15048774354739877,2.6359785380279536e-14,26.7696,-11.1054
PCMCI+,CLOUD_AMT,0,x-x,-0.7689728262308729,0.0,26.7696,-11.1054
PCMCI+,CLOUD_AMT,1,-->,0.15917435926608464,7.424838176068675e-16,26.7696,-11.1054
PCMCI,kc,1,-->,0.13585975058636407,1.534642529936547e-10,26.7696,-10.6054
PCMCI,T2M,1,-->,-0.11798037847309766,4.6254572273775325e-08,26.7696,-10.6054
PCMCI,T2M,2,-->,0.07135493936187876,0.003389283565618003,26.7696,-10.6054
PCMCI,PRECT,1,-->,-0.07272313179876205,0.0028303269859988396,26.7696,-10.6054
PCMCI,CLOUD_AMT,1,-->,-0.1802346887410334,1.934137612590516e-18,26.7696,-10.6054
PCMCI+,kc,1,-->,0.10825350386548035,4.603977507533239e-08,26.7696,-10.6054
PCMCI+,DTR,0,<--,0.23191258644352278,2.728356935110361e-32,26.7696,-10.6054
PCMCI+,PRECT,0,-->,-0.1764018773703372,3.636555792445993e-19,26.7696,-10.6054
PCMCI+,CLOUD_AMT,0,x-x,-0.7603046542240225,0.0,26.7696,-10.6054
PCMCI+,CLOUD_AMT,1,-->,0.15876983602282319,8.797633932772951e-16,26.7696,-10.6054
PCMCI,kc,1,-->,0.14225844878274918,1.4518984069142952e-11,26.7696,-10.1054
PCMCI,T2M,1,-->,-0.11664315189002816,6.488800286885285e-08,26.7696,-10.1054
PCMCI,T2M,2,-->,0.07297668260372606,0.002692298311394584,26.7696,-10.1054
PCMCI,CLOUD_AMT,1,-->,-0.1744794430624907,2.4130351678479186e-17,26.7696,-10.1054
PCMCI+,kc,1,-->,0.10894062935118538,3.756115768445369e-08,26.7696,-10.1054
PCMCI+,DTR,0,x-x,0.15582957759764757,3.0548126388845585e-15,26.7696,-10.1054
PCMCI+,PRECT,0,<--,-0.1626533762357236,1.6947277060165207e-16,26.7696,-10.1054
PCMCI+,CLOUD_AMT,0,x-x,-0.7452407287019149,0.0,26.7696,-10.1054
PCMCI+,CLOUD_AMT,1,-->,-0.13428745640694623,1.1008173486902776e-11,26.7696,-10.1054
PCMCI,kc,1,-->,0.17640057098374598,1.1221167630720549e-17,26.7696,-9.6054
PCMCI,kc,2,-->,0.0709631673336166,0.0037668645963788903,26.7696,-9.6054
PCMCI,T2M,1,-->,-0.11916853867887706,3.459569832625929e-08,26.7696,-9.6054
PCMCI,T2M,3,-->,0.08090174603078716,0.0005487162065559058,26.7696,-9.6054
PCMCI,CLOUD_AMT,1,-->,-0.17289579827643325,4.713596189685666e-17,26.7696,-9.6054
PCMCI+,kc,1,-->,0.1031710410831067,1.9096251321183465e-07,26.7696,-9.6054
PCMCI+,DTR,0,x-x,0.17810337933082898,1.6914107882686085e-19,26.7696,-9.6054
PCMCI+,PRECT,0,x-x,-0.15842440357565857,1.0297533304426293e-15,26.7696,-9.6054
PCMCI+,PS,0,x-x,-0.0935173063882643,2.3993738499600646e-06,26.7696,-9.6054
PCMCI+,CLOUD_AMT,0,x-x,-0.7347017341844718,0.0,26.7696,-9.6054
PCMCI+,CLOUD_AMT,1,-->,-0.1240840839724247,3.5847043344511663e-10,26.7696,-9.6054
PCMCI,kc,1,-->,0.17640057098374598,1.1221167630720549e-17,26.7696,-9.1054
PCMCI,kc,2,-->,0.0709631673336166,0.0037668645963788903,26.7696,-9.1054
PCMCI,T2M,1,-->,-0.11916853867887706,3.459569832625929e-08,26.7696,-9.1054
PCMCI,T2M,3,-->,0.08090174603078716,0.0005487162065559058,26.7696,-9.1054
PCMCI,CLOUD_AMT,1,-->,-0.17289579827643325,4.713596189685666e-17,26.7696,-9.1054
PCMCI+,kc,1,-->,0.1031710410831067,1.9096251321183465e-07,26.7696,-9.1054
PCMCI+,DTR,0,x-x,0.17810337933082898,1.6914107882686085e-19,26.7696,-9.1054
PCMCI+,PRECT,0,x-x,-0.15842440357565857,1.0297533304426293e-15,26.7696,-9.1054
PCMCI+,PS,0,x-x,-0.0935173063882643,2.3993738499600646e-06,26.7696,-9.1054
PCMCI+,CLOUD_AMT,0,x-x,-0.7347017341844718,0.0,26.7696,-9.1054
PCMCI+,CLOUD_AMT,1,-->,-0.1240840839724247,3.5847043344511663e-10,26.7696,-9.1054
PCMCI,kc,1,-->,0.08761250535461025,0.00016649570624724527,27.2696,-13.1054
PCMCI,T2M,1,-->,-0.10579265110520246,2.0899880288688018e-06,27.2696,-13.1054
PCMCI,PS,1,-->,0.06860649028678814,0.005771488616910015,27.2696,-13.1054
PCMCI,CLOUD_AMT,1,-->,-0.19158553867258035,8.733574159941415e-21,27.2696,-13.1054
PCMCI+,kc,1,-->,0.07334132497259678,0.0002179372304839669,27.2696,-13.1054
PCMCI+,DTR,0,<--,0.06391246781655795,0.0012921737308562076,27.2696,-13.1054
PCMCI+,PRECT,0,x-x,-0.11771753202084638,2.769798972719045e-09,27.2696,-13.1054
PCMCI+,CLOUD_AMT,0,-->,-0.7663597502823918,0.0,27.2696,-13.1054
PCMCI+,CLOUD_AMT,1,-->,0.14316390327735562,4.424220203085948e-13,27.2696,-13.1054
PCMCI,kc,1,-->,0.09831216982200369,1.5079252284757003e-05,27.2696,-12.6054
PCMCI,T2M,1,-->,-0.07133101940321201,0.0033982434366874093,27.2696,-12.6054
PCMCI,WS10M,1,-->,-0.07352089199234828,0.002288721982731007,27.2696,-12.6054
PCMCI,PS,1,-->,0.1099619971257453,7.015413422214011e-07,27.2696,-12.6054
PCMCI,PS,2,-->,-0.0850976907983813,0.0002841767672475894,27.2696,-12.6054
PCMCI,CLOUD_AMT,1,-->,-0.18216533903098578,8.409235171027762e-19,27.2696,-12.6054
PCMCI,CLOUD_AMT,2,-->,0.08018496493784105,0.0007504293765905844,27.2696,-12.6054
PCMCI+,kc,1,-->,0.0762528987460619,0.00012194424525937665,27.2696,-12.6054
PCMCI+,DTR,0,x-x,0.17113353801832445,4.21745022507311e-18,27.2696,-12.6054
PCMCI+,PRECT,0,x-x,-0.12243442323757331,6.223481863120465e-10,27.2696,-12.6054
PCMCI+,PS,0,x-x,0.08054510637381154,4.9252976762361655e-05,27.2696,-12.6054
PCMCI+,CLOUD_AMT,0,-->,-0.7784358467464444,0.0,27.2696,-12.6054
PCMCI+,CLOUD_AMT,1,-->,0.1356837070373377,6.95723642076233e-12,27.2696,-12.6054
PCMCI,kc,1,-->,0.09807255525294828,1.3482815819192162e-05,27.2696,-12.1054
PCMCI,T2M,1,-->,-0.0827987464297106,0.0004002330332617092,27.2696,-12.1054
PCMCI,WS10M,1,-->,-0.07107497157227423,0.00336590809024836,27.2696,-12.1054
PCMCI,PS,1,-->,0.10894958011729886,8.113576451603209e-07,27.2696,-12.1054
PCMCI,PS,2,-->,-0.08650852880119504,0.0001989538569883644,27.2696,-12.1054
PCMCI,CLOUD_AMT,1,-->,-0.183239809367186,5.087753830177849e-19,27.2696,-12.1054
PCMCI,CLOUD_AMT,2,-->,0.07945767357817995,0.0007221326842817958,27.2696,-12.1054
PCMCI+,kc,1,-->,0.08954656653425645,6.346068867155277e-06,27.2696,-12.1054
PCMCI+,DTR,0,x-x,0.14060633093960534,1.1858697829861614e-12,27.2696,-12.1054
PCMCI+,PRECT,0,x-x,-0.14544580462301096,1.8792684777326348e-13,27.2696,-12.1054
PCMCI+,PS,0,-->,0.08378199892411897,2.4124881791430677e-05,27.2696,-12.1054
PCMCI+,CLOUD_AMT,0,<--,-0.7774368077490088,0.0,27.2696,-12.1054
PCMCI+,CLOUD_AMT,1,-->,0.1356534742437648,7.032741357124266e-12,27.2696,-12.1054
PCMCI,kc,1,-->,0.09030000971173761,7.50044413674706e-05,27.2696,-11.6054
PCMCI,WS10M,1,-->,-0.11150388339783805,3.5420809157734343e-07,27.2696,-11.6054
PCMCI,PS,1,-->,0.12458214748845176,7.840361864917343e-09,27.2696,-11.6054
PCMCI,PS,2,-->,-0.08048692298594301,0.0005781088136390357,27.2696,-11.6054
PCMCI,CLOUD_AMT,1,-->,-0.17672895808331066,1.1655636366085142e-17,27.2696,-11.6054
PCMCI+,kc,1,-->,0.08742891111511732,1.050687232200238e-05,27.2696,-11.6054
PCMCI+,DTR,0,<--,0.23639466407822132,1.656774596070632e-33,27.2696,-11.6054
PCMCI+,PRECT,0,x-x,-0.1335597520872471,1.4765244188861728e-11,27.2696,-11.6054
PCMCI+,CLOUD_AMT,0,<--,-0.7251973739712094,0.0,27.2696,-11.6054
PCMCI+,CLOUD_AMT,1,-->,0.13057607418391157,4.165360731187783e-11,27.2696,-11.6054
PCMCI,kc,1,-->,0.0817821004781611,0.00045290754781125,27.2696,-11.1054
PCMCI,WS10M,1,-->,-0.1140854436177837,1.8805894205509712e-07,27.2696,-11.1054
PCMCI,PS,1,-->,0.12293621262703439,1.3909432274091775e-08,27.2696,-11.1054
PCMCI,PS,2,-->,-0.07826186019743768,0.0009222213056357801,27.2696,-11.1054
PCMCI,CLOUD_AMT,1,-->,-0.1839972483619009,3.5206771472880817e-19,27.2696,-11.1054
PCMCI,CLOUD_AMT,2,-->,0.0650514320094956,0.009139349983132272,27.2696,-11.1054
PCMCI+,kc,1,-->,0.07966224569384053,5.9770377001807314e-05,27.2696,-11.1054
PCMCI+,DTR,0,x-x,0.23602992234879758,2.0903756076509944e-33,27.2696,-11.1054
PCMCI+,PRECT,0,x-x,-0.09854898468835085,6.746090274511622e-07,27.2696,-11.1054
PCMCI+,PS,0,-->,0.057929577402103624,0.0035393370947601034,27.2696,-11.1054
PCMCI+,CLOUD_AMT,0,<--,-0.7750149647001975,0.0,27.2696,-11.1054
PCMCI+,CLOUD_AMT,1,-->,0.1308982523383627,3.761312595250934e-11,27.2696,-11.1054
PCMCI,kc,1,-->,0.08721573771951865,0.00013531620241940656,27.2696,-10.6054
PCMCI,T2M,1,-->,-0.0676375671831242,0.006236517468738655,27.2696,-10.6054
PCMCI,PS,1,-->,0.09644755999555656,1.5922950277617247e-05,27.2696,-10.6054
PCMCI,CLOUD_AMT,1,-->,-0.23179586967368246,1.2245298291403386e-30,27.2696,-10.6054
PCMCI+,kc,1,-->,0.05396225087993018,0.006576249517273415,27.2696,-10.6054
PCMCI+,DTR,0,x-x,0.1731239452637103,1.6802381525233793e-18,27.2696,-10.6054
PCMCI+,PRECT,0,-->,-0.13578741215540882,6.704221657779462e-12,27.2696,-10.6054
PCMCI+,CLOUD_AMT,0,<--,-0.7220487007342925,0.0,27.2696,-10.6054
PCMCI+,CLOUD_AMT,1,-->,0.1114838251033168,1.8129036751988808e-08,27.2696,-10.6054
PCMCI,kc,1,-->,0.08887209186698336,9.42749219739468e-05,27.2696,-10.1054
PCMCI,T2M,1,-->,-0.07685501031740322,0.001069487637490069,27.2696,-10.1054
PCMCI,PS,1,-->,0.08415932158551964,0.00025937129518281303,27.2696,-10.1054
PCMCI,CLOUD_AMT,1,-->,-0.2333325138117485,5.1067064521182635e-31,27.2696,-10.1054
PCMCI+,kc,1,-->,0.0747861256924846,0.00016305161160925784,27.2696,-10.1054
PCMCI+,DTR,0,<--,0.24589906763545538,3.264417183375876e-36,27.2696,-10.1054
PCMCI+,PRECT,0,-->,-0.12587822449537042,2.0340722682395015e-10,27.2696,-10.1054
PCMCI+,CLOUD_AMT,0,<--,-0.7694171782049508,0.0,27.2696,-10.1054
PCMCI+,CLOUD_AMT,1,-->,0.11435043650368587,7.659201548902854e-09,27.2696,-10.1054
PCMCI,kc,1,-->,0.07833384900908552,0.0009003217301625843,27.2696,-9.6054
PCMCI,T2M,1,-->,-0.10998606440567195,5.123051495514483e-07,27.2696,-9.6054
PCMCI,CLOUD_AMT,1,-->,-0.242016063601704,2.1491426363529738e-33,27.2696,-9.6054
PCMCI+,DTR,0,<--,0.26732421890544744,1.0120083681644726e-42,27.2696,-9.6054
PCMCI+,PRECT,0,x-x,-0.17927708176138904,9.712367570833492e-20,27.2696,-9.6054
PCMCI+,CLOUD_AMT,0,<--,-0.7712468868319218,0.0,27.2696,-9.6054
PCMCI+,CLOUD_AMT,1,-->,0.11333787838561221,1.0594530591703144e-08,27.2696,-9.6054
PCMCI,kc,1,-->,0.07833384900908552,0.0009003217301625843,27.2696,-9.1054
PCMCI,T2M,1,-->,-0.10998606440567195,5.123051495514483e-07,27.2696,-9.1054
PCMCI,CLOUD_AMT,1,-->,-0.242016063601704,2.1491426363529738e-33,27.2696,-9.1054
PCMCI+,DTR,0,<--,0.26732421890544744,1.0120083681644726e-42,27.2696,-9.1054
PCMCI+,PRECT,0,x-x,-0.17927708176138904,9.712367570833492e-20,27.2696,-9.1054
PCMCI+,CLOUD_AMT,0,<--,-0.7712468868319218,0.0,27.2696,-9.1054
PCMCI+,CLOUD_AMT,1,-->,0.11333787838561221,1.0594530591703144e-08,27.2696,-9.1054
PCMCI,kc,1,-->,0.09664921075926382,2.0490581060421033e-05,27.7696,-12.6054
PCMCI,T2M,1,-->,-0.08093991143129387,0.0006529818836996023,27.7696,-12.6054
PCMCI,WS10M,1,-->,-0.06770769142080352,0.006966600700947624,27.7696,-12.6054
PCMCI,PS,1,-->,0.11854634918823452,5.602881192848129e-08,27.7696,-12.6054
PCMCI,PS,2,-->,-0.0970791605093881,1.971745220675993e-05,27.7696,-12.6054
PCMCI,CLOUD_AMT,1,-->,-0.18043417917095678,2.161884076465329e-18,27.7696,-12.6054
PCMCI,CLOUD_AMT,2,-->,0.08089978235442961,0.0006529818836996023,27.7696,-12.6054
PCMCI+,kc,1,-->,0.07992138603704098,5.6729297214974486e-05,27.7696,-12.6054
PCMCI+,DTR,0,x-x,0.1433338364052012,4.238195029940913e-13,27.7696,-12.6054
PCMCI+,PRECT,0,x-x,-0.1361457356208102,5.954019404007629e-12,27.7696,-12.6054
PCMCI+,PS,0,-->,0.08083156074924099,4.660762205202393e-05,27.7696,-12.6054
PCMCI+,CLOUD_AMT,0,<--,-0.7789388173150451,0.0,27.7696,-12.6054
PCMCI+,CLOUD_AMT,1,-->,0.1333449133377675,1.6216871647435167e-11,27.7696,-12.6054
PCMCI,kc,1,-->,0.09500780640983586,2.5749647000522467e-05,27.7696,-12.1054
PCMCI,T2M,1,-->,-0.09454558774125682,2.902927158883215e-05,27.7696,-12.1054
PCMCI,WS10M,1,-->,-0.07833072188110482,0.0008701499291716521,27.7696,-12.1054
PCMCI,PS,1,-->,0.12214084144561868,2.0216169347163327e-08,27.7696,-12.1054
PCMCI,PS,2,-->,-0.10033990776814826,7.483193972912992e-06,27.7696,-12.1054
PCMCI,CLOUD_AMT,1,-->,-0.18258686893323325,7.099994568868538e-19,27.7696,-12.1054
PCMCI,CLOUD_AMT,2,-->,0.07967495575326436,0.0006916683357348815,27.7696,-12.1054
PCMCI+,kc,1,-->,0.08374785517691542,2.4491002611033324e-05,27.7696,-12.1054
PCMCI+,DTR,0,x-x,0.1535110261927381,8.14867335955049e-15,27.7696,-12.1054
PCMCI+,PRECT,0,x-x,-0.1441080872603948,3.16248864604044e-13,27.7696,-12.1054
PCMCI+,PS,0,-->,0.07503753928550437,0.00015681324801752078,27.7696,-12.1054
PCMCI+,CLOUD_AMT,0,<--,-0.7746146235743663,0.0,27.7696,-12.1054
PCMCI+,CLOUD_AMT,1,-->,0.13544694221914602,7.714858961705107e-12,27.7696,-12.1054
PCMCI,kc,1,-->,0.09320959308447699,4.2975204587345926e-05,27.7696,-11.6054
PCMCI,WS10M,1,-->,-0.15227768108946135,3.97740255796313e-13,27.7696,-11.6054
PCMCI,PS,1,-->,0.1245074957930926,9.05140720392013e-09,27.7696,-11.6054
PCMCI,PS,2,-->,-0.08855395974838419,0.0001176872852616303,27.7696,-11.6054
PCMCI,CLOUD_AMT,1,-->,-0.1768057770061958,1.1245078074186376e-17,27.7696,-11.6054
PCMCI+,kc,1,-->,0.06622622055472499,0.0008506368314178377,27.7696,-11.6054
PCMCI+,DTR,0,<--,0.13174185693143944,2.861045508922799e-11,27.7696,-11.6054
PCMCI+,WS10M,0,-->,-0.1351853577981895,8.231708066335118e-12,27.7696,-11.6054
PCMCI+,PRECT,0,x-x,-0.13814321309461003,2.867935850053127e-12,27.7696,-11.6054
PCMCI+,CLOUD_AMT,0,x-x,-0.7356829015796795,0.0,27.7696,-11.6054
PCMCI+,CLOUD_AMT,1,-->,0.1331989801689685,1.6912583473388034e-11,27.7696,-11.6054
PCMCI,kc,1,-->,0.0827886924125506,0.000344689714357878,27.7696,-11.1054
PCMCI,WS10M,1,-->,-0.15712852110619754,6.25319151173666e-14,27.7696,-11.1054
PCMCI,PS,1,-->,0.12227967673255336,1.4845239255249368e-08,27.7696,-11.1054
PCMCI,PS,2,-->,-0.08834506604764814,0.00010897976826029734,27.7696,-11.1054
PCMCI,PS,3,-->,0.06687159685793519,0.00680495431648224,27.7696,-11.1054
PCMCI,CLOUD_AMT,1,-->,-0.18514149801106644,2.0484005273467179e-19,27.7696,-11.1054
PCMCI+,kc,1,-->,0.07111016081019914,0.0003414106442710868,27.7696,-11.1054
PCMCI+,DTR,0,x-x,0.139416038891771,1.8565788892435823e-12,27.7696,-11.1054
PCMCI+,WS10M,0,-->,-0.10753657187278885,5.683563364199453e-08,27.7696,-11.1054
PCMCI+,PRECT,0,-->,-0.10062765129679971,3.85728688715709e-07,27.7696,-11.1054
PCMCI+,PS,0,-->,0.05206116709471054,0.008775816672517128,27.7696,-11.1054
PCMCI+,CLOUD_AMT,0,x-x,-0.7361173469930491,0.0,27.7696,-11.1054
PCMCI+,CLOUD_AMT,1,-->,0.13245360693148298,2.2143948732016247e-11,27.7696,-11.1054
PCMCI,kc,1,-->,0.08236106154950142,0.00034195532187407434,27.7696,-10.6054
PCMCI,T2M,1,-->,-0.06798447721191635,0.005117319473986205,27.7696,-10.6054
PCMCI,RH2M,1,-->,0.06810753205946424,0.005117319473986205,27.7696,-10.6054
PCMCI,PRECT,1,-->,-0.0646797419486273,0.008606066802160101,27.7696,-10.6054
PCMCI,PS,1,-->,0.09456581987078486,2.3512680684548214e-05,27.7696,-10.6054
PCMCI,CLOUD_AMT,1,-->,-0.23459324727481884,1.898068645128587e-31,27.7696,-10.6054
PCMCI+,WS10M,0,x-x,-0.054292503186763375,0.006283468268668042,27.7696,-10.6054
PCMCI+,PRECT,0,x-x,-0.17291834580994903,1.817703375244279e-18,27.7696,-10.6054
PCMCI+,CLOUD_AMT,0,x-x,-0.7375926341344137,0.0,27.7696,-10.6054
PCMCI+,CLOUD_AMT,1,-->,0.06505938266024372,0.001049644454817533,27.7696,-10.6054
PCMCI,kc,1,-->,0.07801208352246738,0.0009420608404894408,27.7696,-10.1054
PCMCI,T2M,1,-->,-0.07175990218133901,0.003071447398985842,27.7696,-10.1054
PCMCI,PS,1,-->,0.07914076401333224,0.0007633623435872568,27.7696,-10.1054
PCMCI,CLOUD_AMT,1,-->,-0.2343390371826415,2.788034788020375e-31,27.7696,-10.1054
PCMCI+,kc,1,-->,0.05582758643726795,0.004928694166547854,27.7696,-10.1054
PCMCI+,DTR,0,<--,0.21761977753702036,1.527230581169726e-28,27.7696,-10.1054
PCMCI+,PRECT,0,-->,-0.18565761174424716,4.2979071038110565e-21,27.7696,-10.1054
PCMCI+,CLOUD_AMT,0,<--,-0.7720166706905123,0.0,27.7696,-10.1054
PCMCI+,CLOUD_AMT,1,-->,0.11301021109197008,1.145412384096221e-08,27.7696,-10.1054
PCMCI,T2M,1,-->,-0.10581558811407632,1.5964956987760943e-06,27.7696,-9.6054
PCMCI,PRECT,1,-->,-0.07818319440518566,0.0009523217705491081,27.7696,-9.6054
PCMCI,CLOUD_AMT,1,-->,-0.24678968468503384,8.86908329509648e-35,27.7696,-9.6054
PCMCI+,kc,1,-->,0.05632575352918848,0.0045730208542543345,27.7696,-9.6054
PCMCI+,DTR,0,<--,0.24197182011853985,4.508093367718665e-35,27.7696,-9.6054
PCMCI+,PRECT,0,x-x,-0.2371886311157565,9.688102693717918e-34,27.7696,-9.6054
PCMCI+,CLOUD_AMT,0,<--,-0.7800703288940452,0.0,27.7696,-9.6054
PCMCI+,CLOUD_AMT,1,-->,0.11229480059070764,1.454739475801975e-08,27.7696,-9.6054
PCMCI,T2M,1,-->,-0.10581558811407632,1.5964956987760943e-06,27.7696,-9.1054
PCMCI,PRECT,1,-->,-0.07818319440518566,0.0009523217705491081,27.7696,-9.1054
PCMCI,CLOUD_AMT,1,-->,-0.24678968468503384,8.86908329509648e-35,27.7696,-9.1054
PCMCI+,kc,1,-->,0.05632575352918848,0.0045730208542543345,27.7696,-9.1054
PCMCI+,DTR,0,<--,0.24197182011853985,4.508093367718665e-35,27.7696,-9.1054
PCMCI+,PRECT,0,x-x,-0.2371886311157565,9.688102693717918e-34,27.7696,-9.1054
PCMCI+,CLOUD_AMT,0,<--,-0.7800703288940452,0.0,27.7696,-9.1054
PCMCI+,CLOUD_AMT,1,-->,0.11229480059070764,1.454739475801975e-08,27.7696,-9.1054
PCMCI,kc,1,-->,0.09878250522983281,1.2680222639194263e-05,28.2696,-11.6054
PCMCI,RH2M,1,-->,-0.10798908441432642,1.3130052683625746e-06,28.2696,-11.6054
PCMCI,WS10M,1,-->,-0.08205973590299265,0.0005583943041472762,28.2696,-11.6054
PCMCI,PS,2,-->,-0.07246930110477227,0.0033336709615645146,28.2696,-11.6054
PCMCI,CLOUD_AMT,1,-->,-0.21358091404948043,7.723275710141447e-26,28.2696,-11.6054
PCMCI,CLOUD_AMT,2,-->,0.07599517643334752,0.0019103167183172373,28.2696,-11.6054
PCMCI+,kc,1,-->,0.0802008969265102,5.3236817766840176e-05,28.2696,-11.6054
PCMCI+,WS10M,0,x-x,-0.07729602402192437,9.886427118417811e-05,28.2696,-11.6054
PCMCI+,PRECT,0,x-x,-0.12647798905464866,1.6943291656007325e-10,28.2696,-11.6054
PCMCI+,CLOUD_AMT,0,-->,-0.7613841691851253,0.0,28.2696,-11.6054
PCMCI+,CLOUD_AMT,1,-->,0.12621316084699355,1.8200809257295488e-10,28.2696,-11.6054
PCMCI,kc,1,-->,0.09530063750533088,2.820841014878637e-05,28.2696,-11.1054
PCMCI,RH2M,1,-->,-0.08324111108327564,0.0003489181951388388,28.2696,-11.1054
PCMCI,WS10M,1,-->,-0.06472748655716697,0.009621730400467012,28.2696,-11.1054
PCMCI,PS,2,-->,-0.06667983271553324,0.007170644559759661,28.2696,-11.1054
PCMCI,CLOUD_AMT,1,-->,-0.2244482426704341,1.0737611211435307e-28,28.2696,-11.1054
PCMCI,CLOUD_AMT,2,-->,0.07154309848753974,0.003324916967163708,28.2696,-11.1054
PCMCI+,kc,1,-->,0.08671182513390968,1.2364774639942636e-05,28.2696,-11.1054
PCMCI+,DTR,0,x-x,0.06428141627902646,0.001213508694126396,28.2696,-11.1054
PCMCI+,PRECT,0,x-x,-0.12041348205861335,1.2061759870288754e-09,28.2696,-11.1054
PCMCI+,CLOUD_AMT,0,-->,-0.7722570843988354,0.0,28.2696,-11.1054
PCMCI+,CLOUD_AMT,1,-->,0.11037865915405955,2.5383143061977254e-08,28.2696,-11.1054
PCMCI,WS10M,1,-->,-0.09968677290027857,8.756155014199999e-06,28.2696,-10.6054
PCMCI,PS,1,-->,0.10918780342673154,7.83978356209538e-07,28.2696,-10.6054
PCMCI,PS,2,-->,-0.085561029683045,0.00022306998803057343,28.2696,-10.6054
PCMCI,CLOUD_AMT,1,-->,-0.20524614700929097,6.1112298533943326e-24,28.2696,-10.6054
PCMCI,CLOUD_AMT,2,-->,0.0717366859163173,0.0032515129359553963,28.2696,-10.6054
PCMCI+,kc,1,-->,0.06319749521924162,0.0014612408863840542,28.2696,-10.6054
PCMCI+,DTR,0,x-x,0.10899801185101177,3.88117351842725e-08,28.2696,-10.6054
PCMCI+,WS10M,0,-->,-0.10302861509894616,2.0185658158078484e-07,28.2696,-10.6054
PCMCI+,PRECT,0,x-x,-0.12810755166448592,9.652901721026256e-11,28.2696,-10.6054
PCMCI+,CLOUD_AMT,0,o-o,-0.7928765583805419,0.0,28.2696,-10.6054
PCMCI+,CLOUD_AMT,1,-->,0.11406403359845614,8.52072421052002e-09,28.2696,-10.6054
PCMCI,kc,1,-->,0.0663596033289965,0.006987152502361433,28.2696,-10.1054
PCMCI,DTR,1,-->,-0.08642017010820878,0.00015804310860595872,28.2696,-10.1054
PCMCI,WS10M,1,-->,-0.1343317518645916,3.0435995147842746e-10,28.2696,-10.1054
PCMCI,PS,1,-->,0.09391762462668625,2.7780491281915307e-05,28.2696,-10.1054
PCMCI,PS,2,-->,-0.06618818371414595,0.006993560089504653,28.2696,-10.1054
PCMCI,CLOUD_AMT,1,-->,-0.21905646718851812,2.7012347270018878e-27,28.2696,-10.1054
PCMCI+,kc,1,-->,0.07645625681509899,0.00011766587336382724,28.2696,-10.1054
PCMCI+,DTR,0,<--,0.1442675885502196,3.008840152951344e-13,28.2696,-10.1054
PCMCI+,PRECT,0,-->,-0.12171718067404473,8.082268445010334e-10,28.2696,-10.1054
PCMCI+,PS,0,x-x,0.06805146312746554,0.0006112739640685904,28.2696,-10.1054
PCMCI+,CLOUD_AMT,0,<--,-0.7871935043005186,0.0,28.2696,-10.1054
PCMCI+,CLOUD_AMT,1,-->,0.09282283776276287,2.8631985699574756e-06,28.2696,-10.1054
PCMCI,T2M,1,-->,-0.07170702154476763,0.0029466630092233985,28.2696,-9.6054
PCMCI,RH2M,1,-->,0.06586079684170941,0.008297493875083299,28.2696,-9.6054
PCMCI,PRECT,1,-->,-0.08813698028948519,0.00010434783591354214,28.2696,-9.6054
PCMCI,CLOUD_AMT,1,-->,-0.2567112942045826,1.113105103822486e-37,28.2696,-9.6054
PCMCI,CLOUD_AMT,2,-->,0.07462126541517566,0.001768202096247441,28.2696,-9.6054
PCMCI+,DTR,0,<--,0.2857757751081243,8.29058477453339e-49,28.2696,-9.6054
PCMCI+,PRECT,0,-->,-0.21143316433266315,5.082056261617168e-27,28.2696,-9.6054
PCMCI+,CLOUD_AMT,0,<--,-0.7674747533898719,0.0,28.2696,-9.6054
PCMCI,T2M,1,-->,-0.07170702154476763,0.0029466630092233985,28.2696,-9.1054
PCMCI,RH2M,1,-->,0.06586079684170941,0.008297493875083299,28.2696,-9.1054
PCMCI,PRECT,1,-->,-0.08813698028948519,0.00010434783591354214,28.2696,-9.1054
PCMCI,CLOUD_AMT,1,-->,-0.2567112942045826,1.113105103822486e-37,28.2696,-9.1054
PCMCI,CLOUD_AMT,2,-->,0.07462126541517566,0.001768202096247441,28.2696,-9.1054
PCMCI+,DTR,0,<--,0.2857757751081243,8.29058477453339e-49,28.2696,-9.1054
PCMCI+,PRECT,0,-->,-0.21143316433266315,5.082056261617168e-27,28.2696,-9.1054
PCMCI+,CLOUD_AMT,0,<--,-0.7674747533898719,0.0,28.2696,-9.1054
PCMCI,WS10M,1,-->,-0.08073721128458829,0.0005578871074273269,28.7696,-10.6054
PCMCI,PS,1,-->,0.09827756073254054,1.3374203782493458e-05,28.7696,-10.6054
PCMCI,PS,2,-->,-0.08317260266035169,0.00035427519101677356,28.7696,-10.6054
PCMCI,CLOUD_AMT,1,-->,-0.20021170352583723,1.0651777784500098e-22,28.7696,-10.6054
PCMCI,CLOUD_AMT,2,-->,0.0690971890370093,0.004945855959769147,28.7696,-10.6054
PCMCI+,kc,1,-->,0.07141472934028938,0.0003218525159281867,28.7696,-10.6054
PCMCI+,DTR,0,<--,0.1027701837897559,2.2261242494266856e-07,28.7696,-10.6054
PCMCI+,WS10M,0,x-x,-0.15781604487573986,1.344151875933473e-15,28.7696,-10.6054
PCMCI+,PRECT,0,x-x,-0.13045098778287867,4.3865583780379136e-11,28.7696,-10.6054
PCMCI+,CLOUD_AMT,0,-->,-0.7709609967201634,0.0,28.7696,-10.6054
PCMCI+,CLOUD_AMT,1,-->,0.1210646804205765,9.731725606143066e-10,28.7696,-10.6054
PCMCI,kc,1,-->,0.0736548573566768,0.0017282449297612633,28.7696,-10.1054
PCMCI,DTR,1,-->,-0.06891341814341924,0.004001752846293557,28.7696,-10.1054
PCMCI,WS10M,1,-->,-0.09917592992832833,7.891403082479756e-06,28.7696,-10.1054
PCMCI,PS,1,-->,0.11077804965780769,3.8447059253540527e-07,28.7696,-10.1054
PCMCI,PS,2,-->,-0.07996975303504686,0.0005646403573834086,28.7696,-10.1054
PCMCI,CLOUD_AMT,1,-->,-0.20173655193459158,4.339321867046588e-23,28.7696,-10.1054
PCMCI,CLOUD_AMT,2,-->,0.06902052752364315,0.0039591825175508254,28.7696,-10.1054
PCMCI+,kc,1,-->,0.07343036237070207,0.00021596389281076085,28.7696,-10.1054
PCMCI+,DTR,0,<--,0.19153773508524108,2.396880866479298e-22,28.7696,-10.1054
PCMCI+,PRECT,0,x-x,-0.1262677984734982,1.802086179030821e-10,28.7696,-10.1054
PCMCI+,PS,0,-->,0.06643951429457755,0.00082218978591374,28.7696,-10.1054
PCMCI+,CLOUD_AMT,0,<--,-0.785150670139492,0.0,28.7696,-10.1054
PCMCI+,CLOUD_AMT,1,-->,0.12908716958397307,6.869155204368842e-11,28.7696,-10.1054
PCMCI,PRECT,1,-->,-0.08679350978343768,0.00015461785565234904,28.7696,-9.6054
PCMCI,CLOUD_AMT,1,-->,-0.25672221638130865,1.107422151363372e-37,28.7696,-9.6054
PCMCI,CLOUD_AMT,2,-->,0.07324662706107164,0.0023070095251638595,28.7696,-9.6054
PCMCI+,DTR,0,<--,0.2656025730204662,3.556142208524812e-42,28.7696,-9.6054
PCMCI+,PRECT,0,-->,-0.20148391769830082,1.2242238411513763e-24,28.7696,-9.6054
PCMCI+,CLOUD_AMT,0,<--,-0.7844095236046569,0.0,28.7696,-9.6054
PCMCI,PRECT,1,-->,-0.08679350978343768,0.00015461785565234904,28.7696,-9.1054
PCMCI,CLOUD_AMT,1,-->,-0.25672221638130865,1.107422151363372e-37,28.7696,-9.1054
PCMCI,CLOUD_AMT,2,-->,0.07324662706107164,0.0023070095251638595,28.7696,-9.1054
PCMCI+,DTR,0,<--,0.2656025730204662,3.556142208524812e-42,28.7696,-9.1054
PCMCI+,PRECT,0,-->,-0.20148391769830082,1.2242238411513763e-24,28.7696,-9.1054
PCMCI+,CLOUD_AMT,0,<--,-0.7844095236046569,0.0,28.7696,-9.1054
PCMCI,T2M,1,-->,-0.06934700063111841,0.005181238364601365,28.7696,-8.6054
PCMCI,PRECT,1,-->,-0.06913770681900555,0.0052238208549869386,28.7696,-8.6054
PCMCI,CLOUD_AMT,1,-->,-0.23203112070960255,1.1179842285264804e-30,28.7696,-8.6054
PCMCI,CLOUD_AMT,2,-->,0.06563758468412571,0.009167373846100866,28.7696,-8.6054
PCMCI+,DTR,0,x-x,0.21622320707050185,3.5214094079643077e-28,28.7696,-8.6054
PCMCI+,WS10M,0,x-x,-0.0568604077975295,0.0041864858186082266,28.7696,-8.6054
PCMCI+,PRECT,0,x-x,-0.23462993496709633,4.801576193467795e-33,28.7696,-8.6054
PCMCI+,CLOUD_AMT,0,x-x,-0.732973829829353,0.0,28.7696,-8.6054
PCMCI+,CLOUD_AMT,1,-->,0.14844046593449822,5.767997947741921e-14,28.7696,-8.6054
PCMCI,T2M,1,-->,-0.11286774904028185,2.79637689736735e-07,29.2696,-10.1054
PCMCI,DTR,1,-->,-0.07953857193542523,0.0006546126164039762,29.2696,-10.1054
PCMCI,RH2M,2,-->,-0.06996189371297469,0.003634348271102608,29.2696,-10.1054
PCMCI,WS10M,1,-->,0.07279532331344675,0.0021708935333421726,29.2696,-10.1054
PCMCI,PS,1,-->,0.0806866519482484,0.0005273544049283414,29.2696,-10.1054
PCMCI,CLOUD_AMT,1,-->,-0.2588704262645791,2.535182710920408e-38,29.2696,-10.1054
PCMCI,CLOUD_AMT,2,-->,0.08758584263789221,0.0001383906117988714,29.2696,-10.1054
PCMCI+,DTR,1,-->,-0.08834134730053703,8.482196996824487e-06,29.2696,-10.1054
PCMCI+,PRECT,0,-->,-0.1487510203918033,5.166035627051569e-14,29.2696,-10.1054
PCMCI+,CLOUD_AMT,0,x-x,-0.8182414296051125,0.0,29.2696,-10.1054
PCMCI+,CLOUD_AMT,1,-->,-0.10473898916479203,1.2541495582146707e-07,29.2696,-10.1054
PCMCI,kc,2,-->,0.06798156690759324,0.0047713750910942125,29.2696,-9.6054
PCMCI,kc,3,-->,0.06972120717065786,0.0036290245764793645,29.2696,-9.6054
PCMCI,T2M,1,-->,-0.1300501554974966,8.939931159264486e-10,29.2696,-9.6054
PCMCI,PRECT,1,-->,-0.07320530357523443,0.0019952781629281493,29.2696,-9.6054
PCMCI,PS,1,-->,0.11452037677704008,1.1471476041050604e-07,29.2696,-9.6054
PCMCI,CLOUD_AMT,1,-->,-0.41110602746314423,5.271174475306452e-102,29.2696,-9.6054
PCMCI,CLOUD_AMT,2,-->,0.08458833657513089,0.00022312209358461057,29.2696,-9.6054
PCMCI+,T2M,1,-->,-0.06462804803826294,0.001133525389657938,29.2696,-9.6054
PCMCI+,DTR,0,<--,0.11473785161273171,7.096448585088816e-09,29.2696,-9.6054
PCMCI+,PRECT,0,-->,-0.26576454313750175,3.046577934165862e-42,29.2696,-9.6054
PCMCI+,CLOUD_AMT,0,<--,-0.7779801591246096,0.0,29.2696,-9.6054
PCMCI+,CLOUD_AMT,1,-->,-0.0789680532623459,6.931377056412326e-05,29.2696,-9.6054
PCMCI,kc,2,-->,0.06798156690759324,0.0047713750910942125,29.2696,-9.1054
PCMCI,kc,3,-->,0.06972120717065786,0.0036290245764793645,29.2696,-9.1054
PCMCI,T2M,1,-->,-0.1300501554974966,8.939931159264486e-10,29.2696,-9.1054
PCMCI,PRECT,1,-->,-0.07320530357523443,0.0019952781629281493,29.2696,-9.1054
PCMCI,PS,1,-->,0.11452037677704008,1.1471476041050604e-07,29.2696,-9.1054
PCMCI,CLOUD_AMT,1,-->,-0.41110602746314423,5.271174475306452e-102,29.2696,-9.1054
PCMCI,CLOUD_AMT,2,-->,0.08458833657513089,0.00022312209358461057,29.2696,-9.1054
PCMCI+,T2M,1,-->,-0.06462804803826294,0.001133525389657938,29.2696,-9.1054
PCMCI+,DTR,0,<--,0.11473785161273171,7.096448585088816e-09,29.2696,-9.1054
PCMCI+,PRECT,0,-->,-0.26576454313750175,3.046577934165862e-42,29.2696,-9.1054
PCMCI+,CLOUD_AMT,0,<--,-0.7779801591246096,0.0,29.2696,-9.1054
PCMCI+,CLOUD_AMT,1,-->,-0.0789680532623459,6.931377056412326e-05,29.2696,-9.1054
PCMCI,T2M,1,-->,-0.10578197837021443,1.4830684247750456e-06,29.2696,-8.6054
PCMCI,DTR,1,-->,0.099807833925687,7.1499340412668154e-06,29.2696,-8.6054
PCMCI,PRECT,1,-->,-0.07439583837654559,0.001839336585544697,29.2696,-8.6054
PCMCI,CLOUD_AMT,1,-->,-0.3531244299135882,1.6977933531211912e-73,29.2696,-8.6054
PCMCI,CLOUD_AMT,2,-->,0.07138884558355714,0.0030832604485636654,29.2696,-8.6054
PCMCI+,DTR,0,x-x,0.2150431385687537,6.7925531087110605e-28,29.2696,-8.6054
PCMCI+,PRECT,0,-->,-0.27774641608073897,3.954520108684758e-46,29.2696,-8.6054
PCMCI+,CLOUD_AMT,0,<--,-0.7589107974492033,0.0,29.2696,-8.6054
PCMCI+,CLOUD_AMT,1,-->,-0.07910118427474383,6.671150551048115e-05,29.2696,-8.6054
PCMCI,T2M,1,-->,-0.09255977366640723,4.299146408222173e-05,29.2696,-8.1054
PCMCI,CLOUD_AMT,1,-->,-0.4023876150139038,2.671909724437869e-97,29.2696,-8.1054
PCMCI+,DTR,0,<--,0.23613879562653417,1.840850564049877e-33,29.2696,-8.1054
PCMCI+,RH2M,0,x-x,-0.09881589395070571,6.323294004207558e-07,29.2696,-8.1054
PCMCI+,PRECT,0,<--,-0.2543893824186911,9.846656938197279e-39,29.2696,-8.1054
PCMCI+,CLOUD_AMT,0,x-x,-0.7669715444446698,0.0,29.2696,-8.1054
PCMCI+,CLOUD_AMT,1,-->,-0.08747195897099276,1.0318455621772592e-05,29.2696,-8.1054
PCMCI,kc,2,-->,0.06483817084303806,0.008424437858326993,29.7696,-9.6054
PCMCI,T2M,1,-->,-0.11714408653679363,6.62910102890028e-08,29.7696,-9.6054
PCMCI,PRECT,1,-->,-0.06483420381966996,0.008424437858326993,29.7696,-9.6054
PCMCI,PS,1,-->,0.12788544003259109,2.6021155987042385e-09,29.7696,-9.6054
PCMCI,CLOUD_AMT,1,-->,-0.40292734518203716,1.6533042400753695e-97,29.7696,-9.6054
PCMCI,CLOUD_AMT,2,-->,0.08596804780867931,0.00017716761100413416,29.7696,-9.6054
PCMCI+,T2M,1,-->,-0.054803320276193855,0.005799560614313359,29.7696,-9.6054
PCMCI+,WS10M,0,x-x,-0.0860068567971808,1.4664237200265655e-05,29.7696,-9.6054
PCMCI+,PRECT,0,-->,-0.26568753500533987,3.468327869831499e-42,29.7696,-9.6054
PCMCI+,CLOUD_AMT,0,<--,-0.7916994912780637,0.0,29.7696,-9.6054
PCMCI+,CLOUD_AMT,1,-->,-0.07811547338950625,8.274102163800944e-05,29.7696,-9.6054
PCMCI,kc,2,-->,0.06483817084303806,0.008424437858326993,29.7696,-9.1054
PCMCI,T2M,1,-->,-0.11714408653679363,6.62910102890028e-08,29.7696,-9.1054
PCMCI,PRECT,1,-->,-0.06483420381966996,0.008424437858326993,29.7696,-9.1054
PCMCI,PS,1,-->,0.12788544003259109,2.6021155987042385e-09,29.7696,-9.1054
PCMCI,CLOUD_AMT,1,-->,-0.40292734518203716,1.6533042400753695e-97,29.7696,-9.1054
PCMCI,CLOUD_AMT,2,-->,0.08596804780867931,0.00017716761100413416,29.7696,-9.1054
PCMCI+,T2M,1,-->,-0.054803320276193855,0.005799560614313359,29.7696,-9.1054
PCMCI+,WS10M,0,x-x,-0.0860068567971808,1.4664237200265655e-05,29.7696,-9.1054
PCMCI+,PRECT,0,-->,-0.26568753500533987,3.468327869831499e-42,29.7696,-9.1054
PCMCI+,CLOUD_AMT,0,<--,-0.7916994912780637,0.0,29.7696,-9.1054
PCMCI+,CLOUD_AMT,1,-->,-0.07811547338950625,8.274102163800944e-05,29.7696,-9.1054
PCMCI,T2M,1,-->,-0.1820514172874969,6.752856518432078e-19,29.7696,-8.6054
PCMCI,T2M,2,-->,0.07069696734420836,0.0032282876675243746,29.7696,-8.6054
PCMCI,WS10M,1,-->,-0.0736334479581554,0.001879920754518824,29.7696,-8.6054
PCMCI,CLOUD_AMT,1,-->,-0.38930285480578236,1.5491225983782896e-90,29.7696,-8.6054
PCMCI+,T2M,1,-->,-0.07017598583004026,0.0004085534926553756,29.7696,-8.6054
PCMCI+,DTR,0,<--,0.15437249150088936,5.609176018800812e-15,29.7696,-8.6054
PCMCI+,PRECT,0,x-x,-0.2773717213050142,5.484025882800157e-46,29.7696,-8.6054
PCMCI+,CLOUD_AMT,0,<--,-0.8212014035800989,0.0,29.7696,-8.6054
PCMCI+,CLOUD_AMT,1,-->,-0.09512712630846788,1.6021250897999169e-06,29.7696,-8.6054
PCMCI,T2M,1,-->,-0.11528276060160056,1.1153629333170901e-07,29.7696,-8.1054
PCMCI,DTR,1,-->,0.07922201670621047,0.0008405304388822884,29.7696,-8.1054
PCMCI,CLOUD_AMT,1,-->,-0.3848189692510116,2.335147640675325e-88,29.7696,-8.1054
PCMCI+,DTR,0,<--,0.2294977066370547,1.22308627648572e-31,29.7696,-8.1054
PCMCI+,RH2M,0,x-x,-0.06980975276293222,0.00043809261511047265,29.7696,-8.1054
PCMCI+,PRECT,0,<--,-0.22290668992615315,6.55617114873887e-30,29.7696,-8.1054
PCMCI+,CLOUD_AMT,0,x-x,-0.75600702551416,0.0,29.7696,-8.1054
PCMCI+,CLOUD_AMT,1,-->,-0.07652158573143432,0.00011429694101362427,29.7696,-8.1054
PCMCI,T2M,1,-->,-0.0775726101251557,0.0011762470018207068,29.7696,-7.605399999999999
PCMCI,CLOUD_AMT,1,-->,-0.20605532475624283,3.837978641235641e-24,29.7696,-7.605399999999999
PCMCI,CLOUD_AMT,2,-->,0.06551292482911113,0.008730881851934843,29.7696,-7.605399999999999
PCMCI+,DTR,0,<--,0.1848023194488015,6.775615819361436e-21,29.7696,-7.605399999999999
PCMCI+,RH2M,0,<--,-0.056323382152950824,0.004590810382267989,29.7696,-7.605399999999999
PCMCI+,PRECT,0,x-x,-0.2262606503544309,8.89449120632425e-31,29.7696,-7.605399999999999
PCMCI+,CLOUD_AMT,0,<--,-0.8064523072927469,0.0,29.7696,-7.605399999999999
PCMCI+,CLOUD_AMT,1,-->,-0.12494559918663338,2.679955551165278e-10,29.7696,-7.605399999999999
PCMCI,kc,1,-->,0.08288622859831508,0.00038689656867558423,29.7696,-7.1054
PCMCI,T2M,1,-->,-0.09158008708208236,5.982056105341653e-05,29.7696,-7.1054
PCMCI,CLOUD_AMT,1,-->,-0.20498655031638602,6.103409231031281e-24,29.7696,-7.1054
PCMCI+,DTR,0,<--,0.1894054095053923,6.783189068658852e-22,29.7696,-7.1054
PCMCI+,RH2M,0,<--,-0.07518341281231106,0.00015361742522905283,29.7696,-7.1054
PCMCI+,PRECT,0,x-x,-0.20033988465180713,2.3541634187561808e-24,29.7696,-7.1054
PCMCI+,CLOUD_AMT,0,<--,-0.7695895785739694,0.0,29.7696,-7.1054
PCMCI+,CLOUD_AMT,1,-->,-0.1311019097714596,3.444773199399173e-11,29.7696,-7.1054
PCMCI,kc,1,-->,0.11345051842773102,2.0583162723343078e-07,29.7696,-6.6054
PCMCI,T2M,1,-->,-0.09415606155538249,3.506274188689052e-05,29.7696,-6.6054
PCMCI,CLOUD_AMT,1,-->,-0.16058296431702146,1.1091020309952276e-14,29.7696,-6.6054
PCMCI+,kc,1,-->,0.06914262832402666,0.0004907362651499641,29.7696,-6.6054
PCMCI+,DTR,0,x-x,0.21154386144634815,4.885079235649175e-27,29.7696,-6.6054
PCMCI+,RH2M,0,<--,-0.07001009190695562,0.000423920501338679,29.7696,-6.6054
PCMCI+,PRECT,0,x-x,-0.17975727692378315,7.355828123995871e-20,29.7696,-6.6054
PCMCI+,CLOUD_AMT,0,o-o,-0.8093456596823297,0.0,29.7696,-6.6054
PCMCI+,CLOUD_AMT,1,-->,-0.0973153433756681,9.021912763510683e-07,29.7696,-6.6054
PCMCI,kc,1,-->,0.1139490113697988,1.9494436291937254e-07,29.7696,-6.1054
PCMCI,T2M,1,-->,-0.09475585390170371,3.5417420341462514e-05,29.7696,-6.1054
PCMCI,CLOUD_AMT,1,-->,-0.15951854410162278,2.021880020902432e-14,29.7696,-6.1054
PCMCI+,kc,1,-->,0.06056047945909727,0.0022942275071577978,29.7696,-6.1054
PCMCI+,DTR,0,x-x,0.19530841166463858,3.390800944336003e-23,29.7696,-6.1054
PCMCI+,RH2M,0,<--,-0.07041147388622261,0.00039473028592777363,29.7696,-6.1054
PCMCI+,WS10M,0,x-x,-0.07095946333533129,0.00035054637356131385,29.7696,-6.1054
PCMCI+,PRECT,0,x-x,-0.20004779061008646,2.750708256955785e-24,29.7696,-6.1054
PCMCI+,CLOUD_AMT,0,-->,-0.8093275793667862,0.0,29.7696,-6.1054
PCMCI+,CLOUD_AMT,1,-->,-0.09245193529303555,3.109434670771228e-06,29.7696,-6.1054
PCMCI,kc,1,-->,0.08348194338299586,0.00038532636569553366,29.7696,-5.6054
PCMCI,T2M,1,-->,-0.0896781912861745,0.00010867804760100423,29.7696,-5.6054
PCMCI,DTR,5,-->,0.07625346157418698,0.0016655643960651941,29.7696,-5.6054
PCMCI,CLOUD_AMT,1,-->,-0.17671665719937268,9.997880167182304e-18,29.7696,-5.6054
PCMCI+,T2M,1,-->,-0.053891625143116476,0.0066581404179623365,29.7696,-5.6054
PCMCI+,DTR,0,<--,0.1754843926748705,5.844932844573244e-19,29.7696,-5.6054
PCMCI+,RH2M,0,<--,-0.0575071778797218,0.0038094419309525067,29.7696,-5.6054
PCMCI+,WS10M,0,-->,-0.06576565729349662,0.0009224329700953308,29.7696,-5.6054
PCMCI+,PRECT,0,x-x,-0.1661841064433103,3.764813913780211e-17,29.7696,-5.6054
PCMCI+,CLOUD_AMT,0,x-x,-0.7550050694789429,0.0,29.7696,-5.6054
PCMCI+,CLOUD_AMT,1,-->,-0.11260563311540428,1.2921979601559904e-08,29.7696,-5.6054
PCMCI,kc,2,-->,0.08607802893011762,0.00014977699527817366,30.2696,-9.6054
PCMCI,T2M,1,-->,-0.13062380976484508,7.539146309663948e-10,30.2696,-9.6054
PCMCI,T2M,2,-->,0.07301149121565559,0.002050957155833778,30.2696,-9.6054
PCMCI,T2M,5,-->,0.06451089586435031,0.008887749740593255,30.2696,-9.6054
PCMCI,RH2M,2,-->,-0.07265624203985516,0.0021705178260060538,30.2696,-9.6054
PCMCI,WS10M,1,-->,0.14177058254255026,1.6000621215026172e-11,30.2696,-9.6054
PCMCI,PRECT,2,-->,-0.06672325604540523,0.006088834589466717,30.2696,-9.6054
PCMCI,PRECT,3,-->,-0.06379841105331446,0.00976817222417336,30.2696,-9.6054
PCMCI,PS,1,-->,0.15604301022250397,6.936925829166352e-14,30.2696,-9.6054
PCMCI,CLOUD_AMT,1,-->,-0.41518471705921345,3.9266635933980385e-104,30.2696,-9.6054
PCMCI+,DTR,0,<--,0.14065775192249946,1.1285277180643807e-12,30.2696,-9.6054
PCMCI+,PRECT,0,<--,-0.32851966065553356,8.709582853760428e-65,30.2696,-9.6054
PCMCI+,CLOUD_AMT,0,<--,-0.83615883994422,0.0,30.2696,-9.6054
PCMCI,kc,2,-->,0.08607802893011762,0.00014977699527817366,30.2696,-9.1054
PCMCI,T2M,1,-->,-0.13062380976484508,7.539146309663948e-10,30.2696,-9.1054
PCMCI,T2M,2,-->,0.07301149121565559,0.002050957155833778,30.2696,-9.1054
PCMCI,T2M,5,-->,0.06451089586435031,0.008887749740593255,30.2696,-9.1054
PCMCI,RH2M,2,-->,-0.07265624203985516,0.0021705178260060538,30.2696,-9.1054
PCMCI,WS10M,1,-->,0.14177058254255026,1.6000621215026172e-11,30.2696,-9.1054
PCMCI,PRECT,2,-->,-0.06672325604540523,0.006088834589466717,30.2696,-9.1054
PCMCI,PRECT,3,-->,-0.06379841105331446,0.00976817222417336,30.2696,-9.1054
PCMCI,PS,1,-->,0.15604301022250397,6.936925829166352e-14,30.2696,-9.1054
PCMCI,CLOUD_AMT,1,-->,-0.41518471705921345,3.9266635933980385e-104,30.2696,-9.1054
PCMCI+,DTR,0,<--,0.14065775192249946,1.1285277180643807e-12,30.2696,-9.1054
PCMCI+,PRECT,0,<--,-0.32851966065553356,8.709582853760428e-65,30.2696,-9.1054
PCMCI+,CLOUD_AMT,0,<--,-0.83615883994422,0.0,30.2696,-9.1054
PCMCI,kc,2,-->,0.06549991604197097,0.0082177088053745,30.2696,-8.6054
PCMCI,T2M,1,-->,-0.1275562379725532,2.426735639843554e-09,30.2696,-8.6054
PCMCI,T2M,2,-->,-0.08055383771891987,0.0005279864207423844,30.2696,-8.6054
PCMCI,PRECT,1,-->,-0.07673985325260962,0.001108217542696394,30.2696,-8.6054
PCMCI,PS,1,-->,0.08137589962999534,0.0004669256047326872,30.2696,-8.6054
PCMCI,CLOUD_AMT,1,-->,-0.41283986311799153,6.299880707940426e-103,30.2696,-8.6054
PCMCI,CLOUD_AMT,2,-->,0.07613819595593374,0.0012197562900852848,30.2696,-8.6054
PCMCI+,DTR,0,<--,0.22269488158389758,7.25357590012726e-30,30.2696,-8.6054
PCMCI+,PRECT,0,-->,-0.28713184926426555,2.593313283472477e-49,30.2696,-8.6054
PCMCI+,CLOUD_AMT,0,<--,-0.7527171026534338,0.0,30.2696,-8.6054
PCMCI,kc,2,-->,0.07912468494511107,0.0007294995965245483,30.2696,-8.1054
PCMCI,T2M,1,-->,-0.150539431769331,5.772261915501033e-13,30.2696,-8.1054
PCMCI,T2M,2,-->,0.08680601194614217,0.00015478329076693234,30.2696,-8.1054
PCMCI,DTR,1,-->,0.06596621154815446,0.00792552312178382,30.2696,-8.1054
PCMCI,PS,1,-->,0.08622837870050122,0.0001727396524121259,30.2696,-8.1054
PCMCI,CLOUD_AMT,1,-->,-0.35620120385313897,1.073528797473345e-74,30.2696,-8.1054
PCMCI,CLOUD_AMT,2,-->,0.07923814981361373,0.0007270593840938386,30.2696,-8.1054
PCMCI+,DTR,0,-->,0.22647906962805664,7.583741779153884e-31,30.2696,-8.1054
PCMCI+,RH2M,0,<--,-0.16637123628175837,3.619226156166931e-17,30.2696,-8.1054
PCMCI+,PRECT,0,<--,-0.2577343784508991,9.870454858439277e-40,30.2696,-8.1054
PCMCI+,CLOUD_AMT,0,<--,-0.7450398125275137,0.0,30.2696,-8.1054
PCMCI,kc,2,-->,0.06984426969773141,0.004238720805064224,30.2696,-7.605399999999999
PCMCI,T2M,1,-->,-0.13930121841647833,4.172316374617379e-11,30.2696,-7.605399999999999
PCMCI,DTR,1,-->,0.07079193421809608,0.0036044606116857453,30.2696,-7.605399999999999
PCMCI,WS10M,1,-->,0.07660044787363879,0.0013465286720623487,30.2696,-7.605399999999999
PCMCI,PRECT,1,-->,-0.07426032619529294,0.002060833652258781,30.2696,-7.605399999999999
PCMCI,CLOUD_AMT,1,-->,-0.3404980518921868,5.931649452168032e-68,30.2696,-7.605399999999999
PCMCI+,DTR,0,-->,0.20540315646544155,1.524639853982727e-25,30.2696,-7.605399999999999
PCMCI+,RH2M,0,<--,-0.18726950815932034,2.11942268920462e-21,30.2696,-7.605399999999999
PCMCI+,PRECT,0,-->,-0.24887039798931257,4.588074791481074e-37,30.2696,-7.605399999999999
PCMCI+,CLOUD_AMT,0,<--,-0.7698050776913602,0.0,30.2696,-7.605399999999999
PCMCI,kc,2,-->,0.0788387906673614,0.0008798450836484678,30.2696,-7.1054
PCMCI,T2M,1,-->,-0.12463251331953579,6.877622620340553e-09,30.2696,-7.1054
PCMCI,WS10M,1,-->,0.07348958449229268,0.002432158762044202,30.2696,-7.1054
PCMCI,PRECT,1,-->,-0.07232082584799769,0.002963337211787146,30.2696,-7.1054
PCMCI,CLOUD_AMT,1,-->,-0.22832329247417335,9.420787780578505e-30,30.2696,-7.1054
PCMCI+,DTR,0,<--,0.16865436834959321,1.245273714633655e-17,30.2696,-7.1054
PCMCI+,RH2M,0,<--,-0.16998050885568744,7.194546482538015e-18,30.2696,-7.1054
PCMCI+,PRECT,0,-->,-0.2582697482810227,6.541109166725051e-40,30.2696,-7.1054
PCMCI+,CLOUD_AMT,0,<--,-0.7850289026713605,0.0,30.2696,-7.1054
PCMCI,T2M,1,-->,-0.11246565693887937,2.820027115822252e-07,30.2696,-6.6054
PCMCI,DTR,1,-->,0.06836279688814556,0.006070679899688232,30.2696,-6.6054
PCMCI,PRECT,1,-->,-0.0846274089267063,0.00025907167782630543,30.2696,-6.6054
PCMCI,CLOUD_AMT,1,-->,-0.2679168342347703,3.1635725850001154e-41,30.2696,-6.6054
PCMCI+,DTR,0,-->,0.19146618587833616,2.348828174389277e-22,30.2696,-6.6054
PCMCI+,RH2M,0,<--,-0.14677119203806438,1.1540303560907128e-13,30.2696,-6.6054
PCMCI+,PRECT,0,<--,-0.260079249155711,1.8180167102231126e-40,30.2696,-6.6054
PCMCI+,CLOUD_AMT,0,<--,-0.8074669083646685,0.0,30.2696,-6.6054
PCMCI,T2M,1,-->,-0.11749193339294171,6.590093888850375e-08,30.2696,-6.1054
PCMCI,DTR,1,-->,0.06743832964347424,0.008584089182302176,30.2696,-6.1054
PCMCI,CLOUD_AMT,1,-->,-0.28395143277589785,1.955323595442989e-46,30.2696,-6.1054
PCMCI+,DTR,0,-->,0.18742180033051334,1.828152709564764e-21,30.2696,-6.1054
PCMCI+,RH2M,0,<--,-0.12772954790004634,1.1149351188896992e-10,30.2696,-6.1054
PCMCI+,PRECT,0,<--,-0.29197072779539956,5.300221684817013e-51,30.2696,-6.1054
PCMCI+,PS,0,x-x,0.06038677455214159,0.00235264161300821,30.2696,-6.1054
PCMCI+,CLOUD_AMT,0,<--,-0.7650380668050129,0.0,30.2696,-6.1054
PCMCI,T2M,1,-->,-0.08388810238875846,0.000376270383897269,30.2696,-5.6054
PCMCI,PRECT,1,-->,-0.08026116405631613,0.0007874184475930625,30.2696,-5.6054
PCMCI,CLOUD_AMT,1,-->,-0.3430215848238125,6.009691837277551e-69,30.2696,-5.6054
PCMCI+,DTR,0,<--,0.18248118967958277,2.0951270114600877e-20,30.2696,-5.6054
PCMCI+,RH2M,0,<--,-0.10569367777424658,9.897208043834682e-08,30.2696,-5.6054
PCMCI+,WS10M,0,<--,-0.06526404004923887,0.0010095565130072148,30.2696,-5.6054
PCMCI+,PRECT,0,o-o,-0.28510702374183466,1.1859097619508182e-48,30.2696,-5.6054
PCMCI+,CLOUD_AMT,0,<--,-0.7588714051130722,0.0,30.2696,-5.6054
PCMCI,T2M,1,-->,-0.08702863322432744,0.00018975791709312066,30.2696,-5.1054
PCMCI,CLOUD_AMT,1,-->,-0.3532289153790029,2.7899815188945716e-73,30.2696,-5.1054
PCMCI+,DTR,0,x-x,0.14217097787856722,6.42426246497155e-13,30.2696,-5.1054
PCMCI+,RH2M,0,<--,-0.0668563288074631,0.0007638224609838117,30.2696,-5.1054
PCMCI+,PRECT,0,<--,-0.26702988978846437,1.1228785561786364e-42,30.2696,-5.1054
PCMCI+,PS,0,x-x,0.05301291768526985,0.007580070079682181,30.2696,-5.1054
PCMCI+,CLOUD_AMT,0,<--,-0.7684476285404501,0.0,30.2696,-5.1054
PCMCI,kc,2,-->,0.08827931387346041,7.630910763961503e-05,30.7696,-9.6054
PCMCI,T2M,1,-->,-0.2071947637101038,1.6743849918818294e-24,30.7696,-9.6054
PCMCI,T2M,2,-->,0.1180989548135349,3.1103446406876254e-08,30.7696,-9.6054
PCMCI,T2M,3,-->,0.07323899368767701,0.0016809801130206437,30.7696,-9.6054
PCMCI,DTR,2,-->,0.07074340110703471,0.0026136908840598693,30.7696,-9.6054
PCMCI,RH2M,2,-->,-0.09701402933252981,9.668272436500927e-06,30.7696,-9.6054
PCMCI,RH2M,3,-->,-0.07625164546038997,0.0009736265982159343,30.7696,-9.6054
PCMCI,WS10M,1,-->,0.13508046184588982,1.3500254533191875e-10,30.7696,-9.6054
PCMCI,PRECT,2,-->,-0.07039613227865991,0.0027431468913313717,30.7696,-9.6054
PCMCI,PS,1,-->,0.19705070935096247,3.317078296436092e-22,30.7696,-9.6054
PCMCI,PS,2,-->,-0.08620862544376409,0.00011972758335950241,30.7696,-9.6054
PCMCI,CLOUD_AMT,1,-->,-0.3913392656918113,2.0055171049202643e-91,30.7696,-9.6054
PCMCI+,DTR,0,<--,0.05202160353557698,0.008854099131217616,30.7696,-9.6054
PCMCI+,PRECT,0,<--,-0.29632124504761226,1.725693368729411e-52,30.7696,-9.6054
PCMCI+,CLOUD_AMT,0,<--,-0.7805860781707255,0.0,30.7696,-9.6054
PCMCI,kc,2,-->,0.08827931387346041,7.630910763961503e-05,30.7696,-9.1054
PCMCI,T2M,1,-->,-0.2071947637101038,1.6743849918818294e-24,30.7696,-9.1054
PCMCI,T2M,2,-->,0.1180989548135349,3.1103446406876254e-08,30.7696,-9.1054
PCMCI,T2M,3,-->,0.07323899368767701,0.0016809801130206437,30.7696,-9.1054
PCMCI,DTR,2,-->,0.07074340110703471,0.0026136908840598693,30.7696,-9.1054
PCMCI,RH2M,2,-->,-0.09701402933252981,9.668272436500927e-06,30.7696,-9.1054
PCMCI,RH2M,3,-->,-0.07625164546038997,0.0009736265982159343,30.7696,-9.1054
PCMCI,WS10M,1,-->,0.13508046184588982,1.3500254533191875e-10,30.7696,-9.1054
PCMCI,PRECT,2,-->,-0.07039613227865991,0.0027431468913313717,30.7696,-9.1054
PCMCI,PS,1,-->,0.19705070935096247,3.317078296436092e-22,30.7696,-9.1054
PCMCI,PS,2,-->,-0.08620862544376409,0.00011972758335950241,30.7696,-9.1054
PCMCI,CLOUD_AMT,1,-->,-0.3913392656918113,2.0055171049202643e-91,30.7696,-9.1054
PCMCI+,DTR,0,<--,0.05202160353557698,0.008854099131217616,30.7696,-9.1054
PCMCI+,PRECT,0,<--,-0.29632124504761226,1.725693368729411e-52,30.7696,-9.1054
PCMCI+,CLOUD_AMT,0,<--,-0.7805860781707255,0.0,30.7696,-9.1054
PCMCI,kc,2,-->,0.10105861877026212,4.162057849959784e-06,30.7696,-8.6054
PCMCI,T2M,1,-->,-0.20266034564886193,1.797163386007609e-23,30.7696,-8.6054
PCMCI,T2M,2,-->,0.09176508980586666,3.696737622876975e-05,30.7696,-8.6054
PCMCI,T2M,3,-->,0.08669596247996217,0.00011119237562945284,30.7696,-8.6054
PCMCI,DTR,2,-->,0.06766721011793315,0.004432626718746804,30.7696,-8.6054
PCMCI,RH2M,1,-->,0.06949407062997791,0.0033070739545434306,30.7696,-8.6054
PCMCI,PS,1,-->,0.15202938715340358,2.452616156403485e-13,30.7696,-8.6054
PCMCI,PS,2,-->,-0.07377273856152099,0.001576225845484249,30.7696,-8.6054
PCMCI,CLOUD_AMT,1,-->,-0.4031630545268565,1.1349194331657258e-97,30.7696,-8.6054
PCMCI+,DTR,0,<--,0.2148456004338273,7.609872153703299e-28,30.7696,-8.6054
PCMCI+,PRECT,0,<--,-0.2775820580127441,4.86113661584153e-46,30.7696,-8.6054
PCMCI+,CLOUD_AMT,0,<--,-0.7539710722720218,0.0,30.7696,-8.6054
PCMCI,kc,2,-->,0.09708017975611191,1.2701418178115954e-05,30.7696,-8.1054
PCMCI,T2M,1,-->,-0.19310750725483805,3.002971674735505e-21,30.7696,-8.1054
PCMCI,T2M,2,-->,0.08683106469174402,0.00014148874175438667,30.7696,-8.1054
PCMCI,PS,1,-->,0.1370964410549176,6.23361109115697e-11,30.7696,-8.1054
PCMCI,CLOUD_AMT,1,-->,-0.24626535260941226,9.682934915386188e-35,30.7696,-8.1054
PCMCI+,DTR,0,-->,0.20060853238406684,2.0824115812741515e-24,30.7696,-8.1054
PCMCI+,RH2M,0,<--,-0.05368708566280171,0.006879361171783783,30.7696,-8.1054
PCMCI+,PRECT,0,<--,-0.26402804065392116,1.1544928205829314e-41,30.7696,-8.1054
PCMCI+,CLOUD_AMT,0,<--,-0.8268629774733536,0.0,30.7696,-8.1054
PCMCI,kc,2,-->,0.08855909076121517,9.409313444160171e-05,30.7696,-7.605399999999999
PCMCI,T2M,1,-->,-0.14327211836398232,8.536638981118275e-12,30.7696,-7.605399999999999
PCMCI,T2M,2,-->,0.06910497829999757,0.004465888211086184,30.7696,-7.605399999999999
PCMCI,PRECT,1,-->,-0.09222325590143841,3.9830074992852765e-05,30.7696,-7.605399999999999
PCMCI,PS,1,-->,0.06814865331493276,0.005210984522915417,30.7696,-7.605399999999999
PCMCI,CLOUD_AMT,1,-->,-0.2387419734340721,1.2116552634153356e-32,30.7696,-7.605399999999999
PCMCI+,DTR,0,<--,0.2140666001954883,1.1898478309647144e-27,30.7696,-7.605399999999999
PCMCI+,RH2M,0,<--,-0.10501235655664586,1.1691928860714474e-07,30.7696,-7.605399999999999
PCMCI+,PRECT,0,<--,-0.22134631400382038,1.7049856451365588e-29,30.7696,-7.605399999999999
PCMCI+,CLOUD_AMT,0,<--,-0.8307270916144841,0.0,30.7696,-7.605399999999999
PCMCI,kc,2,-->,0.07916014331868167,0.0007071861803874422,30.7696,-7.1054
PCMCI,T2M,1,-->,-0.13496816353464627,1.989007549311231e-10,30.7696,-7.1054
PCMCI,WS10M,1,-->,0.07450528726523468,0.0017645137070690135,30.7696,-7.1054
PCMCI,CLOUD_AMT,1,-->,-0.2254025773622148,5.099267754868754e-29,30.7696,-7.1054
PCMCI+,DTR,0,<--,0.1855643131619925,4.499874934817482e-21,30.7696,-7.1054
PCMCI+,RH2M,0,<--,-0.1164223987547871,4.160688103244409e-09,30.7696,-7.1054
PCMCI+,PRECT,0,-->,-0.22019402832738524,3.289609883971939e-29,30.7696,-7.1054
PCMCI+,CLOUD_AMT,0,<--,-0.7888730745484385,0.0,30.7696,-7.1054
PCMCI,T2M,1,-->,-0.1177947838281873,4.7179582115237074e-08,30.7696,-6.6054
PCMCI,T2M,2,-->,0.07076608742490956,0.003460473758429562,30.7696,-6.6054
PCMCI,DTR,1,-->,0.09448910447371808,2.6965880004153434e-05,30.7696,-6.6054
PCMCI,CLOUD_AMT,1,-->,-0.17536408507860024,1.8457908298860287e-17,30.7696,-6.6054
PCMCI+,DTR,0,<--,0.14935561530672747,4.1689806165435934e-14,30.7696,-6.6054
PCMCI+,RH2M,0,<--,-0.10327770007692676,1.9068692672422608e-07,30.7696,-6.6054
PCMCI+,PRECT,0,<--,-0.16548338270535712,5.044420212143074e-17,30.7696,-6.6054
PCMCI+,CLOUD_AMT,0,<--,-0.7690522802297397,0.0,30.7696,-6.6054
PCMCI,T2M,1,-->,-0.11291338833680828,2.496817687936693e-07,30.7696,-6.1054
PCMCI,DTR,1,-->,0.06744102067954229,0.007318164961599982,30.7696,-6.1054
PCMCI,CLOUD_AMT,1,-->,-0.1836231447867244,3.854530478817296e-19,30.7696,-6.1054
PCMCI+,DTR,0,<--,0.18981884643588157,5.612304919597465e-22,30.7696,-6.1054
PCMCI+,RH2M,0,<--,-0.11756131958923201,2.949187247019236e-09,30.7696,-6.1054
PCMCI+,PRECT,0,<--,-0.22949635940040672,1.2579173715697316e-31,30.7696,-6.1054
PCMCI+,CLOUD_AMT,0,<--,-0.7629253140246872,0.0,30.7696,-6.1054
PCMCI,T2M,1,-->,-0.09436771531370937,3.64208521976861e-05,30.7696,-5.6054
PCMCI,CLOUD_AMT,1,-->,-0.3035161231429148,2.1246208169409056e-53,30.7696,-5.6054
PCMCI+,DTR,0,x-x,0.19673640759201894,1.6114546820602056e-23,30.7696,-5.6054
PCMCI+,RH2M,0,<--,-0.11533661410888753,5.918770589678595e-09,30.7696,-5.6054
PCMCI+,WS10M,0,x-x,-0.06791218525341039,0.0006257310533435577,30.7696,-5.6054
PCMCI+,PRECT,0,-->,-0.23352585411224766,9.642442565651571e-33,30.7696,-5.6054
PCMCI+,CLOUD_AMT,0,<--,-0.7484099894776439,0.0,30.7696,-5.6054
PCMCI,T2M,1,-->,-0.0868029634760502,0.00019993829759275045,30.7696,-5.1054
PCMCI,PRECT,1,-->,-0.0721554917879329,0.0036910826199898408,30.7696,-5.1054
PCMCI,CLOUD_AMT,1,-->,-0.34842029807206454,2.679508240686034e-71,30.7696,-5.1054
PCMCI+,DTR,0,<--,0.16822967857592888,1.504261067751214e-17,30.7696,-5.1054
PCMCI+,RH2M,0,<--,-0.07399715651890047,0.00019397786891254935,30.7696,-5.1054
PCMCI+,WS10M,0,<--,-0.09450269805483323,1.875287984937993e-06,30.7696,-5.1054
PCMCI+,PRECT,0,<--,-0.25074021867129564,1.170216883891592e-37,30.7696,-5.1054
PCMCI+,CLOUD_AMT,0,<--,-0.7595241049966958,0.0,30.7696,-5.1054
PCMCI,kc,1,-->,0.06818981632111183,0.0070235058040564015,30.7696,-4.6054
PCMCI,T2M,1,-->,-0.09478584087738481,3.2491591932191364e-05,30.7696,-4.6054
PCMCI,CLOUD_AMT,1,-->,-0.15556917835548634,1.0003483001975669e-13,30.7696,-4.6054
PCMCI+,DTR,0,x-x,0.20220225764703156,8.494777858489282e-25,30.7696,-4.6054
PCMCI+,WS10M,0,<--,-0.12602931552054125,1.9505785885269468e-10,30.7696,-4.6054
PCMCI+,PRECT,0,<--,-0.2044994880416664,2.3928597604246046e-25,30.7696,-4.6054
PCMCI+,PS,0,x-x,0.05144513842636446,0.009579817398856418,30.7696,-4.6054
PCMCI+,CLOUD_AMT,0,<--,-0.7584474991237424,0.0,30.7696,-4.6054
PCMCI+,CLOUD_AMT,1,-->,-0.07384762493979041,0.00019698242246807426,30.7696,-4.6054
PCMCI,kc,1,-->,0.06818981632111183,0.0070235058040564015,30.7696,-4.1054
PCMCI,T2M,1,-->,-0.09478584087738481,3.2491591932191364e-05,30.7696,-4.1054
PCMCI,CLOUD_AMT,1,-->,-0.15556917835548634,1.0003483001975669e-13,30.7696,-4.1054
PCMCI+,DTR,0,x-x,0.20220225764703156,8.494777858489282e-25,30.7696,-4.1054
PCMCI+,WS10M,0,<--,-0.12602931552054125,1.9505785885269468e-10,30.7696,-4.1054
PCMCI+,PRECT,0,<--,-0.2044994880416664,2.3928597604246046e-25,30.7696,-4.1054
PCMCI+,PS,0,x-x,0.05144513842636446,0.009579817398856418,30.7696,-4.1054
PCMCI+,CLOUD_AMT,0,<--,-0.7584474991237424,0.0,30.7696,-4.1054
PCMCI+,CLOUD_AMT,1,-->,-0.07384762493979041,0.00019698242246807426,30.7696,-4.1054
PCMCI,T2M,1,-->,-0.17328045561105937,3.726665183361789e-17,31.2696,-9.6054
PCMCI,T2M,2,-->,0.0938805672403409,2.10287074254032e-05,31.2696,-9.6054
PCMCI,T2M,3,-->,0.09791388766578221,8.828606023964389e-06,31.2696,-9.6054
PCMCI,DTR,3,-->,0.08140963951784089,0.0003310121550995506,31.2696,-9.6054
PCMCI,DTR,5,-->,0.06358009771444502,0.008555297930882623,31.2696,-9.6054
PCMCI,RH2M,2,-->,-0.0833417715766006,0.00022250505037087705,31.2696,-9.6054
PCMCI,WS10M,1,-->,0.10864984498550727,4.80382107189493e-07,31.2696,-9.6054
PCMCI,PRECT,2,-->,-0.07788487847541448,0.0006568946213782553,31.2696,-9.6054
PCMCI,PS,1,-->,0.2669505766159411,6.771652067116961e-41,31.2696,-9.6054
PCMCI,PS,2,-->,-0.13490138590127668,1.4184645998287189e-10,31.2696,-9.6054
PCMCI,CLOUD_AMT,1,-->,-0.33023816535420114,9.715675298927926e-64,31.2696,-9.6054
PCMCI+,DTR,0,x-x,0.08818125092185566,8.808159327469616e-06,31.2696,-9.6054
PCMCI+,PRECT,0,<--,-0.30512282540450525,9.644437410155074e-56,31.2696,-9.6054
PCMCI+,PS,0,x-x,0.06096367447287125,0.0021436244742648737,31.2696,-9.6054
PCMCI+,CLOUD_AMT,0,<--,-0.8015876868426232,0.0,31.2696,-9.6054
PCMCI,T2M,1,-->,-0.17328045561105937,3.726665183361789e-17,31.2696,-9.1054
PCMCI,T2M,2,-->,0.0938805672403409,2.10287074254032e-05,31.2696,-9.1054
PCMCI,T2M,3,-->,0.09791388766578221,8.828606023964389e-06,31.2696,-9.1054
PCMCI,DTR,3,-->,0.08140963951784089,0.0003310121550995506,31.2696,-9.1054
PCMCI,DTR,5,-->,0.06358009771444502,0.008555297930882623,31.2696,-9.1054
PCMCI,RH2M,2,-->,-0.0833417715766006,0.00022250505037087705,31.2696,-9.1054
PCMCI,WS10M,1,-->,0.10864984498550727,4.80382107189493e-07,31.2696,-9.1054
PCMCI,PRECT,2,-->,-0.07788487847541448,0.0006568946213782553,31.2696,-9.1054
PCMCI,PS,1,-->,0.2669505766159411,6.771652067116961e-41,31.2696,-9.1054
PCMCI,PS,2,-->,-0.13490138590127668,1.4184645998287189e-10,31.2696,-9.1054
PCMCI,CLOUD_AMT,1,-->,-0.33023816535420114,9.715675298927926e-64,31.2696,-9.1054
PCMCI+,DTR,0,x-x,0.08818125092185566,8.808159327469616e-06,31.2696,-9.1054
PCMCI+,PRECT,0,<--,-0.30512282540450525,9.644437410155074e-56,31.2696,-9.1054
PCMCI+,PS,0,x-x,0.06096367447287125,0.0021436244742648737,31.2696,-9.1054
PCMCI+,CLOUD_AMT,0,<--,-0.8015876868426232,0.0,31.2696,-9.1054
PCMCI,T2M,1,-->,-0.138707575096811,4.579884314179095e-11,31.2696,-8.6054
PCMCI,T2M,5,-->,0.06893678538349794,0.0037914622865057343,31.2696,-8.6054
PCMCI,DTR,5,-->,0.0633253704792312,0.009849132253522026,31.2696,-8.6054
PCMCI,RH2M,5,-->,-0.06394265347431617,0.008918074184129491,31.2696,-8.6054
PCMCI,WS10M,1,-->,0.08193258502846167,0.00035816662832835987,31.2696,-8.6054
PCMCI,PS,1,-->,0.23991530815960455,7.686350927798212e-33,31.2696,-8.6054
PCMCI,PS,2,-->,-0.12742715803152668,2.004595919095411e-09,31.2696,-8.6054
PCMCI,PS,3,-->,0.07213509501986817,0.002208984547979813,31.2696,-8.6054
PCMCI,CLOUD_AMT,1,-->,-0.2387226893553807,1.3211815693263478e-32,31.2696,-8.6054
PCMCI+,DTR,0,<--,0.20775127168223406,4.3699251927945304e-26,31.2696,-8.6054
PCMCI+,PRECT,0,<--,-0.25575090434239117,3.69490406996492e-39,31.2696,-8.6054
PCMCI+,CLOUD_AMT,0,<--,-0.8237334536828814,0.0,31.2696,-8.6054
PCMCI,T2M,1,-->,-0.1569116995942886,3.889415623892829e-14,31.2696,-8.1054
PCMCI,T2M,2,-->,0.06479164952627171,0.007159544041483496,31.2696,-8.1054
PCMCI,T2M,5,-->,0.06932958619695927,0.003465522348626336,31.2696,-8.1054
PCMCI,PS,1,-->,0.2147365281901167,2.4951872225833166e-26,31.2696,-8.1054
PCMCI,PS,2,-->,-0.11271748272833652,1.6394851687838796e-07,31.2696,-8.1054
PCMCI,PS,3,-->,0.07278678621366347,0.002061671585205095,31.2696,-8.1054
PCMCI,CLOUD_AMT,1,-->,-0.247969978782097,3.654631039869665e-35,31.2696,-8.1054
PCMCI+,DTR,0,<--,0.12171570561214952,7.9632939979109e-10,31.2696,-8.1054
PCMCI+,RH2M,0,x-x,-0.057761526280141556,0.0036300134377786723,31.2696,-8.1054
PCMCI+,PRECT,0,<--,-0.21501410094796347,6.907002420725007e-28,31.2696,-8.1054
PCMCI+,CLOUD_AMT,0,x-x,-0.8240546536068405,0.0,31.2696,-8.1054
PCMCI,T2M,1,-->,-0.14328496489138653,7.759579405875434e-12,31.2696,-7.605399999999999
PCMCI,T2M,2,-->,-0.07358996034203014,0.0017338843206582077,31.2696,-7.605399999999999
PCMCI,DTR,1,-->,-0.10401642166181829,1.8359997023891482e-06,31.2696,-7.605399999999999
PCMCI,PS,1,-->,0.22250926312894329,2.9310157744823885e-28,31.2696,-7.605399999999999
PCMCI,PS,2,-->,-0.11660541258452252,5.6885298874150924e-08,31.2696,-7.605399999999999
PCMCI,PS,3,-->,0.07482614221501824,0.0014211907154690478,31.2696,-7.605399999999999
PCMCI,CLOUD_AMT,1,-->,-0.3772672758529627,1.4381767164759542e-84,31.2696,-7.605399999999999
PCMCI+,DTR,0,<--,0.15180788781095114,1.5771328411038158e-14,31.2696,-7.605399999999999
PCMCI+,RH2M,0,x-x,-0.08635294714471611,1.3487892979479515e-05,31.2696,-7.605399999999999
PCMCI+,WS10M,0,<--,-0.08492256068852386,1.8503815422146366e-05,31.2696,-7.605399999999999
PCMCI+,PRECT,0,<--,-0.18696724423126312,2.3324977914859707e-21,31.2696,-7.605399999999999
PCMCI+,CLOUD_AMT,0,x-x,-0.8302119235823756,0.0,31.2696,-7.605399999999999
PCMCI,T2M,1,-->,-0.15705342770425978,4.0018271618893034e-14,31.2696,-7.1054
PCMCI,T2M,2,-->,-0.06873799961317756,0.003999994655594542,31.2696,-7.1054
PCMCI,DTR,1,-->,-0.08496458315952679,0.0001787302500043606,31.2696,-7.1054
PCMCI,PS,1,-->,0.1682242056004084,3.8237597027315536e-16,31.2696,-7.1054
PCMCI,PS,2,-->,-0.10142159824776335,3.7766416867113397e-06,31.2696,-7.1054
PCMCI,PS,3,-->,0.06513797529399497,0.007016614225614152,31.2696,-7.1054
PCMCI,CLOUD_AMT,1,-->,-0.38487839386586026,2.3638855626312714e-88,31.2696,-7.1054
PCMCI+,DTR,0,<--,0.15147936682594143,1.7562267158846993e-14,31.2696,-7.1054
PCMCI+,RH2M,0,x-x,-0.10534906255138464,1.0894775292889818e-07,31.2696,-7.1054
PCMCI+,WS10M,0,<--,-0.07817635247030492,8.168699042050157e-05,31.2696,-7.1054
PCMCI+,PRECT,0,<--,-0.23167073257030746,3.173168412926375e-32,31.2696,-7.1054
PCMCI+,CLOUD_AMT,0,x-x,-0.7669610275472563,0.0,31.2696,-7.1054
PCMCI,T2M,1,-->,-0.15287334434658484,2.1794765942615747e-13,31.2696,-6.6054
PCMCI,RH2M,1,-->,0.10715601270962663,8.602938724679429e-07,31.2696,-6.6054
PCMCI,PRECT,1,-->,-0.11268034199594718,1.877172461423245e-07,31.2696,-6.6054
PCMCI,PS,1,-->,0.1591684933223659,1.8503321014756475e-14,31.2696,-6.6054
PCMCI,PS,2,-->,-0.08557529902627334,0.00015404478710023974,31.2696,-6.6054
PCMCI,CLOUD_AMT,1,-->,-0.39287189618012097,3.987324123108775e-92,31.2696,-6.6054
PCMCI,CLOUD_AMT,5,-->,-0.06752538324175773,0.004619065417923313,31.2696,-6.6054
PCMCI+,DTR,0,-->,0.1819376131995568,2.632076937393649e-20,31.2696,-6.6054
PCMCI+,WS10M,0,<--,-0.07934405927807966,6.376593325476066e-05,31.2696,-6.6054
PCMCI+,PRECT,0,<--,-0.28383652211450044,3.5120330833800983e-48,31.2696,-6.6054
PCMCI+,CLOUD_AMT,0,<--,-0.7547043527476578,0.0,31.2696,-6.6054
PCMCI,kc,2,-->,0.07577955013668153,0.0012060887699612288,31.2696,-6.1054
PCMCI,T2M,1,-->,-0.1518717347917822,3.611047652841805e-13,31.2696,-6.1054
PCMCI,T2M,2,-->,0.08039892034440572,0.0005201381781436444,31.2696,-6.1054
PCMCI,PRECT,1,-->,-0.08200548762659278,0.00037112358527807807,31.2696,-6.1054
PCMCI,PS,1,-->,0.08666428634524562,0.00014043462522589682,31.2696,-6.1054
PCMCI,CLOUD_AMT,1,-->,-0.42102973162841767,2.951755009084423e-107,31.2696,-6.1054
PCMCI+,DTR,0,<--,0.2400495190378121,1.6750019851368943e-34,31.2696,-6.1054
PCMCI+,RH2M,0,<--,-0.1437512947889656,3.658695732273423e-13,31.2696,-6.1054
PCMCI+,PRECT,0,<--,-0.2801835616695917,6.311695409360045e-47,31.2696,-6.1054
PCMCI+,CLOUD_AMT,0,<--,-0.7306271511034153,0.0,31.2696,-6.1054
PCMCI,T2M,1,-->,-0.0983012066264302,1.1868071702208667e-05,31.2696,-5.6054
PCMCI,PRECT,1,-->,-0.07546127181364491,0.0015534007624744227,31.2696,-5.6054
PCMCI,CLOUD_AMT,1,-->,-0.20530716187930476,6.54392225915416e-24,31.2696,-5.6054
PCMCI+,DTR,0,<--,0.2023823906827404,7.708610119964066e-25,31.2696,-5.6054
PCMCI+,RH2M,0,<--,-0.16626397747131222,3.739968729977264e-17,31.2696,-5.6054
PCMCI+,PRECT,0,<--,-0.2792703435224616,1.2262568341594564e-46,31.2696,-5.6054
PCMCI+,CLOUD_AMT,0,<--,-0.7483928239189465,0.0,31.2696,-5.6054
PCMCI,T2M,1,-->,-0.08396317583029138,0.0003603295294347146,31.2696,-5.1054
PCMCI,PRECT,1,-->,-0.08075235256083903,0.0006503977192574197,31.2696,-5.1054
PCMCI,CLOUD_AMT,1,-->,-0.20520012593396025,6.132361720650694e-24,31.2696,-5.1054
PCMCI+,DTR,0,<--,0.19985736479043584,3.237956492712681e-24,31.2696,-5.1054
PCMCI+,RH2M,0,<--,-0.1385379870302044,2.558720228505949e-12,31.2696,-5.1054
PCMCI+,PRECT,0,<--,-0.3173475233254094,2.0484022701605843e-60,31.2696,-5.1054
PCMCI+,CLOUD_AMT,0,<--,-0.7737411582117113,0.0,31.2696,-5.1054
PCMCI+,CLOUD_AMT,1,-->,-0.11839569373730212,2.2264525105681566e-09,31.2696,-5.1054
PCMCI,kc,5,-->,0.06918387977838875,0.005875068611954714,31.2696,-4.6054
PCMCI,PRECT,1,-->,-0.08255357887506415,0.00046514893887256864,31.2696,-4.6054
PCMCI,CLOUD_AMT,1,-->,-0.18161319620546554,1.0003834979162966e-18,31.2696,-4.6054
PCMCI+,DTR,0,x-x,0.15164986598832192,1.679895178225587e-14,31.2696,-4.6054
PCMCI+,RH2M,0,<--,-0.057945238881912345,0.003543460887197813,31.2696,-4.6054
PCMCI+,WS10M,0,x-x,-0.11567138401360232,5.272076901567068e-09,31.2696,-4.6054
PCMCI+,PRECT,0,<--,-0.22161864067308543,1.4502690962324576e-29,31.2696,-4.6054
PCMCI+,CLOUD_AMT,0,x-x,-0.7644575646201697,0.0,31.2696,-4.6054
PCMCI+,CLOUD_AMT,1,-->,-0.07349281010524181,0.00021268089609873902,31.2696,-4.6054
PCMCI,kc,5,-->,0.06918387977838875,0.005875068611954714,31.2696,-4.1054
PCMCI,PRECT,1,-->,-0.08255357887506415,0.00046514893887256864,31.2696,-4.1054
PCMCI,CLOUD_AMT,1,-->,-0.18161319620546554,1.0003834979162966e-18,31.2696,-4.1054
PCMCI+,DTR,0,x-x,0.15164986598832192,1.679895178225587e-14,31.2696,-4.1054
PCMCI+,RH2M,0,<--,-0.057945238881912345,0.003543460887197813,31.2696,-4.1054
PCMCI+,WS10M,0,x-x,-0.11567138401360232,5.272076901567068e-09,31.2696,-4.1054
PCMCI+,PRECT,0,<--,-0.22161864067308543,1.4502690962324576e-29,31.2696,-4.1054
PCMCI+,CLOUD_AMT,0,x-x,-0.7644575646201697,0.0,31.2696,-4.1054
PCMCI+,CLOUD_AMT,1,-->,-0.07349281010524181,0.00021268089609873902,31.2696,-4.1054
PCMCI,T2M,1,-->,-0.14565853308019538,3.684720707797389e-12,31.7696,-9.6054
PCMCI,T2M,2,-->,0.06404385421413585,0.009720354888857842,31.7696,-9.6054
PCMCI,WS10M,1,-->,0.10645507391175876,1.1421115152036648e-06,31.7696,-9.6054
PCMCI,PRECT,2,-->,-0.07669898642715124,0.0010185256926853983,31.7696,-9.6054
PCMCI,PS,1,-->,0.29241712562656536,2.1627382404200152e-49,31.7696,-9.6054
PCMCI,PS,2,-->,-0.1524012136515933,2.9219379152787365e-13,31.7696,-9.6054
PCMCI,PS,3,-->,0.07284476493389196,0.002131655846110356,31.7696,-9.6054
PCMCI,CLOUD_AMT,1,-->,-0.3268806904331075,2.6628485673943412e-62,31.7696,-9.6054
PCMCI+,DTR,0,x-x,0.10400806953805632,1.5521494081024204e-07,31.7696,-9.6054
PCMCI+,PRECT,0,<--,-0.28241083221466373,1.1183875932735445e-47,31.7696,-9.6054
PCMCI+,PS,0,-->,0.058968076971783474,0.0029885010879483653,31.7696,-9.6054
PCMCI+,CLOUD_AMT,0,<--,-0.8310000465631071,0.0,31.7696,-9.6054
PCMCI,T2M,1,-->,-0.14565853308019538,3.684720707797389e-12,31.7696,-9.1054
PCMCI,T2M,2,-->,0.06404385421413585,0.009720354888857842,31.7696,-9.1054
PCMCI,WS10M,1,-->,0.10645507391175876,1.1421115152036648e-06,31.7696,-9.1054
PCMCI,PRECT,2,-->,-0.07669898642715124,0.0010185256926853983,31.7696,-9.1054
PCMCI,PS,1,-->,0.29241712562656536,2.1627382404200152e-49,31.7696,-9.1054
PCMCI,PS,2,-->,-0.1524012136515933,2.9219379152787365e-13,31.7696,-9.1054
PCMCI,PS,3,-->,0.07284476493389196,0.002131655846110356,31.7696,-9.1054
PCMCI,CLOUD_AMT,1,-->,-0.3268806904331075,2.6628485673943412e-62,31.7696,-9.1054
PCMCI+,DTR,0,x-x,0.10400806953805632,1.5521494081024204e-07,31.7696,-9.1054
PCMCI+,PRECT,0,<--,-0.28241083221466373,1.1183875932735445e-47,31.7696,-9.1054
PCMCI+,PS,0,-->,0.058968076971783474,0.0029885010879483653,31.7696,-9.1054
PCMCI+,CLOUD_AMT,0,<--,-0.8310000465631071,0.0,31.7696,-9.1054
PCMCI,T2M,1,-->,-0.08748620215692292,0.00011847219814692951,31.7696,-8.6054
PCMCI,DTR,5,-->,0.07890825023041752,0.0007387557798112368,31.7696,-8.6054
PCMCI,RH2M,1,-->,-0.0719510963049963,0.0025397660259030273,31.7696,-8.6054
PCMCI,PS,1,-->,0.24499949853526512,3.3487418686001985e-34,31.7696,-8.6054
PCMCI,PS,2,-->,-0.1264255827201029,3.298974950084262e-09,31.7696,-8.6054
PCMCI,CLOUD_AMT,1,-->,-0.24050291101049084,6.303675493820854e-33,31.7696,-8.6054
PCMCI+,DTR,0,<--,0.18601070340829026,3.8779886328772726e-21,31.7696,-8.6054
PCMCI+,PRECT,0,<--,-0.2212748933055304,1.7343995938812848e-29,31.7696,-8.6054
PCMCI+,CLOUD_AMT,0,<--,-0.8203961422134914,0.0,31.7696,-8.6054
PCMCI,T2M,1,-->,-0.12434872814866527,6.329106503497895e-09,31.7696,-8.1054
PCMCI,PS,1,-->,0.23636213396748737,8.195383579193909e-32,31.7696,-8.1054
PCMCI,PS,2,-->,-0.11890308220032984,3.156940929771068e-08,31.7696,-8.1054
PCMCI,CLOUD_AMT,1,-->,-0.24171177020422968,2.913298545487412e-33,31.7696,-8.1054
PCMCI+,DTR,0,<--,0.2068601934938203,6.995382306634451e-26,31.7696,-8.1054
PCMCI+,PRECT,0,<--,-0.23672707136021415,1.2282292800458061e-33,31.7696,-8.1054
PCMCI+,CLOUD_AMT,0,<--,-0.8257519173562966,0.0,31.7696,-8.1054
PCMCI,T2M,1,-->,-0.09163744247291972,4.5578113636578056e-05,31.7696,-7.605399999999999
PCMCI,RH2M,5,-->,-0.06683240558268395,0.005461601257719515,31.7696,-7.605399999999999
PCMCI,PRECT,1,-->,-0.0660698990297043,0.006010569405716495,31.7696,-7.605399999999999
PCMCI,PS,1,-->,0.23104993022263415,2.0645648802712764e-30,31.7696,-7.605399999999999
PCMCI,PS,2,-->,-0.12290914943141264,9.379028798971975e-09,31.7696,-7.605399999999999
PCMCI,CLOUD_AMT,1,-->,-0.30662829056679247,2.5367857935281995e-54,31.7696,-7.605399999999999
PCMCI+,DTR,0,<--,0.20252814416244846,7.277785729958139e-25,31.7696,-7.605399999999999
PCMCI+,PRECT,0,<--,-0.21679903325986397,2.402830773660747e-28,31.7696,-7.605399999999999
PCMCI+,CLOUD_AMT,0,<--,-0.8308755290627039,0.0,31.7696,-7.605399999999999
PCMCI,kc,2,-->,0.06400604634100567,0.007444799374125639,31.7696,-7.1054
PCMCI,T2M,1,-->,-0.11004816784265023,3.1312800175160495e-07,31.7696,-7.1054
PCMCI,DTR,1,-->,-0.06942901097600687,0.0030609990731879683,31.7696,-7.1054
PCMCI,PRECT,1,-->,-0.0661173890239584,0.005340093732577395,31.7696,-7.1054
PCMCI,PS,1,-->,0.23634617498159202,6.695923652985435e-32,31.7696,-7.1054
PCMCI,PS,2,-->,-0.1196446604074816,2.030729231087278e-08,31.7696,-7.1054
PCMCI,PS,3,-->,0.07253124837485879,0.0018525461925586692,31.7696,-7.1054
PCMCI,CLOUD_AMT,1,-->,-0.34631727153159936,2.3513582807680268e-70,31.7696,-7.1054
PCMCI+,DTR,0,x-x,0.12720345002676076,1.3080217980529075e-10,31.7696,-7.1054
PCMCI+,WS10M,0,x-x,-0.0734748948158262,0.00021405753438271337,31.7696,-7.1054
PCMCI+,PRECT,0,-->,-0.24386864186189158,1.2178684051634565e-35,31.7696,-7.1054
PCMCI+,CLOUD_AMT,0,<--,-0.8348754761870043,0.0,31.7696,-7.1054
PCMCI,kc,2,-->,0.07053579195990291,0.0026049585171254424,31.7696,-6.6054
PCMCI,T2M,1,-->,-0.11397413124236642,1.0540923077307795e-07,31.7696,-6.6054
PCMCI,PRECT,1,-->,-0.10278855687450625,2.193124977426073e-06,31.7696,-6.6054
PCMCI,PRECT,4,-->,-0.06286125754614165,0.009394133391768002,31.7696,-6.6054
PCMCI,PS,1,-->,0.2216105389302528,5.4689663126811355e-28,31.7696,-6.6054
PCMCI,PS,2,-->,-0.1161831537264691,5.660444414683574e-08,31.7696,-6.6054
PCMCI,PS,3,-->,0.0661830895920612,0.0054001799461215775,31.7696,-6.6054
PCMCI,CLOUD_AMT,1,-->,-0.3594798896564504,4.14668976185426e-76,31.7696,-6.6054
PCMCI+,DTR,0,-->,0.06364098714516121,0.001349297519307426,31.7696,-6.6054
PCMCI+,WS10M,0,x-x,-0.06519778309915253,0.0010216172145797319,31.7696,-6.6054
PCMCI+,PRECT,0,-->,-0.2600078284544868,1.9811311800103672e-40,31.7696,-6.6054
PCMCI+,CLOUD_AMT,0,<--,-0.7913548172942103,0.0,31.7696,-6.6054
PCMCI,kc,2,-->,0.06438442892490835,0.007481411571601008,31.7696,-6.1054
PCMCI,T2M,1,-->,-0.14695959000738418,2.1410110507355503e-12,31.7696,-6.1054
PCMCI,DTR,1,-->,-0.09038641475335084,4.8669210785622996e-05,31.7696,-6.1054
PCMCI,PRECT,1,-->,-0.10308210895409092,2.3159228971733013e-06,31.7696,-6.1054
PCMCI,PS,1,-->,0.18065513370426464,1.3639486046886995e-18,31.7696,-6.1054
PCMCI,PS,2,-->,-0.09203779897592587,3.430284210659941e-05,31.7696,-6.1054
PCMCI,CLOUD_AMT,1,-->,-0.4368172126208911,1.7460756586383002e-116,31.7696,-6.1054
PCMCI,CLOUD_AMT,5,-->,-0.06267927581523235,0.009741477298361669,31.7696,-6.1054
PCMCI+,DTR,0,<--,0.13626383617358706,5.599222919363113e-12,31.7696,-6.1054
PCMCI+,WS10M,0,<--,-0.1179014779355607,2.6159507313171722e-09,31.7696,-6.1054
PCMCI+,PRECT,0,<--,-0.26691284013679656,1.4731022024548553e-42,31.7696,-6.1054
PCMCI+,CLOUD_AMT,0,<--,-0.7848160688309265,0.0,31.7696,-6.1054
PCMCI,T2M,1,-->,-0.10094289834489975,5.2620386877695184e-06,31.7696,-5.6054
PCMCI,PRECT,1,-->,-0.07438871301211838,0.001616159970314525,31.7696,-5.6054
PCMCI,CLOUD_AMT,1,-->,-0.20172340957692286,3.645750713902571e-23,31.7696,-5.6054
PCMCI+,DTR,0,<--,0.17140536825236344,3.618587862675832e-18,31.7696,-5.6054
PCMCI+,RH2M,0,<--,-0.07952531463328814,6.21701909604551e-05,31.7696,-5.6054
PCMCI+,PRECT,0,x-x,-0.24163784642469135,5.279187097459354e-35,31.7696,-5.6054
PCMCI+,CLOUD_AMT,0,<--,-0.7621298532656112,0.0,31.7696,-5.6054
PCMCI+,CLOUD_AMT,1,-->,-0.09989625675837034,4.63638706068984e-07,31.7696,-5.6054
PCMCI,T2M,1,-->,-0.11084643421383433,4.040233560829117e-07,31.7696,-5.1054
PCMCI,CLOUD_AMT,1,-->,-0.1987782572614017,1.8354215509641383e-22,31.7696,-5.1054
PCMCI+,DTR,0,<--,0.2150773008786712,6.660310104024238e-28,31.7696,-5.1054
PCMCI+,RH2M,0,<--,-0.1413520815387587,9.087136035452654e-13,31.7696,-5.1054
PCMCI+,PRECT,0,x-x,-0.26799368649594996,5.745445713373248e-43,31.7696,-5.1054
PCMCI+,CLOUD_AMT,0,<--,-0.76225970546214,0.0,31.7696,-5.1054
PCMCI+,CLOUD_AMT,1,-->,-0.11766827563136194,2.812468576820178e-09,31.7696,-5.1054
PCMCI,T2M,1,-->,-0.07514069251205932,0.0022870053507814962,31.7696,-4.6054
PCMCI,CLOUD_AMT,1,-->,-0.17960436347783426,2.420493552742551e-18,31.7696,-4.6054
PCMCI+,DTR,0,<--,0.17359753714130757,1.3950527236640304e-18,31.7696,-4.6054
PCMCI+,RH2M,0,<--,-0.11412246650659498,8.543230814407756e-09,31.7696,-4.6054
PCMCI+,PRECT,0,<--,-0.18544829475189542,4.7641536068328994e-21,31.7696,-4.6054
PCMCI+,CLOUD_AMT,0,<--,-0.8200426886466715,0.0,31.7696,-4.6054
PCMCI+,CLOUD_AMT,1,-->,-0.08932695734375369,6.6316324942677764e-06,31.7696,-4.6054
PCMCI,T2M,1,-->,-0.07514069251205932,0.0022870053507814962,31.7696,-4.1054
PCMCI,CLOUD_AMT,1,-->,-0.17960436347783426,2.420493552742551e-18,31.7696,-4.1054
PCMCI+,DTR,0,<--,0.17359753714130757,1.3950527236640304e-18,31.7696,-4.1054
PCMCI+,RH2M,0,<--,-0.11412246650659498,8.543230814407756e-09,31.7696,-4.1054
PCMCI+,PRECT,0,<--,-0.18544829475189542,4.7641536068328994e-21,31.7696,-4.1054
PCMCI+,CLOUD_AMT,0,<--,-0.8200426886466715,0.0,31.7696,-4.1054
PCMCI+,CLOUD_AMT,1,-->,-0.08932695734375369,6.6316324942677764e-06,31.7696,-4.1054
PCMCI,kc,1,-->,0.07008658514799174,0.005085325939801191,31.7696,-3.6054
PCMCI,kc,5,-->,0.0714042677606885,0.004173422194355246,31.7696,-3.6054
PCMCI,T2M,1,-->,-0.06822504328459757,0.006971220311614367,31.7696,-3.6054
PCMCI,CLOUD_AMT,1,-->,-0.1676052424152495,5.702213005235009e-16,31.7696,-3.6054
PCMCI+,DTR,0,<--,0.1714673104202472,3.737711070402402e-18,31.7696,-3.6054
PCMCI+,RH2M,0,<--,-0.06374236171910601,0.0013343103155029218,31.7696,-3.6054
PCMCI+,PRECT,0,x-x,-0.20849392199630465,2.7053885626618816e-26,31.7696,-3.6054
PCMCI+,CLOUD_AMT,0,<--,-0.8064553178830767,0.0,31.7696,-3.6054
PCMCI+,CLOUD_AMT,1,-->,-0.07907286291181202,6.7338080858097e-05,31.7696,-3.6054
PCMCI,kc,1,-->,0.08858678046164471,0.00012468311160326122,31.7696,-3.1053999999999995
PCMCI,kc,5,-->,0.06721549427065636,0.0072815363592976245,31.7696,-3.1053999999999995
PCMCI,CLOUD_AMT,1,-->,-0.16420103362916585,2.255142820629936e-15,31.7696,-3.1053999999999995
PCMCI+,DTR,0,x-x,0.1614643711404938,2.9733746856827847e-16,31.7696,-3.1053999999999995
PCMCI+,WS10M,0,<--,-0.05912117669031679,0.0029142601662276893,31.7696,-3.1053999999999995
PCMCI+,PRECT,0,<--,-0.1960681041670405,2.239421882255465e-23,31.7696,-3.1053999999999995
PCMCI+,CLOUD_AMT,0,<--,-0.7659416542581677,0.0,31.7696,-3.1053999999999995
PCMCI+,CLOUD_AMT,1,-->,-0.07399187939891215,0.00019248883509909444,31.7696,-3.1053999999999995
PCMCI,WS10M,1,-->,0.14651241771443643,3.107982099683467e-12,32.2696,-9.1054
PCMCI,WS10M,2,-->,-0.07332529627135177,0.001861333328269374,32.2696,-9.1054
PCMCI,PS,1,-->,0.24302088978640268,1.2193716710587891e-33,32.2696,-9.1054
PCMCI,PS,2,-->,-0.13256620832656935,5.081469045766982e-10,32.2696,-9.1054
PCMCI,PS,3,-->,0.07593404159410726,0.0012237759155273357,32.2696,-9.1054
PCMCI,PS,4,-->,-0.06784714799394703,0.005090076716384387,32.2696,-9.1054
PCMCI,CLOUD_AMT,1,-->,-0.30748486363018657,9.402630036292792e-55,32.2696,-9.1054
PCMCI+,DTR,0,<--,0.06275420700340313,0.0015815802203884195,32.2696,-9.1054
PCMCI+,RH2M,0,<--,-0.12804671227266584,1.0106077689989332e-10,32.2696,-9.1054
PCMCI+,WS10M,1,-->,0.09774933389560178,8.224175722344253e-07,32.2696,-9.1054
PCMCI+,PRECT,0,<--,-0.2830292892490987,6.897263442197074e-48,32.2696,-9.1054
PCMCI+,CLOUD_AMT,0,<--,-0.7378069715739842,0.0,32.2696,-9.1054
PCMCI,T2M,1,-->,-0.08930692662986113,8.646659012355921e-05,32.2696,-8.6054
PCMCI,DTR,2,-->,0.06814111513928087,0.005401039203803004,32.2696,-8.6054
PCMCI,WS10M,1,-->,0.09115073583709533,5.641343855583831e-05,32.2696,-8.6054
PCMCI,PS,1,-->,0.24603705511071516,1.4641681824345087e-34,32.2696,-8.6054
PCMCI,PS,2,-->,-0.1325401062745188,4.5779958355622616e-10,32.2696,-8.6054
PCMCI,PS,3,-->,0.06883992444194352,0.004799803423890925,32.2696,-8.6054
PCMCI,CLOUD_AMT,1,-->,-0.26932875604835876,1.5601124744164478e-41,32.2696,-8.6054
PCMCI+,T2M,1,-->,-0.060734177803504034,0.002237201382169991,32.2696,-8.6054
PCMCI+,DTR,0,x-x,0.1952538209965407,3.557366111041185e-23,32.2696,-8.6054
PCMCI+,PRECT,0,<--,-0.3177670494133384,1.564060016023003e-60,32.2696,-8.6054
PCMCI+,CLOUD_AMT,0,<--,-0.7449582627198719,0.0,32.2696,-8.6054
PCMCI,T2M,1,-->,-0.10421907972090388,2.4103242379256386e-06,32.2696,-8.1054
PCMCI,RH2M,1,-->,-0.06593347237961403,0.008047829568392546,32.2696,-8.1054
PCMCI,PS,1,-->,0.25806495861307177,4.79395864033205e-38,32.2696,-8.1054
PCMCI,PS,2,-->,-0.12287132739384711,1.0306908478238041e-08,32.2696,-8.1054
PCMCI,PS,3,-->,0.07143410258371635,0.0030504870682792674,32.2696,-8.1054
PCMCI,CLOUD_AMT,1,-->,-0.30411311367499,1.5536064690534965e-53,32.2696,-8.1054
PCMCI+,T2M,1,-->,-0.05513011985195661,0.005523021999760421,32.2696,-8.1054
PCMCI+,DTR,0,x-x,0.2107069595094987,8.015860550755455e-27,32.2696,-8.1054
PCMCI+,PRECT,0,<--,-0.25048194180072947,1.4894443703532193e-37,32.2696,-8.1054
PCMCI+,PS,0,x-x,0.05385912693426071,0.006701963963990928,32.2696,-8.1054
PCMCI+,CLOUD_AMT,0,<--,-0.8015152857690703,0.0,32.2696,-8.1054
PCMCI,DTR,4,-->,0.06558020792877695,0.007340418146732407,32.2696,-7.605399999999999
PCMCI,WS10M,1,-->,0.07279174920349316,0.0022149668421739444,32.2696,-7.605399999999999
PCMCI,PS,1,-->,0.24173953812410512,2.3499120422750647e-33,32.2696,-7.605399999999999
PCMCI,PS,2,-->,-0.10813031855952082,6.963488742136083e-07,32.2696,-7.605399999999999
PCMCI,CLOUD_AMT,1,-->,-0.2886787360970249,5.73307243880397e-48,32.2696,-7.605399999999999
PCMCI+,DTR,0,<--,0.2469677276334853,1.7026699632662705e-36,32.2696,-7.605399999999999
PCMCI+,PRECT,0,<--,-0.30012463532547656,6.042183904230086e-54,32.2696,-7.605399999999999
PCMCI+,CLOUD_AMT,0,<--,-0.7753708049230441,0.0,32.2696,-7.605399999999999
PCMCI,DTR,1,-->,-0.06979932791144808,0.0037593239947447585,32.2696,-7.1054
PCMCI,PS,1,-->,0.2422819596827378,1.4321197682854126e-33,32.2696,-7.1054
PCMCI,PS,2,-->,-0.11358566869565902,1.592402749692187e-07,32.2696,-7.1054
PCMCI,CLOUD_AMT,1,-->,-0.33394857305164405,4.347273881743329e-65,32.2696,-7.1054
PCMCI+,DTR,0,<--,0.2008649521382601,1.7784457486687744e-24,32.2696,-7.1054
PCMCI+,RH2M,0,x-x,-0.06480561180466833,0.001105794961573673,32.2696,-7.1054
PCMCI+,PRECT,0,<--,-0.28785174547613496,1.5256559745672411e-49,32.2696,-7.1054
PCMCI+,CLOUD_AMT,0,x-x,-0.8111065496407103,0.0,32.2696,-7.1054
PCMCI,T2M,2,-->,-0.06927383188819243,0.003970511942755115,32.2696,-6.6054
PCMCI,PRECT,1,-->,-0.07914170403454412,0.0006297049326967221,32.2696,-6.6054
PCMCI,PS,1,-->,0.25543344790423983,2.230329136501951e-37,32.2696,-6.6054
PCMCI,PS,2,-->,-0.12480731704763035,5.166604327504837e-09,32.2696,-6.6054
PCMCI,CLOUD_AMT,1,-->,-0.29941907399235057,8.110170241988954e-52,32.2696,-6.6054
PCMCI+,DTR,0,<--,0.18293206135342266,1.6845602998843607e-20,32.2696,-6.6054
PCMCI+,PRECT,0,<--,-0.2995973446566217,8.966868897731326e-54,32.2696,-6.6054
PCMCI+,CLOUD_AMT,0,<--,-0.7282462196593112,0.0,32.2696,-6.6054
PCMCI,T2M,2,-->,-0.07054514256924012,0.002673165425745099,32.2696,-6.1054
PCMCI,DTR,1,-->,-0.09596170105062905,1.208054381392285e-05,32.2696,-6.1054
PCMCI,PRECT,1,-->,-0.0713182122178429,0.0023270238617716203,32.2696,-6.1054
PCMCI,PS,1,-->,0.2742477504023569,2.91510127094301e-43,32.2696,-6.1054
PCMCI,PS,2,-->,-0.13057292858072528,6.622075876168278e-10,32.2696,-6.1054
PCMCI,CLOUD_AMT,1,-->,-0.34958110529472786,9.47383718870537e-72,32.2696,-6.1054
PCMCI+,DTR,0,-->,0.1364417495266884,5.354476991134744e-12,32.2696,-6.1054
PCMCI+,RH2M,0,<--,-0.15650035759158862,2.4071906340455066e-15,32.2696,-6.1054
PCMCI+,PRECT,0,<--,-0.27659527458656796,9.52968752138297e-46,32.2696,-6.1054
PCMCI+,CLOUD_AMT,0,-->,-0.730250070659536,0.0,32.2696,-6.1054
PCMCI,T2M,1,-->,-0.10196900747859032,2.997586153338159e-06,32.2696,-5.6054
PCMCI,DTR,1,-->,-0.12574503426314723,3.200070944945803e-09,32.2696,-5.6054
PCMCI,PRECT,1,-->,-0.10313465590740079,2.1665795597170344e-06,32.2696,-5.6054
PCMCI,PS,1,-->,0.23671151223742004,4.009244347273188e-32,32.2696,-5.6054
PCMCI,PS,2,-->,-0.13704358209075831,8.613109964036519e-11,32.2696,-5.6054
PCMCI,PS,3,-->,0.07481443203097449,0.0011984319515491453,32.2696,-5.6054
PCMCI,CLOUD_AMT,1,-->,-0.3591020414034293,4.922077457312601e-76,32.2696,-5.6054
PCMCI+,DTR,0,x-x,0.21213465824803893,3.577809474084354e-27,32.2696,-5.6054
PCMCI+,RH2M,0,<--,-0.1293390059945658,6.526347725971681e-11,32.2696,-5.6054
PCMCI+,WS10M,0,x-x,-0.07037773459536932,0.00039308608122849253,32.2696,-5.6054
PCMCI+,PRECT,0,<--,-0.2619107827138476,5.102764734703489e-41,32.2696,-5.6054
PCMCI+,CLOUD_AMT,0,-->,-0.8075372101336477,0.0,32.2696,-5.6054
PCMCI,T2M,1,-->,-0.13922452754348658,3.454410056092676e-11,32.2696,-5.1054
PCMCI,DTR,1,-->,-0.06308393983755967,0.008999598782172968,32.2696,-5.1054
PCMCI,RH2M,1,-->,0.09663870964973566,1.1200410168860637e-05,32.2696,-5.1054
PCMCI,PS,1,-->,0.2092365497488956,5.394613503565886e-25,32.2696,-5.1054
PCMCI,PS,2,-->,-0.13911264499401815,3.454410056092676e-11,32.2696,-5.1054
PCMCI,PS,3,-->,0.07829794270163816,0.0006101667818342902,32.2696,-5.1054
PCMCI,CLOUD_AMT,1,-->,-0.36620567720484,2.3456510406885498e-79,32.2696,-5.1054
PCMCI,CLOUD_AMT,2,-->,0.0764584452906203,0.000863160580218873,32.2696,-5.1054
PCMCI+,DTR,0,-->,0.23449102399834737,6.044990956903675e-33,32.2696,-5.1054
PCMCI+,RH2M,0,<--,-0.15141714273258564,1.9323306968481947e-14,32.2696,-5.1054
PCMCI+,WS10M,0,<--,-0.10051079812553837,3.979311303038395e-07,32.2696,-5.1054
PCMCI+,PRECT,0,<--,-0.24332762170705538,1.850775896283124e-35,32.2696,-5.1054
PCMCI+,CLOUD_AMT,0,<--,-0.7555686396323925,0.0,32.2696,-5.1054
PCMCI,T2M,1,-->,-0.09969417193946968,6.822714919404347e-06,32.2696,-4.6054
PCMCI,PS,1,-->,0.11606183247469773,7.806712096334704e-08,32.2696,-4.6054
PCMCI,PS,2,-->,-0.07365542246666486,0.002014378594638341,32.2696,-4.6054
PCMCI,CLOUD_AMT,1,-->,-0.23105163017317434,1.9459983621439188e-30,32.2696,-4.6054
PCMCI,CLOUD_AMT,2,-->,0.07761079003316426,0.0009305458821280952,32.2696,-4.6054
PCMCI+,DTR,0,o-o,0.2205415280339907,2.8884510185418186e-29,32.2696,-4.6054
PCMCI+,RH2M,0,x-x,-0.1618700675296259,2.535361525015451e-16,32.2696,-4.6054
PCMCI+,PRECT,0,<--,-0.20640359412195614,8.610146993738112e-26,32.2696,-4.6054
PCMCI+,CLOUD_AMT,0,x-x,-0.7603926867952244,0.0,32.2696,-4.6054
PCMCI,T2M,1,-->,-0.09969417193946968,6.822714919404347e-06,32.2696,-4.1054
PCMCI,PS,1,-->,0.11606183247469773,7.806712096334704e-08,32.2696,-4.1054
PCMCI,PS,2,-->,-0.07365542246666486,0.002014378594638341,32.2696,-4.1054
PCMCI,CLOUD_AMT,1,-->,-0.23105163017317434,1.9459983621439188e-30,32.2696,-4.1054
PCMCI,CLOUD_AMT,2,-->,0.07761079003316426,0.0009305458821280952,32.2696,-4.1054
PCMCI+,DTR,0,o-o,0.2205415280339907,2.8884510185418186e-29,32.2696,-4.1054
PCMCI+,RH2M,0,x-x,-0.1618700675296259,2.535361525015451e-16,32.2696,-4.1054
PCMCI+,PRECT,0,<--,-0.20640359412195614,8.610146993738112e-26,32.2696,-4.1054
PCMCI+,CLOUD_AMT,0,x-x,-0.7603926867952244,0.0,32.2696,-4.1054
PCMCI,T2M,1,-->,-0.08864911047923582,0.00010831018942674948,32.2696,-3.6054
PCMCI,PS,1,-->,0.11494956161353274,1.2092022261664418e-07,32.2696,-3.6054
PCMCI,PS,2,-->,-0.08359389662333733,0.0003293073246744404,32.2696,-3.6054
PCMCI,CLOUD_AMT,1,-->,-0.19972543860686096,1.1032245069602704e-22,32.2696,-3.6054
PCMCI+,DTR,0,x-x,0.23642516600350355,1.6248476946878553e-33,32.2696,-3.6054
PCMCI+,RH2M,0,x-x,-0.11778950265424495,2.7280829318455975e-09,32.2696,-3.6054
PCMCI+,PRECT,0,<--,-0.22045632537149998,2.7473579291516e-29,32.2696,-3.6054
PCMCI+,PS,0,x-x,0.05149218510930824,0.009528162464846548,32.2696,-3.6054
PCMCI+,CLOUD_AMT,0,-->,-0.7353431515634085,0.0,32.2696,-3.6054
PCMCI,T2M,1,-->,-0.0800318460072707,0.0006418666402951787,32.2696,-3.1053999999999995
PCMCI,PS,1,-->,0.10080461937119624,5.517877263877464e-06,32.2696,-3.1053999999999995
PCMCI,PS,2,-->,-0.06906896450637501,0.0049977496176235444,32.2696,-3.1053999999999995
PCMCI,CLOUD_AMT,1,-->,-0.19898627464360516,1.7480411170352766e-22,32.2696,-3.1053999999999995
PCMCI+,DTR,0,x-x,0.18515361621921586,5.5063721905956984e-21,32.2696,-3.1053999999999995
PCMCI+,RH2M,0,x-x,-0.09355842183697795,2.42994204710594e-06,32.2696,-3.1053999999999995
PCMCI+,PRECT,0,<--,-0.24108537920621573,7.348904475730815e-35,32.2696,-3.1053999999999995
PCMCI+,PS,0,x-x,0.05247258981131181,0.008243589057758656,32.2696,-3.1053999999999995
PCMCI+,CLOUD_AMT,0,-->,-0.7710930820814694,0.0,32.2696,-3.1053999999999995
PCMCI,PS,1,-->,0.11745600340611038,5.8941789790986744e-08,32.2696,-2.6053999999999995
PCMCI,PS,2,-->,-0.07186014161940094,0.003278753750142746,32.2696,-2.6053999999999995
PCMCI,CLOUD_AMT,1,-->,-0.21214284231370467,1.309949456795009e-25,32.2696,-2.6053999999999995
PCMCI+,DTR,0,<--,0.18805692088671586,1.3818864361258395e-21,32.2696,-2.6053999999999995
PCMCI+,RH2M,0,x-x,-0.08186784640901323,3.703929407380507e-05,32.2696,-2.6053999999999995
PCMCI+,WS10M,0,-->,-0.057583510119825286,0.003728813827032221,32.2696,-2.6053999999999995
PCMCI+,PRECT,0,x-x,-0.20763143284945693,4.178625129102442e-26,32.2696,-2.6053999999999995
PCMCI+,CLOUD_AMT,0,x-x,-0.7984579049110042,0.0,32.2696,-2.6053999999999995
PCMCI,T2M,1,-->,-0.07989049815452963,0.0006571291249925697,32.2696,-2.1053999999999995
PCMCI,PS,1,-->,0.10335030823712213,3.0413113695953575e-06,32.2696,-2.1053999999999995
PCMCI,CLOUD_AMT,1,-->,-0.20877832770498458,9.10560169982704e-25,32.2696,-2.1053999999999995
PCMCI+,DTR,0,x-x,0.16962357875426756,8.318407297664401e-18,32.2696,-2.1053999999999995
PCMCI+,RH2M,0,x-x,-0.08166759591198394,3.856697079547816e-05,32.2696,-2.1053999999999995
PCMCI+,PRECT,0,<--,-0.1656757136142125,4.6376716895080486e-17,32.2696,-2.1053999999999995
PCMCI+,PS,0,x-x,0.06209128241277745,0.0017618187019358916,32.2696,-2.1053999999999995
PCMCI+,CLOUD_AMT,0,x-x,-0.7696981971292048,0.0,32.2696,-2.1053999999999995
PCMCI,T2M,1,-->,-0.07018500968936335,0.0038288025235444887,32.2696,-1.6053999999999995
PCMCI,PS,1,-->,0.13338191287814444,3.8796926322549145e-10,32.2696,-1.6053999999999995
PCMCI,PS,2,-->,-0.09092814936683505,5.979545900821247e-05,32.2696,-1.6053999999999995
PCMCI,CLOUD_AMT,1,-->,-0.3495038456958337,1.0933854452525616e-71,32.2696,-1.6053999999999995
PCMCI+,DTR,0,<--,0.21186910100808995,4.356001409745896e-27,32.2696,-1.6053999999999995
PCMCI+,RH2M,0,<--,-0.10632895954504482,8.140252530821732e-08,32.2696,-1.6053999999999995
PCMCI+,WS10M,0,-->,-0.08101007621903239,4.467920335514202e-05,32.2696,-1.6053999999999995
PCMCI+,PRECT,0,x-x,-0.16971578177387248,7.748979985437779e-18,32.2696,-1.6053999999999995
PCMCI+,CLOUD_AMT,0,<--,-0.797629718975926,0.0,32.2696,-1.6053999999999995
PCMCI,T2M,1,-->,-0.08364797332954307,0.0003030007725023629,32.7696,-8.6054
PCMCI,WS10M,1,-->,0.09041386951708535,7.403444283580079e-05,32.7696,-8.6054
PCMCI,PS,1,-->,0.2648816770777256,3.737084704717907e-40,32.7696,-8.6054
PCMCI,PS,2,-->,-0.13579919135067856,1.953076161495522e-10,32.7696,-8.6054
PCMCI,PS,3,-->,0.08429626007895798,0.0002721333061741086,32.7696,-8.6054
PCMCI,CLOUD_AMT,1,-->,-0.2674412451826306,6.23121493057233e-41,32.7696,-8.6054
PCMCI+,T2M,1,-->,-0.0678815792994187,0.000630858383371877,32.7696,-8.6054
PCMCI+,DTR,0,<--,0.16472958958629624,7.305660383173165e-17,32.7696,-8.6054
PCMCI+,PRECT,0,<--,-0.3271181472884135,2.8715802904916142e-64,32.7696,-8.6054
PCMCI+,CLOUD_AMT,0,x-x,-0.7680873976207669,0.0,32.7696,-8.6054
PCMCI,T2M,1,-->,-0.10325150677992292,3.0843512109053545e-06,32.7696,-8.1054
PCMCI,PS,1,-->,0.25348520685700515,1.1902881831227095e-36,32.7696,-8.1054
PCMCI,PS,2,-->,-0.1281853064283852,2.454427770221113e-09,32.7696,-8.1054
PCMCI,PS,3,-->,0.06947275916091454,0.004905440679736125,32.7696,-8.1054
PCMCI,CLOUD_AMT,1,-->,-0.2780192026457068,2.585090123285756e-44,32.7696,-8.1054
PCMCI+,T2M,1,-->,-0.05724216560401731,0.003960286466209559,32.7696,-8.1054
PCMCI+,DTR,0,x-x,0.21432457370918181,1.0761774429023044e-27,32.7696,-8.1054
PCMCI+,PRECT,0,<--,-0.2436946498373048,1.4530266566233234e-35,32.7696,-8.1054
PCMCI+,PS,0,x-x,0.056000884630992655,0.00481307269677267,32.7696,-8.1054
PCMCI+,CLOUD_AMT,0,x-x,-0.7671595151594804,0.0,32.7696,-8.1054
PCMCI,T2M,1,-->,-0.0815576595421739,0.00039713868756096596,32.7696,-7.605399999999999
PCMCI,PS,1,-->,0.2692070200593602,1.4239337506434776e-41,32.7696,-7.605399999999999
PCMCI,PS,2,-->,-0.1378374304720888,7.46596668686891e-11,32.7696,-7.605399999999999
PCMCI,PS,3,-->,0.06708042063914034,0.005662056120403309,32.7696,-7.605399999999999
PCMCI,CLOUD_AMT,1,-->,-0.29235969821068786,2.9623475542211666e-49,32.7696,-7.605399999999999
PCMCI+,DTR,0,<--,0.23830603169426068,5.013683980282396e-34,32.7696,-7.605399999999999
PCMCI+,PRECT,0,<--,-0.28021781727320433,5.661799580367116e-47,32.7696,-7.605399999999999
PCMCI+,CLOUD_AMT,0,<--,-0.7681718396128673,0.0,32.7696,-7.605399999999999
PCMCI,T2M,1,-->,-0.09495975945350908,1.974953405684118e-05,32.7696,-7.1054
PCMCI,PS,1,-->,0.2713527470892475,2.693603096404279e-42,32.7696,-7.1054
PCMCI,PS,2,-->,-0.14053968938627193,2.245526187946577e-11,32.7696,-7.1054
PCMCI,PS,3,-->,0.06512494689497483,0.00712313461813914,32.7696,-7.1054
PCMCI,CLOUD_AMT,1,-->,-0.3354802967989403,7.644906665704056e-66,32.7696,-7.1054
PCMCI+,DTR,0,<--,0.24575623421216794,3.590450522894739e-36,32.7696,-7.1054
PCMCI+,PRECT,0,<--,-0.31164504011296806,3.226078739778335e-58,32.7696,-7.1054
PCMCI+,CLOUD_AMT,0,<--,-0.7594892139191918,0.0,32.7696,-7.1054
PCMCI,T2M,2,-->,-0.0834247541626109,0.00026212332859429333,32.7696,-6.6054
PCMCI,PS,1,-->,0.2856388564665184,5.34922468039893e-47,32.7696,-6.6054
PCMCI,PS,2,-->,-0.15469531254172567,1.0131024837275893e-13,32.7696,-6.6054
PCMCI,CLOUD_AMT,1,-->,-0.29584221422947854,1.6465888358831786e-50,32.7696,-6.6054
PCMCI+,DTR,0,<--,0.16125999304617397,3.2433134360428925e-16,32.7696,-6.6054
PCMCI+,PRECT,0,<--,-0.27495112970598523,3.322616882590257e-45,32.7696,-6.6054
PCMCI+,CLOUD_AMT,0,<--,-0.7484763574398089,0.0,32.7696,-6.6054
PCMCI,T2M,2,-->,-0.08153001672807945,0.0003650037982248073,32.7696,-6.1054
PCMCI,PRECT,1,-->,-0.06736274214663361,0.0043521761923545855,32.7696,-6.1054
PCMCI,PS,1,-->,0.2912780486781897,4.5321847720908825e-49,32.7696,-6.1054
PCMCI,PS,2,-->,-0.1393108425824604,3.07146491316826e-11,32.7696,-6.1054
PCMCI,CLOUD_AMT,1,-->,-0.32403146575529196,4.923798901567933e-61,32.7696,-6.1054
PCMCI+,DTR,0,<--,0.135699278012157,6.9845800226171234e-12,32.7696,-6.1054
PCMCI+,PRECT,0,<--,-0.3173529192910184,2.0385116128576886e-60,32.7696,-6.1054
PCMCI+,CLOUD_AMT,0,-->,-0.7415529116510491,0.0,32.7696,-6.1054
PCMCI,T2M,1,-->,-0.08803618951076932,8.681174941793128e-05,32.7696,-5.6054
PCMCI,T2M,2,-->,-0.07869220313484566,0.0005596609737746457,32.7696,-5.6054
PCMCI,DTR,1,-->,-0.1211717188344306,1.4116955140496148e-08,32.7696,-5.6054
PCMCI,PRECT,1,-->,-0.09542435082034313,1.7855038194222122e-05,32.7696,-5.6054
PCMCI,PS,1,-->,0.256025042577157,1.2387438481801448e-37,32.7696,-5.6054
PCMCI,PS,2,-->,-0.14108781411506457,1.6881018549459592e-11,32.7696,-5.6054
PCMCI,CLOUD_AMT,1,-->,-0.35938212499506283,3.998129500318854e-76,32.7696,-5.6054
PCMCI+,DTR,0,-->,0.14543051574144333,1.9318818064943506e-13,32.7696,-5.6054
PCMCI+,PRECT,0,<--,-0.3113235286672697,4.2768494237156284e-58,32.7696,-5.6054
PCMCI+,CLOUD_AMT,0,-->,-0.758410715658709,0.0,32.7696,-5.6054
PCMCI,T2M,1,-->,-0.12373411214075028,5.858191691199545e-09,32.7696,-5.1054
PCMCI,DTR,1,-->,-0.09629994793060874,1.3774197365799352e-05,32.7696,-5.1054
PCMCI,PRECT,1,-->,-0.06375958298181583,0.007722776261416527,32.7696,-5.1054
PCMCI,PS,1,-->,0.24769907395651775,3.212332800972753e-35,32.7696,-5.1054
PCMCI,PS,2,-->,-0.15505830441442084,8.085727158969909e-14,32.7696,-5.1054
PCMCI,PS,3,-->,0.07710782299498606,0.0008235416438007522,32.7696,-5.1054
PCMCI,CLOUD_AMT,1,-->,-0.3949164099637084,2.5104052064707665e-93,32.7696,-5.1054
PCMCI,CLOUD_AMT,2,-->,0.07129648150890974,0.002232192315565742,32.7696,-5.1054
PCMCI+,DTR,0,<--,0.20010163266871112,2.843568195047553e-24,32.7696,-5.1054
PCMCI+,PRECT,0,<--,-0.2971094035835397,7.8270711838815405e-53,32.7696,-5.1054
PCMCI+,CLOUD_AMT,0,-->,-0.8342703734387993,0.0,32.7696,-5.1054
PCMCI,T2M,1,-->,-0.10019745300167711,5.803044191927494e-06,32.7696,-4.6054
PCMCI,PS,1,-->,0.13095331162256976,5.811524014493483e-10,32.7696,-4.6054
PCMCI,PS,2,-->,-0.08126333911297033,0.0004498315201261829,32.7696,-4.6054
PCMCI,CLOUD_AMT,1,-->,-0.23190094098515984,9.83023252422202e-31,32.7696,-4.6054
PCMCI+,DTR,0,-->,0.17537623769372895,5.954092578903359e-19,32.7696,-4.6054
PCMCI+,RH2M,0,x-x,-0.13638410107156246,5.5190098157288064e-12,32.7696,-4.6054
PCMCI+,PRECT,0,<--,-0.1967101606199845,1.6337251553940693e-23,32.7696,-4.6054
PCMCI+,CLOUD_AMT,0,x-x,-0.7650130956772955,0.0,32.7696,-4.6054
PCMCI,T2M,1,-->,-0.10019745300167711,5.803044191927494e-06,32.7696,-4.1054
PCMCI,PS,1,-->,0.13095331162256976,5.811524014493483e-10,32.7696,-4.1054
PCMCI,PS,2,-->,-0.08126333911297033,0.0004498315201261829,32.7696,-4.1054
PCMCI,CLOUD_AMT,1,-->,-0.23190094098515984,9.83023252422202e-31,32.7696,-4.1054
PCMCI+,DTR,0,-->,0.17537623769372895,5.954092578903359e-19,32.7696,-4.1054
PCMCI+,RH2M,0,x-x,-0.13638410107156246,5.5190098157288064e-12,32.7696,-4.1054
PCMCI+,PRECT,0,<--,-0.1967101606199845,1.6337251553940693e-23,32.7696,-4.1054
PCMCI+,CLOUD_AMT,0,x-x,-0.7650130956772955,0.0,32.7696,-4.1054
PCMCI,T2M,1,-->,-0.11154696386315842,2.871134411227097e-07,32.7696,-3.6054
PCMCI,T2M,2,-->,0.08819179706030024,0.00011715517715864944,32.7696,-3.6054
PCMCI,PS,1,-->,0.13692476898317,9.200305476427058e-11,32.7696,-3.6054
PCMCI,PS,2,-->,-0.08115027463881058,0.0005083192280750678,32.7696,-3.6054
PCMCI,CLOUD_AMT,1,-->,-0.18420145788001055,2.301807041416488e-19,32.7696,-3.6054
PCMCI+,DTR,0,<--,0.22041541043884744,3.034757894989083e-29,32.7696,-3.6054
PCMCI+,RH2M,0,x-x,-0.0899951428624024,5.79758421709525e-06,32.7696,-3.6054
PCMCI+,WS10M,0,x-x,-0.09850874255468371,6.782959698736604e-07,32.7696,-3.6054
PCMCI+,PRECT,0,x-x,-0.21458735098549378,9.03929065736312e-28,32.7696,-3.6054
PCMCI+,CLOUD_AMT,0,-->,-0.75743478171056,0.0,32.7696,-3.6054
PCMCI+,CLOUD_AMT,1,-->,-0.08406386141047567,2.2643370469426796e-05,32.7696,-3.6054
PCMCI,kc,1,-->,0.0734033944601338,0.0023360883002065606,32.7696,-3.1053999999999995
PCMCI,T2M,1,-->,-0.12335780634557914,8.875959811258122e-09,32.7696,-3.1053999999999995
PCMCI,T2M,2,-->,0.08736951558021663,0.00014024992572291155,32.7696,-3.1053999999999995
PCMCI,DTR,3,-->,0.06654951726997305,0.007492499474230171,32.7696,-3.1053999999999995
PCMCI,PS,1,-->,0.11714738802862329,5.899959573618363e-08,32.7696,-3.1053999999999995
PCMCI,PS,2,-->,-0.06788883393289884,0.006035099043231632,32.7696,-3.1053999999999995
PCMCI,CLOUD_AMT,1,-->,-0.1875321380423737,5.304401192710403e-20,32.7696,-3.1053999999999995
PCMCI+,DTR,0,<--,0.17205289110264224,2.8230983950994104e-18,32.7696,-3.1053999999999995
PCMCI+,RH2M,0,x-x,-0.05894097765388328,0.003019047259251279,32.7696,-3.1053999999999995
PCMCI+,WS10M,0,x-x,-0.0549520768786297,0.005667830391395119,32.7696,-3.1053999999999995
PCMCI+,PRECT,0,x-x,-0.2608160034323622,1.1553151152134048e-40,32.7696,-3.1053999999999995
PCMCI+,CLOUD_AMT,0,-->,-0.7800699197301472,0.0,32.7696,-3.1053999999999995
PCMCI+,CLOUD_AMT,1,-->,-0.08966765378971721,6.13910807096791e-06,32.7696,-3.1053999999999995
PCMCI,T2M,1,-->,-0.09815873736796774,1.0776172621508023e-05,32.7696,-2.6053999999999995
PCMCI,T2M,2,-->,0.08980275775838135,7.93674085618073e-05,32.7696,-2.6053999999999995
PCMCI,PS,1,-->,0.1380731378945823,5.959779141953266e-11,32.7696,-2.6053999999999995
PCMCI,PS,2,-->,-0.08670136925833512,0.00015307361411942457,32.7696,-2.6053999999999995
PCMCI,CLOUD_AMT,1,-->,-0.2044073569579506,8.19775199116895e-24,32.7696,-2.6053999999999995
PCMCI+,DTR,0,<--,0.1440720896467873,3.240362356005594e-13,32.7696,-2.6053999999999995
PCMCI+,RH2M,0,x-x,-0.061222217574198996,0.0020476826872380745,32.7696,-2.6053999999999995
PCMCI+,PRECT,0,<--,-0.22710723510483685,5.0338139510714045e-31,32.7696,-2.6053999999999995
PCMCI+,CLOUD_AMT,0,x-x,-0.7553621954410433,0.0,32.7696,-2.6053999999999995
PCMCI,T2M,1,-->,-0.08075651642178198,0.0006039392272950577,32.7696,-2.1053999999999995
PCMCI,T2M,2,-->,0.07818426336037353,0.0009676769284015869,32.7696,-2.1053999999999995
PCMCI,PS,1,-->,0.12087934480888082,1.935755127576351e-08,32.7696,-2.1053999999999995
PCMCI,PS,2,-->,-0.06895183885462476,0.0048834911917209674,32.7696,-2.1053999999999995
PCMCI,CLOUD_AMT,1,-->,-0.20553095592093912,5.462261800062887e-24,32.7696,-2.1053999999999995
PCMCI+,DTR,0,<--,0.14203160225037811,6.982235507303959e-13,32.7696,-2.1053999999999995
PCMCI+,PRECT,0,<--,-0.2410460499238366,7.316226285040138e-35,32.7696,-2.1053999999999995
PCMCI+,CLOUD_AMT,0,<--,-0.7632800881348878,0.0,32.7696,-2.1053999999999995
PCMCI,T2M,1,-->,-0.11447067386733567,1.1964897546276078e-07,32.7696,-1.6053999999999995
PCMCI,T2M,2,-->,0.0915894665068112,5.0396947423134184e-05,32.7696,-1.6053999999999995
PCMCI,PS,1,-->,0.15886525908546303,2.0266043322229543e-14,32.7696,-1.6053999999999995
PCMCI,PS,2,-->,-0.10194790399416481,3.836846711439026e-06,32.7696,-1.6053999999999995
PCMCI,CLOUD_AMT,1,-->,-0.20812246225108594,1.253449917961045e-24,32.7696,-1.6053999999999995
PCMCI+,DTR,0,<--,0.18807152224134324,1.3471242827127772e-21,32.7696,-1.6053999999999995
PCMCI+,RH2M,0,<--,-0.06564359294023021,0.0009473742794132688,32.7696,-1.6053999999999995
PCMCI+,WS10M,0,<--,-0.05934938263699225,0.002795894440046163,32.7696,-1.6053999999999995
PCMCI+,PRECT,0,<--,-0.2075440593999443,4.484621736901424e-26,32.7696,-1.6053999999999995
PCMCI+,CLOUD_AMT,0,<--,-0.7644482602027295,0.0,32.7696,-1.6053999999999995
PCMCI,DTR,1,-->,-0.10631146677853143,1.7053904639829534e-06,33.2696,-8.1054
PCMCI,RH2M,1,-->,-0.08984122493125335,7.830967261941688e-05,33.2696,-8.1054
PCMCI,WS10M,1,-->,0.07483583543132737,0.0017686603437303907,33.2696,-8.1054
PCMCI,PS,1,-->,0.19057238242532876,1.479263148846738e-20,33.2696,-8.1054
PCMCI,PS,2,-->,-0.09023156141030213,7.342322101349538e-05,33.2696,-8.1054
PCMCI,PS,3,-->,0.06808324855062144,0.0057715981698015974,33.2696,-8.1054
PCMCI,CLOUD_AMT,1,-->,-0.3149692328713227,1.6202868635041596e-57,33.2696,-8.1054
PCMCI+,RH2M,0,-->,-0.16463386057572035,7.722539913653105e-17,33.2696,-8.1054
PCMCI+,PRECT,0,<--,-0.25278933626510813,3.394129283622628e-38,33.2696,-8.1054
PCMCI+,PS,0,-->,0.10513454025652107,1.1497928011404339e-07,33.2696,-8.1054
PCMCI+,CLOUD_AMT,0,<--,-0.7504021996653801,0.0,33.2696,-8.1054
PCMCI,RH2M,1,-->,-0.089766654276801,9.580352319539145e-05,33.2696,-7.605399999999999
PCMCI,PS,1,-->,0.2594301882894192,1.7082637756780297e-38,33.2696,-7.605399999999999
PCMCI,PS,2,-->,-0.12572915052274394,4.866403385896952e-09,33.2696,-7.605399999999999
PCMCI,PS,3,-->,0.06638787994822064,0.007895143711276968,33.2696,-7.605399999999999
PCMCI,CLOUD_AMT,1,-->,-0.2670961844891532,8.066373737888285e-41,33.2696,-7.605399999999999
PCMCI+,DTR,0,<--,0.11211712800209042,1.533303858049374e-08,33.2696,-7.605399999999999
PCMCI+,RH2M,0,x-x,-0.09693630178309404,1.0047708258818338e-06,33.2696,-7.605399999999999
PCMCI+,PRECT,0,<--,-0.2878232383667489,1.5607640767209772e-49,33.2696,-7.605399999999999
PCMCI+,CLOUD_AMT,0,x-x,-0.7438894337472679,0.0,33.2696,-7.605399999999999
PCMCI,T2M,1,-->,-0.06938921631432121,0.004328898741566887,33.2696,-7.1054
PCMCI,RH2M,1,-->,-0.06702344247349316,0.00601327166400444,33.2696,-7.1054
PCMCI,PS,1,-->,0.25406740896139923,6.972694432646568e-37,33.2696,-7.1054
PCMCI,PS,2,-->,-0.12961196567716812,1.3134652729732102e-09,33.2696,-7.1054
PCMCI,PS,3,-->,0.06838715992601287,0.005120951340613234,33.2696,-7.1054
PCMCI,CLOUD_AMT,1,-->,-0.28945194492364446,3.2322586142153917e-48,33.2696,-7.1054
PCMCI+,DTR,0,<--,0.12626393656520649,1.8193018543966656e-10,33.2696,-7.1054
PCMCI+,RH2M,0,x-x,-0.06631101571882762,0.0008376333193360943,33.2696,-7.1054
PCMCI+,PRECT,0,<--,-0.286041721696532,6.434938984585285e-49,33.2696,-7.1054
PCMCI+,CLOUD_AMT,0,x-x,-0.7671637853746377,0.0,33.2696,-7.1054
PCMCI,PS,1,-->,0.29656387072356916,9.086252695505665e-51,33.2696,-6.6054
PCMCI,PS,2,-->,-0.1598656236291499,1.5345632940199023e-14,33.2696,-6.6054
PCMCI,PS,3,-->,0.07655128124277705,0.0012209793807792726,33.2696,-6.6054
PCMCI,CLOUD_AMT,1,-->,-0.2968599779047011,7.764254643956293e-51,33.2696,-6.6054
PCMCI+,DTR,0,<--,0.1784213244527792,1.504408972629974e-19,33.2696,-6.6054
PCMCI+,PRECT,0,x-x,-0.34005525450768037,1.1870826628259668e-69,33.2696,-6.6054
PCMCI+,PS,1,-->,0.06465045294283438,0.0011264655373362706,33.2696,-6.6054
PCMCI+,CLOUD_AMT,0,<--,-0.7020075548881148,0.0,33.2696,-6.6054
PCMCI,PS,1,-->,0.30763267587097604,7.492992520771354e-55,33.2696,-6.1054
PCMCI,PS,2,-->,-0.15773885289954112,3.0912014489374307e-14,33.2696,-6.1054
PCMCI,PS,3,-->,0.07615814084339914,0.0011652912511173569,33.2696,-6.1054
PCMCI,CLOUD_AMT,1,-->,-0.3348796231000979,1.4430327990592215e-65,33.2696,-6.1054
PCMCI+,DTR,0,<--,0.19813463361009956,7.734799370243825e-24,33.2696,-6.1054
PCMCI+,RH2M,0,<--,-0.053242612633229144,0.007368995522211509,33.2696,-6.1054
PCMCI+,PRECT,0,<--,-0.35675552926778853,7.195155798043067e-77,33.2696,-6.1054
PCMCI+,CLOUD_AMT,0,-->,-0.6659228417543468,0.0,33.2696,-6.1054
PCMCI,T2M,1,-->,-0.07753153049156229,0.0007765350282089117,33.2696,-5.6054
PCMCI,T2M,2,-->,-0.08189712139955285,0.0003290586796731921,33.2696,-5.6054
PCMCI,DTR,1,-->,-0.06924524533013278,0.003253754429392272,33.2696,-5.6054
PCMCI,DTR,2,-->,-0.06379871897569488,0.0072822525345651,33.2696,-5.6054
PCMCI,PS,1,-->,0.3134112962810295,5.952007885538994e-57,33.2696,-5.6054
PCMCI,PS,2,-->,-0.19211161187297526,4.198612660265899e-21,33.2696,-5.6054
PCMCI,PS,3,-->,0.08362964821177572,0.0002303736271822586,33.2696,-5.6054
PCMCI,CLOUD_AMT,1,-->,-0.28823541712973993,5.212626232358048e-48,33.2696,-5.6054
PCMCI+,DTR,0,-->,0.2127138926666655,2.63569492774321e-27,33.2696,-5.6054
PCMCI+,RH2M,0,x-x,-0.09125762007102334,4.238671489596015e-06,33.2696,-5.6054
PCMCI+,PRECT,0,<--,-0.361670300510668,3.9209433578296984e-79,33.2696,-5.6054
PCMCI+,CLOUD_AMT,0,-->,-0.737247928218564,0.0,33.2696,-5.6054
PCMCI,T2M,1,-->,-0.09573437247216472,1.486757204193089e-05,33.2696,-5.1054
PCMCI,DTR,1,-->,-0.10390677252380924,2.0541587744322904e-06,33.2696,-5.1054
PCMCI,PS,1,-->,0.3145666783654308,1.852154347549005e-57,33.2696,-5.1054
PCMCI,PS,2,-->,-0.18503400400981834,1.3327517726693916e-19,33.2696,-5.1054
PCMCI,PS,3,-->,0.07668152858320607,0.0007912425684674434,33.2696,-5.1054
PCMCI,CLOUD_AMT,1,-->,-0.3341983789845234,3.1161395061308414e-65,33.2696,-5.1054
PCMCI+,DTR,0,<--,0.20700986429670956,6.440732531634276e-26,33.2696,-5.1054
PCMCI+,RH2M,0,<--,-0.1545362270971134,5.378224979345671e-15,33.2696,-5.1054
PCMCI+,WS10M,0,x-x,-0.0898469349138967,5.881139525599446e-06,33.2696,-5.1054
PCMCI+,PRECT,0,x-x,-0.31268246809037537,1.4367401736656395e-58,33.2696,-5.1054
PCMCI+,CLOUD_AMT,0,-->,-0.7734196456888481,0.0,33.2696,-5.1054
PCMCI+,CLOUD_AMT,1,-->,0.05393371032930277,0.006637087010604727,33.2696,-5.1054
PCMCI,T2M,1,-->,-0.11691091566226518,4.648343179051361e-08,33.2696,-4.6054
PCMCI,DTR,1,-->,-0.1236143666986055,6.380856095481317e-09,33.2696,-4.6054
PCMCI,RH2M,1,-->,0.06286512572285487,0.009387849872778803,33.2696,-4.6054
PCMCI,PRECT,1,-->,-0.0821534363570327,0.00032696811826112796,33.2696,-4.6054
PCMCI,PS,1,-->,0.26170599532002076,3.0885928361884935e-39,33.2696,-4.6054
PCMCI,PS,2,-->,-0.14697625020100497,2.065022452719878e-12,33.2696,-4.6054
PCMCI,CLOUD_AMT,1,-->,-0.3401088750025924,9.813067377185943e-68,33.2696,-4.6054
PCMCI+,DTR,0,o-o,0.20346257235764173,4.484907648355443e-25,33.2696,-4.6054
PCMCI+,RH2M,0,<--,-0.12926511155278125,6.80868458941826e-11,33.2696,-4.6054
PCMCI+,WS10M,0,<--,-0.05323975764035118,0.007372163565715345,33.2696,-4.6054
PCMCI+,PRECT,0,<--,-0.3284518105653252,8.763220847538195e-65,33.2696,-4.6054
PCMCI+,CLOUD_AMT,0,-->,-0.8169313887578635,0.0,33.2696,-4.6054
PCMCI,T2M,1,-->,-0.11691091566226518,4.648343179051361e-08,33.2696,-4.1054
PCMCI,DTR,1,-->,-0.1236143666986055,6.380856095481317e-09,33.2696,-4.1054
PCMCI,RH2M,1,-->,0.06286512572285487,0.009387849872778803,33.2696,-4.1054
PCMCI,PRECT,1,-->,-0.0821534363570327,0.00032696811826112796,33.2696,-4.1054
PCMCI,PS,1,-->,0.26170599532002076,3.0885928361884935e-39,33.2696,-4.1054
PCMCI,PS,2,-->,-0.14697625020100497,2.065022452719878e-12,33.2696,-4.1054
PCMCI,CLOUD_AMT,1,-->,-0.3401088750025924,9.813067377185943e-68,33.2696,-4.1054
PCMCI+,DTR,0,o-o,0.20346257235764173,4.484907648355443e-25,33.2696,-4.1054
PCMCI+,RH2M,0,<--,-0.12926511155278125,6.80868458941826e-11,33.2696,-4.1054
PCMCI+,WS10M,0,<--,-0.05323975764035118,0.007372163565715345,33.2696,-4.1054
PCMCI+,PRECT,0,<--,-0.3284518105653252,8.763220847538195e-65,33.2696,-4.1054
PCMCI+,CLOUD_AMT,0,-->,-0.8169313887578635,0.0,33.2696,-4.1054
PCMCI,T2M,1,-->,-0.0769607433021126,0.0009740080255126819,33.2696,-3.6054
PCMCI,DTR,1,-->,-0.10473341926145675,1.5918477508372069e-06,33.2696,-3.6054
PCMCI,DTR,2,-->,0.0680801474201724,0.004544197793017452,33.2696,-3.6054
PCMCI,PS,1,-->,0.1702449297138351,1.4227441551010015e-16,33.2696,-3.6054
PCMCI,PS,2,-->,-0.10534839795886225,1.4438890694321148e-06,33.2696,-3.6054
PCMCI,PS,3,-->,-0.07792100181119581,0.0008112606133339497,33.2696,-3.6054
PCMCI,CLOUD_AMT,1,-->,-0.23685906881732235,4.9080894345148077e-32,33.2696,-3.6054
PCMCI+,DTR,0,-->,0.1620467295059822,2.3197751187551225e-16,33.2696,-3.6054
PCMCI+,RH2M,0,<--,-0.1279743646111463,1.0531610599255927e-10,33.2696,-3.6054
PCMCI+,PRECT,0,<--,-0.2581094238610305,8.125942377070203e-40,33.2696,-3.6054
PCMCI+,CLOUD_AMT,0,-->,-0.7609120377846869,0.0,33.2696,-3.6054
PCMCI,T2M,1,-->,-0.11122215251761901,3.0581075698311964e-07,33.2696,-3.1053999999999995
PCMCI,T2M,2,-->,0.10338456424482313,2.509026060683697e-06,33.2696,-3.1053999999999995
PCMCI,PS,1,-->,0.19424333180201517,1.8154754711621914e-21,33.2696,-3.1053999999999995
PCMCI,PS,2,-->,-0.09680544256413123,1.2802910037020019e-05,33.2696,-3.1053999999999995
PCMCI,PS,3,-->,-0.06619060807942673,0.007340459053578346,33.2696,-3.1053999999999995
PCMCI,CLOUD_AMT,1,-->,-0.36173883848222327,2.9216174517888726e-77,33.2696,-3.1053999999999995
PCMCI+,DTR,0,<--,0.11439029465123902,7.775359729551275e-09,33.2696,-3.1053999999999995
PCMCI+,RH2M,0,x-x,-0.06063621652460439,0.002278922681648015,33.2696,-3.1053999999999995
PCMCI+,WS10M,0,x-x,-0.08353047531067787,2.5524340870048125e-05,33.2696,-3.1053999999999995
PCMCI+,PRECT,0,<--,-0.2913622966343599,9.489810073355665e-51,33.2696,-3.1053999999999995
PCMCI+,CLOUD_AMT,0,-->,-0.7517480347843221,0.0,33.2696,-3.1053999999999995
PCMCI,T2M,1,-->,-0.08695077236582814,0.00011832471111883824,33.2696,-2.6053999999999995
PCMCI,T2M,2,-->,0.09024509991869768,5.607117998196036e-05,33.2696,-2.6053999999999995
PCMCI,PS,1,-->,0.1932536071190241,2.9606238078571667e-21,33.2696,-2.6053999999999995
PCMCI,PS,2,-->,-0.11069453244793277,3.077971231360002e-07,33.2696,-2.6053999999999995
PCMCI,PS,3,-->,-0.06405586791489332,0.009165258051180467,33.2696,-2.6053999999999995
PCMCI,CLOUD_AMT,1,-->,-0.3566609989119217,6.79192032835545e-75,33.2696,-2.6053999999999995
PCMCI+,DTR,0,x-x,0.0810919144816998,4.43506915578344e-05,33.2696,-2.6053999999999995
PCMCI+,RH2M,0,x-x,-0.0714730660134011,0.00032172952534758806,33.2696,-2.6053999999999995
PCMCI+,PRECT,0,-->,-0.22944850832984157,1.2956330465978295e-31,33.2696,-2.6053999999999995
PCMCI+,PS,0,x-x,0.052616481950387865,0.008093723459887625,33.2696,-2.6053999999999995
PCMCI+,CLOUD_AMT,0,x-x,-0.7628211451925208,0.0,33.2696,-2.6053999999999995
PCMCI,T2M,1,-->,-0.07382631724119942,0.0018953359021212958,33.2696,-2.1053999999999995
PCMCI,T2M,2,-->,0.07664484409647268,0.001147994973898894,33.2696,-2.1053999999999995
PCMCI,PS,1,-->,0.1806136150720197,1.3453303078470295e-18,33.2696,-2.1053999999999995
PCMCI,PS,2,-->,-0.0956913737816406,1.7301665169982956e-05,33.2696,-2.1053999999999995
PCMCI,CLOUD_AMT,1,-->,-0.3622625122055431,2.491018704003996e-77,33.2696,-2.1053999999999995
PCMCI+,DTR,0,<--,0.0695740880761705,0.00046053021963847875,33.2696,-2.1053999999999995
PCMCI+,WS10M,0,<--,-0.05315092810519845,0.007447814665786863,33.2696,-2.1053999999999995
PCMCI+,PRECT,0,<--,-0.26460850593819196,7.0540418765026e-42,33.2696,-2.1053999999999995
PCMCI+,CLOUD_AMT,0,<--,-0.7645495665402336,0.0,33.2696,-2.1053999999999995
PCMCI,RH2M,1,-->,-0.10676277778895517,1.2862071175870639e-06,33.7696,-7.1054
PCMCI,PS,1,-->,0.26593786920819723,1.8046867852744583e-40,33.7696,-7.1054
PCMCI,PS,2,-->,-0.12378708584512806,9.413546525575818e-09,33.7696,-7.1054
PCMCI,CLOUD_AMT,1,-->,-0.2605666389707092,6.705407916950884e-39,33.7696,-7.1054
PCMCI+,DTR,0,<--,0.08208945732891855,3.515175939823708e-05,33.7696,-7.1054
PCMCI+,RH2M,0,x-x,-0.1031095893262356,1.9744554756020364e-07,33.7696,-7.1054
PCMCI+,WS10M,0,x-x,-0.052070514570527526,0.008737109517038653,33.7696,-7.1054
PCMCI+,PRECT,0,<--,-0.2815433386084299,2.38875392633383e-47,33.7696,-7.1054
PCMCI+,CLOUD_AMT,0,x-x,-0.7715843499508444,0.0,33.7696,-7.1054
PCMCI,RH2M,1,-->,-0.10122869304811681,4.87499393413992e-06,33.7696,-6.6054
PCMCI,PS,1,-->,0.30647585430229635,2.875186070049609e-54,33.7696,-6.6054
PCMCI,PS,2,-->,-0.15385561321530233,1.897970710067765e-13,33.7696,-6.6054
PCMCI,PS,3,-->,0.07347621506461487,0.002099501025135567,33.7696,-6.6054
PCMCI,CLOUD_AMT,1,-->,-0.28921833631715216,3.031775596496476e-48,33.7696,-6.6054
PCMCI+,DTR,0,<--,0.17225670410416055,2.534369575761726e-18,33.7696,-6.6054
PCMCI+,WS10M,0,x-x,-0.0699758179051957,0.0004244597010489446,33.7696,-6.6054
PCMCI+,PRECT,0,<--,-0.3094186263355947,2.4966973358093425e-57,33.7696,-6.6054
PCMCI+,PS,1,-->,0.055828939984898546,0.004944685622272447,33.7696,-6.6054
PCMCI+,CLOUD_AMT,0,x-x,-0.7316810575529744,0.0,33.7696,-6.6054
PCMCI,RH2M,1,-->,-0.08070593419054223,0.0004696818308151983,33.7696,-6.1054
PCMCI,PS,1,-->,0.31500900498620593,1.2033880521132352e-57,33.7696,-6.1054
PCMCI,PS,2,-->,-0.16038591077950293,1.094748506360447e-14,33.7696,-6.1054
PCMCI,PS,3,-->,0.0749932142455696,0.001383786644860651,33.7696,-6.1054
PCMCI,CLOUD_AMT,1,-->,-0.3153294670705219,9.315121187544407e-58,33.7696,-6.1054
PCMCI+,DTR,0,<--,0.17347284277327302,1.477097741005703e-18,33.7696,-6.1054
PCMCI+,WS10M,0,x-x,-0.07326223435467617,0.00022266654598896747,33.7696,-6.1054
PCMCI+,PRECT,0,<--,-0.33767284544544734,1.360100678635346e-68,33.7696,-6.1054
PCMCI+,PS,1,-->,0.05337688681032533,0.00719844983510776,33.7696,-6.1054
PCMCI+,CLOUD_AMT,0,x-x,-0.7367647675353849,0.0,33.7696,-6.1054
PCMCI,PRECT,1,-->,-0.07252625021532727,0.001882149404927862,33.7696,-5.6054
PCMCI,PS,1,-->,0.3253986084836139,1.1337736261725467e-61,33.7696,-5.6054
PCMCI,PS,2,-->,-0.18744988781486513,4.823470818945118e-20,33.7696,-5.6054
PCMCI,PS,3,-->,0.07781342769940554,0.000745672003518396,33.7696,-5.6054
PCMCI,CLOUD_AMT,1,-->,-0.2951462665669757,2.5925667206249595e-50,33.7696,-5.6054
PCMCI+,DTR,0,<--,0.18120677883704492,4.070343407663108e-20,33.7696,-5.6054
PCMCI+,PRECT,0,-->,-0.3770843833587833,2.125890673301565e-86,33.7696,-5.6054
PCMCI+,PS,1,-->,0.06805918204182745,0.0006103976915894534,33.7696,-5.6054
PCMCI+,CLOUD_AMT,0,<--,-0.7452412981827952,0.0,33.7696,-5.6054
PCMCI,DTR,1,-->,-0.08415091841983977,0.0002099412110451863,33.7696,-5.1054
PCMCI,PRECT,1,-->,-0.07867372987925833,0.0006089167367227259,33.7696,-5.1054
PCMCI,PS,1,-->,0.3105745900030954,7.5287704359610705e-56,33.7696,-5.1054
PCMCI,PS,2,-->,-0.16696709152551537,5.745864011566439e-16,33.7696,-5.1054
PCMCI,CLOUD_AMT,1,-->,-0.29892182683975677,1.0913724153526955e-51,33.7696,-5.1054
PCMCI+,DTR,0,<--,0.2430274073365626,2.2551438045259107e-35,33.7696,-5.1054
PCMCI+,PRECT,0,-->,-0.3810784905338968,2.3954723090710876e-88,33.7696,-5.1054
PCMCI+,PS,1,-->,0.05345388980245391,0.0071492972090854,33.7696,-5.1054
PCMCI+,CLOUD_AMT,0,<--,-0.8092627362421793,0.0,33.7696,-5.1054
PCMCI,DTR,1,-->,-0.1172714350782282,4.830772076571128e-08,33.7696,-4.6054
PCMCI,PRECT,1,-->,-0.08957255334562125,6.331853136178458e-05,33.7696,-4.6054
PCMCI,PS,1,-->,0.2931141365668272,1.1674416231312445e-49,33.7696,-4.6054
PCMCI,PS,2,-->,-0.15853401098857248,1.8794511096308374e-14,33.7696,-4.6054
PCMCI,CLOUD_AMT,1,-->,-0.3350902231954424,1.1795767133438048e-65,33.7696,-4.6054
PCMCI+,DTR,0,o-o,0.12519782886991698,2.6096500746481217e-10,33.7696,-4.6054
PCMCI+,PRECT,0,-->,-0.34038652861665536,8.072740455368237e-70,33.7696,-4.6054
PCMCI+,CLOUD_AMT,0,-->,-0.7434389521272651,0.0,33.7696,-4.6054
PCMCI,DTR,1,-->,-0.1172714350782282,4.830772076571128e-08,33.7696,-4.1054
PCMCI,PRECT,1,-->,-0.08957255334562125,6.331853136178458e-05,33.7696,-4.1054
PCMCI,PS,1,-->,0.2931141365668272,1.1674416231312445e-49,33.7696,-4.1054
PCMCI,PS,2,-->,-0.15853401098857248,1.8794511096308374e-14,33.7696,-4.1054
PCMCI,CLOUD_AMT,1,-->,-0.3350902231954424,1.1795767133438048e-65,33.7696,-4.1054
PCMCI+,DTR,0,o-o,0.12519782886991698,2.6096500746481217e-10,33.7696,-4.1054
PCMCI+,PRECT,0,-->,-0.34038652861665536,8.072740455368237e-70,33.7696,-4.1054
PCMCI+,CLOUD_AMT,0,-->,-0.7434389521272651,0.0,33.7696,-4.1054
PCMCI,DTR,1,-->,-0.07302989908677214,0.0018321103340642403,33.7696,-3.6054
PCMCI,DTR,2,-->,0.0732179310005657,0.00181164358211963,33.7696,-3.6054
PCMCI,PRECT,1,-->,-0.08417476759398874,0.00024494625125104147,33.7696,-3.6054
PCMCI,PS,1,-->,0.22199368413975462,4.216574664603533e-28,33.7696,-3.6054
PCMCI,PS,2,-->,-0.10914798981218217,5.886243126126401e-07,33.7696,-3.6054
PCMCI,PS,3,-->,-0.07429062914481241,0.0015117760547862342,33.7696,-3.6054
PCMCI,CLOUD_AMT,1,-->,-0.37556517542946455,1.2590113701452753e-83,33.7696,-3.6054
PCMCI+,DTR,0,<--,0.15633337607065165,2.4831199991279845e-15,33.7696,-3.6054
PCMCI+,PRECT,0,-->,-0.25698221217065703,1.67322117176936e-39,33.7696,-3.6054
PCMCI+,CLOUD_AMT,0,-->,-0.8181136141989103,0.0,33.7696,-3.6054
PCMCI,T2M,2,-->,0.07572313460476751,0.0014098529149348313,33.7696,-3.1053999999999995
PCMCI,PS,1,-->,0.21529265078268267,2.1733365092091384e-26,33.7696,-3.1053999999999995
PCMCI,PS,2,-->,-0.10767435722542254,8.3875883955693e-07,33.7696,-3.1053999999999995
PCMCI,PS,3,-->,-0.075597746378608,0.001422878745664519,33.7696,-3.1053999999999995
PCMCI,CLOUD_AMT,1,-->,-0.3637493704683602,3.471129465660156e-78,33.7696,-3.1053999999999995
PCMCI+,DTR,0,<--,0.12488586553021036,2.8226391784906587e-10,33.7696,-3.1053999999999995
PCMCI+,PRECT,0,<--,-0.2769756570608474,7.12949459687421e-46,33.7696,-3.1053999999999995
PCMCI+,CLOUD_AMT,0,-->,-0.8143273168364212,0.0,33.7696,-3.1053999999999995
PCMCI,T2M,1,-->,-0.07996300997469961,0.0004926641047943337,33.7696,-2.6053999999999995
PCMCI,T2M,2,-->,0.08957793896408346,6.688991917839418e-05,33.7696,-2.6053999999999995
PCMCI,DTR,1,-->,-0.08078132426845132,0.0004209728602411964,33.7696,-2.6053999999999995
PCMCI,PRECT,1,-->,-0.06999494704073446,0.003419099096368972,33.7696,-2.6053999999999995
PCMCI,PS,1,-->,0.16229153555025097,4.614688291627328e-15,33.7696,-2.6053999999999995
PCMCI,PS,2,-->,-0.09723210718165054,1.195967234968172e-05,33.7696,-2.6053999999999995
PCMCI,CLOUD_AMT,1,-->,-0.3429650605757053,6.765438937232569e-69,33.7696,-2.6053999999999995
PCMCI+,DTR,0,<--,0.14878883817663438,5.148320961901042e-14,33.7696,-2.6053999999999995
PCMCI+,PRECT,0,-->,-0.21632316776193083,3.2441293883049486e-28,33.7696,-2.6053999999999995
PCMCI+,CLOUD_AMT,0,<--,-0.8127126641437581,0.0,33.7696,-2.6053999999999995
PCMCI,T2M,1,-->,-0.08273505642448624,0.00029578749011223036,33.7696,-2.1053999999999995
PCMCI,T2M,2,-->,0.08602232995941868,0.00014833282311100662,33.7696,-2.1053999999999995
PCMCI,DTR,1,-->,-0.08111029941153217,0.000405281224192861,33.7696,-2.1053999999999995
PCMCI,DTR,6,-->,-0.0633864295073984,0.009983866626020707,33.7696,-2.1053999999999995
PCMCI,PRECT,1,-->,-0.06427626426120851,0.008982566517016989,33.7696,-2.1053999999999995
PCMCI,PS,1,-->,0.17063398275808933,1.1770629182568463e-16,33.7696,-2.1053999999999995
PCMCI,PS,2,-->,-0.09725005390293898,1.1477469399042614e-05,33.7696,-2.1053999999999995
PCMCI,CLOUD_AMT,1,-->,-0.3325143817762921,1.544906398265267e-64,33.7696,-2.1053999999999995
PCMCI+,DTR,0,<--,0.12933798332131763,6.361871809498344e-11,33.7696,-2.1053999999999995
PCMCI+,PRECT,0,-->,-0.24625765620092044,2.5697663874417908e-36,33.7696,-2.1053999999999995
PCMCI+,CLOUD_AMT,0,<--,-0.8132394788805319,0.0,33.7696,-2.1053999999999995
PCMCI,RH2M,1,-->,-0.12847652778788987,1.9919046260714433e-09,34.2696,-6.6054
PCMCI,PS,1,-->,0.2303911243490974,3.287027046955135e-30,34.2696,-6.6054
PCMCI,PS,2,-->,-0.1154223289552958,1.1466968093499009e-07,34.2696,-6.6054
PCMCI,CLOUD_AMT,1,-->,-0.2663670705091044,1.2203375579097934e-40,34.2696,-6.6054
PCMCI+,RH2M,0,-->,-0.15847443803349134,1.021552329973273e-15,34.2696,-6.6054
PCMCI+,PRECT,0,<--,-0.3818644553987441,9.088638788931988e-89,34.2696,-6.6054
PCMCI+,CLOUD_AMT,0,<--,-0.77305085264755,0.0,34.2696,-6.6054
PCMCI,T2M,1,-->,-0.08810632219691579,0.00011807225747176489,34.2696,-6.1054
PCMCI,RH2M,1,-->,-0.1105565390942295,4.457655337352466e-07,34.2696,-6.1054
PCMCI,PRECT,1,-->,0.07482198601607075,0.0018168743457798288,34.2696,-6.1054
PCMCI,PS,1,-->,0.24072843433392063,5.871361258311578e-33,34.2696,-6.1054
PCMCI,PS,2,-->,-0.11931115091932627,3.635698545672012e-08,34.2696,-6.1054
PCMCI,CLOUD_AMT,1,-->,-0.26496380308664697,3.802803063332459e-40,34.2696,-6.1054
PCMCI+,DTR,0,<--,0.061096596944809164,0.0020917272969394143,34.2696,-6.1054
PCMCI+,RH2M,0,<--,-0.15903142867595307,8.197461172587519e-16,34.2696,-6.1054
PCMCI+,PRECT,0,<--,-0.37129496500554937,1.366135544879312e-83,34.2696,-6.1054
PCMCI+,CLOUD_AMT,0,<--,-0.7281014679127326,0.0,34.2696,-6.1054
PCMCI,T2M,1,-->,-0.07638640959212827,0.0011072688062407994,34.2696,-5.6054
PCMCI,RH2M,1,-->,-0.13408030155432327,2.0776827628333954e-10,34.2696,-5.6054
PCMCI,RH2M,2,-->,0.0855558013469889,0.00018354394330697196,34.2696,-5.6054
PCMCI,PS,1,-->,0.30369286577203897,2.5375445974412263e-53,34.2696,-5.6054
PCMCI,PS,2,-->,-0.16243388752725663,4.827812874305294e-15,34.2696,-5.6054
PCMCI,PS,3,-->,0.07637662454084064,0.0011072688062407994,34.2696,-5.6054
PCMCI,CLOUD_AMT,1,-->,-0.2924689792879745,2.165856951789304e-49,34.2696,-5.6054
PCMCI+,DTR,0,<--,0.16996603618090705,6.925890102458267e-18,34.2696,-5.6054
PCMCI+,RH2M,0,-->,-0.1128555507199479,1.223476878522183e-08,34.2696,-5.6054
PCMCI+,PRECT,0,<--,-0.38795283086495497,9.16187352921122e-92,34.2696,-5.6054
PCMCI+,CLOUD_AMT,0,<--,-0.7408556210894099,0.0,34.2696,-5.6054
PCMCI,T2M,1,-->,-0.06948950000087521,0.004052678733109152,34.2696,-5.1054
PCMCI,RH2M,1,-->,-0.07861740490164877,0.0008239196118725752,34.2696,-5.1054
PCMCI,PS,1,-->,0.3027444691802018,5.2049843044535935e-53,34.2696,-5.1054
PCMCI,PS,2,-->,-0.15749491652603823,3.229781938791894e-14,34.2696,-5.1054
PCMCI,PS,3,-->,0.06955532261444441,0.004052678733109152,34.2696,-5.1054
PCMCI,CLOUD_AMT,1,-->,-0.30677434440820334,1.7368864984658992e-54,34.2696,-5.1054
PCMCI+,DTR,0,<--,0.15821507416921374,1.1383434825889374e-15,34.2696,-5.1054
PCMCI+,RH2M,0,<--,-0.2197289496868001,4.437478152041028e-29,34.2696,-5.1054
PCMCI+,PRECT,0,<--,-0.36001590375314657,2.087237544271094e-78,34.2696,-5.1054
PCMCI+,CLOUD_AMT,0,<--,-0.6849612917130528,0.0,34.2696,-5.1054
PCMCI,PS,1,-->,0.3334492821924455,5.564800658520707e-65,34.2696,-4.6054
PCMCI,PS,2,-->,-0.19531404890850562,9.282978310381828e-22,34.2696,-4.6054
PCMCI,PS,3,-->,0.06878687191400545,0.004693945335244779,34.2696,-4.6054
PCMCI,CLOUD_AMT,1,-->,-0.33338289063297527,5.564800658520707e-65,34.2696,-4.6054
PCMCI+,DTR,0,-->,0.190282528360868,4.442312329276657e-22,34.2696,-4.6054
PCMCI+,RH2M,0,<--,-0.16480119279091035,7.181479726538428e-17,34.2696,-4.6054
PCMCI+,WS10M,0,x-x,-0.05357630792467765,0.007007012574830077,34.2696,-4.6054
PCMCI+,PRECT,0,<--,-0.3495392987645623,1.0878840036650077e-73,34.2696,-4.6054
PCMCI+,CLOUD_AMT,0,x-x,-0.7525676843109687,0.0,34.2696,-4.6054
PCMCI,PS,1,-->,0.3334492821924455,5.564800658520707e-65,34.2696,-4.1054
PCMCI,PS,2,-->,-0.19531404890850562,9.282978310381828e-22,34.2696,-4.1054
PCMCI,PS,3,-->,0.06878687191400545,0.004693945335244779,34.2696,-4.1054
PCMCI,CLOUD_AMT,1,-->,-0.33338289063297527,5.564800658520707e-65,34.2696,-4.1054
PCMCI+,DTR,0,-->,0.190282528360868,4.442312329276657e-22,34.2696,-4.1054
PCMCI+,RH2M,0,<--,-0.16480119279091035,7.181479726538428e-17,34.2696,-4.1054
PCMCI+,WS10M,0,x-x,-0.05357630792467765,0.007007012574830077,34.2696,-4.1054
PCMCI+,PRECT,0,<--,-0.3495392987645623,1.0878840036650077e-73,34.2696,-4.1054
PCMCI+,CLOUD_AMT,0,x-x,-0.7525676843109687,0.0,34.2696,-4.1054
PCMCI,DTR,1,-->,-0.07191840861471137,0.0027049884795703276,34.2696,-3.6054
PCMCI,RH2M,1,-->,-0.10641356232067944,1.1528120558998666e-06,34.2696,-3.6054
PCMCI,PRECT,1,-->,-0.06551407352055978,0.007811943621545528,34.2696,-3.6054
PCMCI,PS,1,-->,0.22093289902033408,8.95805413626098e-28,34.2696,-3.6054
PCMCI,PS,2,-->,-0.1237321690311664,7.336431651071123e-09,34.2696,-3.6054
PCMCI,CLOUD_AMT,1,-->,-0.3310913437913091,5.929868496153897e-64,34.2696,-3.6054
PCMCI+,DTR,0,<--,0.14039713150175182,1.268237290680764e-12,34.2696,-3.6054
PCMCI+,RH2M,0,<--,-0.10437343851135954,1.387662159145147e-07,34.2696,-3.6054
PCMCI+,PRECT,0,-->,-0.32206415206934536,2.8665442333264462e-62,34.2696,-3.6054
PCMCI+,CLOUD_AMT,0,-->,-0.7463886260553806,0.0,34.2696,-3.6054
PCMCI,DTR,1,-->,-0.09212015406574714,4.121377032861421e-05,34.2696,-3.1053999999999995
PCMCI,RH2M,1,-->,-0.11170873903889328,2.3541811170284327e-07,34.2696,-3.1053999999999995
PCMCI,PS,1,-->,0.2581605527097712,4.034387640378033e-38,34.2696,-3.1053999999999995
PCMCI,PS,2,-->,-0.1354891761087932,1.4413430332844492e-10,34.2696,-3.1053999999999995
PCMCI,CLOUD_AMT,1,-->,-0.34779300722416323,5.587588765262361e-71,34.2696,-3.1053999999999995
PCMCI+,DTR,0,<--,0.15008967516520916,3.08575220562107e-14,34.2696,-3.1053999999999995
PCMCI+,RH2M,0,-->,-0.11374277615257924,9.384327953811881e-09,34.2696,-3.1053999999999995
PCMCI+,WS10M,0,<--,-0.07334700006525277,0.0002195753906385835,34.2696,-3.1053999999999995
PCMCI+,PRECT,0,<--,-0.2857747878096548,9.038459492424446e-49,34.2696,-3.1053999999999995
PCMCI+,CLOUD_AMT,0,x-x,-0.762780355266586,0.0,34.2696,-3.1053999999999995
PCMCI,DTR,1,-->,-0.10457371174840933,1.680926271294198e-06,34.2696,-2.6053999999999995
PCMCI,PRECT,1,-->,-0.072447257672858,0.0024622243298976945,34.2696,-2.6053999999999995
PCMCI,PS,1,-->,0.2418464315388082,2.0853063681741686e-33,34.2696,-2.6053999999999995
PCMCI,PS,2,-->,-0.13580700713495614,1.249500741512938e-10,34.2696,-2.6053999999999995
PCMCI,PS,4,-->,0.064590215491047,0.009338191309300891,34.2696,-2.6053999999999995
PCMCI,CLOUD_AMT,1,-->,-0.33236660916228056,1.5801455995383536e-64,34.2696,-2.6053999999999995
PCMCI+,DTR,0,<--,0.15139067856606375,1.8849576148806484e-14,34.2696,-2.6053999999999995
PCMCI+,RH2M,0,-->,-0.08699468190568843,1.1671532851298313e-05,34.2696,-2.6053999999999995
PCMCI+,WS10M,0,x-x,-0.06032027315600347,0.0023884932291387126,34.2696,-2.6053999999999995
PCMCI+,PRECT,0,o-o,-0.25728433975980575,1.353859383122645e-39,34.2696,-2.6053999999999995
PCMCI+,CLOUD_AMT,0,<--,-0.7986599132214416,0.0,34.2696,-2.6053999999999995
PCMCI,T2M,1,-->,-0.0728489086769638,0.0020221485551533266,34.2696,-2.1053999999999995
PCMCI,T2M,2,-->,0.0703475275053819,0.0031967015964438792,34.2696,-2.1053999999999995
PCMCI,DTR,1,-->,-0.08874779970895963,8.391023080273139e-05,34.2696,-2.1053999999999995
PCMCI,RH2M,2,-->,-0.06732516975770055,0.005386700666964276,34.2696,-2.1053999999999995
PCMCI,PS,1,-->,0.26065307366821966,5.780724217917665e-39,34.2696,-2.1053999999999995
PCMCI,PS,2,-->,-0.13531188643754996,1.5206287926382021e-10,34.2696,-2.1053999999999995
PCMCI,PS,4,-->,0.07273883896591285,0.002057875420522693,34.2696,-2.1053999999999995
PCMCI,CLOUD_AMT,1,-->,-0.3597353819006737,2.3677150199014538e-76,34.2696,-2.1053999999999995
PCMCI+,DTR,0,<--,0.08679351857698131,1.2277820500029776e-05,34.2696,-2.1053999999999995
PCMCI+,RH2M,0,x-x,-0.07965953245230634,5.9805130795467475e-05,34.2696,-2.1053999999999995
PCMCI+,WS10M,0,x-x,-0.06913129524760767,0.0004981451613948393,34.2696,-2.1053999999999995
PCMCI+,PRECT,0,<--,-0.26435513062329224,8.788794179661746e-42,34.2696,-2.1053999999999995
PCMCI+,CLOUD_AMT,0,x-x,-0.7992294979561602,0.0,34.2696,-2.1053999999999995
PCMCI,T2M,1,-->,-0.08695240883472083,0.00015842524782702373,34.7696,-6.1054
PCMCI,RH2M,1,-->,-0.10051820011801385,6.5581902858568555e-06,34.7696,-6.1054
PCMCI,PRECT,1,-->,0.06419225456845915,0.009977763151810704,34.7696,-6.1054
PCMCI,PS,1,-->,0.2501500248166424,1.1292694206349062e-35,34.7696,-6.1054
PCMCI,PS,2,-->,-0.12056891242706534,2.6903332420491927e-08,34.7696,-6.1054
PCMCI,CLOUD_AMT,1,-->,-0.26635537748477994,1.4909371318268305e-40,34.7696,-6.1054
PCMCI+,RH2M,0,-->,-0.16453094645255373,7.744924284225575e-17,34.7696,-6.1054
PCMCI+,PRECT,0,<--,-0.36366735689776986,4.724153854873682e-80,34.7696,-6.1054
PCMCI+,CLOUD_AMT,0,<--,-0.7342757766470829,0.0,34.7696,-6.1054
PCMCI,T2M,1,-->,-0.0933391849025382,3.106746888045937e-05,34.7696,-5.6054
PCMCI,RH2M,1,-->,-0.10263404238595036,3.101706967395831e-06,34.7696,-5.6054
PCMCI,PS,1,-->,0.3016272717006228,1.335824180028866e-52,34.7696,-5.6054
PCMCI,PS,2,-->,-0.15483781505435523,1.0530285963144622e-13,34.7696,-5.6054
PCMCI,PS,3,-->,0.06599499979510663,0.007214343542132916,34.7696,-5.6054
PCMCI,CLOUD_AMT,1,-->,-0.3093972770437272,1.712144914273868e-55,34.7696,-5.6054
PCMCI+,DTR,0,<--,0.170172781518029,6.311455873023575e-18,34.7696,-5.6054
PCMCI+,RH2M,0,<--,-0.09085468375321441,4.633334439511132e-06,34.7696,-5.6054
PCMCI+,PRECT,0,<--,-0.3693956900558663,9.322534155532121e-83,34.7696,-5.6054
PCMCI+,CLOUD_AMT,0,<--,-0.7440605271413925,0.0,34.7696,-5.6054
PCMCI,T2M,1,-->,-0.13979814906080523,2.9209216848611494e-11,34.7696,-5.1054
PCMCI,PS,1,-->,0.29670680376336434,8.457710158794029e-51,34.7696,-5.1054
PCMCI,PS,2,-->,-0.16904411692422752,2.675661477736801e-16,34.7696,-5.1054
PCMCI,PS,3,-->,0.07692875080139772,0.0010859957162259687,34.7696,-5.1054
PCMCI,CLOUD_AMT,1,-->,-0.30431743283845614,1.4211963533967677e-53,34.7696,-5.1054
PCMCI+,DTR,0,<--,0.17070840397929873,5.033537366439588e-18,34.7696,-5.1054
PCMCI+,RH2M,0,<--,-0.16652525672996002,3.195243414977828e-17,34.7696,-5.1054
PCMCI+,PRECT,0,<--,-0.33543490670317244,9.819331143266516e-68,34.7696,-5.1054
PCMCI+,CLOUD_AMT,0,<--,-0.7020962204208607,0.0,34.7696,-5.1054
PCMCI,T2M,1,-->,-0.09182416909033833,4.2978540532349065e-05,34.7696,-4.6054
PCMCI,PS,1,-->,0.33227702465755204,2.0513551818643895e-64,34.7696,-4.6054
PCMCI,PS,2,-->,-0.2062837589185614,2.8887822740298304e-24,34.7696,-4.6054
PCMCI,PS,3,-->,0.08049670279697915,0.0004886309456070697,34.7696,-4.6054
PCMCI,CLOUD_AMT,1,-->,-0.31945655356540875,2.248997464932823e-59,34.7696,-4.6054
PCMCI+,DTR,0,<--,0.16784624557723696,1.8357115379813864e-17,34.7696,-4.6054
PCMCI+,RH2M,0,<--,-0.10129369010431441,3.262419307047576e-07,34.7696,-4.6054
PCMCI+,WS10M,0,<--,-0.10511453282059996,1.1562002820559077e-07,34.7696,-4.6054
PCMCI+,PRECT,0,-->,-0.3217016683931116,4.2154179698832875e-62,34.7696,-4.6054
PCMCI+,CLOUD_AMT,0,<--,-0.799373533686845,0.0,34.7696,-4.6054
PCMCI,T2M,1,-->,-0.09182416909033833,4.2978540532349065e-05,34.7696,-4.1054
PCMCI,PS,1,-->,0.33227702465755204,2.0513551818643895e-64,34.7696,-4.1054
PCMCI,PS,2,-->,-0.2062837589185614,2.8887822740298304e-24,34.7696,-4.1054
PCMCI,PS,3,-->,0.08049670279697915,0.0004886309456070697,34.7696,-4.1054
PCMCI,CLOUD_AMT,1,-->,-0.31945655356540875,2.248997464932823e-59,34.7696,-4.1054
PCMCI+,DTR,0,<--,0.16784624557723696,1.8357115379813864e-17,34.7696,-4.1054
PCMCI+,RH2M,0,<--,-0.10129369010431441,3.262419307047576e-07,34.7696,-4.1054
PCMCI+,WS10M,0,<--,-0.10511453282059996,1.1562002820559077e-07,34.7696,-4.1054
PCMCI+,PRECT,0,-->,-0.3217016683931116,4.2154179698832875e-62,34.7696,-4.1054
PCMCI+,CLOUD_AMT,0,<--,-0.799373533686845,0.0,34.7696,-4.1054
PCMCI,T2M,1,-->,-0.06518163569582969,0.007906127107197056,34.7696,-3.6054
PCMCI,RH2M,1,-->,-0.10006607306282221,5.476478537169113e-06,34.7696,-3.6054
PCMCI,PS,1,-->,0.2561706977746252,1.997368193204164e-37,34.7696,-3.6054
PCMCI,PS,2,-->,-0.172380819091388,5.773895455933964e-17,34.7696,-3.6054
PCMCI,CLOUD_AMT,1,-->,-0.29642504600142494,1.2194411050533884e-50,34.7696,-3.6054
PCMCI+,DTR,0,<--,0.21309639187452636,2.0710344008876056e-27,34.7696,-3.6054
PCMCI+,RH2M,0,<--,-0.06215574559160751,0.0017497678500449734,34.7696,-3.6054
PCMCI+,PRECT,0,-->,-0.3244358626101686,3.4407278350023976e-63,34.7696,-3.6054
PCMCI+,CLOUD_AMT,0,-->,-0.7483280588462531,0.0,34.7696,-3.6054
PCMCI,RH2M,1,-->,-0.11403878866434596,1.2995100143912202e-07,34.7696,-3.1053999999999995
PCMCI,PS,1,-->,0.2663561618761948,1.3245212793012157e-40,34.7696,-3.1053999999999995
PCMCI,PS,2,-->,-0.16466767707053181,1.923875536748965e-15,34.7696,-3.1053999999999995
PCMCI,PS,3,-->,-0.0879890800038966,0.00010535754131075772,34.7696,-3.1053999999999995
PCMCI,CLOUD_AMT,1,-->,-0.32823152498226993,9.171425491778064e-63,34.7696,-3.1053999999999995
PCMCI+,DTR,0,<--,0.2210643116644459,2.0670691256226932e-29,34.7696,-3.1053999999999995
PCMCI+,PRECT,0,<--,-0.31496923170161734,1.804896172041598e-59,34.7696,-3.1053999999999995
PCMCI+,CLOUD_AMT,0,<--,-0.7738985428138667,0.0,34.7696,-3.1053999999999995
PCMCI,kc,1,-->,-0.06882499476407533,0.004275695899559672,34.7696,-2.6053999999999995
PCMCI,RH2M,1,-->,-0.09376600831873681,2.687663963854866e-05,34.7696,-2.6053999999999995
PCMCI,PS,1,-->,0.2560880407030765,2.0949781715550764e-37,34.7696,-2.6053999999999995
PCMCI,PS,2,-->,-0.16899363487094823,2.901937653746945e-16,34.7696,-2.6053999999999995
PCMCI,PS,3,-->,-0.08876700584912131,8.329305713375598e-05,34.7696,-2.6053999999999995
PCMCI,CLOUD_AMT,1,-->,-0.3062533681955636,2.9993056020571564e-54,34.7696,-2.6053999999999995
PCMCI+,DTR,0,<--,0.21779353664155215,1.4493399171143015e-28,34.7696,-2.6053999999999995
PCMCI+,PRECT,0,-->,-0.2990365276925621,1.5026772505774492e-53,34.7696,-2.6053999999999995
PCMCI+,CLOUD_AMT,0,<--,-0.8074925920677095,0.0,34.7696,-2.6053999999999995
PCMCI,T2M,2,-->,0.07732510486436991,0.0009288850898368476,34.7696,-2.1053999999999995
PCMCI,DTR,1,-->,-0.0652537081842358,0.007751138600246625,34.7696,-2.1053999999999995
PCMCI,RH2M,1,-->,-0.08482820080183419,0.00019474384061007874,34.7696,-2.1053999999999995
PCMCI,RH2M,2,-->,-0.08572012770974796,0.00016635895726671403,34.7696,-2.1053999999999995
PCMCI,PS,1,-->,0.26707693777750846,7.833222668638165e-41,34.7696,-2.1053999999999995
PCMCI,PS,2,-->,-0.15633794034821763,5.3380791051905815e-14,34.7696,-2.1053999999999995
PCMCI,PS,3,-->,-0.08368683740918419,0.00024722560583462385,34.7696,-2.1053999999999995
PCMCI,CLOUD_AMT,1,-->,-0.3636524832821018,3.2980680166553357e-78,34.7696,-2.1053999999999995
PCMCI+,DTR,0,<--,0.13926131206818335,1.96483452004516e-12,34.7696,-2.1053999999999995
PCMCI+,RH2M,0,-->,-0.05227926961875467,0.008509898144355323,34.7696,-2.1053999999999995
PCMCI+,PRECT,0,o-o,-0.2963251354578037,1.5685023514485305e-52,34.7696,-2.1053999999999995
PCMCI+,CLOUD_AMT,0,<--,-0.7746926968698452,0.0,34.7696,-2.1053999999999995
PCMCI,kc,1,-->,0.07360435930478221,0.002264065869367545,35.2696,-6.1054
PCMCI,T2M,1,-->,-0.07609598101021468,0.00151720273389028,35.2696,-6.1054
PCMCI,WS10M,1,-->,0.07144099341415713,0.0032317970392128593,35.2696,-6.1054
PCMCI,PRECT,1,-->,0.10173739789063879,5.1534816544979855e-06,35.2696,-6.1054
PCMCI,PS,1,-->,0.18638986264502036,1.3822501789507654e-19,35.2696,-6.1054
PCMCI,PS,2,-->,-0.07514659981305007,0.0017491345196618544,35.2696,-6.1054
PCMCI,CLOUD_AMT,1,-->,-0.166978039585107,9.831090570931532e-16,35.2696,-6.1054
PCMCI+,T2M,1,-->,-0.052250130704873055,0.008533686165834303,35.2696,-6.1054
PCMCI+,RH2M,0,<--,-0.22976071349325744,1.0979477852528495e-31,35.2696,-6.1054
PCMCI+,PRECT,0,x-x,-0.3253836182158733,1.4348667158578884e-63,35.2696,-6.1054
PCMCI+,PS,0,<--,0.06517737097887018,0.0010277205567416137,35.2696,-6.1054
PCMCI+,CLOUD_AMT,0,x-x,-0.7622900391256342,0.0,35.2696,-6.1054
PCMCI,T2M,1,-->,-0.12230674340313756,1.1795105511676192e-08,35.2696,-5.6054
PCMCI,RH2M,1,-->,-0.12375914427346722,8.455254946205936e-09,35.2696,-5.6054
PCMCI,PRECT,1,-->,0.07361710134191855,0.0022714373041841204,35.2696,-5.6054
PCMCI,PS,1,-->,0.24871808501541634,2.972259291269057e-35,35.2696,-5.6054
PCMCI,PS,2,-->,-0.12269380757263657,1.0914265989513912e-08,35.2696,-5.6054
PCMCI,CLOUD_AMT,1,-->,-0.30595011315252757,3.523712761057737e-54,35.2696,-5.6054
PCMCI+,DTR,0,<--,0.06236049865617249,0.0016928083778263274,35.2696,-5.6054
PCMCI+,RH2M,0,<--,-0.22432674918496245,3.0207216807185936e-30,35.2696,-5.6054
PCMCI+,PRECT,0,<--,-0.3743480604974869,4.7793568826505994e-85,35.2696,-5.6054
PCMCI+,CLOUD_AMT,0,<--,-0.7858917207105532,0.0,35.2696,-5.6054
PCMCI,RH2M,1,-->,-0.15330893665577727,2.0596312435270194e-13,35.2696,-5.1054
PCMCI,PS,1,-->,0.24212018288383608,2.19935756619e-33,35.2696,-5.1054
PCMCI,PS,2,-->,-0.1206725593032386,2.0177288711982975e-08,35.2696,-5.1054
PCMCI,CLOUD_AMT,1,-->,-0.2996006934608236,6.2895106887726014e-52,35.2696,-5.1054
PCMCI+,RH2M,0,<--,-0.17485393469781296,7.70306529379977e-19,35.2696,-5.1054
PCMCI+,PRECT,0,<--,-0.35954887455756324,3.407030383900231e-78,35.2696,-5.1054
PCMCI+,CLOUD_AMT,0,<--,-0.8291410179692884,0.0,35.2696,-5.1054
PCMCI,kc,2,-->,0.0768454545824778,0.0013186835974302652,35.2696,-3.1053999999999995
PCMCI,RH2M,1,-->,-0.1354380217877606,1.7834633441368807e-10,35.2696,-3.1053999999999995
PCMCI,PS,1,-->,0.16973839221292017,2.804646259797307e-16,35.2696,-3.1053999999999995
PCMCI,PS,2,-->,-0.10730042422003634,9.324629432184966e-07,35.2696,-3.1053999999999995
PCMCI,CLOUD_AMT,1,-->,-0.31559030320676223,8.206621039658812e-58,35.2696,-3.1053999999999995
PCMCI+,RH2M,0,<--,-0.13177209532845838,2.7810194909176478e-11,35.2696,-3.1053999999999995
PCMCI+,PRECT,0,<--,-0.35309776236167006,2.7261334745634533e-75,35.2696,-3.1053999999999995
PCMCI+,CLOUD_AMT,0,<--,-0.7240211863388937,0.0,35.2696,-3.1053999999999995
PCMCI,RH2M,1,-->,-0.12346879435753773,9.578063459785741e-09,35.7696,-5.6054
PCMCI,PS,1,-->,0.2354030845693741,1.8414164859824637e-31,35.7696,-5.6054
PCMCI,PS,2,-->,-0.12397897967499831,8.636566129693548e-09,35.7696,-5.6054
PCMCI,CLOUD_AMT,1,-->,-0.27215434112796194,2.1170740272667144e-42,35.7696,-5.6054
PCMCI+,RH2M,0,-->,-0.1504131033549697,2.811523434982558e-14,35.7696,-5.6054
PCMCI+,PRECT,0,<--,-0.37500016212113574,1.8507118176090946e-85,35.7696,-5.6054
PCMCI+,CLOUD_AMT,0,<--,-0.7674995371253381,0.0,35.7696,-5.6054
