lat,lon,variant,method,model,k,test_r2,test_rmse,test_mae,test_mbe
21.7696,-13.1054,-,CLIMATOLOGY,-,0,0.6283645704393631,0.7268637906226866,0.48703382118995253,0.0175263251040633
21.7696,-13.1054,-,ALL,LIN,56,0.7382145637373068,0.6100525129907164,0.40288658924349396,0.009461659634513718
21.7696,-13.1054,-,ALL,KRR,56,0.7344594371952439,0.6144123195364577,0.4040731903794507,0.012079279862056235
21.7696,-13.1054,fdr<=0.01,PCMCI,LIN,5,0.7289002858419842,0.6208104364720378,0.4063994735805156,0.017662460748086473
21.7696,-13.1054,fdr<=0.01,LASSO,LIN,5,0.7299851830205772,0.6195669997725356,0.4066281148435961,0.015265986434451631
21.7696,-13.1054,fdr<=0.01,PCMCI,KRR,5,0.7285562250287367,0.6212042561719721,0.3947207110935908,0.03093265218673568
21.7696,-13.1054,fdr<=0.01,LASSO,KRR,5,0.730500483736976,0.6189755215163142,0.3952238951217065,0.025873233555774262
21.7696,-13.1054,fdr<=0.001,PCMCI,LIN,4,0.7287359401941541,0.6209985813316266,0.4065055340830557,0.017619812163177494
21.7696,-13.1054,fdr<=0.001,LASSO,LIN,4,0.7295726663877105,0.6200400926074936,0.4027105380191512,0.032881820711962384
21.7696,-13.1054,fdr<=0.001,PCMCI,KRR,4,0.7293639346337637,0.6202793381934698,0.393662087452467,0.026535917746826905
21.7696,-13.1054,fdr<=0.001,LASSO,KRR,4,0.731740124787988,0.6175503021409675,0.3911488653730963,0.03140701410574437
21.7696,-13.1054,fdr<=0.0001,PCMCI,LIN,3,0.7284313533811684,0.6213471253164676,0.40608513762603965,0.016889741034700454
21.7696,-13.1054,fdr<=0.0001,LASSO,LIN,3,0.7277186403847336,0.6221619321904478,0.4008658323776459,0.042481139286319004
21.7696,-13.1054,fdr<=0.0001,PCMCI,KRR,3,0.7308225529682987,0.6186055531974394,0.3937000442203599,0.023684840161710886
21.7696,-13.1054,fdr<=0.0001,LASSO,KRR,3,0.7298280104288507,0.6197472950346923,0.38823500288796764,0.03885130319394242
21.7696,-13.1054,|val|>=0.075,PCMCI,LIN,4,0.7287359401941541,0.6209985813316266,0.4065055340830557,0.017619812163177494
21.7696,-13.1054,|val|>=0.075,LASSO,LIN,4,0.7295726663877105,0.6200400926074936,0.4027105380191512,0.032881820711962384
21.7696,-13.1054,|val|>=0.075,PCMCI,KRR,4,0.7293639346337637,0.6202793381934698,0.393662087452467,0.026535917746826905
21.7696,-13.1054,|val|>=0.075,LASSO,KRR,4,0.731740124787988,0.6175503021409675,0.3911488653730963,0.03140701410574437
21.7696,-13.1054,|val|>=0.10,PCMCI,LIN,2,0.7171020165545248,0.6341754201226044,0.4181547461947923,0.028697246927731807
21.7696,-13.1054,|val|>=0.10,LASSO,LIN,2,0.7274570925231545,0.6224606784290955,0.4015759357644671,0.0376122747550698
21.7696,-13.1054,|val|>=0.10,PCMCI,KRR,2,0.7188689430972679,0.6321918490026937,0.4078344463746365,0.03557199581740844
21.7696,-13.1054,|val|>=0.10,LASSO,KRR,2,0.7319855525306986,0.6172677428159326,0.38959300316000056,0.030776853591032775
21.7696,-13.1054,|val|>=0.15,PCMCI,LIN,1,0.7158063986380439,0.6356259614560228,0.41539329442331446,0.05098729394129119
21.7696,-13.1054,|val|>=0.15,LASSO,LIN,1,0.7158063986380439,0.6356259614560228,0.41539329442331446,0.05098729394129119
21.7696,-13.1054,|val|>=0.15,PCMCI,KRR,1,0.7207329122646149,0.630092568549256,0.40352893225020214,0.053396581586466235
21.7696,-13.1054,|val|>=0.15,LASSO,KRR,1,0.7207329122646149,0.630092568549256,0.40352893225020214,0.053396581586466235
21.7696,-13.6054,-,CLIMATOLOGY,-,0,0.6283645704393631,0.7268637906226866,0.48703382118995253,0.0175263251040633
21.7696,-13.6054,-,ALL,LIN,56,0.7355078755864672,0.6131981725042469,0.40489879792582145,0.007843140343917733
21.7696,-13.6054,-,ALL,KRR,56,0.7337861736372036,0.6151907308418557,0.4047798582769741,0.011204857124129506
21.7696,-13.6054,fdr<=0.01,PCMCI,LIN,5,0.728323911381278,0.6214700264261568,0.4060841405190503,0.02232216281262417
21.7696,-13.6054,fdr<=0.01,LASSO,LIN,5,0.7301532075320727,0.619374198051748,0.4032545147796379,0.029401422427193312
21.7696,-13.6054,fdr<=0.01,PCMCI,KRR,5,0.7306237812750085,0.6188339129339367,0.3928284351758923,0.03577659815824565
21.7696,-13.6054,fdr<=0.01,LASSO,KRR,5,0.7351693728717645,0.6135904391474796,0.39234075928771156,0.030122472975270213
21.7696,-13.6054,fdr<=0.001,PCMCI,LIN,3,0.7281529569945977,0.6216655282081361,0.4056002563227966,0.019846837647549114
21.7696,-13.6054,fdr<=0.001,LASSO,LIN,3,0.7273766383823186,0.6225525462458924,0.40103218034219057,0.043617633840839304
21.7696,-13.6054,fdr<=0.001,PCMCI,KRR,3,0.7309895833530073,0.6184135944010457,0.39349099251186154,0.026184577096473583
21.7696,-13.6054,fdr<=0.001,LASSO,KRR,3,0.7313589689358421,0.6179888682144898,0.38779281691868217,0.040229893833449604
21.7696,-13.6054,fdr<=0.0001,PCMCI,LIN,3,0.7281529569945977,0.6216655282081361,0.4056002563227966,0.019846837647549114
21.7696,-13.6054,fdr<=0.0001,LASSO,LIN,3,0.7273766383823186,0.6225525462458924,0.40103218034219057,0.043617633840839304
21.7696,-13.6054,fdr<=0.0001,PCMCI,KRR,3,0.7309895833530073,0.6184135944010457,0.39349099251186154,0.026184577096473583
21.7696,-13.6054,fdr<=0.0001,LASSO,KRR,3,0.7313589689358421,0.6179888682144898,0.38779281691868217,0.040229893833449604
21.7696,-13.6054,|val|>=0.075,PCMCI,LIN,3,0.7281529569945977,0.6216655282081361,0.4056002563227966,0.019846837647549114
21.7696,-13.6054,|val|>=0.075,LASSO,LIN,3,0.7273766383823186,0.6225525462458924,0.40103218034219057,0.043617633840839304
21.7696,-13.6054,|val|>=0.075,PCMCI,KRR,3,0.7309895833530073,0.6184135944010457,0.39349099251186154,0.026184577096473583
21.7696,-13.6054,|val|>=0.075,LASSO,KRR,3,0.7313589689358421,0.6179888682144898,0.38779281691868217,0.040229893833449604
21.7696,-13.6054,|val|>=0.10,PCMCI,LIN,1,0.7158063986380439,0.6356259614560228,0.41539329442331446,0.05098729394129119
21.7696,-13.6054,|val|>=0.10,LASSO,LIN,1,0.7158063986380439,0.6356259614560228,0.41539329442331446,0.05098729394129119
21.7696,-13.6054,|val|>=0.10,PCMCI,KRR,1,0.7207329122646149,0.630092568549256,0.40352893225020214,0.053396581586466235
21.7696,-13.6054,|val|>=0.10,LASSO,KRR,1,0.7207329122646149,0.630092568549256,0.40352893225020214,0.053396581586466235
21.7696,-13.6054,|val|>=0.15,PCMCI,LIN,1,0.7158063986380439,0.6356259614560228,0.41539329442331446,0.05098729394129119
21.7696,-13.6054,|val|>=0.15,LASSO,LIN,1,0.7158063986380439,0.6356259614560228,0.41539329442331446,0.05098729394129119
21.7696,-13.6054,|val|>=0.15,PCMCI,KRR,1,0.7207329122646149,0.630092568549256,0.40352893225020214,0.053396581586466235
21.7696,-13.6054,|val|>=0.15,LASSO,KRR,1,0.7207329122646149,0.630092568549256,0.40352893225020214,0.053396581586466235
21.7696,-14.1054,-,CLIMATOLOGY,-,0,0.6172604034814744,0.7309945667403794,0.49375401474929,0.015984298204552373
21.7696,-14.1054,-,ALL,LIN,56,0.7244004520957951,0.6202998869968565,0.4166232428858472,0.0018015206820317356
21.7696,-14.1054,-,ALL,KRR,56,0.725197726543364,0.6194020128189063,0.41135653353531465,0.005839233714547738
21.7696,-14.1054,fdr<=0.01,PCMCI,LIN,6,0.722205486940002,0.6227651240760255,0.40773769954068306,0.023222337362289448
21.7696,-14.1054,fdr<=0.01,LASSO,LIN,6,0.7211425160448972,0.6239554808272416,0.4146906498807771,0.008074165898986468
21.7696,-14.1054,fdr<=0.01,PCMCI,KRR,6,0.7223592404492409,0.6225927564235775,0.40046689074498476,0.0405280415392619
21.7696,-14.1054,fdr<=0.01,LASSO,KRR,6,0.7228021025330034,0.6220960124218482,0.4048463890163555,0.027462491528385913
21.7696,-14.1054,fdr<=0.001,PCMCI,LIN,3,0.7198951184813112,0.6253494761980252,0.4104927553076989,0.016016043917800732
21.7696,-14.1054,fdr<=0.001,LASSO,LIN,3,0.7168918472445449,0.628693021452362,0.4136127098913192,0.030747273900591853
21.7696,-14.1054,fdr<=0.001,PCMCI,KRR,3,0.7223580874083717,0.6225940492347427,0.39908595559347976,0.03070027069147604
21.7696,-14.1054,fdr<=0.001,LASSO,KRR,3,0.7220599888058619,0.6229281929952131,0.400894593886357,0.036244359940260755
21.7696,-14.1054,fdr<=0.0001,PCMCI,LIN,3,0.7198951184813112,0.6253494761980252,0.4104927553076989,0.016016043917800732
21.7696,-14.1054,fdr<=0.0001,LASSO,LIN,3,0.7168918472445449,0.628693021452362,0.4136127098913192,0.030747273900591853
21.7696,-14.1054,fdr<=0.0001,PCMCI,KRR,3,0.7223580874083717,0.6225940492347427,0.39908595559347976,0.03070027069147604
21.7696,-14.1054,fdr<=0.0001,LASSO,KRR,3,0.7220599888058619,0.6229281929952131,0.400894593886357,0.036244359940260755
21.7696,-14.1054,|val|>=0.075,PCMCI,LIN,3,0.7198951184813112,0.6253494761980252,0.4104927553076989,0.016016043917800732
21.7696,-14.1054,|val|>=0.075,LASSO,LIN,3,0.7168918472445449,0.628693021452362,0.4136127098913192,0.030747273900591853
21.7696,-14.1054,|val|>=0.075,PCMCI,KRR,3,0.7223580874083717,0.6225940492347427,0.39908595559347976,0.03070027069147604
21.7696,-14.1054,|val|>=0.075,LASSO,KRR,3,0.7220599888058619,0.6229281929952131,0.400894593886357,0.036244359940260755
21.7696,-14.1054,|val|>=0.10,PCMCI,LIN,3,0.7198951184813112,0.6253494761980252,0.4104927553076989,0.016016043917800732
21.7696,-14.1054,|val|>=0.10,LASSO,LIN,3,0.7168918472445449,0.628693021452362,0.4136127098913192,0.030747273900591853
21.7696,-14.1054,|val|>=0.10,PCMCI,KRR,3,0.7223580874083717,0.6225940492347427,0.39908595559347976,0.03070027069147604
21.7696,-14.1054,|val|>=0.10,LASSO,KRR,3,0.7220599888058619,0.6229281929952131,0.400894593886357,0.036244359940260755
21.7696,-14.1054,|val|>=0.15,PCMCI,LIN,1,0.7030860975606643,0.6438396493689174,0.4260922054896348,0.048408611471256885
21.7696,-14.1054,|val|>=0.15,LASSO,LIN,1,0.7030860975606643,0.6438396493689174,0.4260922054896348,0.048408611471256885
21.7696,-14.1054,|val|>=0.15,PCMCI,KRR,1,0.706264227887019,0.6403845881768132,0.41196917432958896,0.05394708693353322
21.7696,-14.1054,|val|>=0.15,LASSO,KRR,1,0.706264227887019,0.6403845881768132,0.41196917432958896,0.05394708693353322
21.7696,-14.6054,-,CLIMATOLOGY,-,0,0.6172604034814744,0.7309945667403794,0.49375401474929,0.015984298204552373
21.7696,-14.6054,-,ALL,LIN,56,0.7244004520957951,0.6202998869968565,0.4166232428858472,0.0018015206820317356
21.7696,-14.6054,-,ALL,KRR,56,0.725197726543364,0.6194020128189063,0.41135653353531465,0.005839233714547738
21.7696,-14.6054,fdr<=0.01,PCMCI,LIN,6,0.722205486940002,0.6227651240760255,0.40773769954068306,0.023222337362289448
21.7696,-14.6054,fdr<=0.01,LASSO,LIN,6,0.7211425160448972,0.6239554808272416,0.4146906498807771,0.008074165898986468
21.7696,-14.6054,fdr<=0.01,PCMCI,KRR,6,0.7223592404492409,0.6225927564235775,0.40046689074498476,0.0405280415392619
21.7696,-14.6054,fdr<=0.01,LASSO,KRR,6,0.7228021025330034,0.6220960124218482,0.4048463890163555,0.027462491528385913
21.7696,-14.6054,fdr<=0.001,PCMCI,LIN,3,0.7198951184813112,0.6253494761980252,0.4104927553076989,0.016016043917800732
21.7696,-14.6054,fdr<=0.001,LASSO,LIN,3,0.7168918472445449,0.628693021452362,0.4136127098913192,0.030747273900591853
21.7696,-14.6054,fdr<=0.001,PCMCI,KRR,3,0.7223580874083717,0.6225940492347427,0.39908595559347976,0.03070027069147604
21.7696,-14.6054,fdr<=0.001,LASSO,KRR,3,0.7220599888058619,0.6229281929952131,0.400894593886357,0.036244359940260755
21.7696,-14.6054,fdr<=0.0001,PCMCI,LIN,3,0.7198951184813112,0.6253494761980252,0.4104927553076989,0.016016043917800732
21.7696,-14.6054,fdr<=0.0001,LASSO,LIN,3,0.7168918472445449,0.628693021452362,0.4136127098913192,0.030747273900591853
21.7696,-14.6054,fdr<=0.0001,PCMCI,KRR,3,0.7223580874083717,0.6225940492347427,0.39908595559347976,0.03070027069147604
21.7696,-14.6054,fdr<=0.0001,LASSO,KRR,3,0.7220599888058619,0.6229281929952131,0.400894593886357,0.036244359940260755
21.7696,-14.6054,|val|>=0.075,PCMCI,LIN,3,0.7198951184813112,0.6253494761980252,0.4104927553076989,0.016016043917800732
21.7696,-14.6054,|val|>=0.075,LASSO,LIN,3,0.7168918472445449,0.628693021452362,0.4136127098913192,0.030747273900591853
21.7696,-14.6054,|val|>=0.075,PCMCI,KRR,3,0.7223580874083717,0.6225940492347427,0.39908595559347976,0.03070027069147604
21.7696,-14.6054,|val|>=0.075,LASSO,KRR,3,0.7220599888058619,0.6229281929952131,0.400894593886357,0.036244359940260755
21.7696,-14.6054,|val|>=0.10,PCMCI,LIN,3,0.7198951184813112,0.6253494761980252,0.4104927553076989,0.016016043917800732
21.7696,-14.6054,|val|>=0.10,LASSO,LIN,3,0.7168918472445449,0.628693021452362,0.4136127098913192,0.030747273900591853
21.7696,-14.6054,|val|>=0.10,PCMCI,KRR,3,0.7223580874083717,0.6225940492347427,0.39908595559347976,0.03070027069147604
21.7696,-14.6054,|val|>=0.10,LASSO,KRR,3,0.7220599888058619,0.6229281929952131,0.400894593886357,0.036244359940260755
21.7696,-14.6054,|val|>=0.15,PCMCI,LIN,1,0.7030860975606643,0.6438396493689174,0.4260922054896348,0.048408611471256885
21.7696,-14.6054,|val|>=0.15,LASSO,LIN,1,0.7030860975606643,0.6438396493689174,0.4260922054896348,0.048408611471256885
21.7696,-14.6054,|val|>=0.15,PCMCI,KRR,1,0.706264227887019,0.6403845881768132,0.41196917432958896,0.05394708693353322
21.7696,-14.6054,|val|>=0.15,LASSO,KRR,1,0.706264227887019,0.6403845881768132,0.41196917432958896,0.05394708693353322
21.7696,-15.1054,-,CLIMATOLOGY,-,0,0.615932803457161,0.7380155544104855,0.5008699706063234,-0.007043487358960561
21.7696,-15.1054,-,ALL,LIN,56,0.7207367592162484,0.6293160299331911,0.4163460413499748,-0.011036064875569653
21.7696,-15.1054,-,ALL,KRR,56,0.7210040526959205,0.629014786667517,0.4170473671541642,-0.007213264688332806
21.7696,-15.1054,fdr<=0.01,PCMCI,LIN,4,0.7128209839704884,0.6381727546133958,0.412462846309863,0.011802622297398698
21.7696,-15.1054,fdr<=0.01,LASSO,LIN,4,0.7118442969220935,0.6392570365015406,0.4150869011485363,0.019706840507835024
21.7696,-15.1054,fdr<=0.01,PCMCI,KRR,4,0.7176753938731425,0.6327560013483567,0.40186764507570544,0.018626740299849558
21.7696,-15.1054,fdr<=0.01,LASSO,KRR,4,0.7220075990618919,0.6278824867560413,0.402168407332731,0.027040605783334656
21.7696,-15.1054,fdr<=0.001,PCMCI,LIN,4,0.7128209839704884,0.6381727546133958,0.412462846309863,0.011802622297398698
21.7696,-15.1054,fdr<=0.001,LASSO,LIN,4,0.7118442969220935,0.6392570365015406,0.4150869011485363,0.019706840507835024
21.7696,-15.1054,fdr<=0.001,PCMCI,KRR,4,0.7176753938731425,0.6327560013483567,0.40186764507570544,0.018626740299849558
21.7696,-15.1054,fdr<=0.001,LASSO,KRR,4,0.7220075990618919,0.6278824867560413,0.402168407332731,0.027040605783334656
21.7696,-15.1054,fdr<=0.0001,PCMCI,LIN,4,0.7128209839704884,0.6381727546133958,0.412462846309863,0.011802622297398698
21.7696,-15.1054,fdr<=0.0001,LASSO,LIN,4,0.7118442969220935,0.6392570365015406,0.4150869011485363,0.019706840507835024
21.7696,-15.1054,fdr<=0.0001,PCMCI,KRR,4,0.7176753938731425,0.6327560013483567,0.40186764507570544,0.018626740299849558
21.7696,-15.1054,fdr<=0.0001,LASSO,KRR,4,0.7220075990618919,0.6278824867560413,0.402168407332731,0.027040605783334656
21.7696,-15.1054,|val|>=0.075,PCMCI,LIN,4,0.7128209839704884,0.6381727546133958,0.412462846309863,0.011802622297398698
21.7696,-15.1054,|val|>=0.075,LASSO,LIN,4,0.7118442969220935,0.6392570365015406,0.4150869011485363,0.019706840507835024
21.7696,-15.1054,|val|>=0.075,PCMCI,KRR,4,0.7176753938731425,0.6327560013483567,0.40186764507570544,0.018626740299849558
21.7696,-15.1054,|val|>=0.075,LASSO,KRR,4,0.7220075990618919,0.6278824867560413,0.402168407332731,0.027040605783334656
21.7696,-15.1054,|val|>=0.10,PCMCI,LIN,2,0.7101944999031418,0.6410844150533513,0.4156499550365983,0.016066321692760642
21.7696,-15.1054,|val|>=0.10,LASSO,LIN,2,0.7101944999031418,0.6410844150533513,0.4156499550365983,0.016066321692760642
21.7696,-15.1054,|val|>=0.10,PCMCI,KRR,2,0.7209988504432665,0.6290206510512492,0.40045663607661425,0.01767117078340131
21.7696,-15.1054,|val|>=0.10,LASSO,KRR,2,0.7209988504432665,0.6290206510512492,0.40045663607661425,0.01767117078340131
21.7696,-15.1054,|val|>=0.15,PCMCI,LIN,2,0.7101944999031418,0.6410844150533513,0.4156499550365983,0.016066321692760642
21.7696,-15.1054,|val|>=0.15,LASSO,LIN,2,0.7101944999031418,0.6410844150533513,0.4156499550365983,0.016066321692760642
21.7696,-15.1054,|val|>=0.15,PCMCI,KRR,2,0.7209988504432665,0.6290206510512492,0.40045663607661425,0.01767117078340131
21.7696,-15.1054,|val|>=0.15,LASSO,KRR,2,0.7209988504432665,0.6290206510512492,0.40045663607661425,0.01767117078340131
21.7696,-15.6054,-,CLIMATOLOGY,-,0,0.615932803457161,0.7380155544104855,0.5008699706063234,-0.007043487358960561
21.7696,-15.6054,-,ALL,LIN,56,0.7173661650732578,0.6331024338340129,0.417705471115807,-0.0058414100741821144
21.7696,-15.6054,-,ALL,KRR,56,0.7180311872065075,0.6323571672834937,0.41754544061213633,-0.0017188087954138514
21.7696,-15.6054,fdr<=0.01,PCMCI,LIN,4,0.7128695233123061,0.6381188199719751,0.4112662846684739,0.017444498579872722
21.7696,-15.6054,fdr<=0.01,LASSO,LIN,4,0.7129056233850624,0.6380787043071285,0.4141714886185371,0.018665145561299237
21.7696,-15.6054,fdr<=0.01,PCMCI,KRR,4,0.7188249514596313,0.6314664725652236,0.40021890479230204,0.0224646631244298
21.7696,-15.6054,fdr<=0.01,LASSO,KRR,4,0.7223471945846822,0.6274988589308336,0.4021716130713821,0.018778711561416476
21.7696,-15.6054,fdr<=0.001,PCMCI,LIN,2,0.7101944999031418,0.6410844150533513,0.4156499550365983,0.016066321692760642
21.7696,-15.6054,fdr<=0.001,LASSO,LIN,2,0.7101944999031418,0.6410844150533513,0.4156499550365983,0.016066321692760642
21.7696,-15.6054,fdr<=0.001,PCMCI,KRR,2,0.7209988504432665,0.6290206510512492,0.40045663607661425,0.01767117078340131
21.7696,-15.6054,fdr<=0.001,LASSO,KRR,2,0.7209988504432665,0.6290206510512492,0.40045663607661425,0.01767117078340131
21.7696,-15.6054,fdr<=0.0001,PCMCI,LIN,2,0.7101944999031418,0.6410844150533513,0.4156499550365983,0.016066321692760642
21.7696,-15.6054,fdr<=0.0001,LASSO,LIN,2,0.7101944999031418,0.6410844150533513,0.4156499550365983,0.016066321692760642
21.7696,-15.6054,fdr<=0.0001,PCMCI,KRR,2,0.7209988504432665,0.6290206510512492,0.40045663607661425,0.01767117078340131
21.7696,-15.6054,fdr<=0.0001,LASSO,KRR,2,0.7209988504432665,0.6290206510512492,0.40045663607661425,0.01767117078340131
21.7696,-15.6054,|val|>=0.075,PCMCI,LIN,2,0.7101944999031418,0.6410844150533513,0.4156499550365983,0.016066321692760642
21.7696,-15.6054,|val|>=0.075,LASSO,LIN,2,0.7101944999031418,0.6410844150533513,0.4156499550365983,0.016066321692760642
21.7696,-15.6054,|val|>=0.075,PCMCI,KRR,2,0.7209988504432665,0.6290206510512492,0.40045663607661425,0.01767117078340131
21.7696,-15.6054,|val|>=0.075,LASSO,KRR,2,0.7209988504432665,0.6290206510512492,0.40045663607661425,0.01767117078340131
21.7696,-15.6054,|val|>=0.10,PCMCI,LIN,2,0.7101944999031418,0.6410844150533513,0.4156499550365983,0.016066321692760642
21.7696,-15.6054,|val|>=0.10,LASSO,LIN,2,0.7101944999031418,0.6410844150533513,0.4156499550365983,0.016066321692760642
21.7696,-15.6054,|val|>=0.10,PCMCI,KRR,2,0.7209988504432665,0.6290206510512492,0.40045663607661425,0.01767117078340131
21.7696,-15.6054,|val|>=0.10,LASSO,KRR,2,0.7209988504432665,0.6290206510512492,0.40045663607661425,0.01767117078340131
21.7696,-15.6054,|val|>=0.15,PCMCI,LIN,2,0.7101944999031418,0.6410844150533513,0.4156499550365983,0.016066321692760642
21.7696,-15.6054,|val|>=0.15,LASSO,LIN,2,0.7101944999031418,0.6410844150533513,0.4156499550365983,0.016066321692760642
21.7696,-15.6054,|val|>=0.15,PCMCI,KRR,2,0.7209988504432665,0.6290206510512492,0.40045663607661425,0.01767117078340131
21.7696,-15.6054,|val|>=0.15,LASSO,KRR,2,0.7209988504432665,0.6290206510512492,0.40045663607661425,0.01767117078340131
21.7696,-16.1054,-,CLIMATOLOGY,-,0,0.5906460395359179,0.7817454887854871,0.5291089330552128,0.066807709558513
21.7696,-16.1054,-,ALL,LIN,56,0.7046519437438599,0.6640227271707088,0.4308196910594209,0.029172664762504335
21.7696,-16.1054,-,ALL,KRR,56,0.7111814565288425,0.6566416442237776,0.42722728332885496,0.03888695656051242
21.7696,-16.1054,fdr<=0.01,PCMCI,LIN,4,0.7071271245655522,0.6612344333075723,0.4218022238495264,0.04227081705195544
21.7696,-16.1054,fdr<=0.01,LASSO,LIN,4,0.7057177866444635,0.6628234919456976,0.4243598161337751,0.036982865999776966
21.7696,-16.1054,fdr<=0.01,PCMCI,KRR,4,0.709512054965919,0.6585366387412362,0.4209224382217269,0.05374710284576285
21.7696,-16.1054,fdr<=0.01,LASSO,KRR,4,0.7115521304294476,0.6562201372413343,0.4182682841355223,0.04898667745743146
21.7696,-16.1054,fdr<=0.001,PCMCI,LIN,3,0.7029739733812896,0.6659063224109922,0.42455610175224046,0.04742075798444921
21.7696,-16.1054,fdr<=0.001,LASSO,LIN,3,0.7029739733812896,0.6659063224109922,0.42455610175224046,0.04742075798444921
21.7696,-16.1054,fdr<=0.001,PCMCI,KRR,3,0.7103778332696484,0.6575545460273825,0.4198472403180666,0.05566487537478288
21.7696,-16.1054,fdr<=0.001,LASSO,KRR,3,0.7103778332696484,0.6575545460273825,0.4198472403180666,0.05566487537478288
21.7696,-16.1054,fdr<=0.0001,PCMCI,LIN,3,0.7029739733812896,0.6659063224109922,0.42455610175224046,0.04742075798444921
21.7696,-16.1054,fdr<=0.0001,LASSO,LIN,3,0.7029739733812896,0.6659063224109922,0.42455610175224046,0.04742075798444921
21.7696,-16.1054,fdr<=0.0001,PCMCI,KRR,3,0.7103778332696484,0.6575545460273825,0.4198472403180666,0.05566487537478288
21.7696,-16.1054,fdr<=0.0001,LASSO,KRR,3,0.7103778332696484,0.6575545460273825,0.4198472403180666,0.05566487537478288
21.7696,-16.1054,|val|>=0.075,PCMCI,LIN,3,0.7029739733812896,0.6659063224109922,0.42455610175224046,0.04742075798444921
21.7696,-16.1054,|val|>=0.075,LASSO,LIN,3,0.7029739733812896,0.6659063224109922,0.42455610175224046,0.04742075798444921
21.7696,-16.1054,|val|>=0.075,PCMCI,KRR,3,0.7103778332696484,0.6575545460273825,0.4198472403180666,0.05566487537478288
21.7696,-16.1054,|val|>=0.075,LASSO,KRR,3,0.7103778332696484,0.6575545460273825,0.4198472403180666,0.05566487537478288
21.7696,-16.1054,|val|>=0.10,PCMCI,LIN,2,0.6992269292737099,0.6700934307524523,0.42621067401890905,0.05122511136998849
21.7696,-16.1054,|val|>=0.10,LASSO,LIN,2,0.6992269292737099,0.6700934307524523,0.42621067401890905,0.05122511136998849
21.7696,-16.1054,|val|>=0.10,PCMCI,KRR,2,0.7088712198819788,0.6592626256515132,0.41794097048764683,0.056402418048441
21.7696,-16.1054,|val|>=0.10,LASSO,KRR,2,0.7088712198819788,0.6592626256515132,0.41794097048764683,0.056402418048441
21.7696,-16.1054,|val|>=0.15,PCMCI,LIN,2,0.6992269292737099,0.6700934307524523,0.42621067401890905,0.05122511136998849
21.7696,-16.1054,|val|>=0.15,LASSO,LIN,2,0.6992269292737099,0.6700934307524523,0.42621067401890905,0.05122511136998849
21.7696,-16.1054,|val|>=0.15,PCMCI,KRR,2,0.7088712198819788,0.6592626256515132,0.41794097048764683,0.056402418048441
21.7696,-16.1054,|val|>=0.15,LASSO,KRR,2,0.7088712198819788,0.6592626256515132,0.41794097048764683,0.056402418048441
21.7696,-16.6054,-,CLIMATOLOGY,-,0,0.5906460395359179,0.7817454887854871,0.5291089330552128,0.066807709558513
21.7696,-16.6054,-,ALL,LIN,56,0.6976345485496975,0.671864924582392,0.4330519014068556,0.035894765878849114
21.7696,-16.6054,-,ALL,KRR,56,0.7047616241689776,0.6638994200144913,0.4315075056187218,0.041363306819905916
21.7696,-16.6054,fdr<=0.01,PCMCI,LIN,5,0.7033715249288437,0.6654605353307199,0.42679831400378077,0.04169411443207364
21.7696,-16.6054,fdr<=0.01,LASSO,LIN,5,0.7033715249288437,0.6654605353307199,0.42679831400378077,0.04169411443207364
21.7696,-16.6054,fdr<=0.01,PCMCI,KRR,5,0.7133537945985852,0.6541675301952808,0.4173201221920087,0.050093414151748616
21.7696,-16.6054,fdr<=0.01,LASSO,KRR,5,0.7133537945985852,0.6541675301952808,0.4173201221920087,0.050093414151748616
21.7696,-16.6054,fdr<=0.001,PCMCI,LIN,3,0.6995484918810213,0.6697351297022115,0.4273563734730354,0.048407768578592705
21.7696,-16.6054,fdr<=0.001,LASSO,LIN,3,0.6995484918810213,0.6697351297022115,0.4273563734730354,0.048407768578592705
21.7696,-16.6054,fdr<=0.001,PCMCI,KRR,3,0.7088835335652427,0.6592486833044212,0.42026219258457653,0.054185957378993226
21.7696,-16.6054,fdr<=0.001,LASSO,KRR,3,0.7088835335652427,0.6592486833044212,0.42026219258457653,0.054185957378993226
21.7696,-16.6054,fdr<=0.0001,PCMCI,LIN,2,0.6992269292737099,0.6700934307524523,0.42621067401890905,0.05122511136998849
21.7696,-16.6054,fdr<=0.0001,LASSO,LIN,2,0.6992269292737099,0.6700934307524523,0.42621067401890905,0.05122511136998849
21.7696,-16.6054,fdr<=0.0001,PCMCI,KRR,2,0.7088712198819788,0.6592626256515132,0.41794097048764683,0.056402418048441
21.7696,-16.6054,fdr<=0.0001,LASSO,KRR,2,0.7088712198819788,0.6592626256515132,0.41794097048764683,0.056402418048441
21.7696,-16.6054,|val|>=0.075,PCMCI,LIN,3,0.6995484918810213,0.6697351297022115,0.4273563734730354,0.048407768578592705
21.7696,-16.6054,|val|>=0.075,LASSO,LIN,3,0.6995484918810213,0.6697351297022115,0.4273563734730354,0.048407768578592705
21.7696,-16.6054,|val|>=0.075,PCMCI,KRR,3,0.7088835335652427,0.6592486833044212,0.42026219258457653,0.054185957378993226
21.7696,-16.6054,|val|>=0.075,LASSO,KRR,3,0.7088835335652427,0.6592486833044212,0.42026219258457653,0.054185957378993226
21.7696,-16.6054,|val|>=0.10,PCMCI,LIN,2,0.6992269292737099,0.6700934307524523,0.42621067401890905,0.05122511136998849
21.7696,-16.6054,|val|>=0.10,LASSO,LIN,2,0.6992269292737099,0.6700934307524523,0.42621067401890905,0.05122511136998849
21.7696,-16.6054,|val|>=0.10,PCMCI,KRR,2,0.7088712198819788,0.6592626256515132,0.41794097048764683,0.056402418048441
21.7696,-16.6054,|val|>=0.10,LASSO,KRR,2,0.7088712198819788,0.6592626256515132,0.41794097048764683,0.056402418048441
21.7696,-16.6054,|val|>=0.15,PCMCI,LIN,2,0.6992269292737099,0.6700934307524523,0.42621067401890905,0.05122511136998849
21.7696,-16.6054,|val|>=0.15,LASSO,LIN,2,0.6992269292737099,0.6700934307524523,0.42621067401890905,0.05122511136998849
21.7696,-16.6054,|val|>=0.15,PCMCI,KRR,2,0.7088712198819788,0.6592626256515132,0.41794097048764683,0.056402418048441
21.7696,-16.6054,|val|>=0.15,LASSO,KRR,2,0.7088712198819788,0.6592626256515132,0.41794097048764683,0.056402418048441
22.2696,-13.1054,-,CLIMATOLOGY,-,0,0.645763088330633,0.7396379745499737,0.4897170113696754,-0.004488857958633784
22.2696,-13.1054,-,ALL,LIN,56,0.7469666652413722,0.6251167899843013,0.4043940447367797,-0.006017787556146258
22.2696,-13.1054,-,ALL,KRR,56,0.7458832376741995,0.6264536599589291,0.40061195685304146,-0.004237529409571748
22.2696,-13.1054,fdr<=0.01,PCMCI,LIN,7,0.7412362731543606,0.6321556049161701,0.40297457642144335,0.0031365375518089544
22.2696,-13.1054,fdr<=0.01,LASSO,LIN,7,0.7406775148062609,0.6328377556756732,0.4020513771696673,-0.0009872856757795947
22.2696,-13.1054,fdr<=0.01,PCMCI,KRR,7,0.7451795751007142,0.6273204017952809,0.38839375790628705,0.018606971771276588
22.2696,-13.1054,fdr<=0.01,LASSO,KRR,7,0.7456456665706033,0.6267464240370797,0.38932809646991756,0.01152742784637107
22.2696,-13.1054,fdr<=0.001,PCMCI,LIN,5,0.7416008754596188,0.631710089154917,0.39945598854743397,0.009857868537190029
22.2696,-13.1054,fdr<=0.001,LASSO,LIN,5,0.7379793316186546,0.636121492513339,0.403323848802458,-0.00047065911506895557
22.2696,-13.1054,fdr<=0.001,PCMCI,KRR,5,0.744988040270454,0.6275561190399508,0.3865956555549786,0.022464683367941326
22.2696,-13.1054,fdr<=0.001,LASSO,KRR,5,0.7442309711543244,0.6284869602099946,0.3879200827754967,0.013334043966188218
22.2696,-13.1054,fdr<=0.0001,PCMCI,LIN,5,0.7416008754596188,0.631710089154917,0.39945598854743397,0.009857868537190029
22.2696,-13.1054,fdr<=0.0001,LASSO,LIN,5,0.7379793316186546,0.636121492513339,0.403323848802458,-0.00047065911506895557
22.2696,-13.1054,fdr<=0.0001,PCMCI,KRR,5,0.744988040270454,0.6275561190399508,0.3865956555549786,0.022464683367941326
22.2696,-13.1054,fdr<=0.0001,LASSO,KRR,5,0.7442309711543244,0.6284869602099946,0.3879200827754967,0.013334043966188218
22.2696,-13.1054,|val|>=0.075,PCMCI,LIN,5,0.7416008754596188,0.631710089154917,0.39945598854743397,0.009857868537190029
22.2696,-13.1054,|val|>=0.075,LASSO,LIN,5,0.7379793316186546,0.636121492513339,0.403323848802458,-0.00047065911506895557
22.2696,-13.1054,|val|>=0.075,PCMCI,KRR,5,0.744988040270454,0.6275561190399508,0.3865956555549786,0.022464683367941326
22.2696,-13.1054,|val|>=0.075,LASSO,KRR,5,0.7442309711543244,0.6284869602099946,0.3879200827754967,0.013334043966188218
22.2696,-13.1054,|val|>=0.10,PCMCI,LIN,3,0.7383430346595912,0.6356798486075981,0.4017602484826142,0.00031491639877124285
22.2696,-13.1054,|val|>=0.10,LASSO,LIN,3,0.7356764296998448,0.6389108157222163,0.39981004787911134,0.023207609445129417
22.2696,-13.1054,|val|>=0.10,PCMCI,KRR,3,0.7445917203480232,0.6280435793831065,0.38582708141168576,0.01429557270835963
22.2696,-13.1054,|val|>=0.10,LASSO,KRR,3,0.7405145804470102,0.6330365329295511,0.3877688855113389,0.026786604570019606
22.2696,-13.1054,|val|>=0.15,PCMCI,LIN,1,0.7255342625678873,0.6510530277909321,0.41430743796199415,0.03318959431185638
22.2696,-13.1054,|val|>=0.15,LASSO,LIN,1,0.7255342625678873,0.6510530277909321,0.41430743796199415,0.03318959431185638
22.2696,-13.1054,|val|>=0.15,PCMCI,KRR,1,0.7282185433030441,0.647861549223942,0.40618324536908096,0.031271621160285194
22.2696,-13.1054,|val|>=0.15,LASSO,KRR,1,0.7282185433030441,0.647861549223942,0.40618324536908096,0.031271621160285194
22.2696,-13.6054,-,CLIMATOLOGY,-,0,0.645763088330633,0.7396379745499737,0.4897170113696754,-0.004488857958633784
22.2696,-13.6054,-,ALL,LIN,56,0.7434472932813494,0.629449067748055,0.4062373777387389,-0.006091683923836001
22.2696,-13.6054,-,ALL,KRR,56,0.7453277252536108,0.6271380162473691,0.4009567830664976,-0.003716119487017224
22.2696,-13.6054,fdr<=0.01,PCMCI,LIN,8,0.7405836874009448,0.6329522311994052,0.4016038530741639,0.007897302044017401
22.2696,-13.6054,fdr<=0.01,LASSO,LIN,8,0.7409683774656233,0.6324827526849659,0.4030740659924455,-0.006051764334514227
22.2696,-13.6054,fdr<=0.01,PCMCI,KRR,8,0.7435613843578559,0.6293090916227486,0.3880729111971155,0.024940737385208342
22.2696,-13.6054,fdr<=0.01,LASSO,KRR,8,0.7455740024984716,0.6268347103994106,0.3925900836178481,0.003052210842685476
22.2696,-13.6054,fdr<=0.001,PCMCI,LIN,7,0.7403870251041121,0.6331921048136486,0.398346854323161,0.01730154337698333
22.2696,-13.6054,fdr<=0.001,LASSO,LIN,7,0.7402375542367465,0.6333743571729623,0.4036927641842938,-0.002653947400237063
22.2696,-13.6054,fdr<=0.001,PCMCI,KRR,7,0.7430027188037881,0.6299942108263037,0.38652621933151166,0.03007140195995194
22.2696,-13.6054,fdr<=0.001,LASSO,KRR,7,0.7440143745741841,0.6287530192383654,0.3921292712635283,0.006825912239328141
22.2696,-13.6054,fdr<=0.0001,PCMCI,LIN,5,0.7406875090995377,0.6328255607688903,0.39951971896972766,0.012059340641291947
22.2696,-13.6054,fdr<=0.0001,LASSO,LIN,5,0.7384066262917343,0.6356025978922586,0.4032946119676954,0.0022793755409235487
22.2696,-13.6054,fdr<=0.0001,PCMCI,KRR,5,0.7445333922607764,0.628115289058138,0.38747472362129914,0.023799973563312617
22.2696,-13.6054,fdr<=0.0001,LASSO,KRR,5,0.7431736413903349,0.6297846791352478,0.3888014782336038,0.016675239191655356
22.2696,-13.6054,|val|>=0.075,PCMCI,LIN,6,0.7405167207588423,0.6330339221886899,0.3997650647311841,0.014422001342595704
22.2696,-13.6054,|val|>=0.075,LASSO,LIN,6,0.7399979099837151,0.6336664500756599,0.4035981450254904,-0.002352551301729354
22.2696,-13.6054,|val|>=0.075,PCMCI,KRR,6,0.7431258077763303,0.6298433247409024,0.3879223012864519,0.027823050099581328
22.2696,-13.6054,|val|>=0.075,LASSO,KRR,6,0.7437825213472694,0.6290376942513848,0.3902708094017913,0.010970181107605488
22.2696,-13.6054,|val|>=0.10,PCMCI,LIN,3,0.7379308547606444,0.6361803347132383,0.4018341535773411,0.0026579009170993153
22.2696,-13.6054,|val|>=0.10,LASSO,LIN,3,0.7361644370264997,0.6383207487754617,0.3993344455059056,0.025199392788019376
22.2696,-13.6054,|val|>=0.10,PCMCI,KRR,3,0.7444622648332058,0.6282027234117898,0.38678093513527717,0.01665625516164634
22.2696,-13.6054,|val|>=0.10,LASSO,KRR,3,0.7394168892711621,0.6343740749157049,0.3878475804086155,0.02969719626585515
22.2696,-13.6054,|val|>=0.15,PCMCI,LIN,1,0.7255342625678873,0.6510530277909321,0.41430743796199415,0.03318959431185638
22.2696,-13.6054,|val|>=0.15,LASSO,LIN,1,0.7255342625678873,0.6510530277909321,0.41430743796199415,0.03318959431185638
22.2696,-13.6054,|val|>=0.15,PCMCI,KRR,1,0.7282185433030441,0.647861549223942,0.40618324536908096,0.031271621160285194
22.2696,-13.6054,|val|>=0.15,LASSO,KRR,1,0.7282185433030441,0.647861549223942,0.40618324536908096,0.031271621160285194
22.2696,-14.1054,-,CLIMATOLOGY,-,0,0.64535273308933,0.7385991302609846,0.49161911012940257,-0.0031000656222019063
22.2696,-14.1054,-,ALL,LIN,56,0.7350481558602656,0.6384015849995015,0.40964590850318694,-0.0034650297843955174
22.2696,-14.1054,-,ALL,KRR,56,0.7394807746940089,0.6330388624229155,0.40822999928538606,0.0013388128480943489
22.2696,-14.1054,fdr<=0.01,PCMCI,LIN,7,0.7359538003385757,0.6373095756540383,0.40190142783416094,0.011079073407610269
22.2696,-14.1054,fdr<=0.01,LASSO,LIN,7,0.7350999857982239,0.6383391398163126,0.40854492879169035,0.00011592077119998235
22.2696,-14.1054,fdr<=0.01,PCMCI,KRR,7,0.7373387763513914,0.6356359690041061,0.39440761271863106,0.02842173532716307
22.2696,-14.1054,fdr<=0.01,LASSO,KRR,7,0.7363096530792277,0.6368799826109793,0.401734516920107,0.019126788480914095
22.2696,-14.1054,fdr<=0.001,PCMCI,LIN,5,0.7359525103328388,0.6373111324497918,0.3994789109855818,0.019493684862699034
22.2696,-14.1054,fdr<=0.001,LASSO,LIN,5,0.7315769885156211,0.6425698667504542,0.41093722591012066,0.010927851516153646
22.2696,-14.1054,fdr<=0.001,PCMCI,KRR,5,0.73615176670707,0.6370706221692458,0.3922828805272619,0.030931027277643443
22.2696,-14.1054,fdr<=0.001,LASSO,KRR,5,0.7340186448474488,0.6396406861062905,0.400343092289687,0.024061556912450894
22.2696,-14.1054,fdr<=0.0001,PCMCI,LIN,4,0.7334831428651435,0.6402842587067453,0.3993511256699387,0.01599626992798723
22.2696,-14.1054,fdr<=0.0001,LASSO,LIN,4,0.730441217860825,0.6439278755423851,0.4089314551322908,0.01984654086532567
22.2696,-14.1054,fdr<=0.0001,PCMCI,KRR,4,0.7345708952958907,0.6389763060730546,0.39327797145527454,0.02831602127674488
22.2696,-14.1054,fdr<=0.0001,LASSO,KRR,4,0.7338010954222809,0.6399022176359993,0.39687705758211483,0.033240804683736455
22.2696,-14.1054,|val|>=0.075,PCMCI,LIN,5,0.7359525103328388,0.6373111324497918,0.3994789109855818,0.019493684862699034
22.2696,-14.1054,|val|>=0.075,LASSO,LIN,5,0.7315769885156211,0.6425698667504542,0.41093722591012066,0.010927851516153646
22.2696,-14.1054,|val|>=0.075,PCMCI,KRR,5,0.73615176670707,0.6370706221692458,0.3922828805272619,0.030931027277643443
22.2696,-14.1054,|val|>=0.075,LASSO,KRR,5,0.7340186448474488,0.6396406861062905,0.400343092289687,0.024061556912450894
22.2696,-14.1054,|val|>=0.10,PCMCI,LIN,3,0.7340124450018229,0.6396481408588964,0.4029774963683226,0.0069524795355387315
22.2696,-14.1054,|val|>=0.10,LASSO,LIN,3,0.7299797230374292,0.6444788542497093,0.40578997259906335,0.02331544924811141
22.2696,-14.1054,|val|>=0.10,PCMCI,KRR,3,0.7370496623514439,0.6359856984255745,0.3937294368760749,0.02236883305238746
22.2696,-14.1054,|val|>=0.10,LASSO,KRR,3,0.7317369631411516,0.6423783589625818,0.39553115009165807,0.03403901085947293
22.2696,-14.1054,|val|>=0.15,PCMCI,LIN,2,0.7313995510372928,0.642782212816115,0.40363816198286956,0.019002845688839982
22.2696,-14.1054,|val|>=0.15,LASSO,LIN,2,0.7313995510372928,0.642782212816115,0.40363816198286956,0.019002845688839982
22.2696,-14.1054,|val|>=0.15,PCMCI,KRR,2,0.7350812854108891,0.6383616709183493,0.3935588891029871,0.026571840886752227
22.2696,-14.1054,|val|>=0.15,LASSO,KRR,2,0.7350812854108891,0.6383616709183493,0.3935588891029871,0.026571840886752227
22.2696,-14.6054,-,CLIMATOLOGY,-,0,0.64535273308933,0.7385991302609846,0.49161911012940257,-0.0031000656222019063
22.2696,-14.6054,-,ALL,LIN,56,0.7350481558602656,0.6384015849995015,0.40964590850318694,-0.0034650297843955174
22.2696,-14.6054,-,ALL,KRR,56,0.7394807746940089,0.6330388624229155,0.40822999928538606,0.0013388128480943489
22.2696,-14.6054,fdr<=0.01,PCMCI,LIN,7,0.7359538003385757,0.6373095756540383,0.40190142783416094,0.011079073407610269
22.2696,-14.6054,fdr<=0.01,LASSO,LIN,7,0.7350999857982239,0.6383391398163126,0.40854492879169035,0.00011592077119998235
22.2696,-14.6054,fdr<=0.01,PCMCI,KRR,7,0.7373387763513914,0.6356359690041061,0.39440761271863106,0.02842173532716307
22.2696,-14.6054,fdr<=0.01,LASSO,KRR,7,0.7363096530792277,0.6368799826109793,0.401734516920107,0.019126788480914095
22.2696,-14.6054,fdr<=0.001,PCMCI,LIN,5,0.7359525103328388,0.6373111324497918,0.3994789109855818,0.019493684862699034
22.2696,-14.6054,fdr<=0.001,LASSO,LIN,5,0.7315769885156211,0.6425698667504542,0.41093722591012066,0.010927851516153646
22.2696,-14.6054,fdr<=0.001,PCMCI,KRR,5,0.73615176670707,0.6370706221692458,0.3922828805272619,0.030931027277643443
22.2696,-14.6054,fdr<=0.001,LASSO,KRR,5,0.7340186448474488,0.6396406861062905,0.400343092289687,0.024061556912450894
22.2696,-14.6054,fdr<=0.0001,PCMCI,LIN,4,0.7334831428651435,0.6402842587067453,0.3993511256699387,0.01599626992798723
22.2696,-14.6054,fdr<=0.0001,LASSO,LIN,4,0.730441217860825,0.6439278755423851,0.4089314551322908,0.01984654086532567
22.2696,-14.6054,fdr<=0.0001,PCMCI,KRR,4,0.7345708952958907,0.6389763060730546,0.39327797145527454,0.02831602127674488
22.2696,-14.6054,fdr<=0.0001,LASSO,KRR,4,0.7338010954222809,0.6399022176359993,0.39687705758211483,0.033240804683736455
22.2696,-14.6054,|val|>=0.075,PCMCI,LIN,5,0.7359525103328388,0.6373111324497918,0.3994789109855818,0.019493684862699034
22.2696,-14.6054,|val|>=0.075,LASSO,LIN,5,0.7315769885156211,0.6425698667504542,0.41093722591012066,0.010927851516153646
22.2696,-14.6054,|val|>=0.075,PCMCI,KRR,5,0.73615176670707,0.6370706221692458,0.3922828805272619,0.030931027277643443
22.2696,-14.6054,|val|>=0.075,LASSO,KRR,5,0.7340186448474488,0.6396406861062905,0.400343092289687,0.024061556912450894
22.2696,-14.6054,|val|>=0.10,PCMCI,LIN,3,0.7340124450018229,0.6396481408588964,0.4029774963683226,0.0069524795355387315
22.2696,-14.6054,|val|>=0.10,LASSO,LIN,3,0.7299797230374292,0.6444788542497093,0.40578997259906335,0.02331544924811141
22.2696,-14.6054,|val|>=0.10,PCMCI,KRR,3,0.7370496623514439,0.6359856984255745,0.3937294368760749,0.02236883305238746
22.2696,-14.6054,|val|>=0.10,LASSO,KRR,3,0.7317369631411516,0.6423783589625818,0.39553115009165807,0.03403901085947293
22.2696,-14.6054,|val|>=0.15,PCMCI,LIN,2,0.7313995510372928,0.642782212816115,0.40363816198286956,0.019002845688839982
22.2696,-14.6054,|val|>=0.15,LASSO,LIN,2,0.7313995510372928,0.642782212816115,0.40363816198286956,0.019002845688839982
22.2696,-14.6054,|val|>=0.15,PCMCI,KRR,2,0.7350812854108891,0.6383616709183493,0.3935588891029871,0.026571840886752227
22.2696,-14.6054,|val|>=0.15,LASSO,KRR,2,0.7350812854108891,0.6383616709183493,0.3935588891029871,0.026571840886752227
22.2696,-15.1054,-,CLIMATOLOGY,-,0,0.6648029410789971,0.7121722965653632,0.47728994574304306,-0.00211230091219563
22.2696,-15.1054,-,ALL,LIN,56,0.7631007861042598,0.598710377334317,0.3926574092139268,0.0021301593665463627
22.2696,-15.1054,-,ALL,KRR,56,0.7598134765250434,0.6028500399193254,0.3919184499531048,0.00793826990017729
22.2696,-15.1054,fdr<=0.01,PCMCI,LIN,5,0.7625842000029942,0.5993628004258665,0.3823277155865002,0.03676500487985322
22.2696,-15.1054,fdr<=0.01,LASSO,LIN,5,0.7580650142985559,0.6050403151545617,0.38954764009693454,0.026480885339417122
22.2696,-15.1054,fdr<=0.01,PCMCI,KRR,5,0.7604831182973582,0.60200907821298,0.37733379407963263,0.040452677239156784
22.2696,-15.1054,fdr<=0.01,LASSO,KRR,5,0.7606726615897867,0.6017708291057062,0.37721068315440925,0.02755660230977485
22.2696,-15.1054,fdr<=0.001,PCMCI,LIN,3,0.7621757047442135,0.5998782076498297,0.38575854272011256,0.016595995420779577
22.2696,-15.1054,fdr<=0.001,LASSO,LIN,3,0.7586250729713611,0.604339601264316,0.3883755621429911,0.02796146664674257
22.2696,-15.1054,fdr<=0.001,PCMCI,KRR,3,0.7618707160666367,0.6002627298501165,0.37915204107937606,0.020137522546387017
22.2696,-15.1054,fdr<=0.001,LASSO,KRR,3,0.7578636236591247,0.6052920854985154,0.37596332694043105,0.0270254005468173
22.2696,-15.1054,fdr<=0.0001,PCMCI,LIN,2,0.7600284173904073,0.6025802368726558,0.3864809668845753,0.02537903911231118
22.2696,-15.1054,fdr<=0.0001,LASSO,LIN,2,0.7600284173904073,0.6025802368726558,0.3864809668845753,0.02537903911231118
22.2696,-15.1054,fdr<=0.0001,PCMCI,KRR,2,0.7615889914392978,0.600617702585052,0.374904875766612,0.021505850709099567
22.2696,-15.1054,fdr<=0.0001,LASSO,KRR,2,0.7615889914392978,0.600617702585052,0.374904875766612,0.021505850709099567
22.2696,-15.1054,|val|>=0.075,PCMCI,LIN,3,0.7621757047442135,0.5998782076498297,0.38575854272011256,0.016595995420779577
22.2696,-15.1054,|val|>=0.075,LASSO,LIN,3,0.7586250729713611,0.604339601264316,0.3883755621429911,0.02796146664674257
22.2696,-15.1054,|val|>=0.075,PCMCI,KRR,3,0.7618707160666367,0.6002627298501165,0.37915204107937606,0.020137522546387017
22.2696,-15.1054,|val|>=0.075,LASSO,KRR,3,0.7578636236591247,0.6052920854985154,0.37596332694043105,0.0270254005468173
22.2696,-15.1054,|val|>=0.10,PCMCI,LIN,2,0.7600284173904073,0.6025802368726558,0.3864809668845753,0.02537903911231118
22.2696,-15.1054,|val|>=0.10,LASSO,LIN,2,0.7600284173904073,0.6025802368726558,0.3864809668845753,0.02537903911231118
22.2696,-15.1054,|val|>=0.10,PCMCI,KRR,2,0.7615889914392978,0.600617702585052,0.374904875766612,0.021505850709099567
22.2696,-15.1054,|val|>=0.10,LASSO,KRR,2,0.7615889914392978,0.600617702585052,0.374904875766612,0.021505850709099567
22.2696,-15.1054,|val|>=0.15,PCMCI,LIN,1,0.745808909954853,0.6201762600568346,0.41043224341105194,0.04407156161505185
22.2696,-15.1054,|val|>=0.15,LASSO,LIN,1,0.745808909954853,0.6201762600568346,0.41043224341105194,0.04407156161505185
22.2696,-15.1054,|val|>=0.15,PCMCI,KRR,1,0.7471282454683219,0.6185647066439658,0.40241577593085864,0.04018294374941346
22.2696,-15.1054,|val|>=0.15,LASSO,KRR,1,0.7471282454683219,0.6185647066439658,0.40241577593085864,0.04018294374941346
22.2696,-15.6054,-,CLIMATOLOGY,-,0,0.6648029410789971,0.7121722965653632,0.47728994574304306,-0.00211230091219563
22.2696,-15.6054,-,ALL,LIN,56,0.7619696040048894,0.600138081368124,0.3922526159135621,0.00550067863416733
22.2696,-15.6054,-,ALL,KRR,56,0.7580816848233619,0.6050194696507398,0.3924396626454951,0.010451483628480657
22.2696,-15.6054,fdr<=0.01,PCMCI,LIN,4,0.7626067045101689,0.5993343931250544,0.38118185619754913,0.028954628221958576
22.2696,-15.6054,fdr<=0.01,LASSO,LIN,4,0.7571470276692991,0.6061870964918201,0.3910353909982973,0.028343905895016758
22.2696,-15.6054,fdr<=0.01,PCMCI,KRR,4,0.7615549015308278,0.6006606416061204,0.3769986620315071,0.026943182287230017
22.2696,-15.6054,fdr<=0.01,LASSO,KRR,4,0.7595282582079406,0.6032078719416658,0.378198495278858,0.030051581592787587
22.2696,-15.6054,fdr<=0.001,PCMCI,LIN,3,0.7611544334831238,0.6011648341474485,0.3861955964908453,0.020479613345934976
22.2696,-15.6054,fdr<=0.001,LASSO,LIN,3,0.7577711776388726,0.6054076226707359,0.38979211875147024,0.02636371739646148
22.2696,-15.6054,fdr<=0.001,PCMCI,KRR,3,0.762348934179298,0.5996596944554032,0.37785408600570564,0.019469861882516554
22.2696,-15.6054,fdr<=0.001,LASSO,KRR,3,0.7597813597698722,0.6028903438873877,0.37950924256847024,0.023705969963092762
22.2696,-15.6054,fdr<=0.0001,PCMCI,LIN,2,0.7600284173904073,0.6025802368726558,0.3864809668845753,0.02537903911231118
22.2696,-15.6054,fdr<=0.0001,LASSO,LIN,2,0.7600284173904073,0.6025802368726558,0.3864809668845753,0.02537903911231118
22.2696,-15.6054,fdr<=0.0001,PCMCI,KRR,2,0.7615889914392978,0.600617702585052,0.374904875766612,0.021505850709099567
22.2696,-15.6054,fdr<=0.0001,LASSO,KRR,2,0.7615889914392978,0.600617702585052,0.374904875766612,0.021505850709099567
22.2696,-15.6054,|val|>=0.075,PCMCI,LIN,3,0.7611544334831238,0.6011648341474485,0.3861955964908453,0.020479613345934976
22.2696,-15.6054,|val|>=0.075,LASSO,LIN,3,0.7577711776388726,0.6054076226707359,0.38979211875147024,0.02636371739646148
22.2696,-15.6054,|val|>=0.075,PCMCI,KRR,3,0.762348934179298,0.5996596944554032,0.37785408600570564,0.019469861882516554
22.2696,-15.6054,|val|>=0.075,LASSO,KRR,3,0.7597813597698722,0.6028903438873877,0.37950924256847024,0.023705969963092762
22.2696,-15.6054,|val|>=0.10,PCMCI,LIN,2,0.7600284173904073,0.6025802368726558,0.3864809668845753,0.02537903911231118
22.2696,-15.6054,|val|>=0.10,LASSO,LIN,2,0.7600284173904073,0.6025802368726558,0.3864809668845753,0.02537903911231118
22.2696,-15.6054,|val|>=0.10,PCMCI,KRR,2,0.7615889914392978,0.600617702585052,0.374904875766612,0.021505850709099567
22.2696,-15.6054,|val|>=0.10,LASSO,KRR,2,0.7615889914392978,0.600617702585052,0.374904875766612,0.021505850709099567
22.2696,-15.6054,|val|>=0.15,PCMCI,LIN,1,0.745808909954853,0.6201762600568346,0.41043224341105194,0.04407156161505185
22.2696,-15.6054,|val|>=0.15,LASSO,LIN,1,0.745808909954853,0.6201762600568346,0.41043224341105194,0.04407156161505185
22.2696,-15.6054,|val|>=0.15,PCMCI,KRR,1,0.7471282454683219,0.6185647066439658,0.40241577593085864,0.04018294374941346
22.2696,-15.6054,|val|>=0.15,LASSO,KRR,1,0.7471282454683219,0.6185647066439658,0.40241577593085864,0.04018294374941346
22.2696,-16.1054,-,CLIMATOLOGY,-,0,0.630694716058647,0.7185407935612773,0.5241285072446702,0.023624217105127177
22.2696,-16.1054,-,ALL,LIN,56,0.7497112502014083,0.5915334839298984,0.4249864267760749,-0.02949704999232875
22.2696,-16.1054,-,ALL,KRR,56,0.7522816011162513,0.5884882563991547,0.41915009828719313,-0.019760083914992267
22.2696,-16.1054,fdr<=0.01,PCMCI,LIN,5,0.7481112062741183,0.593421246990758,0.4221111425363745,-0.02219521999515879
22.2696,-16.1054,fdr<=0.01,LASSO,LIN,5,0.7481112062741183,0.593421246990758,0.4221111425363745,-0.02219521999515879
22.2696,-16.1054,fdr<=0.01,PCMCI,KRR,5,0.7505209368411905,0.5905759004495759,0.41584049318863037,-0.015520806474826785
22.2696,-16.1054,fdr<=0.01,LASSO,KRR,5,0.7505209368411905,0.5905759004495759,0.41584049318863037,-0.015520806474826785
22.2696,-16.1054,fdr<=0.001,PCMCI,LIN,3,0.7479402796455836,0.5936225546592058,0.4218276217616417,-0.032138341344971184
22.2696,-16.1054,fdr<=0.001,LASSO,LIN,3,0.7479402796455836,0.5936225546592058,0.4218276217616417,-0.032138341344971184
22.2696,-16.1054,fdr<=0.001,PCMCI,KRR,3,0.7504380817715679,0.590673961073696,0.4151807800313078,-0.023857892881312393
22.2696,-16.1054,fdr<=0.001,LASSO,KRR,3,0.7504380817715679,0.590673961073696,0.4151807800313078,-0.023857892881312393
22.2696,-16.1054,fdr<=0.0001,PCMCI,LIN,3,0.7479402796455836,0.5936225546592058,0.4218276217616417,-0.032138341344971184
22.2696,-16.1054,fdr<=0.0001,LASSO,LIN,3,0.7479402796455836,0.5936225546592058,0.4218276217616417,-0.032138341344971184
22.2696,-16.1054,fdr<=0.0001,PCMCI,KRR,3,0.7504380817715679,0.590673961073696,0.4151807800313078,-0.023857892881312393
22.2696,-16.1054,fdr<=0.0001,LASSO,KRR,3,0.7504380817715679,0.590673961073696,0.4151807800313078,-0.023857892881312393
22.2696,-16.1054,|val|>=0.075,PCMCI,LIN,3,0.7479402796455836,0.5936225546592058,0.4218276217616417,-0.032138341344971184
22.2696,-16.1054,|val|>=0.075,LASSO,LIN,3,0.7479402796455836,0.5936225546592058,0.4218276217616417,-0.032138341344971184
22.2696,-16.1054,|val|>=0.075,PCMCI,KRR,3,0.7504380817715679,0.590673961073696,0.4151807800313078,-0.023857892881312393
22.2696,-16.1054,|val|>=0.075,LASSO,KRR,3,0.7504380817715679,0.590673961073696,0.4151807800313078,-0.023857892881312393
22.2696,-16.1054,|val|>=0.10,PCMCI,LIN,3,0.7479402796455836,0.5936225546592058,0.4218276217616417,-0.032138341344971184
22.2696,-16.1054,|val|>=0.10,LASSO,LIN,3,0.7479402796455836,0.5936225546592058,0.4218276217616417,-0.032138341344971184
22.2696,-16.1054,|val|>=0.10,PCMCI,KRR,3,0.7504380817715679,0.590673961073696,0.4151807800313078,-0.023857892881312393
22.2696,-16.1054,|val|>=0.10,LASSO,KRR,3,0.7504380817715679,0.590673961073696,0.4151807800313078,-0.023857892881312393
22.2696,-16.1054,|val|>=0.15,PCMCI,LIN,2,0.7451107585586616,0.5969451402534741,0.4199459549545547,-0.02821320458027076
22.2696,-16.1054,|val|>=0.15,LASSO,LIN,2,0.7451107585586616,0.5969451402534741,0.4199459549545547,-0.02821320458027076
22.2696,-16.1054,|val|>=0.15,PCMCI,KRR,2,0.7452095400561695,0.596829456969259,0.41581274310204996,-0.0168103528298839
22.2696,-16.1054,|val|>=0.15,LASSO,KRR,2,0.7452095400561695,0.596829456969259,0.41581274310204996,-0.0168103528298839
22.2696,-16.6054,-,CLIMATOLOGY,-,0,0.630694716058647,0.7185407935612773,0.5241285072446702,0.023624217105127177
22.2696,-16.6054,-,ALL,LIN,56,0.7429957280865949,0.5994167017058856,0.4280938902652335,-0.020475082048066407
22.2696,-16.6054,-,ALL,KRR,56,0.7429062563851327,0.5995210310326553,0.42604652382991254,-0.01945462790522792
22.2696,-16.6054,fdr<=0.01,PCMCI,LIN,6,0.7457798534654866,0.5961611224301612,0.42158927519818035,-0.01925070479398752
22.2696,-16.6054,fdr<=0.01,LASSO,LIN,6,0.7487244453909584,0.5926984461150774,0.4219087119737882,-0.034533209083376155
22.2696,-16.6054,fdr<=0.01,PCMCI,KRR,6,0.7459702886229196,0.5959377898030479,0.4174797053871072,-0.01061358581195988
22.2696,-16.6054,fdr<=0.01,LASSO,KRR,6,0.7489435048323623,0.5924400355814027,0.41624217840901,-0.02154941574865677
22.2696,-16.6054,fdr<=0.001,PCMCI,LIN,4,0.7440168515169459,0.598224722251866,0.42202928480656116,-0.02415132570221511
22.2696,-16.6054,fdr<=0.001,LASSO,LIN,4,0.7460688863605766,0.5958221265206651,0.4216572849371524,-0.029073089949482364
22.2696,-16.6054,fdr<=0.001,PCMCI,KRR,4,0.7496192933310979,0.591642139577729,0.4135301133866503,-0.01513336124029622
22.2696,-16.6054,fdr<=0.001,LASSO,KRR,4,0.7469667636812867,0.5947678072788763,0.4156049400989716,-0.01934354029195028
22.2696,-16.6054,fdr<=0.0001,PCMCI,LIN,3,0.7452145216728147,0.5968236223903451,0.4224918235301773,-0.03222541466058708
22.2696,-16.6054,fdr<=0.0001,LASSO,LIN,3,0.7452145216728147,0.5968236223903451,0.4224918235301773,-0.03222541466058708
22.2696,-16.6054,fdr<=0.0001,PCMCI,KRR,3,0.7474011963771998,0.5942570095927854,0.4162221751179179,-0.022612422677055957
22.2696,-16.6054,fdr<=0.0001,LASSO,KRR,3,0.7474011963771998,0.5942570095927854,0.4162221751179179,-0.022612422677055957
22.2696,-16.6054,|val|>=0.075,PCMCI,LIN,4,0.7440168515169459,0.598224722251866,0.42202928480656116,-0.02415132570221511
22.2696,-16.6054,|val|>=0.075,LASSO,LIN,4,0.7460688863605766,0.5958221265206651,0.4216572849371524,-0.029073089949482364
22.2696,-16.6054,|val|>=0.075,PCMCI,KRR,4,0.7496192933310979,0.591642139577729,0.4135301133866503,-0.01513336124029622
22.2696,-16.6054,|val|>=0.075,LASSO,KRR,4,0.7469667636812867,0.5947678072788763,0.4156049400989716,-0.01934354029195028
22.2696,-16.6054,|val|>=0.10,PCMCI,LIN,2,0.7451107585586616,0.5969451402534741,0.4199459549545547,-0.02821320458027076
22.2696,-16.6054,|val|>=0.10,LASSO,LIN,2,0.7451107585586616,0.5969451402534741,0.4199459549545547,-0.02821320458027076
22.2696,-16.6054,|val|>=0.10,PCMCI,KRR,2,0.7452095400561695,0.596829456969259,0.41581274310204996,-0.0168103528298839
22.2696,-16.6054,|val|>=0.10,LASSO,KRR,2,0.7452095400561695,0.596829456969259,0.41581274310204996,-0.0168103528298839
22.2696,-16.6054,|val|>=0.15,PCMCI,LIN,1,0.7274278391214617,0.6173044633705941,0.4406514049556458,-0.05320621998321362
22.2696,-16.6054,|val|>=0.15,LASSO,LIN,1,0.7274278391214617,0.6173044633705941,0.4406514049556458,-0.05320621998321362
22.2696,-16.6054,|val|>=0.15,PCMCI,KRR,1,0.7275759528897037,0.6171367211586212,0.4398236249145669,-0.04615739418284124
22.2696,-16.6054,|val|>=0.15,LASSO,KRR,1,0.7275759528897037,0.6171367211586212,0.4398236249145669,-0.04615739418284124
22.7696,-13.6054,-,CLIMATOLOGY,-,0,0.645763088330633,0.7396379745499737,0.4897170113696754,-0.004488857958633784
22.7696,-13.6054,-,ALL,LIN,56,0.7423078222824171,0.6308453584598943,0.4052228797175896,-0.00376453185483328
22.7696,-13.6054,-,ALL,KRR,56,0.7453865273340381,0.6270656111357101,0.4009664279955158,-0.002336621326365678
22.7696,-13.6054,fdr<=0.01,PCMCI,LIN,8,0.7405163885009125,0.6330343274758317,0.4003820986810644,0.012293879180384258
22.7696,-13.6054,fdr<=0.01,LASSO,LIN,8,0.7404102376384294,0.6331637966714468,0.40376963905375823,-0.0037513225883546854
22.7696,-13.6054,fdr<=0.01,PCMCI,KRR,8,0.743602364747209,0.6292588059784875,0.38959740024821704,0.024349666133298694
22.7696,-13.6054,fdr<=0.01,LASSO,KRR,8,0.7434991737436437,0.6293854204762105,0.3936314597735275,0.004182094580244543
22.7696,-13.6054,fdr<=0.001,PCMCI,LIN,7,0.7402708144152651,0.6333338070108687,0.3974672338599702,0.021534250048757312
22.7696,-13.6054,fdr<=0.001,LASSO,LIN,7,0.7403261903845642,0.633266287946847,0.4034392959984542,-0.004296091771775741
22.7696,-13.6054,fdr<=0.001,PCMCI,KRR,7,0.7430394171071428,0.6299492287471832,0.3884526719885421,0.029348343463395713
22.7696,-13.6054,fdr<=0.001,LASSO,KRR,7,0.7434607043141928,0.6294326156268707,0.39385910448322836,0.0028088554611902764
22.7696,-13.6054,fdr<=0.0001,PCMCI,LIN,6,0.7406803988421764,0.6328342366366488,0.39791503658152294,0.01697224706619284
22.7696,-13.6054,fdr<=0.0001,LASSO,LIN,6,0.7395496641540698,0.6342124380480925,0.40386254344519557,-0.00011490472898670876
22.7696,-13.6054,fdr<=0.0001,PCMCI,KRR,6,0.7437844152031912,0.6290353694510433,0.38798554903507637,0.02752475246037707
22.7696,-13.6054,fdr<=0.0001,LASSO,KRR,6,0.7428074508739559,0.6302335018925018,0.39141151635006377,0.008562652904472074
22.7696,-13.6054,|val|>=0.075,PCMCI,LIN,7,0.7402708144152651,0.6333338070108687,0.3974672338599702,0.021534250048757312
22.7696,-13.6054,|val|>=0.075,LASSO,LIN,7,0.7403261903845642,0.633266287946847,0.4034392959984542,-0.004296091771775741
22.7696,-13.6054,|val|>=0.075,PCMCI,KRR,7,0.7430394171071428,0.6299492287471832,0.3884526719885421,0.029348343463395713
22.7696,-13.6054,|val|>=0.075,LASSO,KRR,7,0.7434607043141928,0.6294326156268707,0.39385910448322836,0.0028088554611902764
22.7696,-13.6054,|val|>=0.10,PCMCI,LIN,3,0.7377215044197835,0.6364343859527529,0.401445479711757,0.005664420801027727
22.7696,-13.6054,|val|>=0.10,LASSO,LIN,3,0.7359711563787665,0.638554516466112,0.3998776468047567,0.024093160309464293
22.7696,-13.6054,|val|>=0.10,PCMCI,KRR,3,0.7445090376284247,0.6281452286899732,0.38689738681322705,0.01810308172667139
22.7696,-13.6054,|val|>=0.10,LASSO,KRR,3,0.738576377204718,0.6353963395515577,0.3888230079320453,0.02637468886290517
22.7696,-13.6054,|val|>=0.15,PCMCI,LIN,1,0.7255342625678873,0.6510530277909321,0.41430743796199415,0.03318959431185638
22.7696,-13.6054,|val|>=0.15,LASSO,LIN,1,0.7255342625678873,0.6510530277909321,0.41430743796199415,0.03318959431185638
22.7696,-13.6054,|val|>=0.15,PCMCI,KRR,1,0.7282185433030441,0.647861549223942,0.40618324536908096,0.031271621160285194
22.7696,-13.6054,|val|>=0.15,LASSO,KRR,1,0.7282185433030441,0.647861549223942,0.40618324536908096,0.031271621160285194
22.7696,-14.1054,-,CLIMATOLOGY,-,0,0.64535273308933,0.7385991302609846,0.49161911012940257,-0.0031000656222019063
22.7696,-14.1054,-,ALL,LIN,56,0.731867029991744,0.6422226120863102,0.4091180977283346,-0.0022173808339757063
22.7696,-14.1054,-,ALL,KRR,56,0.7382199505322639,0.6345688595424069,0.408782843575254,0.0014284810817540075
22.7696,-14.1054,fdr<=0.01,PCMCI,LIN,7,0.7351320680421918,0.6383004837743629,0.39855567064111674,0.02244677565776494
22.7696,-14.1054,fdr<=0.01,LASSO,LIN,7,0.7314367429183251,0.6427377097125522,0.4082306719167893,0.015655150592990826
22.7696,-14.1054,fdr<=0.01,PCMCI,KRR,7,0.7352988011393828,0.6380995485956101,0.3963050470627065,0.03198337980543174
22.7696,-14.1054,fdr<=0.01,LASSO,KRR,7,0.7348614903816808,0.6386264306804433,0.4006691886701341,0.027031003480457602
22.7696,-14.1054,fdr<=0.001,PCMCI,LIN,5,0.7350626619455187,0.6383841085508908,0.39964289769047473,0.022468784597114464
22.7696,-14.1054,fdr<=0.001,LASSO,LIN,5,0.7310701362532708,0.6431762499141342,0.4070659409641729,0.019046476088075814
22.7696,-14.1054,fdr<=0.001,PCMCI,KRR,5,0.7346671144130832,0.6388604798357622,0.3944148715245061,0.03152883250179702
22.7696,-14.1054,fdr<=0.001,LASSO,KRR,5,0.7362848887949979,0.6369098879655176,0.3977293080435296,0.027671217439636044
22.7696,-14.1054,fdr<=0.0001,PCMCI,LIN,4,0.7331641982898398,0.6406672628680473,0.3985222690274671,0.019263673752055056
22.7696,-14.1054,fdr<=0.0001,LASSO,LIN,4,0.7301872509381285,0.644231144978751,0.4089732363702021,0.018287373271954364
22.7696,-14.1054,fdr<=0.0001,PCMCI,KRR,4,0.7329727540010275,0.6408970485566321,0.3946588332647933,0.02812131762868782
22.7696,-14.1054,fdr<=0.0001,LASSO,KRR,4,0.7352074085251896,0.6382096964778176,0.3975544771069557,0.02927479852667389
22.7696,-14.1054,|val|>=0.075,PCMCI,LIN,5,0.7350626619455187,0.6383841085508908,0.39964289769047473,0.022468784597114464
22.7696,-14.1054,|val|>=0.075,LASSO,LIN,5,0.7310701362532708,0.6431762499141342,0.4070659409641729,0.019046476088075814
22.7696,-14.1054,|val|>=0.075,PCMCI,KRR,5,0.7346671144130832,0.6388604798357622,0.3944148715245061,0.03152883250179702
22.7696,-14.1054,|val|>=0.075,LASSO,KRR,5,0.7362848887949979,0.6369098879655176,0.3977293080435296,0.027671217439636044
22.7696,-14.1054,|val|>=0.10,PCMCI,LIN,2,0.7313995510372928,0.642782212816115,0.40363816198286956,0.019002845688839982
22.7696,-14.1054,|val|>=0.10,LASSO,LIN,2,0.7313995510372928,0.642782212816115,0.40363816198286956,0.019002845688839982
22.7696,-14.1054,|val|>=0.10,PCMCI,KRR,2,0.7350812854108891,0.6383616709183493,0.3935588891029871,0.026571840886752227
22.7696,-14.1054,|val|>=0.10,LASSO,KRR,2,0.7350812854108891,0.6383616709183493,0.3935588891029871,0.026571840886752227
22.7696,-14.1054,|val|>=0.15,PCMCI,LIN,2,0.7313995510372928,0.642782212816115,0.40363816198286956,0.019002845688839982
22.7696,-14.1054,|val|>=0.15,LASSO,LIN,2,0.7313995510372928,0.642782212816115,0.40363816198286956,0.019002845688839982
22.7696,-14.1054,|val|>=0.15,PCMCI,KRR,2,0.7350812854108891,0.6383616709183493,0.3935588891029871,0.026571840886752227
22.7696,-14.1054,|val|>=0.15,LASSO,KRR,2,0.7350812854108891,0.6383616709183493,0.3935588891029871,0.026571840886752227
22.7696,-14.6054,-,CLIMATOLOGY,-,0,0.64535273308933,0.7385991302609846,0.49161911012940257,-0.0031000656222019063
22.7696,-14.6054,-,ALL,LIN,56,0.731867029991744,0.6422226120863102,0.4091180977283346,-0.0022173808339757063
22.7696,-14.6054,-,ALL,KRR,56,0.7382199505322639,0.6345688595424069,0.408782843575254,0.0014284810817540075
22.7696,-14.6054,fdr<=0.01,PCMCI,LIN,7,0.7351320680421918,0.6383004837743629,0.39855567064111674,0.02244677565776494
22.7696,-14.6054,fdr<=0.01,LASSO,LIN,7,0.7314367429183251,0.6427377097125522,0.4082306719167893,0.015655150592990826
22.7696,-14.6054,fdr<=0.01,PCMCI,KRR,7,0.7352988011393828,0.6380995485956101,0.3963050470627065,0.03198337980543174
22.7696,-14.6054,fdr<=0.01,LASSO,KRR,7,0.7348614903816808,0.6386264306804433,0.4006691886701341,0.027031003480457602
22.7696,-14.6054,fdr<=0.001,PCMCI,LIN,5,0.7350626619455187,0.6383841085508908,0.39964289769047473,0.022468784597114464
22.7696,-14.6054,fdr<=0.001,LASSO,LIN,5,0.7310701362532708,0.6431762499141342,0.4070659409641729,0.019046476088075814
22.7696,-14.6054,fdr<=0.001,PCMCI,KRR,5,0.7346671144130832,0.6388604798357622,0.3944148715245061,0.03152883250179702
22.7696,-14.6054,fdr<=0.001,LASSO,KRR,5,0.7362848887949979,0.6369098879655176,0.3977293080435296,0.027671217439636044
22.7696,-14.6054,fdr<=0.0001,PCMCI,LIN,4,0.7331641982898398,0.6406672628680473,0.3985222690274671,0.019263673752055056
22.7696,-14.6054,fdr<=0.0001,LASSO,LIN,4,0.7301872509381285,0.644231144978751,0.4089732363702021,0.018287373271954364
22.7696,-14.6054,fdr<=0.0001,PCMCI,KRR,4,0.7329727540010275,0.6408970485566321,0.3946588332647933,0.02812131762868782
22.7696,-14.6054,fdr<=0.0001,LASSO,KRR,4,0.7352074085251896,0.6382096964778176,0.3975544771069557,0.02927479852667389
22.7696,-14.6054,|val|>=0.075,PCMCI,LIN,5,0.7350626619455187,0.6383841085508908,0.39964289769047473,0.022468784597114464
22.7696,-14.6054,|val|>=0.075,LASSO,LIN,5,0.7310701362532708,0.6431762499141342,0.4070659409641729,0.019046476088075814
22.7696,-14.6054,|val|>=0.075,PCMCI,KRR,5,0.7346671144130832,0.6388604798357622,0.3944148715245061,0.03152883250179702
22.7696,-14.6054,|val|>=0.075,LASSO,KRR,5,0.7362848887949979,0.6369098879655176,0.3977293080435296,0.027671217439636044
22.7696,-14.6054,|val|>=0.10,PCMCI,LIN,2,0.7313995510372928,0.642782212816115,0.40363816198286956,0.019002845688839982
22.7696,-14.6054,|val|>=0.10,LASSO,LIN,2,0.7313995510372928,0.642782212816115,0.40363816198286956,0.019002845688839982
22.7696,-14.6054,|val|>=0.10,PCMCI,KRR,2,0.7350812854108891,0.6383616709183493,0.3935588891029871,0.026571840886752227
22.7696,-14.6054,|val|>=0.10,LASSO,KRR,2,0.7350812854108891,0.6383616709183493,0.3935588891029871,0.026571840886752227
22.7696,-14.6054,|val|>=0.15,PCMCI,LIN,2,0.7313995510372928,0.642782212816115,0.40363816198286956,0.019002845688839982
22.7696,-14.6054,|val|>=0.15,LASSO,LIN,2,0.7313995510372928,0.642782212816115,0.40363816198286956,0.019002845688839982
22.7696,-14.6054,|val|>=0.15,PCMCI,KRR,2,0.7350812854108891,0.6383616709183493,0.3935588891029871,0.026571840886752227
22.7696,-14.6054,|val|>=0.15,LASSO,KRR,2,0.7350812854108891,0.6383616709183493,0.3935588891029871,0.026571840886752227
22.7696,-15.1054,-,CLIMATOLOGY,-,0,0.6648029410789971,0.7121722965653632,0.47728994574304306,-0.00211230091219563
22.7696,-15.1054,-,ALL,LIN,56,0.7613647868695197,0.6009000502627874,0.39305540134189737,0.0014956005295387999
22.7696,-15.1054,-,ALL,KRR,56,0.7595290058557922,0.6032069342277026,0.393845125808423,0.004274425529342718
22.7696,-15.1054,fdr<=0.01,PCMCI,LIN,5,0.7622343275960091,0.5998042691596497,0.38120024835971317,0.029158238483193866
22.7696,-15.1054,fdr<=0.01,LASSO,LIN,5,0.7576108566022088,0.6056079364115358,0.39003475883651634,0.02550764191195165
22.7696,-15.1054,fdr<=0.01,PCMCI,KRR,5,0.7626122583599027,0.5993273823275898,0.37615320646987455,0.028981184594610247
22.7696,-15.1054,fdr<=0.01,LASSO,KRR,5,0.7623551924387648,0.5996517987393594,0.37722273792010846,0.024970797430790396
22.7696,-15.1054,fdr<=0.001,PCMCI,LIN,4,0.7622369414476459,0.5998009722083621,0.38118915094694344,0.02917014743022402
22.7696,-15.1054,fdr<=0.001,LASSO,LIN,4,0.7564529564915081,0.6070527165444667,0.3929112117102991,0.02515039711269835
22.7696,-15.1054,fdr<=0.001,PCMCI,KRR,4,0.7604069994342049,0.6021047303568681,0.377456358928347,0.026519557913336933
22.7696,-15.1054,fdr<=0.001,LASSO,KRR,4,0.7600395091577496,0.6025663107299153,0.37953493297843904,0.025413209903026562
22.7696,-15.1054,fdr<=0.0001,PCMCI,LIN,3,0.7625613583326016,0.5993916319490021,0.38121482370994214,0.027553628767121877
22.7696,-15.1054,fdr<=0.0001,LASSO,LIN,3,0.7583470863355175,0.6046875039907723,0.39045577634121026,0.023965715104684048
22.7696,-15.1054,fdr<=0.0001,PCMCI,KRR,3,0.7600781713602953,0.6025177663234476,0.37524909037512205,0.02371556394775466
22.7696,-15.1054,fdr<=0.0001,LASSO,KRR,3,0.7603572791525686,0.6021672014301842,0.3792688853326358,0.02133265420065386
22.7696,-15.1054,|val|>=0.075,PCMCI,LIN,4,0.7622369414476459,0.5998009722083621,0.38118915094694344,0.02917014743022402
22.7696,-15.1054,|val|>=0.075,LASSO,LIN,4,0.7564529564915081,0.6070527165444667,0.3929112117102991,0.02515039711269835
22.7696,-15.1054,|val|>=0.075,PCMCI,KRR,4,0.7604069994342049,0.6021047303568681,0.377456358928347,0.026519557913336933
22.7696,-15.1054,|val|>=0.075,LASSO,KRR,4,0.7600395091577496,0.6025663107299153,0.37953493297843904,0.025413209903026562
22.7696,-15.1054,|val|>=0.10,PCMCI,LIN,2,0.7600284173904073,0.6025802368726558,0.3864809668845753,0.02537903911231118
22.7696,-15.1054,|val|>=0.10,LASSO,LIN,2,0.7600284173904073,0.6025802368726558,0.3864809668845753,0.02537903911231118
22.7696,-15.1054,|val|>=0.10,PCMCI,KRR,2,0.7615889914392978,0.600617702585052,0.374904875766612,0.021505850709099567
22.7696,-15.1054,|val|>=0.10,LASSO,KRR,2,0.7615889914392978,0.600617702585052,0.374904875766612,0.021505850709099567
22.7696,-15.1054,|val|>=0.15,PCMCI,LIN,1,0.745808909954853,0.6201762600568346,0.41043224341105194,0.04407156161505185
22.7696,-15.1054,|val|>=0.15,LASSO,LIN,1,0.745808909954853,0.6201762600568346,0.41043224341105194,0.04407156161505185
22.7696,-15.1054,|val|>=0.15,PCMCI,KRR,1,0.7471282454683219,0.6185647066439658,0.40241577593085864,0.04018294374941346
22.7696,-15.1054,|val|>=0.15,LASSO,KRR,1,0.7471282454683219,0.6185647066439658,0.40241577593085864,0.04018294374941346
22.7696,-15.6054,-,CLIMATOLOGY,-,0,0.6648029410789971,0.7121722965653632,0.47728994574304306,-0.00211230091219563
22.7696,-15.6054,-,ALL,LIN,56,0.7604230408562357,0.6020845737209546,0.393923692692391,0.003486347886418075
22.7696,-15.6054,-,ALL,KRR,56,0.758396388055545,0.6046258170566334,0.3953424380223626,0.005055569242655533
22.7696,-15.6054,fdr<=0.01,PCMCI,LIN,5,0.7634048457968514,0.5983260321501567,0.38086907729958686,0.02449213268933157
22.7696,-15.6054,fdr<=0.01,LASSO,LIN,5,0.758767295035282,0.6041615316299914,0.3879334307553829,0.028157533311664137
22.7696,-15.6054,fdr<=0.01,PCMCI,KRR,5,0.7615893994669325,0.6006171886223645,0.37988819747902214,0.012634912423127923
22.7696,-15.6054,fdr<=0.01,LASSO,KRR,5,0.761298011335108,0.6009841171003054,0.3766179663006854,0.02671926985010591
22.7696,-15.6054,fdr<=0.001,PCMCI,LIN,3,0.7612030760057175,0.6011036153786694,0.386384912709113,0.01981405515436922
22.7696,-15.6054,fdr<=0.001,LASSO,LIN,3,0.7592302232898345,0.6035815568890897,0.38819141394584766,0.02595894518733021
22.7696,-15.6054,fdr<=0.001,PCMCI,KRR,3,0.763205084391626,0.5985785673960534,0.37765309054005686,0.014686233274907404
22.7696,-15.6054,fdr<=0.001,LASSO,KRR,3,0.7606916016101756,0.6017470169968311,0.37432658490756443,0.02570655295702935
22.7696,-15.6054,fdr<=0.0001,PCMCI,LIN,2,0.7600284173904073,0.6025802368726558,0.3864809668845753,0.02537903911231118
22.7696,-15.6054,fdr<=0.0001,LASSO,LIN,2,0.7600284173904073,0.6025802368726558,0.3864809668845753,0.02537903911231118
22.7696,-15.6054,fdr<=0.0001,PCMCI,KRR,2,0.7615889914392978,0.600617702585052,0.374904875766612,0.021505850709099567
22.7696,-15.6054,fdr<=0.0001,LASSO,KRR,2,0.7615889914392978,0.600617702585052,0.374904875766612,0.021505850709099567
22.7696,-15.6054,|val|>=0.075,PCMCI,LIN,3,0.7612030760057175,0.6011036153786694,0.386384912709113,0.01981405515436922
22.7696,-15.6054,|val|>=0.075,LASSO,LIN,3,0.7592302232898345,0.6035815568890897,0.38819141394584766,0.02595894518733021
22.7696,-15.6054,|val|>=0.075,PCMCI,KRR,3,0.763205084391626,0.5985785673960534,0.37765309054005686,0.014686233274907404
22.7696,-15.6054,|val|>=0.075,LASSO,KRR,3,0.7606916016101756,0.6017470169968311,0.37432658490756443,0.02570655295702935
22.7696,-15.6054,|val|>=0.10,PCMCI,LIN,2,0.7600284173904073,0.6025802368726558,0.3864809668845753,0.02537903911231118
22.7696,-15.6054,|val|>=0.10,LASSO,LIN,2,0.7600284173904073,0.6025802368726558,0.3864809668845753,0.02537903911231118
22.7696,-15.6054,|val|>=0.10,PCMCI,KRR,2,0.7615889914392978,0.600617702585052,0.374904875766612,0.021505850709099567
22.7696,-15.6054,|val|>=0.10,LASSO,KRR,2,0.7615889914392978,0.600617702585052,0.374904875766612,0.021505850709099567
22.7696,-15.6054,|val|>=0.15,PCMCI,LIN,1,0.745808909954853,0.6201762600568346,0.41043224341105194,0.04407156161505185
22.7696,-15.6054,|val|>=0.15,LASSO,LIN,1,0.745808909954853,0.6201762600568346,0.41043224341105194,0.04407156161505185
22.7696,-15.6054,|val|>=0.15,PCMCI,KRR,1,0.7471282454683219,0.6185647066439658,0.40241577593085864,0.04018294374941346
22.7696,-15.6054,|val|>=0.15,LASSO,KRR,1,0.7471282454683219,0.6185647066439658,0.40241577593085864,0.04018294374941346
22.7696,-16.1054,-,CLIMATOLOGY,-,0,0.630694716058647,0.7185407935612773,0.5241285072446702,0.023624217105127177
22.7696,-16.1054,-,ALL,LIN,56,0.746400869536094,0.5954325176781099,0.4262676983085911,-0.02550388190882518
22.7696,-16.1054,-,ALL,KRR,56,0.7491458050754055,0.5922012946624587,0.42136924021332867,-0.020490384513164418
22.7696,-16.1054,fdr<=0.01,PCMCI,LIN,4,0.7439334967225051,0.5983221131160319,0.4230886851104907,-0.024720019540323858
22.7696,-16.1054,fdr<=0.01,LASSO,LIN,4,0.7466033780608629,0.5951947324733504,0.42328266172975915,-0.03927463878856218
22.7696,-16.1054,fdr<=0.01,PCMCI,KRR,4,0.7484633409904169,0.5930063073218571,0.4157267360848366,-0.017789780512990624
22.7696,-16.1054,fdr<=0.01,LASSO,KRR,4,0.7500675274548841,0.5911123204190121,0.4160715150706247,-0.02685784006917301
22.7696,-16.1054,fdr<=0.001,PCMCI,LIN,4,0.7439334967225051,0.5983221131160319,0.4230886851104907,-0.024720019540323858
22.7696,-16.1054,fdr<=0.001,LASSO,LIN,4,0.7466033780608629,0.5951947324733504,0.42328266172975915,-0.03927463878856218
22.7696,-16.1054,fdr<=0.001,PCMCI,KRR,4,0.7484633409904169,0.5930063073218571,0.4157267360848366,-0.017789780512990624
22.7696,-16.1054,fdr<=0.001,LASSO,KRR,4,0.7500675274548841,0.5911123204190121,0.4160715150706247,-0.02685784006917301
22.7696,-16.1054,fdr<=0.0001,PCMCI,LIN,3,0.7451837010812301,0.5968597192295143,0.4234631624698266,-0.03280900982988119
22.7696,-16.1054,fdr<=0.0001,LASSO,LIN,3,0.7451837010812301,0.5968597192295143,0.4234631624698266,-0.03280900982988119
22.7696,-16.1054,fdr<=0.0001,PCMCI,KRR,3,0.7466316695489561,0.5951615050873708,0.4179187433478508,-0.025681021918437977
22.7696,-16.1054,fdr<=0.0001,LASSO,KRR,3,0.7466316695489561,0.5951615050873708,0.4179187433478508,-0.025681021918437977
22.7696,-16.1054,|val|>=0.075,PCMCI,LIN,3,0.7451837010812301,0.5968597192295143,0.4234631624698266,-0.03280900982988119
22.7696,-16.1054,|val|>=0.075,LASSO,LIN,3,0.7451837010812301,0.5968597192295143,0.4234631624698266,-0.03280900982988119
22.7696,-16.1054,|val|>=0.075,PCMCI,KRR,3,0.7466316695489561,0.5951615050873708,0.4179187433478508,-0.025681021918437977
22.7696,-16.1054,|val|>=0.075,LASSO,KRR,3,0.7466316695489561,0.5951615050873708,0.4179187433478508,-0.025681021918437977
22.7696,-16.1054,|val|>=0.10,PCMCI,LIN,2,0.7451107585586616,0.5969451402534741,0.4199459549545547,-0.02821320458027076
22.7696,-16.1054,|val|>=0.10,LASSO,LIN,2,0.7451107585586616,0.5969451402534741,0.4199459549545547,-0.02821320458027076
22.7696,-16.1054,|val|>=0.10,PCMCI,KRR,2,0.7452095400561695,0.596829456969259,0.41581274310204996,-0.0168103528298839
22.7696,-16.1054,|val|>=0.10,LASSO,KRR,2,0.7452095400561695,0.596829456969259,0.41581274310204996,-0.0168103528298839
22.7696,-16.1054,|val|>=0.15,PCMCI,LIN,2,0.7451107585586616,0.5969451402534741,0.4199459549545547,-0.02821320458027076
22.7696,-16.1054,|val|>=0.15,LASSO,LIN,2,0.7451107585586616,0.5969451402534741,0.4199459549545547,-0.02821320458027076
22.7696,-16.1054,|val|>=0.15,PCMCI,KRR,2,0.7452095400561695,0.596829456969259,0.41581274310204996,-0.0168103528298839
22.7696,-16.1054,|val|>=0.15,LASSO,KRR,2,0.7452095400561695,0.596829456969259,0.41581274310204996,-0.0168103528298839
23.2696,-13.1054,-,CLIMATOLOGY,-,0,0.7046045054093185,0.7070291489465759,0.47283326542986365,0.01032959842620858
23.2696,-13.1054,-,ALL,LIN,56,0.7707909344586914,0.6228038387144709,0.39893213750639,0.011155448533104826
23.2696,-13.1054,-,ALL,KRR,56,0.7785606952767701,0.6121568872514866,0.39446835457515445,0.01588928643030617
23.2696,-13.1054,fdr<=0.01,PCMCI,LIN,9,0.7748991057641912,0.6171972687947097,0.3944195664152385,0.02271443734701525
23.2696,-13.1054,fdr<=0.01,LASSO,LIN,9,0.773391788393115,0.6192602547606356,0.3933634148769016,0.031049658595045326
23.2696,-13.1054,fdr<=0.01,PCMCI,KRR,9,0.7792839213960565,0.6111564100958978,0.38449565323375456,0.03161376958459106
23.2696,-13.1054,fdr<=0.01,LASSO,KRR,9,0.7767848108338061,0.6146066533108474,0.3812485688475346,0.04493951166893314
23.2696,-13.1054,fdr<=0.001,PCMCI,LIN,6,0.7744455215401815,0.6178187902239239,0.3941711445917414,0.025976783345090942
23.2696,-13.1054,fdr<=0.001,LASSO,LIN,6,0.7727804585502739,0.620094993477834,0.3978334193884172,0.015578095458250922
23.2696,-13.1054,fdr<=0.001,PCMCI,KRR,6,0.7787230651724805,0.611932414732488,0.38179259441360874,0.03862804531741083
23.2696,-13.1054,fdr<=0.001,LASSO,KRR,6,0.7764658146876454,0.6150456627671026,0.3870580986180277,0.029551726797497395
23.2696,-13.1054,fdr<=0.0001,PCMCI,LIN,5,0.7710416448385959,0.6224631320594483,0.3963386042940256,0.023714908707361378
23.2696,-13.1054,fdr<=0.0001,LASSO,LIN,5,0.7728583865755161,0.6199886493624804,0.3977737250060379,0.016742080894112304
23.2696,-13.1054,fdr<=0.0001,PCMCI,KRR,5,0.7767438095811641,0.6146630976900809,0.38418988414520605,0.03418288089548355
23.2696,-13.1054,fdr<=0.0001,LASSO,KRR,5,0.7764967522818289,0.6150030994976013,0.3875172489412187,0.028376412713402414
23.2696,-13.1054,|val|>=0.075,PCMCI,LIN,5,0.7710416448385959,0.6224631320594483,0.3963386042940256,0.023714908707361378
23.2696,-13.1054,|val|>=0.075,LASSO,LIN,5,0.7728583865755161,0.6199886493624804,0.3977737250060379,0.016742080894112304
23.2696,-13.1054,|val|>=0.075,PCMCI,KRR,5,0.7767438095811641,0.6146630976900809,0.38418988414520605,0.03418288089548355
23.2696,-13.1054,|val|>=0.075,LASSO,KRR,5,0.7764967522818289,0.6150030994976013,0.3875172489412187,0.028376412713402414
23.2696,-13.1054,|val|>=0.10,PCMCI,LIN,4,0.7719666031153232,0.6212045296118711,0.39944640989355956,0.012997238100839189
23.2696,-13.1054,|val|>=0.10,LASSO,LIN,4,0.7719666031153232,0.6212045296118711,0.39944640989355956,0.012997238100839189
23.2696,-13.1054,|val|>=0.10,PCMCI,KRR,4,0.7765273922462395,0.6149609427971162,0.3881393233325398,0.0244292574235006
23.2696,-13.1054,|val|>=0.10,LASSO,KRR,4,0.7765273922462395,0.6149609427971162,0.3881393233325398,0.0244292574235006
23.2696,-13.1054,|val|>=0.15,PCMCI,LIN,2,0.7707544604139642,0.6228533901390217,0.3977565976042109,0.027583869568764807
23.2696,-13.1054,|val|>=0.15,LASSO,LIN,2,0.7707544604139642,0.6228533901390217,0.3977565976042109,0.027583869568764807
23.2696,-13.1054,|val|>=0.15,PCMCI,KRR,2,0.7780750373519526,0.6128278070197174,0.38562600846449413,0.026130689183497
23.2696,-13.1054,|val|>=0.15,LASSO,KRR,2,0.7780750373519526,0.6128278070197174,0.38562600846449413,0.026130689183497
23.2696,-13.6054,-,CLIMATOLOGY,-,0,0.7046045054093185,0.7070291489465759,0.47283326542986365,0.01032959842620858
23.2696,-13.6054,-,ALL,LIN,56,0.7688545334333755,0.6254290873444048,0.40125215852700963,0.013668821516506769
23.2696,-13.6054,-,ALL,KRR,56,0.7784565361495599,0.612300841440156,0.3941033722873995,0.01805406763040977
23.2696,-13.6054,fdr<=0.01,PCMCI,LIN,7,0.7715792450149888,0.62173192276597,0.3936470278396436,0.03459756599155118
23.2696,-13.6054,fdr<=0.01,LASSO,LIN,7,0.7702438591788756,0.6235466485988985,0.3948984047244375,0.03175437011012913
23.2696,-13.6054,fdr<=0.01,PCMCI,KRR,7,0.7792756880721874,0.6111678089069092,0.38372264787276517,0.037921088584436206
23.2696,-13.6054,fdr<=0.01,LASSO,KRR,7,0.7772282852006835,0.6139958126890805,0.38332866648550684,0.03496109407588731
23.2696,-13.6054,fdr<=0.001,PCMCI,LIN,5,0.7696833441412443,0.6243067901262374,0.3973809858697348,0.030754214851253764
23.2696,-13.6054,fdr<=0.001,LASSO,LIN,5,0.7705676780671207,0.6231070795469642,0.39907093066224764,0.026525457790577904
23.2696,-13.6054,fdr<=0.001,PCMCI,KRR,5,0.7784090065112377,0.6123665190194,0.38494343844184814,0.03607763748460469
23.2696,-13.6054,fdr<=0.001,LASSO,KRR,5,0.7794565297945621,0.6109173895352679,0.38503608846556553,0.03120552259277051
23.2696,-13.6054,fdr<=0.0001,PCMCI,LIN,4,0.7682459012345138,0.6262519588415045,0.3977576533798652,0.03765102078577048
23.2696,-13.6054,fdr<=0.0001,LASSO,LIN,4,0.7697555540486437,0.6242089147263893,0.4005407575622069,0.022800656205969327
23.2696,-13.6054,fdr<=0.0001,PCMCI,KRR,4,0.7773269600603273,0.6138598154840734,0.3839552967550949,0.0387292415231226
23.2696,-13.6054,fdr<=0.0001,LASSO,KRR,4,0.779806119398583,0.6104330064126822,0.38542270756740515,0.0262554344433117
23.2696,-13.6054,|val|>=0.075,PCMCI,LIN,5,0.7696833441412443,0.6243067901262374,0.3973809858697348,0.030754214851253764
23.2696,-13.6054,|val|>=0.075,LASSO,LIN,5,0.7705676780671207,0.6231070795469642,0.39907093066224764,0.026525457790577904
23.2696,-13.6054,|val|>=0.075,PCMCI,KRR,5,0.7784090065112377,0.6123665190194,0.38494343844184814,0.03607763748460469
23.2696,-13.6054,|val|>=0.075,LASSO,KRR,5,0.7794565297945621,0.6109173895352679,0.38503608846556553,0.03120552259277051
23.2696,-13.6054,|val|>=0.10,PCMCI,LIN,3,0.7681321106406954,0.6264056839266163,0.40128924516171177,0.032001781080030385
23.2696,-13.6054,|val|>=0.10,LASSO,LIN,3,0.7681321106406954,0.6264056839266163,0.40128924516171177,0.032001781080030385
23.2696,-13.6054,|val|>=0.10,PCMCI,KRR,3,0.7787101386101856,0.611950288414091,0.3861383183849353,0.030223864400290592
23.2696,-13.6054,|val|>=0.10,LASSO,KRR,3,0.7787101386101856,0.611950288414091,0.3861383183849353,0.030223864400290592
23.2696,-13.6054,|val|>=0.15,PCMCI,LIN,2,0.7707544604139642,0.6228533901390217,0.3977565976042109,0.027583869568764807
23.2696,-13.6054,|val|>=0.15,LASSO,LIN,2,0.7707544604139642,0.6228533901390217,0.3977565976042109,0.027583869568764807
23.2696,-13.6054,|val|>=0.15,PCMCI,KRR,2,0.7780750373519526,0.6128278070197174,0.38562600846449413,0.026130689183497
23.2696,-13.6054,|val|>=0.15,LASSO,KRR,2,0.7780750373519526,0.6128278070197174,0.38562600846449413,0.026130689183497
23.2696,-14.1054,-,CLIMATOLOGY,-,0,0.7057855320461632,0.6957405118529589,0.4932420380508119,0.010899474428835584
23.2696,-14.1054,-,ALL,LIN,56,0.7888575187411806,0.5893904439630491,0.4008471045738865,0.00896621061217722
23.2696,-14.1054,-,ALL,KRR,56,0.7880922631560423,0.5904575584253455,0.40329314492668045,0.012042589216425348
23.2696,-14.1054,fdr<=0.01,PCMCI,LIN,7,0.7863851574178493,0.5928311187440573,0.3995392693580258,0.047031883267981196
23.2696,-14.1054,fdr<=0.01,LASSO,LIN,7,0.7785571122789361,0.6035957147606158,0.40675778050235656,0.044619696222217696
23.2696,-14.1054,fdr<=0.01,PCMCI,KRR,7,0.7906026837168104,0.5869496329482311,0.39188307453567556,0.05363956636829701
23.2696,-14.1054,fdr<=0.01,LASSO,KRR,7,0.7858323695358675,0.5935976809320905,0.3968403259305415,0.04538906394548758
23.2696,-14.1054,fdr<=0.001,PCMCI,LIN,4,0.7862742177244673,0.5929850405521935,0.39761030895424837,0.03203847247960083
23.2696,-14.1054,fdr<=0.001,LASSO,LIN,4,0.781557085013254,0.5994932000994505,0.40466903870810145,0.030401955336896
23.2696,-14.1054,fdr<=0.001,PCMCI,KRR,4,0.789646698407763,0.5882879410584186,0.39085061938813886,0.039981499607313044
23.2696,-14.1054,fdr<=0.001,LASSO,KRR,4,0.7894100900400793,0.5886187053692334,0.39142022593443315,0.03267093554973612
23.2696,-14.1054,fdr<=0.0001,PCMCI,LIN,2,0.7831530593860931,0.5972991949019056,0.40328714110980524,0.029502430963518407
23.2696,-14.1054,fdr<=0.0001,LASSO,LIN,2,0.7831530593860931,0.5972991949019056,0.40328714110980524,0.029502430963518407
23.2696,-14.1054,fdr<=0.0001,PCMCI,KRR,2,0.7907747518962968,0.5867084261532813,0.3906198234621846,0.029387344747475657
23.2696,-14.1054,fdr<=0.0001,LASSO,KRR,2,0.7907747518962968,0.5867084261532813,0.3906198234621846,0.029387344747475657
23.2696,-14.1054,|val|>=0.075,PCMCI,LIN,3,0.7860932429553082,0.5932360458864028,0.39766219507708356,0.03278617281210384
23.2696,-14.1054,|val|>=0.075,LASSO,LIN,3,0.7806395371364168,0.6007509367050146,0.4064440260212497,0.0312722476764323
23.2696,-14.1054,|val|>=0.075,PCMCI,KRR,3,0.7901868373447712,0.5875321614606588,0.38870655177068186,0.03501443302308432
23.2696,-14.1054,|val|>=0.075,LASSO,KRR,3,0.7892591980184724,0.5888295463401135,0.39200496411354707,0.033036506921094166
23.2696,-14.1054,|val|>=0.10,PCMCI,LIN,2,0.7831530593860931,0.5972991949019056,0.40328714110980524,0.029502430963518407
23.2696,-14.1054,|val|>=0.10,LASSO,LIN,2,0.7831530593860931,0.5972991949019056,0.40328714110980524,0.029502430963518407
23.2696,-14.1054,|val|>=0.10,PCMCI,KRR,2,0.7907747518962968,0.5867084261532813,0.3906198234621846,0.029387344747475657
23.2696,-14.1054,|val|>=0.10,LASSO,KRR,2,0.7907747518962968,0.5867084261532813,0.3906198234621846,0.029387344747475657
23.2696,-14.1054,|val|>=0.15,PCMCI,LIN,2,0.7831530593860931,0.5972991949019056,0.40328714110980524,0.029502430963518407
23.2696,-14.1054,|val|>=0.15,LASSO,LIN,2,0.7831530593860931,0.5972991949019056,0.40328714110980524,0.029502430963518407
23.2696,-14.1054,|val|>=0.15,PCMCI,KRR,2,0.7907747518962968,0.5867084261532813,0.3906198234621846,0.029387344747475657
23.2696,-14.1054,|val|>=0.15,LASSO,KRR,2,0.7907747518962968,0.5867084261532813,0.3906198234621846,0.029387344747475657
23.2696,-14.6054,-,CLIMATOLOGY,-,0,0.7057855320461632,0.6957405118529589,0.4932420380508119,0.010899474428835584
23.2696,-14.6054,-,ALL,LIN,56,0.7888575187411806,0.5893904439630491,0.4008471045738865,0.00896621061217722
23.2696,-14.6054,-,ALL,KRR,56,0.7880922631560423,0.5904575584253455,0.40329314492668045,0.012042589216425348
23.2696,-14.6054,fdr<=0.01,PCMCI,LIN,7,0.7863851574178493,0.5928311187440573,0.3995392693580258,0.047031883267981196
23.2696,-14.6054,fdr<=0.01,LASSO,LIN,7,0.7785571122789361,0.6035957147606158,0.40675778050235656,0.044619696222217696
23.2696,-14.6054,fdr<=0.01,PCMCI,KRR,7,0.7906026837168104,0.5869496329482311,0.39188307453567556,0.05363956636829701
23.2696,-14.6054,fdr<=0.01,LASSO,KRR,7,0.7858323695358675,0.5935976809320905,0.3968403259305415,0.04538906394548758
23.2696,-14.6054,fdr<=0.001,PCMCI,LIN,4,0.7862742177244673,0.5929850405521935,0.39761030895424837,0.03203847247960083
23.2696,-14.6054,fdr<=0.001,LASSO,LIN,4,0.781557085013254,0.5994932000994505,0.40466903870810145,0.030401955336896
23.2696,-14.6054,fdr<=0.001,PCMCI,KRR,4,0.789646698407763,0.5882879410584186,0.39085061938813886,0.039981499607313044
23.2696,-14.6054,fdr<=0.001,LASSO,KRR,4,0.7894100900400793,0.5886187053692334,0.39142022593443315,0.03267093554973612
23.2696,-14.6054,fdr<=0.0001,PCMCI,LIN,2,0.7831530593860931,0.5972991949019056,0.40328714110980524,0.029502430963518407
23.2696,-14.6054,fdr<=0.0001,LASSO,LIN,2,0.7831530593860931,0.5972991949019056,0.40328714110980524,0.029502430963518407
23.2696,-14.6054,fdr<=0.0001,PCMCI,KRR,2,0.7907747518962968,0.5867084261532813,0.3906198234621846,0.029387344747475657
23.2696,-14.6054,fdr<=0.0001,LASSO,KRR,2,0.7907747518962968,0.5867084261532813,0.3906198234621846,0.029387344747475657
23.2696,-14.6054,|val|>=0.075,PCMCI,LIN,3,0.7860932429553082,0.5932360458864028,0.39766219507708356,0.03278617281210384
23.2696,-14.6054,|val|>=0.075,LASSO,LIN,3,0.7806395371364168,0.6007509367050146,0.4064440260212497,0.0312722476764323
23.2696,-14.6054,|val|>=0.075,PCMCI,KRR,3,0.7901868373447712,0.5875321614606588,0.38870655177068186,0.03501443302308432
23.2696,-14.6054,|val|>=0.075,LASSO,KRR,3,0.7892591980184724,0.5888295463401135,0.39200496411354707,0.033036506921094166
23.2696,-14.6054,|val|>=0.10,PCMCI,LIN,2,0.7831530593860931,0.5972991949019056,0.40328714110980524,0.029502430963518407
23.2696,-14.6054,|val|>=0.10,LASSO,LIN,2,0.7831530593860931,0.5972991949019056,0.40328714110980524,0.029502430963518407
23.2696,-14.6054,|val|>=0.10,PCMCI,KRR,2,0.7907747518962968,0.5867084261532813,0.3906198234621846,0.029387344747475657
23.2696,-14.6054,|val|>=0.10,LASSO,KRR,2,0.7907747518962968,0.5867084261532813,0.3906198234621846,0.029387344747475657
23.2696,-14.6054,|val|>=0.15,PCMCI,LIN,2,0.7831530593860931,0.5972991949019056,0.40328714110980524,0.029502430963518407
23.2696,-14.6054,|val|>=0.15,LASSO,LIN,2,0.7831530593860931,0.5972991949019056,0.40328714110980524,0.029502430963518407
23.2696,-14.6054,|val|>=0.15,PCMCI,KRR,2,0.7907747518962968,0.5867084261532813,0.3906198234621846,0.029387344747475657
23.2696,-14.6054,|val|>=0.15,LASSO,KRR,2,0.7907747518962968,0.5867084261532813,0.3906198234621846,0.029387344747475657
23.2696,-15.1054,-,CLIMATOLOGY,-,0,0.7397770090748376,0.6355074636366935,0.4563601364005178,0.01046961655433777
23.2696,-15.1054,-,ALL,LIN,56,0.8143939131218776,0.5367152442217674,0.3704034769204699,0.011696425040183391
23.2696,-15.1054,-,ALL,KRR,56,0.8120900681202448,0.5400359739651058,0.3755673172584482,0.017757818430132116
23.2696,-15.1054,fdr<=0.01,PCMCI,LIN,5,0.8075726631495913,0.5464887273592504,0.37438948829670454,0.04039188547543487
23.2696,-15.1054,fdr<=0.01,LASSO,LIN,5,0.8016623370632341,0.5548178423752983,0.38029254142423863,0.05063417159468411
23.2696,-15.1054,fdr<=0.01,PCMCI,KRR,5,0.8127153759758083,0.5391366863821657,0.36765034414655373,0.031130992043177874
23.2696,-15.1054,fdr<=0.01,LASSO,KRR,5,0.8119045643099947,0.5403024687108671,0.36579745212248765,0.041596856132451974
23.2696,-15.1054,fdr<=0.001,PCMCI,LIN,3,0.8093298593607366,0.5439878086262431,0.37173254623556184,0.03835792920740583
23.2696,-15.1054,fdr<=0.001,LASSO,LIN,3,0.8013318483306182,0.5552798946226983,0.3835626320110328,0.03840042279600876
23.2696,-15.1054,fdr<=0.001,PCMCI,KRR,3,0.8155388190709535,0.5350573270862334,0.3606105824280409,0.03171313183145688
23.2696,-15.1054,fdr<=0.001,LASSO,KRR,3,0.8108361315113615,0.5418348276024644,0.3678195581858322,0.029098918069773844
23.2696,-15.1054,fdr<=0.0001,PCMCI,LIN,3,0.8093298593607366,0.5439878086262431,0.37173254623556184,0.03835792920740583
23.2696,-15.1054,fdr<=0.0001,LASSO,LIN,3,0.8013318483306182,0.5552798946226983,0.3835626320110328,0.03840042279600876
23.2696,-15.1054,fdr<=0.0001,PCMCI,KRR,3,0.8155388190709535,0.5350573270862334,0.3606105824280409,0.03171313183145688
23.2696,-15.1054,fdr<=0.0001,LASSO,KRR,3,0.8108361315113615,0.5418348276024644,0.3678195581858322,0.029098918069773844
23.2696,-15.1054,|val|>=0.075,PCMCI,LIN,3,0.8093298593607366,0.5439878086262431,0.37173254623556184,0.03835792920740583
23.2696,-15.1054,|val|>=0.075,LASSO,LIN,3,0.8013318483306182,0.5552798946226983,0.3835626320110328,0.03840042279600876
23.2696,-15.1054,|val|>=0.075,PCMCI,KRR,3,0.8155388190709535,0.5350573270862334,0.3606105824280409,0.03171313183145688
23.2696,-15.1054,|val|>=0.075,LASSO,KRR,3,0.8108361315113615,0.5418348276024644,0.3678195581858322,0.029098918069773844
23.2696,-15.1054,|val|>=0.10,PCMCI,LIN,2,0.8034851264639779,0.552262476970707,0.3805248201427602,0.03748015950574894
23.2696,-15.1054,|val|>=0.10,LASSO,LIN,2,0.8034851264639779,0.552262476970707,0.3805248201427602,0.03748015950574894
23.2696,-15.1054,|val|>=0.10,PCMCI,KRR,2,0.8135028380866228,0.5380020579407595,0.3654918495721534,0.029583761018740398
23.2696,-15.1054,|val|>=0.10,LASSO,KRR,2,0.8135028380866228,0.5380020579407595,0.3654918495721534,0.029583761018740398
23.2696,-15.1054,|val|>=0.15,PCMCI,LIN,2,0.8034851264639779,0.552262476970707,0.3805248201427602,0.03748015950574894
23.2696,-15.1054,|val|>=0.15,LASSO,LIN,2,0.8034851264639779,0.552262476970707,0.3805248201427602,0.03748015950574894
23.2696,-15.1054,|val|>=0.15,PCMCI,KRR,2,0.8135028380866228,0.5380020579407595,0.3654918495721534,0.029583761018740398
23.2696,-15.1054,|val|>=0.15,LASSO,KRR,2,0.8135028380866228,0.5380020579407595,0.3654918495721534,0.029583761018740398
23.2696,-15.6054,-,CLIMATOLOGY,-,0,0.7397770090748376,0.6355074636366935,0.4563601364005178,0.01046961655433777
23.2696,-15.6054,-,ALL,LIN,56,0.8110360707789701,0.5415484021321006,0.37567473249103794,0.011623882914546097
23.2696,-15.6054,-,ALL,KRR,56,0.8092928543091855,0.5440405943435352,0.3804084701649464,0.014185091708264505
23.2696,-15.6054,fdr<=0.01,PCMCI,LIN,6,0.8092830648133874,0.5440545576765475,0.37654800416463874,0.026398945724400207
23.2696,-15.6054,fdr<=0.01,LASSO,LIN,6,0.8039410855041101,0.551621417854953,0.3801520350042911,0.04169255185326285
23.2696,-15.6054,fdr<=0.01,PCMCI,KRR,6,0.8143373610299589,0.5367970035505734,0.36285193030650525,0.01843149904218743
23.2696,-15.6054,fdr<=0.01,LASSO,KRR,6,0.8114027671239985,0.5410226926614767,0.3688825758861625,0.031112156733664725
23.2696,-15.6054,fdr<=0.001,PCMCI,LIN,4,0.8075265545021424,0.5465541971287907,0.37602346321551444,0.03761639635940001
23.2696,-15.6054,fdr<=0.001,LASSO,LIN,4,0.8056741433586447,0.5491779843620851,0.380509276206692,0.025703897721492695
23.2696,-15.6054,fdr<=0.001,PCMCI,KRR,4,0.8126360486380133,0.5392508541907256,0.3652649112168611,0.03113077941650835
23.2696,-15.6054,fdr<=0.001,LASSO,KRR,4,0.8130085307531925,0.5387145684606501,0.3640382535148149,0.01820931766175994
23.2696,-15.6054,fdr<=0.0001,PCMCI,LIN,3,0.8078909140629127,0.5460366281156653,0.3755391730768451,0.033056520285106084
23.2696,-15.6054,fdr<=0.0001,LASSO,LIN,3,0.8066478399071692,0.547800390462309,0.37846942550043766,0.02496389156038071
23.2696,-15.6054,fdr<=0.0001,PCMCI,KRR,3,0.8145433554591573,0.536499130263872,0.36422059185091354,0.024855805220044054
23.2696,-15.6054,fdr<=0.0001,LASSO,KRR,3,0.815992502372771,0.5343989337685625,0.3625823786483325,0.01849162873880495
23.2696,-15.6054,|val|>=0.075,PCMCI,LIN,4,0.8075265545021424,0.5465541971287907,0.37602346321551444,0.03761639635940001
23.2696,-15.6054,|val|>=0.075,LASSO,LIN,4,0.8056741433586447,0.5491779843620851,0.380509276206692,0.025703897721492695
23.2696,-15.6054,|val|>=0.075,PCMCI,KRR,4,0.8126360486380133,0.5392508541907256,0.3652649112168611,0.03113077941650835
23.2696,-15.6054,|val|>=0.075,LASSO,KRR,4,0.8130085307531925,0.5387145684606501,0.3640382535148149,0.01820931766175994
23.2696,-15.6054,|val|>=0.10,PCMCI,LIN,2,0.8034851264639779,0.552262476970707,0.3805248201427602,0.03748015950574894
23.2696,-15.6054,|val|>=0.10,LASSO,LIN,2,0.8034851264639779,0.552262476970707,0.3805248201427602,0.03748015950574894
23.2696,-15.6054,|val|>=0.10,PCMCI,KRR,2,0.8135028380866228,0.5380020579407595,0.3654918495721534,0.029583761018740398
23.2696,-15.6054,|val|>=0.10,LASSO,KRR,2,0.8135028380866228,0.5380020579407595,0.3654918495721534,0.029583761018740398
23.2696,-15.6054,|val|>=0.15,PCMCI,LIN,2,0.8034851264639779,0.552262476970707,0.3805248201427602,0.03748015950574894
23.2696,-15.6054,|val|>=0.15,LASSO,LIN,2,0.8034851264639779,0.552262476970707,0.3805248201427602,0.03748015950574894
23.2696,-15.6054,|val|>=0.15,PCMCI,KRR,2,0.8135028380866228,0.5380020579407595,0.3654918495721534,0.029583761018740398
23.2696,-15.6054,|val|>=0.15,LASSO,KRR,2,0.8135028380866228,0.5380020579407595,0.3654918495721534,0.029583761018740398
23.7696,-12.1054,-,CLIMATOLOGY,-,0,0.6795000162303926,0.7443235367037738,0.49494787296405096,0.011543788491137517
23.7696,-12.1054,-,ALL,LIN,56,0.7568659094657063,0.648292018472267,0.4120781881702595,0.02032137683226512
23.7696,-12.1054,-,ALL,KRR,56,0.7611882904857633,0.642503584778717,0.4079975513694035,0.019326388334977112
23.7696,-12.1054,fdr<=0.01,PCMCI,LIN,8,0.7561941444132835,0.6491869968781417,0.41141516660953964,0.019384137049092823
23.7696,-12.1054,fdr<=0.01,LASSO,LIN,8,0.755583078668664,0.6500000365809653,0.4103503664511545,0.032822286416014784
23.7696,-12.1054,fdr<=0.01,PCMCI,KRR,8,0.7592484797213344,0.6451077591680491,0.3999579044924035,0.03095107980265413
23.7696,-12.1054,fdr<=0.01,LASSO,KRR,8,0.7589239280060252,0.6455424403593635,0.39976941680040345,0.037974242543202565
23.7696,-12.1054,fdr<=0.001,PCMCI,LIN,5,0.7562418085824643,0.649123535581727,0.4108427214292495,0.025321126254196823
23.7696,-12.1054,fdr<=0.001,LASSO,LIN,5,0.7540056927617445,0.6520941059481561,0.4102941133297961,0.020925481711827502
23.7696,-12.1054,fdr<=0.001,PCMCI,KRR,5,0.759039355981901,0.6453878779880441,0.3969898041309324,0.035736097303454895
23.7696,-12.1054,fdr<=0.001,LASSO,KRR,5,0.7589730720230762,0.6454766392091651,0.39946601680338023,0.030901321754791163
23.7696,-12.1054,fdr<=0.0001,PCMCI,LIN,5,0.7562418085824643,0.649123535581727,0.4108427214292495,0.025321126254196823
23.7696,-12.1054,fdr<=0.0001,LASSO,LIN,5,0.7540056927617445,0.6520941059481561,0.4102941133297961,0.020925481711827502
23.7696,-12.1054,fdr<=0.0001,PCMCI,KRR,5,0.759039355981901,0.6453878779880441,0.3969898041309324,0.035736097303454895
23.7696,-12.1054,fdr<=0.0001,LASSO,KRR,5,0.7589730720230762,0.6454766392091651,0.39946601680338023,0.030901321754791163
23.7696,-12.1054,|val|>=0.075,PCMCI,LIN,5,0.7562418085824643,0.649123535581727,0.4108427214292495,0.025321126254196823
23.7696,-12.1054,|val|>=0.075,LASSO,LIN,5,0.7540056927617445,0.6520941059481561,0.4102941133297961,0.020925481711827502
23.7696,-12.1054,|val|>=0.075,PCMCI,KRR,5,0.759039355981901,0.6453878779880441,0.3969898041309324,0.035736097303454895
23.7696,-12.1054,|val|>=0.075,LASSO,KRR,5,0.7589730720230762,0.6454766392091651,0.39946601680338023,0.030901321754791163
23.7696,-12.1054,|val|>=0.10,PCMCI,LIN,4,0.758794063178162,0.645716289987504,0.406783030556389,0.02416657902071199
23.7696,-12.1054,|val|>=0.10,LASSO,LIN,4,0.7527570986111969,0.6537469294394467,0.4115229111739703,0.017089552519845907
23.7696,-12.1054,|val|>=0.10,PCMCI,KRR,4,0.7623770775233867,0.640902421998839,0.39339588916473944,0.038059773988730096
23.7696,-12.1054,|val|>=0.10,LASSO,KRR,4,0.7583540975090592,0.6463049230310042,0.40023044870313285,0.027329643243665352
23.7696,-12.1054,|val|>=0.15,PCMCI,LIN,2,0.7497564891469277,0.6577019940857309,0.4260991605860089,0.03969644939918338
23.7696,-12.1054,|val|>=0.15,LASSO,LIN,2,0.7526599413747836,0.6538753659000451,0.4099799788644058,0.032943518386995045
23.7696,-12.1054,|val|>=0.15,PCMCI,KRR,2,0.7505240660802889,0.6566925281521505,0.41607583603166337,0.04419885913822619
23.7696,-12.1054,|val|>=0.15,LASSO,KRR,2,0.7613309097235563,0.6423117033656138,0.39772222420010933,0.03219587342751566
23.7696,-12.6054,-,CLIMATOLOGY,-,0,0.6795000162303926,0.7443235367037738,0.49494787296405096,0.011543788491137517
23.7696,-12.6054,-,ALL,LIN,56,0.7570152823107993,0.6480928442204474,0.4123404884727052,0.01819786807032751
23.7696,-12.6054,-,ALL,KRR,56,0.7612545407730812,0.6424144580777681,0.4090266752016183,0.01960357520259833
23.7696,-12.6054,fdr<=0.01,PCMCI,LIN,6,0.7571038510885739,0.647974717403062,0.4094626521758925,0.03030395676571902
23.7696,-12.6054,fdr<=0.01,LASSO,LIN,6,0.7564573448866558,0.6488364875270771,0.4101468201093315,0.0332909929135334
23.7696,-12.6054,fdr<=0.01,PCMCI,KRR,6,0.7571388448377518,0.6479280392618336,0.39881330618508065,0.03995065611242111
23.7696,-12.6054,fdr<=0.01,LASSO,KRR,6,0.7593053143747097,0.6450316087870305,0.39673411606328257,0.04273384763842855
23.7696,-12.6054,fdr<=0.001,PCMCI,LIN,6,0.7571038510885739,0.647974717403062,0.4094626521758925,0.03030395676571902
23.7696,-12.6054,fdr<=0.001,LASSO,LIN,6,0.7564573448866558,0.6488364875270771,0.4101468201093315,0.0332909929135334
23.7696,-12.6054,fdr<=0.001,PCMCI,KRR,6,0.7571388448377518,0.6479280392618336,0.39881330618508065,0.03995065611242111
23.7696,-12.6054,fdr<=0.001,LASSO,KRR,6,0.7593053143747097,0.6450316087870305,0.39673411606328257,0.04273384763842855
23.7696,-12.6054,fdr<=0.0001,PCMCI,LIN,5,0.7571796601190816,0.6478735915334957,0.41057979027577646,0.027699393935848093
23.7696,-12.6054,fdr<=0.0001,LASSO,LIN,5,0.7543923812726381,0.6515813776787959,0.4104354178714877,0.022702758392550135
23.7696,-12.6054,fdr<=0.0001,PCMCI,KRR,5,0.7589916376784567,0.6454517790665305,0.39712536471009685,0.03671110415046547
23.7696,-12.6054,fdr<=0.0001,LASSO,KRR,5,0.7577148397300332,0.64715923622769,0.4004766409379519,0.03196663128540366
23.7696,-12.6054,|val|>=0.075,PCMCI,LIN,6,0.7571038510885739,0.647974717403062,0.4094626521758925,0.03030395676571902
23.7696,-12.6054,|val|>=0.075,LASSO,LIN,6,0.7564573448866558,0.6488364875270771,0.4101468201093315,0.0332909929135334
23.7696,-12.6054,|val|>=0.075,PCMCI,KRR,6,0.7571388448377518,0.6479280392618336,0.39881330618508065,0.03995065611242111
23.7696,-12.6054,|val|>=0.075,LASSO,KRR,6,0.7593053143747097,0.6450316087870305,0.39673411606328257,0.04273384763842855
23.7696,-12.6054,|val|>=0.10,PCMCI,LIN,3,0.7548801351758933,0.6509340661158984,0.40904552589871307,0.017885915995448483
23.7696,-12.6054,|val|>=0.10,LASSO,LIN,3,0.7503674796774475,0.656898586084746,0.4128025384273996,0.037976018213500946
23.7696,-12.6054,|val|>=0.10,PCMCI,KRR,3,0.7610760217216959,0.6426545920467758,0.3991404348600247,0.030887207546141177
23.7696,-12.6054,|val|>=0.10,LASSO,KRR,3,0.7569302160924719,0.6482062793030784,0.398645706746129,0.038030617310133595
23.7696,-12.6054,|val|>=0.15,PCMCI,LIN,1,0.7466531999887027,0.6617675353312076,0.42846560092695624,0.055886375553456547
23.7696,-12.6054,|val|>=0.15,LASSO,LIN,1,0.7429325158259237,0.666609225885334,0.41934256945174175,0.008316659672729022
23.7696,-12.6054,|val|>=0.15,PCMCI,KRR,1,0.7479335021030908,0.6600932779302267,0.4236128719255268,0.05441583761089833
23.7696,-12.6054,|val|>=0.15,LASSO,KRR,1,0.7544635812636835,0.6514869263111865,0.4059119160065991,0.010506188848099651
23.7696,-13.1054,-,CLIMATOLOGY,-,0,0.7046045054093185,0.7070291489465759,0.47283326542986365,0.01032959842620858
23.7696,-13.1054,-,ALL,LIN,56,0.7683227818438203,0.626148075833486,0.40112035232472076,0.015031899964234527
23.7696,-13.1054,-,ALL,KRR,56,0.7780198118236057,0.6129040526880771,0.3933023199703622,0.018420424494155294
23.7696,-13.1054,fdr<=0.01,PCMCI,LIN,6,0.7709287083682275,0.6226166318568801,0.39544391318232314,0.03205399647031734
23.7696,-13.1054,fdr<=0.01,LASSO,LIN,6,0.7723419213673994,0.6206931014282988,0.39817538294625837,0.01780079531738897
23.7696,-13.1054,fdr<=0.01,PCMCI,KRR,6,0.7780473412675918,0.6128660460734043,0.384828665629418,0.03633201147929516
23.7696,-13.1054,fdr<=0.01,LASSO,KRR,6,0.7782667209146832,0.6125630905309353,0.38673880590566095,0.02805904169882307
23.7696,-13.1054,fdr<=0.001,PCMCI,LIN,5,0.7701970129847626,0.6236102144700886,0.39645771295690024,0.027575701214515323
23.7696,-13.1054,fdr<=0.001,LASSO,LIN,5,0.7723032935066214,0.6207457572134677,0.39831180797687626,0.01919656512085974
23.7696,-13.1054,fdr<=0.001,PCMCI,KRR,5,0.7787398029306036,0.611909270498209,0.38484350430477604,0.032532049831669616
23.7696,-13.1054,fdr<=0.001,LASSO,KRR,5,0.7783819282396003,0.6124039332665709,0.3874524473163562,0.026646638762659238
23.7696,-13.1054,fdr<=0.0001,PCMCI,LIN,5,0.7701970129847626,0.6236102144700886,0.39645771295690024,0.027575701214515323
23.7696,-13.1054,fdr<=0.0001,LASSO,LIN,5,0.7723032935066214,0.6207457572134677,0.39831180797687626,0.01919656512085974
23.7696,-13.1054,fdr<=0.0001,PCMCI,KRR,5,0.7787398029306036,0.611909270498209,0.38484350430477604,0.032532049831669616
23.7696,-13.1054,fdr<=0.0001,LASSO,KRR,5,0.7783819282396003,0.6124039332665709,0.3874524473163562,0.026646638762659238
23.7696,-13.1054,|val|>=0.075,PCMCI,LIN,5,0.7701970129847626,0.6236102144700886,0.39645771295690024,0.027575701214515323
23.7696,-13.1054,|val|>=0.075,LASSO,LIN,5,0.7723032935066214,0.6207457572134677,0.39831180797687626,0.01919656512085974
23.7696,-13.1054,|val|>=0.075,PCMCI,KRR,5,0.7787398029306036,0.611909270498209,0.38484350430477604,0.032532049831669616
23.7696,-13.1054,|val|>=0.075,LASSO,KRR,5,0.7783819282396003,0.6124039332665709,0.3874524473163562,0.026646638762659238
23.7696,-13.1054,|val|>=0.10,PCMCI,LIN,3,0.7715385095648445,0.621787358623129,0.39396826433640997,0.03042727134321444
23.7696,-13.1054,|val|>=0.10,LASSO,LIN,3,0.7683180105531278,0.626154523422784,0.40052045861006397,0.03162803731659222
23.7696,-13.1054,|val|>=0.10,PCMCI,KRR,3,0.777152451787637,0.6141003085320859,0.3844911872991394,0.03392334612706359
23.7696,-13.1054,|val|>=0.10,LASSO,KRR,3,0.7783337876547758,0.61247044382327,0.3847363456241874,0.030602722159655742
23.7696,-13.1054,|val|>=0.15,PCMCI,LIN,2,0.7707544604139642,0.6228533901390217,0.3977565976042109,0.027583869568764807
23.7696,-13.1054,|val|>=0.15,LASSO,LIN,2,0.7707544604139642,0.6228533901390217,0.3977565976042109,0.027583869568764807
23.7696,-13.1054,|val|>=0.15,PCMCI,KRR,2,0.7780750373519526,0.6128278070197174,0.38562600846449413,0.026130689183497
23.7696,-13.1054,|val|>=0.15,LASSO,KRR,2,0.7780750373519526,0.6128278070197174,0.38562600846449413,0.026130689183497
23.7696,-13.6054,-,CLIMATOLOGY,-,0,0.7046045054093185,0.7070291489465759,0.47283326542986365,0.01032959842620858
23.7696,-13.6054,-,ALL,LIN,56,0.7670576019756621,0.6278554326468071,0.4020343251239162,0.01632911244960886
23.7696,-13.6054,-,ALL,KRR,56,0.7773763943818127,0.6137916720126401,0.39488109022845497,0.017495067859484827
23.7696,-13.6054,fdr<=0.01,PCMCI,LIN,7,0.7715342958758056,0.6217930926452873,0.3936737503555023,0.03570290135450472
23.7696,-13.6054,fdr<=0.01,LASSO,LIN,7,0.7704904826787209,0.6232118968352384,0.39540055679136504,0.02863079798969289
23.7696,-13.6054,fdr<=0.01,PCMCI,KRR,7,0.7789254454756106,0.6116525134463059,0.38402955418638907,0.036711595258508374
23.7696,-13.6054,fdr<=0.01,LASSO,KRR,7,0.7765589679064276,0.6149174956741914,0.38442891611703767,0.03075971823738543
23.7696,-13.6054,fdr<=0.001,PCMCI,LIN,4,0.7688452585984574,0.6254416350561032,0.39766811471028307,0.034125488241601554
23.7696,-13.6054,fdr<=0.001,LASSO,LIN,4,0.7694061415908846,0.6246823760619336,0.4007537018750185,0.02171420301709699
23.7696,-13.6054,fdr<=0.001,PCMCI,KRR,4,0.7752550168235367,0.616709144939827,0.3855047504311669,0.03535215605439898
23.7696,-13.6054,fdr<=0.001,LASSO,KRR,4,0.7793272485475032,0.6110964213398903,0.3861485408456216,0.024829691687234316
23.7696,-13.6054,fdr<=0.0001,PCMCI,LIN,4,0.7688452585984574,0.6254416350561032,0.39766811471028307,0.034125488241601554
23.7696,-13.6054,fdr<=0.0001,LASSO,LIN,4,0.7694061415908846,0.6246823760619336,0.4007537018750185,0.02171420301709699
23.7696,-13.6054,fdr<=0.0001,PCMCI,KRR,4,0.7752550168235367,0.616709144939827,0.3855047504311669,0.03535215605439898
23.7696,-13.6054,fdr<=0.0001,LASSO,KRR,4,0.7793272485475032,0.6110964213398903,0.3861485408456216,0.024829691687234316
23.7696,-13.6054,|val|>=0.075,PCMCI,LIN,4,0.7688452585984574,0.6254416350561032,0.39766811471028307,0.034125488241601554
23.7696,-13.6054,|val|>=0.075,LASSO,LIN,4,0.7694061415908846,0.6246823760619336,0.4007537018750185,0.02171420301709699
23.7696,-13.6054,|val|>=0.075,PCMCI,KRR,4,0.7752550168235367,0.616709144939827,0.3855047504311669,0.03535215605439898
23.7696,-13.6054,|val|>=0.075,LASSO,KRR,4,0.7793272485475032,0.6110964213398903,0.3861485408456216,0.024829691687234316
23.7696,-13.6054,|val|>=0.10,PCMCI,LIN,3,0.7678743810027143,0.6267537236508184,0.40145744676017486,0.03067895250304979
23.7696,-13.6054,|val|>=0.10,LASSO,LIN,3,0.7678743810027143,0.6267537236508184,0.40145744676017486,0.03067895250304979
23.7696,-13.6054,|val|>=0.10,PCMCI,KRR,3,0.778115008929496,0.6127726153977058,0.3867618277506089,0.02971509818472166
23.7696,-13.6054,|val|>=0.10,LASSO,KRR,3,0.778115008929496,0.6127726153977058,0.3867618277506089,0.02971509818472166
23.7696,-13.6054,|val|>=0.15,PCMCI,LIN,2,0.7707544604139642,0.6228533901390217,0.3977565976042109,0.027583869568764807
23.7696,-13.6054,|val|>=0.15,LASSO,LIN,2,0.7707544604139642,0.6228533901390217,0.3977565976042109,0.027583869568764807
23.7696,-13.6054,|val|>=0.15,PCMCI,KRR,2,0.7780750373519526,0.6128278070197174,0.38562600846449413,0.026130689183497
23.7696,-13.6054,|val|>=0.15,LASSO,KRR,2,0.7780750373519526,0.6128278070197174,0.38562600846449413,0.026130689183497
23.7696,-14.1054,-,CLIMATOLOGY,-,0,0.7057855320461632,0.6957405118529589,0.4932420380508119,0.010899474428835584
23.7696,-14.1054,-,ALL,LIN,56,0.7897901777249947,0.5880872749655826,0.4000185626459129,0.009233742534087637
23.7696,-14.1054,-,ALL,KRR,56,0.7887429470952477,0.5895503319088311,0.40389831738495124,0.00924414018112967
23.7696,-14.1054,fdr<=0.01,PCMCI,LIN,5,0.7893695068438101,0.5886754195719364,0.39521810239581034,0.03351667152528887
23.7696,-14.1054,fdr<=0.01,LASSO,LIN,5,0.7815536867972344,0.5994978631013921,0.40285306765788503,0.0364479573730103
23.7696,-14.1054,fdr<=0.01,PCMCI,KRR,5,0.7923649727469708,0.584474528561664,0.38772960030068815,0.03644195403230841
23.7696,-14.1054,fdr<=0.01,LASSO,KRR,5,0.7892004742334687,0.5889115805044697,0.3890134058219714,0.04346393393250237
23.7696,-14.1054,fdr<=0.001,PCMCI,LIN,3,0.7874739733423936,0.591318329226148,0.39726736637491145,0.03149476371022334
23.7696,-14.1054,fdr<=0.001,LASSO,LIN,3,0.7843110230357678,0.5957022699421181,0.4012058622739349,0.028615510843910022
23.7696,-14.1054,fdr<=0.001,PCMCI,KRR,3,0.791021211058451,0.5863627645356293,0.38863326137346577,0.03299322683190244
23.7696,-14.1054,fdr<=0.001,LASSO,KRR,3,0.790152939802309,0.5875796205709404,0.39024364601978134,0.028168861141939883
23.7696,-14.1054,fdr<=0.0001,PCMCI,LIN,3,0.7874739733423936,0.591318329226148,0.39726736637491145,0.03149476371022334
23.7696,-14.1054,fdr<=0.0001,LASSO,LIN,3,0.7843110230357678,0.5957022699421181,0.4012058622739349,0.028615510843910022
23.7696,-14.1054,fdr<=0.0001,PCMCI,KRR,3,0.791021211058451,0.5863627645356293,0.38863326137346577,0.03299322683190244
23.7696,-14.1054,fdr<=0.0001,LASSO,KRR,3,0.790152939802309,0.5875796205709404,0.39024364601978134,0.028168861141939883
23.7696,-14.1054,|val|>=0.075,PCMCI,LIN,3,0.7874739733423936,0.591318329226148,0.39726736637491145,0.03149476371022334
23.7696,-14.1054,|val|>=0.075,LASSO,LIN,3,0.7843110230357678,0.5957022699421181,0.4012058622739349,0.028615510843910022
23.7696,-14.1054,|val|>=0.075,PCMCI,KRR,3,0.791021211058451,0.5863627645356293,0.38863326137346577,0.03299322683190244
23.7696,-14.1054,|val|>=0.075,LASSO,KRR,3,0.790152939802309,0.5875796205709404,0.39024364601978134,0.028168861141939883
23.7696,-14.1054,|val|>=0.10,PCMCI,LIN,2,0.7831530593860931,0.5972991949019056,0.40328714110980524,0.029502430963518407
23.7696,-14.1054,|val|>=0.10,LASSO,LIN,2,0.7831530593860931,0.5972991949019056,0.40328714110980524,0.029502430963518407
23.7696,-14.1054,|val|>=0.10,PCMCI,KRR,2,0.7907747518962968,0.5867084261532813,0.3906198234621846,0.029387344747475657
23.7696,-14.1054,|val|>=0.10,LASSO,KRR,2,0.7907747518962968,0.5867084261532813,0.3906198234621846,0.029387344747475657
23.7696,-14.1054,|val|>=0.15,PCMCI,LIN,2,0.7831530593860931,0.5972991949019056,0.40328714110980524,0.029502430963518407
23.7696,-14.1054,|val|>=0.15,LASSO,LIN,2,0.7831530593860931,0.5972991949019056,0.40328714110980524,0.029502430963518407
23.7696,-14.1054,|val|>=0.15,PCMCI,KRR,2,0.7907747518962968,0.5867084261532813,0.3906198234621846,0.029387344747475657
23.7696,-14.1054,|val|>=0.15,LASSO,KRR,2,0.7907747518962968,0.5867084261532813,0.3906198234621846,0.029387344747475657
23.7696,-14.6054,-,CLIMATOLOGY,-,0,0.7057855320461632,0.6957405118529589,0.4932420380508119,0.010899474428835584
23.7696,-14.6054,-,ALL,LIN,56,0.7897901777249947,0.5880872749655826,0.4000185626459129,0.009233742534087637
23.7696,-14.6054,-,ALL,KRR,56,0.7887429470952477,0.5895503319088311,0.40389831738495124,0.00924414018112967
23.7696,-14.6054,fdr<=0.01,PCMCI,LIN,5,0.7893695068438101,0.5886754195719364,0.39521810239581034,0.03351667152528887
23.7696,-14.6054,fdr<=0.01,LASSO,LIN,5,0.7815536867972344,0.5994978631013921,0.40285306765788503,0.0364479573730103
23.7696,-14.6054,fdr<=0.01,PCMCI,KRR,5,0.7923649727469708,0.584474528561664,0.38772960030068815,0.03644195403230841
23.7696,-14.6054,fdr<=0.01,LASSO,KRR,5,0.7892004742334687,0.5889115805044697,0.3890134058219714,0.04346393393250237
23.7696,-14.6054,fdr<=0.001,PCMCI,LIN,3,0.7874739733423936,0.591318329226148,0.39726736637491145,0.03149476371022334
23.7696,-14.6054,fdr<=0.001,LASSO,LIN,3,0.7843110230357678,0.5957022699421181,0.4012058622739349,0.028615510843910022
23.7696,-14.6054,fdr<=0.001,PCMCI,KRR,3,0.791021211058451,0.5863627645356293,0.38863326137346577,0.03299322683190244
23.7696,-14.6054,fdr<=0.001,LASSO,KRR,3,0.790152939802309,0.5875796205709404,0.39024364601978134,0.028168861141939883
23.7696,-14.6054,fdr<=0.0001,PCMCI,LIN,3,0.7874739733423936,0.591318329226148,0.39726736637491145,0.03149476371022334
23.7696,-14.6054,fdr<=0.0001,LASSO,LIN,3,0.7843110230357678,0.5957022699421181,0.4012058622739349,0.028615510843910022
23.7696,-14.6054,fdr<=0.0001,PCMCI,KRR,3,0.791021211058451,0.5863627645356293,0.38863326137346577,0.03299322683190244
23.7696,-14.6054,fdr<=0.0001,LASSO,KRR,3,0.790152939802309,0.5875796205709404,0.39024364601978134,0.028168861141939883
23.7696,-14.6054,|val|>=0.075,PCMCI,LIN,3,0.7874739733423936,0.591318329226148,0.39726736637491145,0.03149476371022334
23.7696,-14.6054,|val|>=0.075,LASSO,LIN,3,0.7843110230357678,0.5957022699421181,0.4012058622739349,0.028615510843910022
23.7696,-14.6054,|val|>=0.075,PCMCI,KRR,3,0.791021211058451,0.5863627645356293,0.38863326137346577,0.03299322683190244
23.7696,-14.6054,|val|>=0.075,LASSO,KRR,3,0.790152939802309,0.5875796205709404,0.39024364601978134,0.028168861141939883
23.7696,-14.6054,|val|>=0.10,PCMCI,LIN,2,0.7831530593860931,0.5972991949019056,0.40328714110980524,0.029502430963518407
23.7696,-14.6054,|val|>=0.10,LASSO,LIN,2,0.7831530593860931,0.5972991949019056,0.40328714110980524,0.029502430963518407
23.7696,-14.6054,|val|>=0.10,PCMCI,KRR,2,0.7907747518962968,0.5867084261532813,0.3906198234621846,0.029387344747475657
23.7696,-14.6054,|val|>=0.10,LASSO,KRR,2,0.7907747518962968,0.5867084261532813,0.3906198234621846,0.029387344747475657
23.7696,-14.6054,|val|>=0.15,PCMCI,LIN,2,0.7831530593860931,0.5972991949019056,0.40328714110980524,0.029502430963518407
23.7696,-14.6054,|val|>=0.15,LASSO,LIN,2,0.7831530593860931,0.5972991949019056,0.40328714110980524,0.029502430963518407
23.7696,-14.6054,|val|>=0.15,PCMCI,KRR,2,0.7907747518962968,0.5867084261532813,0.3906198234621846,0.029387344747475657
23.7696,-14.6054,|val|>=0.15,LASSO,KRR,2,0.7907747518962968,0.5867084261532813,0.3906198234621846,0.029387344747475657
23.7696,-15.1054,-,CLIMATOLOGY,-,0,0.7397770090748376,0.6355074636366935,0.4563601364005178,0.01046961655433777
23.7696,-15.1054,-,ALL,LIN,56,0.813285128955252,0.5383159871095803,0.37283261584202476,0.010955775584341045
23.7696,-15.1054,-,ALL,KRR,56,0.8116656654575619,0.5406454772482531,0.3779377252657485,0.01589177099424706
23.7696,-15.1054,fdr<=0.01,PCMCI,LIN,5,0.8087707788654739,0.544784761822534,0.3752700376671526,0.03801223398811155
23.7696,-15.1054,fdr<=0.01,LASSO,LIN,5,0.8022776971970819,0.5539564880462055,0.37956040267791363,0.04995660009821599
23.7696,-15.1054,fdr<=0.01,PCMCI,KRR,5,0.8120784948312378,0.5400526039965994,0.36599754528117934,0.03115938014633888
23.7696,-15.1054,fdr<=0.01,LASSO,KRR,5,0.8102358653756844,0.5426938380665065,0.36662443082835716,0.03941245649614133
23.7696,-15.1054,fdr<=0.001,PCMCI,LIN,3,0.8101585844791803,0.5428043320682124,0.3722358977915792,0.035433528790821615
23.7696,-15.1054,fdr<=0.001,LASSO,LIN,3,0.8061975737950744,0.5484378607644695,0.37851309290317114,0.026705013204761326
23.7696,-15.1054,fdr<=0.001,PCMCI,KRR,3,0.8160164814974908,0.5343641122630356,0.36159767895921446,0.027929359659690393
23.7696,-15.1054,fdr<=0.001,LASSO,KRR,3,0.8155399202589144,0.5350557300034127,0.36243039921609066,0.020396499350622252
23.7696,-15.1054,fdr<=0.0001,PCMCI,LIN,3,0.8101585844791803,0.5428043320682124,0.3722358977915792,0.035433528790821615
23.7696,-15.1054,fdr<=0.0001,LASSO,LIN,3,0.8061975737950744,0.5484378607644695,0.37851309290317114,0.026705013204761326
23.7696,-15.1054,fdr<=0.0001,PCMCI,KRR,3,0.8160164814974908,0.5343641122630356,0.36159767895921446,0.027929359659690393
23.7696,-15.1054,fdr<=0.0001,LASSO,KRR,3,0.8155399202589144,0.5350557300034127,0.36243039921609066,0.020396499350622252
23.7696,-15.1054,|val|>=0.075,PCMCI,LIN,3,0.8101585844791803,0.5428043320682124,0.3722358977915792,0.035433528790821615
23.7696,-15.1054,|val|>=0.075,LASSO,LIN,3,0.8061975737950744,0.5484378607644695,0.37851309290317114,0.026705013204761326
23.7696,-15.1054,|val|>=0.075,PCMCI,KRR,3,0.8160164814974908,0.5343641122630356,0.36159767895921446,0.027929359659690393
23.7696,-15.1054,|val|>=0.075,LASSO,KRR,3,0.8155399202589144,0.5350557300034127,0.36243039921609066,0.020396499350622252
23.7696,-15.1054,|val|>=0.10,PCMCI,LIN,3,0.8101585844791803,0.5428043320682124,0.3722358977915792,0.035433528790821615
23.7696,-15.1054,|val|>=0.10,LASSO,LIN,3,0.8061975737950744,0.5484378607644695,0.37851309290317114,0.026705013204761326
23.7696,-15.1054,|val|>=0.10,PCMCI,KRR,3,0.8160164814974908,0.5343641122630356,0.36159767895921446,0.027929359659690393
23.7696,-15.1054,|val|>=0.10,LASSO,KRR,3,0.8155399202589144,0.5350557300034127,0.36243039921609066,0.020396499350622252
23.7696,-15.1054,|val|>=0.15,PCMCI,LIN,2,0.8034851264639779,0.552262476970707,0.3805248201427602,0.03748015950574894
23.7696,-15.1054,|val|>=0.15,LASSO,LIN,2,0.8034851264639779,0.552262476970707,0.3805248201427602,0.03748015950574894
23.7696,-15.1054,|val|>=0.15,PCMCI,KRR,2,0.8135028380866228,0.5380020579407595,0.3654918495721534,0.029583761018740398
23.7696,-15.1054,|val|>=0.15,LASSO,KRR,2,0.8135028380866228,0.5380020579407595,0.3654918495721534,0.029583761018740398
23.7696,-15.6054,-,CLIMATOLOGY,-,0,0.7397770090748376,0.6355074636366935,0.4563601364005178,0.01046961655433777
23.7696,-15.6054,-,ALL,LIN,56,0.8092757310316074,0.5440650180455804,0.37683987210914144,0.012394555864043482
23.7696,-15.6054,-,ALL,KRR,56,0.8062908998208184,0.5483057940760211,0.3850459054815253,0.01196013893112528
23.7696,-15.6054,fdr<=0.01,PCMCI,LIN,6,0.808566362610665,0.5450758604196326,0.37585907891373,0.01963226916341492
23.7696,-15.6054,fdr<=0.01,LASSO,LIN,6,0.8090994920240538,0.5443163319942368,0.37744630076518565,0.026377993153715425
23.7696,-15.6054,fdr<=0.01,PCMCI,KRR,6,0.8157760008830967,0.5347132257251297,0.3654361375778362,0.007631997670108019
23.7696,-15.6054,fdr<=0.01,LASSO,KRR,6,0.8130365391413454,0.5386742214548578,0.3638012779225597,0.01969858781766695
23.7696,-15.6054,fdr<=0.001,PCMCI,LIN,4,0.8066715095793342,0.5477668592814418,0.37708696692892474,0.03597856699044013
23.7696,-15.6054,fdr<=0.001,LASSO,LIN,4,0.8054649444784556,0.5494735099237498,0.38062534145311494,0.02674139849921906
23.7696,-15.6054,fdr<=0.001,PCMCI,KRR,4,0.8124538176256277,0.5395130293475748,0.37001290532105935,0.01632199450033915
23.7696,-15.6054,fdr<=0.001,LASSO,KRR,4,0.8104082238705738,0.5424473237751142,0.3652096846106279,0.017749128957615865
23.7696,-15.6054,fdr<=0.0001,PCMCI,LIN,3,0.8068185545594346,0.5475585048676752,0.3778124616601807,0.032103875595504115
23.7696,-15.6054,fdr<=0.0001,LASSO,LIN,3,0.8060978485420072,0.5485789479310632,0.3790428578389444,0.02576978809229132
23.7696,-15.6054,fdr<=0.0001,PCMCI,KRR,3,0.8144870377580391,0.5365805835444662,0.3649815761837611,0.025316427819880902
23.7696,-15.6054,fdr<=0.0001,LASSO,KRR,3,0.8158928305693365,0.5345436487805654,0.3623408521793436,0.018643397372399288
23.7696,-15.6054,|val|>=0.075,PCMCI,LIN,4,0.8066715095793342,0.5477668592814418,0.37708696692892474,0.03597856699044013
23.7696,-15.6054,|val|>=0.075,LASSO,LIN,4,0.8054649444784556,0.5494735099237498,0.38062534145311494,0.02674139849921906
23.7696,-15.6054,|val|>=0.075,PCMCI,KRR,4,0.8124538176256277,0.5395130293475748,0.37001290532105935,0.01632199450033915
23.7696,-15.6054,|val|>=0.075,LASSO,KRR,4,0.8104082238705738,0.5424473237751142,0.3652096846106279,0.017749128957615865
23.7696,-15.6054,|val|>=0.10,PCMCI,LIN,3,0.8068185545594346,0.5475585048676752,0.3778124616601807,0.032103875595504115
23.7696,-15.6054,|val|>=0.10,LASSO,LIN,3,0.8060978485420072,0.5485789479310632,0.3790428578389444,0.02576978809229132
23.7696,-15.6054,|val|>=0.10,PCMCI,KRR,3,0.8144870377580391,0.5365805835444662,0.3649815761837611,0.025316427819880902
23.7696,-15.6054,|val|>=0.10,LASSO,KRR,3,0.8158928305693365,0.5345436487805654,0.3623408521793436,0.018643397372399288
23.7696,-15.6054,|val|>=0.15,PCMCI,LIN,2,0.8034851264639779,0.552262476970707,0.3805248201427602,0.03748015950574894
23.7696,-15.6054,|val|>=0.15,LASSO,LIN,2,0.8034851264639779,0.552262476970707,0.3805248201427602,0.03748015950574894
23.7696,-15.6054,|val|>=0.15,PCMCI,KRR,2,0.8135028380866228,0.5380020579407595,0.3654918495721534,0.029583761018740398
23.7696,-15.6054,|val|>=0.15,LASSO,KRR,2,0.8135028380866228,0.5380020579407595,0.3654918495721534,0.029583761018740398
24.2696,-12.1054,-,CLIMATOLOGY,-,0,0.7371794487707743,0.6946077865650343,0.4800378365732323,-0.013160253102386695
24.2696,-12.1054,-,ALL,LIN,56,0.7971101226955606,0.6102955120584654,0.4027199300395865,-0.003246013989230615
24.2696,-12.1054,-,ALL,KRR,56,0.8002662332554891,0.6055300952172987,0.4041337504217375,-0.007644195664606132
24.2696,-12.1054,fdr<=0.01,PCMCI,LIN,7,0.7954114968953626,0.6128449319068041,0.40650992090445864,-0.005485374689095036
24.2696,-12.1054,fdr<=0.01,LASSO,LIN,7,0.7960094754737701,0.6119486539899168,0.4036741114991032,0.004159931057052275
24.2696,-12.1054,fdr<=0.01,PCMCI,KRR,7,0.7994947082586381,0.6066984788317653,0.39378451241033413,0.004270930201019265
24.2696,-12.1054,fdr<=0.01,LASSO,KRR,7,0.8008662178881543,0.6046199286340193,0.3957416138620824,0.010959348150598295
24.2696,-12.1054,fdr<=0.001,PCMCI,LIN,5,0.7960013883750222,0.6119607840634997,0.4043605742933414,0.0005785664414887536
24.2696,-12.1054,fdr<=0.001,LASSO,LIN,5,0.7936663338533015,0.6154531997616377,0.4060018987471858,-0.007692905917955956
24.2696,-12.1054,fdr<=0.001,PCMCI,KRR,5,0.8004086423935751,0.6053141868189427,0.39131408290399655,0.01026947452361306
24.2696,-12.1054,fdr<=0.001,LASSO,KRR,5,0.8004112319923236,0.605310259980717,0.3961969849508373,0.00035557436061620725
24.2696,-12.1054,fdr<=0.0001,PCMCI,LIN,5,0.7960013883750222,0.6119607840634997,0.4043605742933414,0.0005785664414887536
24.2696,-12.1054,fdr<=0.0001,LASSO,LIN,5,0.7936663338533015,0.6154531997616377,0.4060018987471858,-0.007692905917955956
24.2696,-12.1054,fdr<=0.0001,PCMCI,KRR,5,0.8004086423935751,0.6053141868189427,0.39131408290399655,0.01026947452361306
24.2696,-12.1054,fdr<=0.0001,LASSO,KRR,5,0.8004112319923236,0.605310259980717,0.3961969849508373,0.00035557436061620725
24.2696,-12.1054,|val|>=0.075,PCMCI,LIN,5,0.7960013883750222,0.6119607840634997,0.4043605742933414,0.0005785664414887536
24.2696,-12.1054,|val|>=0.075,LASSO,LIN,5,0.7936663338533015,0.6154531997616377,0.4060018987471858,-0.007692905917955956
24.2696,-12.1054,|val|>=0.075,PCMCI,KRR,5,0.8004086423935751,0.6053141868189427,0.39131408290399655,0.01026947452361306
24.2696,-12.1054,|val|>=0.075,LASSO,KRR,5,0.8004112319923236,0.605310259980717,0.3961969849508373,0.00035557436061620725
24.2696,-12.1054,|val|>=0.10,PCMCI,LIN,3,0.7971669684790856,0.610210009623789,0.4028218245763756,-0.007559938008882576
24.2696,-12.1054,|val|>=0.10,LASSO,LIN,3,0.7904491508326507,0.6202327565946248,0.4059191473809397,0.013990145516366041
24.2696,-12.1054,|val|>=0.10,PCMCI,KRR,3,0.8016415826862988,0.6034416799317144,0.39245004362353714,0.005760732935780914
24.2696,-12.1054,|val|>=0.10,LASSO,KRR,3,0.7981107241220312,0.6087887406546874,0.3942227843692929,0.012888041528532387
24.2696,-12.1054,|val|>=0.15,PCMCI,LIN,2,0.7908050497871336,0.6197058343801249,0.41822625739378866,0.005045410369272599
24.2696,-12.1054,|val|>=0.15,LASSO,LIN,2,0.7948350335384256,0.6137077226615997,0.4024599024379902,0.009624511971806141
24.2696,-12.1054,|val|>=0.15,PCMCI,KRR,2,0.7902356862854579,0.620548584482267,0.4133035118779426,0.012426216746066662
24.2696,-12.1054,|val|>=0.15,LASSO,KRR,2,0.8008002430097888,0.6047200784489165,0.39170947576961473,0.010917080135918019
24.2696,-12.6054,-,CLIMATOLOGY,-,0,0.7371794487707743,0.6946077865650343,0.4800378365732323,-0.013160253102386695
24.2696,-12.6054,-,ALL,LIN,56,0.7993019135686639,0.6069900924348172,0.3990529962166183,-0.001340744168130552
24.2696,-12.6054,-,ALL,KRR,56,0.8014767299660776,0.6036923835405764,0.4029106196489626,-0.008030148806376734
24.2696,-12.6054,fdr<=0.01,PCMCI,LIN,7,0.7984467988177567,0.6082818199503158,0.40032405304583035,0.006177250430143458
24.2696,-12.6054,fdr<=0.01,LASSO,LIN,7,0.7973942801616545,0.6098679875510745,0.4016582233278083,0.007952481644062365
24.2696,-12.6054,fdr<=0.01,PCMCI,KRR,7,0.800273685044212,0.6055187993695909,0.39417351392547295,0.010343116600542691
24.2696,-12.6054,fdr<=0.01,LASSO,KRR,7,0.8014212919195394,0.6037766688495592,0.3955706294892848,0.011806743025621493
24.2696,-12.6054,fdr<=0.001,PCMCI,LIN,5,0.7982093726468499,0.6086399872130277,0.4017193201625191,0.004354821239298165
24.2696,-12.6054,fdr<=0.001,LASSO,LIN,5,0.7949168744327841,0.6135853055656751,0.4042702201662462,-0.003868344961411952
24.2696,-12.6054,fdr<=0.001,PCMCI,KRR,5,0.8013779844549684,0.6038425032269337,0.3920417234645362,0.009511321342865371
24.2696,-12.6054,fdr<=0.001,LASSO,KRR,5,0.8003409864575598,0.6054167704890989,0.3973439436024961,0.0013551766826854935
24.2696,-12.6054,fdr<=0.0001,PCMCI,LIN,4,0.7940791327476351,0.614837242118636,0.40579333618241625,-0.004045149290679866
24.2696,-12.6054,fdr<=0.0001,LASSO,LIN,4,0.7940791327476351,0.614837242118636,0.40579333618241625,-0.004045149290679866
24.2696,-12.6054,fdr<=0.0001,PCMCI,KRR,4,0.7991658807726394,0.6071957659768454,0.39695667632369186,0.002961916023250516
24.2696,-12.6054,fdr<=0.0001,LASSO,KRR,4,0.7991658807726394,0.6071957659768454,0.39695667632369186,0.002961916023250516
24.2696,-12.6054,|val|>=0.075,PCMCI,LIN,5,0.7982093726468499,0.6086399872130277,0.4017193201625191,0.004354821239298165
24.2696,-12.6054,|val|>=0.075,LASSO,LIN,5,0.7949168744327841,0.6135853055656751,0.4042702201662462,-0.003868344961411952
24.2696,-12.6054,|val|>=0.075,PCMCI,KRR,5,0.8013779844549684,0.6038425032269337,0.3920417234645362,0.009511321342865371
24.2696,-12.6054,|val|>=0.075,LASSO,KRR,5,0.8003409864575598,0.6054167704890989,0.3973439436024961,0.0013551766826854935
24.2696,-12.6054,|val|>=0.10,PCMCI,LIN,3,0.7968639256741323,0.6106656817922332,0.40288545373571044,-0.005079610915593769
24.2696,-12.6054,|val|>=0.10,LASSO,LIN,3,0.7918450129305588,0.6181635548390224,0.4044777466419574,0.014361160216371915
24.2696,-12.6054,|val|>=0.10,PCMCI,KRR,3,0.8016922757820166,0.6033645662857577,0.39361109756213164,0.007121165963293025
24.2696,-12.6054,|val|>=0.10,LASSO,KRR,3,0.7976514770181725,0.6094807676317636,0.39486323928160344,0.012196056059889684
24.2696,-12.6054,|val|>=0.15,PCMCI,LIN,1,0.7881633121749123,0.623606416625848,0.41950892164738585,0.021834321660856474
24.2696,-12.6054,|val|>=0.15,LASSO,LIN,1,0.7885232083221312,0.6230764589626371,0.4071237552373464,-0.0059910589097055935
24.2696,-12.6054,|val|>=0.15,PCMCI,KRR,1,0.7870133553612843,0.6252967514412808,0.4185904648939838,0.022943359836180694
24.2696,-12.6054,|val|>=0.15,LASSO,KRR,1,0.794481184615058,0.6142367268751475,0.4005860646401847,-0.00403215711181046
24.2696,-13.1054,-,CLIMATOLOGY,-,0,0.7605812974356003,0.6638354132284879,0.4653756897978675,-0.02746587633009892
24.2696,-13.1054,-,ALL,LIN,56,0.8146652188840666,0.5840632019012464,0.3858141751915604,-0.009968999604578433
24.2696,-13.1054,-,ALL,KRR,56,0.8163278799689815,0.5814374482838426,0.3890956651800216,-0.014681136435012739
24.2696,-13.1054,fdr<=0.01,PCMCI,LIN,6,0.8101089462028523,0.5911989207214892,0.39097624330509956,-0.012697338174002128
24.2696,-13.1054,fdr<=0.01,LASSO,LIN,6,0.8099767196581666,0.591404719218316,0.39153965441411787,-0.01843484423627994
24.2696,-13.1054,fdr<=0.01,PCMCI,KRR,6,0.8162370009189115,0.5815812750887838,0.3838015300590053,-0.013498248964412101
24.2696,-13.1054,fdr<=0.01,LASSO,KRR,6,0.8172138456419434,0.5800334346375493,0.38355309171444824,-0.009461682139070783
24.2696,-13.1054,fdr<=0.001,PCMCI,LIN,5,0.8103474114305569,0.5908275902373997,0.388333408160134,-0.004837160840387238
24.2696,-13.1054,fdr<=0.001,LASSO,LIN,5,0.8087299335744667,0.5933417177672103,0.39095891081732587,-0.010116207029990814
24.2696,-13.1054,fdr<=0.001,PCMCI,KRR,5,0.8156700431160923,0.5824777507321846,0.3828084696507255,-0.004149530755505723
24.2696,-13.1054,fdr<=0.001,LASSO,KRR,5,0.8175759512009226,0.5794586168791673,0.38066827169513406,-0.007602916216628867
24.2696,-13.1054,fdr<=0.0001,PCMCI,LIN,3,0.8071269781819723,0.5958228062502445,0.3927517049967117,-0.0032867863334332145
24.2696,-13.1054,fdr<=0.0001,LASSO,LIN,3,0.8071269781819723,0.5958228062502445,0.3927517049967117,-0.0032867863334332145
24.2696,-13.1054,fdr<=0.0001,PCMCI,KRR,3,0.8172178568221393,0.5800270702840826,0.37846846269839474,-0.0036869915619034805
24.2696,-13.1054,fdr<=0.0001,LASSO,KRR,3,0.8172178568221393,0.5800270702840826,0.37846846269839474,-0.0036869915619034805
24.2696,-13.1054,|val|>=0.075,PCMCI,LIN,4,0.8097734662455518,0.5917209249506947,0.38778218501205064,0.0009303976925110636
24.2696,-13.1054,|val|>=0.075,LASSO,LIN,4,0.8083560771111236,0.5939213075365366,0.3923654215802019,-0.010625706868598877
24.2696,-13.1054,|val|>=0.075,PCMCI,KRR,4,0.8161278498182755,0.5817539725658111,0.3783142852900792,0.001823837069765859
24.2696,-13.1054,|val|>=0.075,LASSO,KRR,4,0.8176404748334193,0.5793561301681537,0.3808575809192798,-0.00854927712150758
24.2696,-13.1054,|val|>=0.10,PCMCI,LIN,3,0.8071269781819723,0.5958228062502445,0.3927517049967117,-0.0032867863334332145
24.2696,-13.1054,|val|>=0.10,LASSO,LIN,3,0.8071269781819723,0.5958228062502445,0.3927517049967117,-0.0032867863334332145
24.2696,-13.1054,|val|>=0.10,PCMCI,KRR,3,0.8172178568221393,0.5800270702840826,0.37846846269839474,-0.0036869915619034805
24.2696,-13.1054,|val|>=0.10,LASSO,KRR,3,0.8172178568221393,0.5800270702840826,0.37846846269839474,-0.0036869915619034805
24.2696,-13.1054,|val|>=0.15,PCMCI,LIN,2,0.8104613860332447,0.590650030150946,0.38966518616092854,-0.006473573579647701
24.2696,-13.1054,|val|>=0.15,LASSO,LIN,2,0.8104613860332447,0.590650030150946,0.38966518616092854,-0.006473573579647701
24.2696,-13.1054,|val|>=0.15,PCMCI,KRR,2,0.8159930420894577,0.5819671928997593,0.379649662411249,-0.0073422390539487885
24.2696,-13.1054,|val|>=0.15,LASSO,KRR,2,0.8159930420894577,0.5819671928997593,0.379649662411249,-0.0073422390539487885
24.2696,-13.6054,-,CLIMATOLOGY,-,0,0.7605812974356003,0.6638354132284879,0.4653756897978675,-0.02746587633009892
24.2696,-13.6054,-,ALL,LIN,56,0.8154421806285737,0.5828376592334675,0.38484723727675724,-0.009668869353265481
24.2696,-13.6054,-,ALL,KRR,56,0.8165228816663022,0.5811287149849768,0.3895046844863822,-0.015438531978740663
24.2696,-13.6054,fdr<=0.01,PCMCI,LIN,5,0.8096618394723719,0.5918945132746801,0.3903493236126034,-0.0046622541811719405
24.2696,-13.6054,fdr<=0.01,LASSO,LIN,5,0.8083523270509969,0.5939271183905535,0.3921646240357773,-0.013086439655009897
24.2696,-13.6054,fdr<=0.01,PCMCI,KRR,5,0.8162664869549288,0.5815346138608299,0.38001229627869815,-0.003930838484376668
24.2696,-13.6054,fdr<=0.01,LASSO,KRR,5,0.8177563919453184,0.5791719665911196,0.3806661887627148,-0.008324139717605376
24.2696,-13.6054,fdr<=0.001,PCMCI,LIN,4,0.8102254272056624,0.5910175693482052,0.3885871262135108,-0.0021551555933634592
24.2696,-13.6054,fdr<=0.001,LASSO,LIN,4,0.8082313653158031,0.5941145224981506,0.393673018497059,-0.013633193642998972
24.2696,-13.6054,fdr<=0.001,PCMCI,KRR,4,0.8171878166446614,0.5800747319428678,0.3782814149592466,0.00010228191114957146
24.2696,-13.6054,fdr<=0.001,LASSO,KRR,4,0.8174388583450443,0.5796763094419873,0.381565616056,-0.01044666072810797
24.2696,-13.6054,fdr<=0.0001,PCMCI,LIN,3,0.8067729405138147,0.5963694016259423,0.3936866740447916,-0.004686319050249616
24.2696,-13.6054,fdr<=0.0001,LASSO,LIN,3,0.8067729405138147,0.5963694016259423,0.3936866740447916,-0.004686319050249616
24.2696,-13.6054,fdr<=0.0001,PCMCI,KRR,3,0.8160717007595027,0.5818427909230807,0.37962948065604923,-0.0031976760098710944
24.2696,-13.6054,fdr<=0.0001,LASSO,KRR,3,0.8160717007595027,0.5818427909230807,0.37962948065604923,-0.0031976760098710944
24.2696,-13.6054,|val|>=0.075,PCMCI,LIN,4,0.8102254272056624,0.5910175693482052,0.3885871262135108,-0.0021551555933634592
24.2696,-13.6054,|val|>=0.075,LASSO,LIN,4,0.8082313653158031,0.5941145224981506,0.393673018497059,-0.013633193642998972
24.2696,-13.6054,|val|>=0.075,PCMCI,KRR,4,0.8171878166446614,0.5800747319428678,0.3782814149592466,0.00010228191114957146
24.2696,-13.6054,|val|>=0.075,LASSO,KRR,4,0.8174388583450443,0.5796763094419873,0.381565616056,-0.01044666072810797
24.2696,-13.6054,|val|>=0.10,PCMCI,LIN,3,0.8067729405138147,0.5963694016259423,0.3936866740447916,-0.004686319050249616
24.2696,-13.6054,|val|>=0.10,LASSO,LIN,3,0.8067729405138147,0.5963694016259423,0.3936866740447916,-0.004686319050249616
24.2696,-13.6054,|val|>=0.10,PCMCI,KRR,3,0.8160717007595027,0.5818427909230807,0.37962948065604923,-0.0031976760098710944
24.2696,-13.6054,|val|>=0.10,LASSO,KRR,3,0.8160717007595027,0.5818427909230807,0.37962948065604923,-0.0031976760098710944
24.2696,-13.6054,|val|>=0.15,PCMCI,LIN,2,0.8104613860332447,0.590650030150946,0.38966518616092854,-0.006473573579647701
24.2696,-13.6054,|val|>=0.15,LASSO,LIN,2,0.8104613860332447,0.590650030150946,0.38966518616092854,-0.006473573579647701
24.2696,-13.6054,|val|>=0.15,PCMCI,KRR,2,0.8159930420894577,0.5819671928997593,0.379649662411249,-0.0073422390539487885
24.2696,-13.6054,|val|>=0.15,LASSO,KRR,2,0.8159930420894577,0.5819671928997593,0.379649662411249,-0.0073422390539487885
24.2696,-14.1054,-,CLIMATOLOGY,-,0,0.7634502030893057,0.6400786625163983,0.45329701601413275,0.03866889916313815
24.2696,-14.1054,-,ALL,LIN,56,0.8262589391526052,0.5485589366845662,0.3804006235246031,0.011231391753996546
24.2696,-14.1054,-,ALL,KRR,56,0.8221934011613621,0.5549399586754333,0.38495420307463507,0.014280794822882335
24.2696,-14.1054,fdr<=0.01,PCMCI,LIN,7,0.8187276203040074,0.560322262727471,0.3847359197259891,0.02160837559267369
24.2696,-14.1054,fdr<=0.01,LASSO,LIN,7,0.8207153209041085,0.5572417523237557,0.3797480188777742,0.037510291031702336
24.2696,-14.1054,fdr<=0.01,PCMCI,KRR,7,0.8249556587476097,0.5506125399015427,0.3773574753793071,0.018913853300168666
24.2696,-14.1054,fdr<=0.01,LASSO,KRR,7,0.8279610789042212,0.5458652091317856,0.37227864414788303,0.029238881583771165
24.2696,-14.1054,fdr<=0.001,PCMCI,LIN,5,0.8185690039141145,0.5605673548398951,0.38083662295006576,0.03178915010471607
24.2696,-14.1054,fdr<=0.001,LASSO,LIN,5,0.816306349101566,0.5640519864802284,0.3881870212151498,0.016932676679573853
24.2696,-14.1054,fdr<=0.001,PCMCI,KRR,5,0.8252842412675914,0.5500955090791099,0.37507704945093,0.023074682746714426
24.2696,-14.1054,fdr<=0.001,LASSO,KRR,5,0.825565191257261,0.5496530432445801,0.3760966070367602,0.013373987972329367
24.2696,-14.1054,fdr<=0.0001,PCMCI,LIN,3,0.8193980227456904,0.559285178733975,0.37826291414937935,0.03371998292151736
24.2696,-14.1054,fdr<=0.0001,LASSO,LIN,3,0.8117533126209748,0.5709995045791328,0.38997574595356954,0.034662833178038206
24.2696,-14.1054,fdr<=0.0001,PCMCI,KRR,3,0.8241490305135295,0.5518797306289435,0.3731454243602738,0.023732317970232952
24.2696,-14.1054,fdr<=0.0001,LASSO,KRR,3,0.8223058730750193,0.5547644167302646,0.3780906423623179,0.02527326447050586
24.2696,-14.1054,|val|>=0.075,PCMCI,LIN,4,0.8198253113226245,0.5586231768876389,0.3785390774528545,0.03034341257714963
24.2696,-14.1054,|val|>=0.075,LASSO,LIN,4,0.8139031938633612,0.5677295766636398,0.3894121095649672,0.0261492305966965
24.2696,-14.1054,|val|>=0.075,PCMCI,KRR,4,0.8240516763031154,0.5520324746867842,0.3742796071656843,0.022291432552693717
24.2696,-14.1054,|val|>=0.075,LASSO,KRR,4,0.8245532481567699,0.5512450799727356,0.37637662214212714,0.020727234871426758
24.2696,-14.1054,|val|>=0.10,PCMCI,LIN,2,0.8137492230390455,0.5679643891768716,0.38704714741238033,0.033232953706216255
24.2696,-14.1054,|val|>=0.10,LASSO,LIN,2,0.8137492230390455,0.5679643891768716,0.38704714741238033,0.033232953706216255
24.2696,-14.1054,|val|>=0.10,PCMCI,KRR,2,0.8209871763463904,0.556819109757655,0.37748982520383617,0.02390981404464659
24.2696,-14.1054,|val|>=0.10,LASSO,KRR,2,0.8209871763463904,0.556819109757655,0.37748982520383617,0.02390981404464659
24.2696,-14.1054,|val|>=0.15,PCMCI,LIN,2,0.8137492230390455,0.5679643891768716,0.38704714741238033,0.033232953706216255
24.2696,-14.1054,|val|>=0.15,LASSO,LIN,2,0.8137492230390455,0.5679643891768716,0.38704714741238033,0.033232953706216255
24.2696,-14.1054,|val|>=0.15,PCMCI,KRR,2,0.8209871763463904,0.556819109757655,0.37748982520383617,0.02390981404464659
24.2696,-14.1054,|val|>=0.15,LASSO,KRR,2,0.8209871763463904,0.556819109757655,0.37748982520383617,0.02390981404464659
24.2696,-14.6054,-,CLIMATOLOGY,-,0,0.7634502030893057,0.6400786625163983,0.45329701601413275,0.03866889916313815
24.2696,-14.6054,-,ALL,LIN,56,0.8262589391526052,0.5485589366845662,0.3804006235246031,0.011231391753996546
24.2696,-14.6054,-,ALL,KRR,56,0.8221934011613621,0.5549399586754333,0.38495420307463507,0.014280794822882335
24.2696,-14.6054,fdr<=0.01,PCMCI,LIN,7,0.8187276203040074,0.560322262727471,0.3847359197259891,0.02160837559267369
24.2696,-14.6054,fdr<=0.01,LASSO,LIN,7,0.8207153209041085,0.5572417523237557,0.3797480188777742,0.037510291031702336
24.2696,-14.6054,fdr<=0.01,PCMCI,KRR,7,0.8249556587476097,0.5506125399015427,0.3773574753793071,0.018913853300168666
24.2696,-14.6054,fdr<=0.01,LASSO,KRR,7,0.8279610789042212,0.5458652091317856,0.37227864414788303,0.029238881583771165
24.2696,-14.6054,fdr<=0.001,PCMCI,LIN,5,0.8185690039141145,0.5605673548398951,0.38083662295006576,0.03178915010471607
24.2696,-14.6054,fdr<=0.001,LASSO,LIN,5,0.816306349101566,0.5640519864802284,0.3881870212151498,0.016932676679573853
24.2696,-14.6054,fdr<=0.001,PCMCI,KRR,5,0.8252842412675914,0.5500955090791099,0.37507704945093,0.023074682746714426
24.2696,-14.6054,fdr<=0.001,LASSO,KRR,5,0.825565191257261,0.5496530432445801,0.3760966070367602,0.013373987972329367
24.2696,-14.6054,fdr<=0.0001,PCMCI,LIN,3,0.8193980227456904,0.559285178733975,0.37826291414937935,0.03371998292151736
24.2696,-14.6054,fdr<=0.0001,LASSO,LIN,3,0.8117533126209748,0.5709995045791328,0.38997574595356954,0.034662833178038206
24.2696,-14.6054,fdr<=0.0001,PCMCI,KRR,3,0.8241490305135295,0.5518797306289435,0.3731454243602738,0.023732317970232952
24.2696,-14.6054,fdr<=0.0001,LASSO,KRR,3,0.8223058730750193,0.5547644167302646,0.3780906423623179,0.02527326447050586
24.2696,-14.6054,|val|>=0.075,PCMCI,LIN,4,0.8198253113226245,0.5586231768876389,0.3785390774528545,0.03034341257714963
24.2696,-14.6054,|val|>=0.075,LASSO,LIN,4,0.8139031938633612,0.5677295766636398,0.3894121095649672,0.0261492305966965
24.2696,-14.6054,|val|>=0.075,PCMCI,KRR,4,0.8240516763031154,0.5520324746867842,0.3742796071656843,0.022291432552693717
24.2696,-14.6054,|val|>=0.075,LASSO,KRR,4,0.8245532481567699,0.5512450799727356,0.37637662214212714,0.020727234871426758
24.2696,-14.6054,|val|>=0.10,PCMCI,LIN,2,0.8137492230390455,0.5679643891768716,0.38704714741238033,0.033232953706216255
24.2696,-14.6054,|val|>=0.10,LASSO,LIN,2,0.8137492230390455,0.5679643891768716,0.38704714741238033,0.033232953706216255
24.2696,-14.6054,|val|>=0.10,PCMCI,KRR,2,0.8209871763463904,0.556819109757655,0.37748982520383617,0.02390981404464659
24.2696,-14.6054,|val|>=0.10,LASSO,KRR,2,0.8209871763463904,0.556819109757655,0.37748982520383617,0.02390981404464659
24.2696,-14.6054,|val|>=0.15,PCMCI,LIN,2,0.8137492230390455,0.5679643891768716,0.38704714741238033,0.033232953706216255
24.2696,-14.6054,|val|>=0.15,LASSO,LIN,2,0.8137492230390455,0.5679643891768716,0.38704714741238033,0.033232953706216255
24.2696,-14.6054,|val|>=0.15,PCMCI,KRR,2,0.8209871763463904,0.556819109757655,0.37748982520383617,0.02390981404464659
24.2696,-14.6054,|val|>=0.15,LASSO,KRR,2,0.8209871763463904,0.556819109757655,0.37748982520383617,0.02390981404464659
24.2696,-15.1054,-,CLIMATOLOGY,-,0,0.7672037067208902,0.6453235580986157,0.5008076143571157,-0.13697659206022922
24.2696,-15.1054,-,ALL,LIN,56,0.8265383107902503,0.5570462756015425,0.40248387651191486,-0.05385961082133602
24.2696,-15.1054,-,ALL,KRR,56,0.8212073316261468,0.5655413213885082,0.4131527558464847,-0.06074709279947416
24.2696,-15.1054,fdr<=0.01,PCMCI,LIN,8,0.8280882169290928,0.554552045623718,0.3980807118079773,-0.04422444239925687
24.2696,-15.1054,fdr<=0.01,LASSO,LIN,8,0.8279376998031616,0.5547947611495846,0.39754347131309314,-0.03342913469310589
24.2696,-15.1054,fdr<=0.01,PCMCI,KRR,8,0.8285564498509346,0.5537963191440047,0.39846971798892206,-0.060340639169969346
24.2696,-15.1054,fdr<=0.01,LASSO,KRR,8,0.8288704177940602,0.5532889977285673,0.3980669896009828,-0.054963599344334126
24.2696,-15.1054,fdr<=0.001,PCMCI,LIN,4,0.8263643012552324,0.5573256083656015,0.40390123826750984,-0.05591979165753375
24.2696,-15.1054,fdr<=0.001,LASSO,LIN,4,0.8215877427002133,0.5649393595158405,0.3957507677630846,0.02122369781256366
24.2696,-15.1054,fdr<=0.001,PCMCI,KRR,4,0.8299913598253673,0.5514739291422351,0.40272254657278883,-0.07912817056571594
24.2696,-15.1054,fdr<=0.001,LASSO,KRR,4,0.8268767840562216,0.5565025320829724,0.39023997921929937,-0.0106688489999379
24.2696,-15.1054,fdr<=0.0001,PCMCI,LIN,3,0.8270193864422319,0.5562732880234584,0.39652722664283113,-0.026317899780061972
24.2696,-15.1054,fdr<=0.0001,LASSO,LIN,3,0.8235120973349566,0.5618843814241801,0.39763844859748226,-0.008862548420784929
24.2696,-15.1054,fdr<=0.0001,PCMCI,KRR,3,0.830833951996689,0.5501056316565532,0.39477215257380666,-0.05772231300878511
24.2696,-15.1054,fdr<=0.0001,LASSO,KRR,3,0.8292297174594638,0.5527078562157309,0.3904288872384842,-0.03248761144344435
24.2696,-15.1054,|val|>=0.075,PCMCI,LIN,4,0.8263643012552324,0.5573256083656015,0.40390123826750984,-0.05591979165753375
24.2696,-15.1054,|val|>=0.075,LASSO,LIN,4,0.8215877427002133,0.5649393595158405,0.3957507677630846,0.02122369781256366
24.2696,-15.1054,|val|>=0.075,PCMCI,KRR,4,0.8299913598253673,0.5514739291422351,0.40272254657278883,-0.07912817056571594
24.2696,-15.1054,|val|>=0.075,LASSO,KRR,4,0.8268767840562216,0.5565025320829724,0.39023997921929937,-0.0106688489999379
24.2696,-15.1054,|val|>=0.10,PCMCI,LIN,3,0.8270193864422319,0.5562732880234584,0.39652722664283113,-0.026317899780061972
24.2696,-15.1054,|val|>=0.10,LASSO,LIN,3,0.8235120973349566,0.5618843814241801,0.39763844859748226,-0.008862548420784929
24.2696,-15.1054,|val|>=0.10,PCMCI,KRR,3,0.830833951996689,0.5501056316565532,0.39477215257380666,-0.05772231300878511
24.2696,-15.1054,|val|>=0.10,LASSO,KRR,3,0.8292297174594638,0.5527078562157309,0.3904288872384842,-0.03248761144344435
24.2696,-15.1054,|val|>=0.15,PCMCI,LIN,2,0.825600662459359,0.5585498052048778,0.39512810368068235,-0.01000420396996143
24.2696,-15.1054,|val|>=0.15,LASSO,LIN,2,0.825600662459359,0.5585498052048778,0.39512810368068235,-0.01000420396996143
24.2696,-15.1054,|val|>=0.15,PCMCI,KRR,2,0.8311124433615905,0.5496526365857376,0.3892899918803273,-0.03318110001516815
24.2696,-15.1054,|val|>=0.15,LASSO,KRR,2,0.8311124433615905,0.5496526365857376,0.3892899918803273,-0.03318110001516815
24.7696,-12.1054,-,CLIMATOLOGY,-,0,0.7371794487707743,0.6946077865650343,0.4800378365732323,-0.013160253102386695
24.7696,-12.1054,-,ALL,LIN,56,0.8001163449862707,0.6057572597021974,0.39717377610356264,-0.000722734420498508
24.7696,-12.1054,-,ALL,KRR,56,0.8014097793576691,0.6037941705132068,0.4023760151850668,-0.0052816302611548415
24.7696,-12.1054,fdr<=0.01,PCMCI,LIN,7,0.7978499822648857,0.6091817419340967,0.4028060759477513,-0.0004615351544323572
24.7696,-12.1054,fdr<=0.01,LASSO,LIN,7,0.7971424966579002,0.6102468194563416,0.40289428663555205,0.0011106576296928904
24.7696,-12.1054,fdr<=0.01,PCMCI,KRR,7,0.8007237714224771,0.6048361415095336,0.3948060590343388,0.0033760966730853126
24.7696,-12.1054,fdr<=0.01,LASSO,KRR,7,0.8044644181592993,0.5991325096018512,0.3933586049076132,0.010451234937116347
24.7696,-12.1054,fdr<=0.001,PCMCI,LIN,5,0.7978993244038772,0.6091073908038017,0.4019193913606548,0.0021269012255678817
24.7696,-12.1054,fdr<=0.001,LASSO,LIN,5,0.7948056652079596,0.6137516456728472,0.40433303230384804,-0.0048092652769507905
24.7696,-12.1054,fdr<=0.001,PCMCI,KRR,5,0.8012480718492722,0.6040399484335867,0.3905519656451157,0.013039135935901312
24.7696,-12.1054,fdr<=0.001,LASSO,KRR,5,0.8014385513690223,0.6037504296835946,0.39488243034057086,0.004506492944775481
24.7696,-12.1054,fdr<=0.0001,PCMCI,LIN,4,0.7940617690249885,0.6148631638196359,0.40589291221011775,-0.004838602257777745
24.7696,-12.1054,fdr<=0.0001,LASSO,LIN,4,0.7940617690249885,0.6148631638196359,0.40589291221011775,-0.004838602257777745
24.7696,-12.1054,fdr<=0.0001,PCMCI,KRR,4,0.8003252236005112,0.6054406685077557,0.39445644563215465,0.006699592449893426
24.7696,-12.1054,fdr<=0.0001,LASSO,KRR,4,0.8003252236005112,0.6054406685077557,0.39445644563215465,0.006699592449893426
24.7696,-12.1054,|val|>=0.075,PCMCI,LIN,5,0.7978993244038772,0.6091073908038017,0.4019193913606548,0.0021269012255678817
24.7696,-12.1054,|val|>=0.075,LASSO,LIN,5,0.7948056652079596,0.6137516456728472,0.40433303230384804,-0.0048092652769507905
24.7696,-12.1054,|val|>=0.075,PCMCI,KRR,5,0.8012480718492722,0.6040399484335867,0.3905519656451157,0.013039135935901312
24.7696,-12.1054,|val|>=0.075,LASSO,KRR,5,0.8014385513690223,0.6037504296835946,0.39488243034057086,0.004506492944775481
24.7696,-12.1054,|val|>=0.10,PCMCI,LIN,3,0.7971225825467608,0.6102767720697584,0.4023599073173342,-0.004516958754857577
24.7696,-12.1054,|val|>=0.10,LASSO,LIN,3,0.7917542060280628,0.618298376007043,0.40491830741741985,0.013006396226016775
24.7696,-12.1054,|val|>=0.10,PCMCI,KRR,3,0.8014613539272549,0.6037157617012232,0.392227636695646,0.0096849741618048
24.7696,-12.1054,|val|>=0.10,LASSO,KRR,3,0.7990755394617663,0.6073323182076259,0.3940525917931866,0.013162778220865595
24.7696,-12.1054,|val|>=0.15,PCMCI,LIN,1,0.7881633121749123,0.623606416625848,0.41950892164738585,0.021834321660856474
24.7696,-12.1054,|val|>=0.15,LASSO,LIN,1,0.7885232083221312,0.6230764589626371,0.4071237552373464,-0.0059910589097055935
24.7696,-12.1054,|val|>=0.15,PCMCI,KRR,1,0.7870133553612843,0.6252967514412808,0.4185904648939838,0.022943359836180694
24.7696,-12.1054,|val|>=0.15,LASSO,KRR,1,0.794481184615058,0.6142367268751475,0.4005860646401847,-0.00403215711181046
24.7696,-12.6054,-,CLIMATOLOGY,-,0,0.7371794487707743,0.6946077865650343,0.4800378365732323,-0.013160253102386695
24.7696,-12.6054,-,ALL,LIN,56,0.8016551330758123,0.6034210682289867,0.3941396256864395,0.005381383048827149
24.7696,-12.6054,-,ALL,KRR,56,0.8024008853284411,0.6022856055029685,0.39922272362861405,-0.005179888711835071
24.7696,-12.6054,fdr<=0.01,PCMCI,LIN,6,0.7995459297848866,0.6066209796128437,0.3985927503965855,0.009541272025078838
24.7696,-12.6054,fdr<=0.01,LASSO,LIN,6,0.7979955059356216,0.6089624337085351,0.3998723428763604,0.008176577124541423
24.7696,-12.6054,fdr<=0.01,PCMCI,KRR,6,0.8006972418089697,0.604876401040655,0.39509044317162556,0.009943522319311806
24.7696,-12.6054,fdr<=0.01,LASSO,KRR,6,0.8021812601594465,0.6026202232543586,0.3922129853652634,0.015068594093241579
24.7696,-12.6054,fdr<=0.001,PCMCI,LIN,4,0.7943709731561607,0.6144014000035757,0.40488889673618256,-0.0013478649845844735
24.7696,-12.6054,fdr<=0.001,LASSO,LIN,4,0.7943709731561607,0.6144014000035757,0.40488889673618256,-0.0013478649845844735
24.7696,-12.6054,fdr<=0.001,PCMCI,KRR,4,0.79754410345786,0.6096424526290216,0.39739573051697524,0.004163112996172903
24.7696,-12.6054,fdr<=0.001,LASSO,KRR,4,0.79754410345786,0.6096424526290216,0.39739573051697524,0.004163112996172903
24.7696,-12.6054,fdr<=0.0001,PCMCI,LIN,3,0.7968002136861937,0.6107614394622222,0.4024529382475761,-0.0024797744955705387
24.7696,-12.6054,fdr<=0.0001,LASSO,LIN,3,0.7922216283497845,0.6176040791067184,0.4041448561892363,0.014009156146549896
24.7696,-12.6054,fdr<=0.0001,PCMCI,KRR,3,0.8018859362348136,0.6030698818580605,0.392898419543956,0.009019044859727151
24.7696,-12.6054,fdr<=0.0001,LASSO,KRR,3,0.7950449706137359,0.6133936510569574,0.396917491026091,0.01031800124115627
24.7696,-12.6054,|val|>=0.075,PCMCI,LIN,4,0.7943709731561607,0.6144014000035757,0.40488889673618256,-0.0013478649845844735
24.7696,-12.6054,|val|>=0.075,LASSO,LIN,4,0.7943709731561607,0.6144014000035757,0.40488889673618256,-0.0013478649845844735
24.7696,-12.6054,|val|>=0.075,PCMCI,KRR,4,0.79754410345786,0.6096424526290216,0.39739573051697524,0.004163112996172903
24.7696,-12.6054,|val|>=0.075,LASSO,KRR,4,0.79754410345786,0.6096424526290216,0.39739573051697524,0.004163112996172903
24.7696,-12.6054,|val|>=0.10,PCMCI,LIN,2,0.7948350335384256,0.6137077226615997,0.4024599024379902,0.00962451197180615
24.7696,-12.6054,|val|>=0.10,LASSO,LIN,2,0.7948350335384256,0.6137077226615997,0.4024599024379902,0.00962451197180615
24.7696,-12.6054,|val|>=0.10,PCMCI,KRR,2,0.8008002430097888,0.6047200784489166,0.39170947576961457,0.010917080135918506
24.7696,-12.6054,|val|>=0.10,LASSO,KRR,2,0.8008002430097888,0.6047200784489166,0.39170947576961457,0.010917080135918506
24.7696,-12.6054,|val|>=0.15,PCMCI,LIN,1,0.7881633121749123,0.623606416625848,0.41950892164738585,0.021834321660856474
24.7696,-12.6054,|val|>=0.15,LASSO,LIN,1,0.7885232083221312,0.6230764589626371,0.4071237552373464,-0.0059910589097055935
24.7696,-12.6054,|val|>=0.15,PCMCI,KRR,1,0.7870133553612843,0.6252967514412808,0.4185904648939838,0.022943359836180694
24.7696,-12.6054,|val|>=0.15,LASSO,KRR,1,0.794481184615058,0.6142367268751475,0.4005860646401847,-0.00403215711181046
24.7696,-13.1054,-,CLIMATOLOGY,-,0,0.7605812974356003,0.6638354132284879,0.4653756897978675,-0.02746587633009892
24.7696,-13.1054,-,ALL,LIN,56,0.8168179418589581,0.5806612535801593,0.3835627275031778,-0.007059294334682686
24.7696,-13.1054,-,ALL,KRR,56,0.8168349391644716,0.5806343134262287,0.38854842906372206,-0.015352705724942347
24.7696,-13.1054,fdr<=0.01,PCMCI,LIN,6,0.8114421965152234,0.5891198218094079,0.39024940238537403,-0.011920607557754355
24.7696,-13.1054,fdr<=0.01,LASSO,LIN,6,0.8097997642942646,0.5916800220249732,0.3914549057684278,-0.0131199202677368
24.7696,-13.1054,fdr<=0.01,PCMCI,KRR,6,0.8181584732403288,0.5785327046563773,0.3825863944460179,-0.014134344271117132
24.7696,-13.1054,fdr<=0.01,LASSO,KRR,6,0.8198389392040888,0.5758532807030482,0.3809162111209306,-0.012029410971034219
24.7696,-13.1054,fdr<=0.001,PCMCI,LIN,4,0.8101689122780091,0.5911055654066902,0.3922961699098683,-0.01561222573274016
24.7696,-13.1054,fdr<=0.001,LASSO,LIN,4,0.8096690004183725,0.5918833789742795,0.39139385216720207,-0.011401263037636155
24.7696,-13.1054,fdr<=0.001,PCMCI,KRR,4,0.818135465187137,0.5785693038052484,0.3810272266705034,-0.010824208447703213
24.7696,-13.1054,fdr<=0.001,LASSO,KRR,4,0.8184405805388051,0.5780837652682779,0.3808137073120651,-0.009235664556327931
24.7696,-13.1054,fdr<=0.0001,PCMCI,LIN,2,0.8104613860332447,0.590650030150946,0.38966518616092854,-0.006473573579647701
24.7696,-13.1054,fdr<=0.0001,LASSO,LIN,2,0.8104613860332447,0.590650030150946,0.38966518616092854,-0.006473573579647701
24.7696,-13.1054,fdr<=0.0001,PCMCI,KRR,2,0.8159930420894577,0.5819671928997593,0.379649662411249,-0.0073422390539487885
24.7696,-13.1054,fdr<=0.0001,LASSO,KRR,2,0.8159930420894577,0.5819671928997593,0.379649662411249,-0.0073422390539487885
24.7696,-13.1054,|val|>=0.075,PCMCI,LIN,3,0.8084779891592204,0.5937323694249942,0.3915930505697553,-0.0040973959755594746
24.7696,-13.1054,|val|>=0.075,LASSO,LIN,3,0.8084779891592204,0.5937323694249942,0.3915930505697553,-0.0040973959755594746
24.7696,-13.1054,|val|>=0.075,PCMCI,KRR,3,0.817391101057766,0.5797521250222708,0.3790433230838818,-0.004045014445488927
24.7696,-13.1054,|val|>=0.075,LASSO,KRR,3,0.817391101057766,0.5797521250222708,0.3790433230838818,-0.004045014445488927
24.7696,-13.1054,|val|>=0.10,PCMCI,LIN,2,0.8104613860332447,0.590650030150946,0.38966518616092854,-0.006473573579647701
24.7696,-13.1054,|val|>=0.10,LASSO,LIN,2,0.8104613860332447,0.590650030150946,0.38966518616092854,-0.006473573579647701
24.7696,-13.1054,|val|>=0.10,PCMCI,KRR,2,0.8159930420894577,0.5819671928997593,0.379649662411249,-0.0073422390539487885
24.7696,-13.1054,|val|>=0.10,LASSO,KRR,2,0.8159930420894577,0.5819671928997593,0.379649662411249,-0.0073422390539487885
24.7696,-13.1054,|val|>=0.15,PCMCI,LIN,2,0.8104613860332447,0.590650030150946,0.38966518616092854,-0.006473573579647701
24.7696,-13.1054,|val|>=0.15,LASSO,LIN,2,0.8104613860332447,0.590650030150946,0.38966518616092854,-0.006473573579647701
24.7696,-13.1054,|val|>=0.15,PCMCI,KRR,2,0.8159930420894577,0.5819671928997593,0.379649662411249,-0.0073422390539487885
24.7696,-13.1054,|val|>=0.15,LASSO,KRR,2,0.8159930420894577,0.5819671928997593,0.379649662411249,-0.0073422390539487885
24.7696,-13.6054,-,CLIMATOLOGY,-,0,0.7605812974356003,0.6638354132284879,0.4653756897978675,-0.02746587633009892
24.7696,-13.6054,-,ALL,LIN,56,0.8175200099563504,0.5795474570065972,0.382949651972581,-0.005952435670300113
24.7696,-13.6054,-,ALL,KRR,56,0.8172205072986862,0.580022864857631,0.388452472482176,-0.014949118920687983
24.7696,-13.6054,fdr<=0.01,PCMCI,LIN,6,0.8108335336462096,0.5900698924267903,0.3911150994427557,-0.009430177890241465
24.7696,-13.6054,fdr<=0.01,LASSO,LIN,6,0.8100563390617305,0.5912808074946316,0.38846415429240333,-0.007325113153510686
24.7696,-13.6054,fdr<=0.01,PCMCI,KRR,6,0.8176383512699845,0.5793595034383762,0.3837167055993545,-0.012535911553640833
24.7696,-13.6054,fdr<=0.01,LASSO,KRR,6,0.8195891622356817,0.5762523266097749,0.3791612910965727,-0.002489116345616448
24.7696,-13.6054,fdr<=0.001,PCMCI,LIN,4,0.8113578061187439,0.5892516394615231,0.38819598542020606,-0.002525358566636195
24.7696,-13.6054,fdr<=0.001,LASSO,LIN,4,0.8092626967730151,0.5925147952177063,0.392349838856603,-0.013326333095114577
24.7696,-13.6054,fdr<=0.001,PCMCI,KRR,4,0.8188441063530646,0.5774409964110209,0.37818370674053314,-0.0016500780616948232
24.7696,-13.6054,fdr<=0.001,LASSO,KRR,4,0.8182922027660028,0.5783199338579653,0.3811503873308075,-0.010815095419683743
24.7696,-13.6054,fdr<=0.0001,PCMCI,LIN,3,0.807845597995853,0.5947117912380637,0.39222465304643556,-0.004182645928859015
24.7696,-13.6054,fdr<=0.0001,LASSO,LIN,3,0.807845597995853,0.5947117912380637,0.39222465304643556,-0.004182645928859015
24.7696,-13.6054,fdr<=0.0001,PCMCI,KRR,3,0.8168456167285768,0.5806173892092655,0.3794942759241553,-0.003202364432829263
24.7696,-13.6054,fdr<=0.0001,LASSO,KRR,3,0.8168456167285768,0.5806173892092655,0.3794942759241553,-0.003202364432829263
24.7696,-13.6054,|val|>=0.075,PCMCI,LIN,3,0.807845597995853,0.5947117912380637,0.39222465304643556,-0.004182645928859015
24.7696,-13.6054,|val|>=0.075,LASSO,LIN,3,0.807845597995853,0.5947117912380637,0.39222465304643556,-0.004182645928859015
24.7696,-13.6054,|val|>=0.075,PCMCI,KRR,3,0.8168456167285768,0.5806173892092655,0.3794942759241553,-0.003202364432829263
24.7696,-13.6054,|val|>=0.075,LASSO,KRR,3,0.8168456167285768,0.5806173892092655,0.3794942759241553,-0.003202364432829263
24.7696,-13.6054,|val|>=0.10,PCMCI,LIN,3,0.807845597995853,0.5947117912380637,0.39222465304643556,-0.004182645928859015
24.7696,-13.6054,|val|>=0.10,LASSO,LIN,3,0.807845597995853,0.5947117912380637,0.39222465304643556,-0.004182645928859015
24.7696,-13.6054,|val|>=0.10,PCMCI,KRR,3,0.8168456167285768,0.5806173892092655,0.3794942759241553,-0.003202364432829263
24.7696,-13.6054,|val|>=0.10,LASSO,KRR,3,0.8168456167285768,0.5806173892092655,0.3794942759241553,-0.003202364432829263
24.7696,-13.6054,|val|>=0.15,PCMCI,LIN,2,0.8104613860332447,0.590650030150946,0.38966518616092854,-0.006473573579647701
24.7696,-13.6054,|val|>=0.15,LASSO,LIN,2,0.8104613860332447,0.590650030150946,0.38966518616092854,-0.006473573579647701
24.7696,-13.6054,|val|>=0.15,PCMCI,KRR,2,0.8159930420894577,0.5819671928997593,0.379649662411249,-0.0073422390539487885
24.7696,-13.6054,|val|>=0.15,LASSO,KRR,2,0.8159930420894577,0.5819671928997593,0.379649662411249,-0.0073422390539487885
24.7696,-14.1054,-,CLIMATOLOGY,-,0,0.7634502030893057,0.6400786625163983,0.45329701601413275,0.03866889916313815
24.7696,-14.1054,-,ALL,LIN,56,0.827377386657083,0.546790428539904,0.37820230719560705,0.01569442531459502
24.7696,-14.1054,-,ALL,KRR,56,0.8236067487246936,0.5527300073180671,0.3819198674059882,0.016863929225446057
24.7696,-14.1054,fdr<=0.01,PCMCI,LIN,8,0.8185028218605965,0.5606695868642584,0.38534557273555475,0.021724773068327267
24.7696,-14.1054,fdr<=0.01,LASSO,LIN,8,0.8217810781987063,0.5555830225187486,0.3805789091405246,0.0308463767015423
24.7696,-14.1054,fdr<=0.01,PCMCI,KRR,8,0.826560908393638,0.5480820201648356,0.37492897653538876,0.016963747436942508
24.7696,-14.1054,fdr<=0.01,LASSO,KRR,8,0.829641228443731,0.5431931818252604,0.3705732026127756,0.01978749998974499
24.7696,-14.1054,fdr<=0.001,PCMCI,LIN,5,0.8180267618058972,0.5614044126088761,0.38197145524249476,0.031921064343911086
24.7696,-14.1054,fdr<=0.001,LASSO,LIN,5,0.8157719410871438,0.5648718705193788,0.3885399574562771,0.018270494038013778
24.7696,-14.1054,fdr<=0.001,PCMCI,KRR,5,0.8262673704513016,0.5485456263008899,0.3720061682060631,0.023732996719514902
24.7696,-14.1054,fdr<=0.001,LASSO,KRR,5,0.8253335119428564,0.5500179388344648,0.3737790536544235,0.014727960843925284
24.7696,-14.1054,fdr<=0.0001,PCMCI,LIN,3,0.8189876021414443,0.5599203099296252,0.3798245580130339,0.03291831083378464
24.7696,-14.1054,fdr<=0.0001,LASSO,LIN,3,0.811935367652263,0.5707233284619688,0.389248193962399,0.035441602788122535
24.7696,-14.1054,fdr<=0.0001,PCMCI,KRR,3,0.8244011582484091,0.5514839577271083,0.37359059512309906,0.021195100164209998
24.7696,-14.1054,fdr<=0.0001,LASSO,KRR,3,0.8218211741077048,0.5555205211323013,0.37752448929004206,0.026609271186715477
24.7696,-14.1054,|val|>=0.075,PCMCI,LIN,4,0.8192759718469451,0.5594741294057914,0.3804155314023635,0.029007694251979837
24.7696,-14.1054,|val|>=0.075,LASSO,LIN,4,0.815242171507943,0.5656834654254258,0.3885049466802577,0.020867389589437225
24.7696,-14.1054,|val|>=0.075,PCMCI,KRR,4,0.8246249704763355,0.5511323944518698,0.3736386163730796,0.01870926122252688
24.7696,-14.1054,|val|>=0.075,LASSO,KRR,4,0.8254436798510414,0.5498444542577049,0.37395540472640026,0.016009545836198943
24.7696,-14.1054,|val|>=0.10,PCMCI,LIN,2,0.8137492230390455,0.5679643891768716,0.38704714741238033,0.033232953706216255
24.7696,-14.1054,|val|>=0.10,LASSO,LIN,2,0.8137492230390455,0.5679643891768716,0.38704714741238033,0.033232953706216255
24.7696,-14.1054,|val|>=0.10,PCMCI,KRR,2,0.8209871763463904,0.556819109757655,0.37748982520383617,0.02390981404464659
24.7696,-14.1054,|val|>=0.10,LASSO,KRR,2,0.8209871763463904,0.556819109757655,0.37748982520383617,0.02390981404464659
24.7696,-14.1054,|val|>=0.15,PCMCI,LIN,2,0.8137492230390455,0.5679643891768716,0.38704714741238033,0.033232953706216255
24.7696,-14.1054,|val|>=0.15,LASSO,LIN,2,0.8137492230390455,0.5679643891768716,0.38704714741238033,0.033232953706216255
24.7696,-14.1054,|val|>=0.15,PCMCI,KRR,2,0.8209871763463904,0.556819109757655,0.37748982520383617,0.02390981404464659
24.7696,-14.1054,|val|>=0.15,LASSO,KRR,2,0.8209871763463904,0.556819109757655,0.37748982520383617,0.02390981404464659
24.7696,-14.6054,-,CLIMATOLOGY,-,0,0.7634502030893057,0.6400786625163983,0.45329701601413275,0.03866889916313815
24.7696,-14.6054,-,ALL,LIN,56,0.827377386657083,0.546790428539904,0.37820230719560705,0.01569442531459502
24.7696,-14.6054,-,ALL,KRR,56,0.8236067487246936,0.5527300073180671,0.3819198674059882,0.016863929225446057
24.7696,-14.6054,fdr<=0.01,PCMCI,LIN,8,0.8185028218605965,0.5606695868642584,0.38534557273555475,0.021724773068327267
24.7696,-14.6054,fdr<=0.01,LASSO,LIN,8,0.8217810781987063,0.5555830225187486,0.3805789091405246,0.0308463767015423
24.7696,-14.6054,fdr<=0.01,PCMCI,KRR,8,0.826560908393638,0.5480820201648356,0.37492897653538876,0.016963747436942508
24.7696,-14.6054,fdr<=0.01,LASSO,KRR,8,0.829641228443731,0.5431931818252604,0.3705732026127756,0.01978749998974499
24.7696,-14.6054,fdr<=0.001,PCMCI,LIN,5,0.8180267618058972,0.5614044126088761,0.38197145524249476,0.031921064343911086
24.7696,-14.6054,fdr<=0.001,LASSO,LIN,5,0.8157719410871438,0.5648718705193788,0.3885399574562771,0.018270494038013778
24.7696,-14.6054,fdr<=0.001,PCMCI,KRR,5,0.8262673704513016,0.5485456263008899,0.3720061682060631,0.023732996719514902
24.7696,-14.6054,fdr<=0.001,LASSO,KRR,5,0.8253335119428564,0.5500179388344648,0.3737790536544235,0.014727960843925284
24.7696,-14.6054,fdr<=0.0001,PCMCI,LIN,3,0.8189876021414443,0.5599203099296252,0.3798245580130339,0.03291831083378464
24.7696,-14.6054,fdr<=0.0001,LASSO,LIN,3,0.811935367652263,0.5707233284619688,0.389248193962399,0.035441602788122535
24.7696,-14.6054,fdr<=0.0001,PCMCI,KRR,3,0.8244011582484091,0.5514839577271083,0.37359059512309906,0.021195100164209998
24.7696,-14.6054,fdr<=0.0001,LASSO,KRR,3,0.8218211741077048,0.5555205211323013,0.37752448929004206,0.026609271186715477
24.7696,-14.6054,|val|>=0.075,PCMCI,LIN,4,0.8192759718469451,0.5594741294057914,0.3804155314023635,0.029007694251979837
24.7696,-14.6054,|val|>=0.075,LASSO,LIN,4,0.815242171507943,0.5656834654254258,0.3885049466802577,0.020867389589437225
24.7696,-14.6054,|val|>=0.075,PCMCI,KRR,4,0.8246249704763355,0.5511323944518698,0.3736386163730796,0.01870926122252688
24.7696,-14.6054,|val|>=0.075,LASSO,KRR,4,0.8254436798510414,0.5498444542577049,0.37395540472640026,0.016009545836198943
24.7696,-14.6054,|val|>=0.10,PCMCI,LIN,2,0.8137492230390455,0.5679643891768716,0.38704714741238033,0.033232953706216255
24.7696,-14.6054,|val|>=0.10,LASSO,LIN,2,0.8137492230390455,0.5679643891768716,0.38704714741238033,0.033232953706216255
24.7696,-14.6054,|val|>=0.10,PCMCI,KRR,2,0.8209871763463904,0.556819109757655,0.37748982520383617,0.02390981404464659
24.7696,-14.6054,|val|>=0.10,LASSO,KRR,2,0.8209871763463904,0.556819109757655,0.37748982520383617,0.02390981404464659
24.7696,-14.6054,|val|>=0.15,PCMCI,LIN,2,0.8137492230390455,0.5679643891768716,0.38704714741238033,0.033232953706216255
24.7696,-14.6054,|val|>=0.15,LASSO,LIN,2,0.8137492230390455,0.5679643891768716,0.38704714741238033,0.033232953706216255
24.7696,-14.6054,|val|>=0.15,PCMCI,KRR,2,0.8209871763463904,0.556819109757655,0.37748982520383617,0.02390981404464659
24.7696,-14.6054,|val|>=0.15,LASSO,KRR,2,0.8209871763463904,0.556819109757655,0.37748982520383617,0.02390981404464659
25.2696,-12.1054,-,CLIMATOLOGY,-,0,0.7640325736532876,0.6808942358309406,0.48941893421839633,-0.012244753808312952
25.2696,-12.1054,-,ALL,LIN,56,0.824474846575131,0.5872503853088904,0.40396879803422425,-0.005025195824454116
25.2696,-12.1054,-,ALL,KRR,56,0.8204344669161237,0.5939708328584395,0.4084731112153287,-0.008738001023147417
25.2696,-12.1054,fdr<=0.01,PCMCI,LIN,4,0.8173195634040347,0.5991004560396755,0.4142094961848465,-0.007093476190081487
25.2696,-12.1054,fdr<=0.01,LASSO,LIN,4,0.8173195634040347,0.5991004560396755,0.4142094961848465,-0.007093476190081487
25.2696,-12.1054,fdr<=0.01,PCMCI,KRR,4,0.8189401806865876,0.5964371290416023,0.4087167831818413,0.0038419579296741185
25.2696,-12.1054,fdr<=0.01,LASSO,KRR,4,0.8189401806865876,0.5964371290416023,0.4087167831818413,0.0038419579296741185
25.2696,-12.1054,fdr<=0.001,PCMCI,LIN,4,0.8173195634040347,0.5991004560396755,0.4142094961848465,-0.007093476190081487
25.2696,-12.1054,fdr<=0.001,LASSO,LIN,4,0.8173195634040347,0.5991004560396755,0.4142094961848465,-0.007093476190081487
25.2696,-12.1054,fdr<=0.001,PCMCI,KRR,4,0.8189401806865876,0.5964371290416023,0.4087167831818413,0.0038419579296741185
25.2696,-12.1054,fdr<=0.001,LASSO,KRR,4,0.8189401806865876,0.5964371290416023,0.4087167831818413,0.0038419579296741185
25.2696,-12.1054,fdr<=0.0001,PCMCI,LIN,3,0.8187915382906872,0.596681903547615,0.41330029597923784,-0.007046286612799319
25.2696,-12.1054,fdr<=0.0001,LASSO,LIN,3,0.8127954832421648,0.6064734471912022,0.4187888759109861,0.006771498313617548
25.2696,-12.1054,fdr<=0.0001,PCMCI,KRR,3,0.8198707627717756,0.5949024188111367,0.407280244563553,0.004846231877522484
25.2696,-12.1054,fdr<=0.0001,LASSO,KRR,3,0.816588167826914,0.6002985638509218,0.410764689404401,0.010547600333058658
25.2696,-12.1054,|val|>=0.075,PCMCI,LIN,4,0.8173195634040347,0.5991004560396755,0.4142094961848465,-0.007093476190081487
25.2696,-12.1054,|val|>=0.075,LASSO,LIN,4,0.8173195634040347,0.5991004560396755,0.4142094961848465,-0.007093476190081487
25.2696,-12.1054,|val|>=0.075,PCMCI,KRR,4,0.8189401806865876,0.5964371290416023,0.4087167831818413,0.0038419579296741185
25.2696,-12.1054,|val|>=0.075,LASSO,KRR,4,0.8189401806865876,0.5964371290416023,0.4087167831818413,0.0038419579296741185
25.2696,-12.1054,|val|>=0.10,PCMCI,LIN,2,0.8148437607962629,0.6031464906433205,0.41739913571304726,0.004524070259942787
25.2696,-12.1054,|val|>=0.10,LASSO,LIN,2,0.8148437607962629,0.6031464906433205,0.41739913571304726,0.004524070259942787
25.2696,-12.1054,|val|>=0.10,PCMCI,KRR,2,0.8172642302923739,0.5991911816345258,0.4096516384063381,0.006854820851260061
25.2696,-12.1054,|val|>=0.10,LASSO,KRR,2,0.8172642302923739,0.5991911816345258,0.4096516384063381,0.006854820851260061
25.2696,-12.1054,|val|>=0.15,PCMCI,LIN,2,0.8148437607962629,0.6031464906433205,0.41739913571304726,0.004524070259942787
25.2696,-12.1054,|val|>=0.15,LASSO,LIN,2,0.8148437607962629,0.6031464906433205,0.41739913571304726,0.004524070259942787
25.2696,-12.1054,|val|>=0.15,PCMCI,KRR,2,0.8172642302923739,0.5991911816345258,0.4096516384063381,0.006854820851260061
25.2696,-12.1054,|val|>=0.15,LASSO,KRR,2,0.8172642302923739,0.5991911816345258,0.4096516384063381,0.006854820851260061
25.2696,-12.6054,-,CLIMATOLOGY,-,0,0.7640325736532876,0.6808942358309406,0.48941893421839633,-0.012244753808312952
25.2696,-12.6054,-,ALL,LIN,56,0.823177991094239,0.5894158223434376,0.4038724795207972,-0.0012288563727131754
25.2696,-12.6054,-,ALL,KRR,56,0.8193397943838128,0.5957785729248732,0.40932011608429436,-0.007293562481080855
25.2696,-12.6054,fdr<=0.01,PCMCI,LIN,4,0.8165308077749623,0.6003924249303118,0.41547916073883256,-0.005961677658959665
25.2696,-12.6054,fdr<=0.01,LASSO,LIN,4,0.8152787956665865,0.6024375108578491,0.41690985109111467,6.689650982319141e-06
25.2696,-12.6054,fdr<=0.01,PCMCI,KRR,4,0.8173661228906082,0.599024105260964,0.41064822139373447,0.0016337178258514643
25.2696,-12.6054,fdr<=0.01,LASSO,KRR,4,0.8173246543082214,0.5990921081718742,0.4112354237573701,0.0026461999963267395
25.2696,-12.6054,fdr<=0.001,PCMCI,LIN,3,0.8178284939068831,0.5982653552637688,0.41477197324336185,-0.006089151906414101
25.2696,-12.6054,fdr<=0.001,LASSO,LIN,3,0.8130663063627508,0.6060346050089236,0.4184617583901793,0.007003876624075205
25.2696,-12.6054,fdr<=0.001,PCMCI,KRR,3,0.8185586423803152,0.5970652194032987,0.4085512321543542,0.0029740833441524264
25.2696,-12.6054,fdr<=0.001,LASSO,KRR,3,0.8156308689217643,0.6018631228285699,0.4119206948081125,0.01001549535800591
25.2696,-12.6054,fdr<=0.0001,PCMCI,LIN,2,0.8148437607962629,0.6031464906433205,0.41739913571304726,0.004524070259942787
25.2696,-12.6054,fdr<=0.0001,LASSO,LIN,2,0.8148437607962629,0.6031464906433205,0.41739913571304726,0.004524070259942787
25.2696,-12.6054,fdr<=0.0001,PCMCI,KRR,2,0.8172642302923739,0.5991911816345258,0.4096516384063381,0.006854820851260061
25.2696,-12.6054,fdr<=0.0001,LASSO,KRR,2,0.8172642302923739,0.5991911816345258,0.4096516384063381,0.006854820851260061
25.2696,-12.6054,|val|>=0.075,PCMCI,LIN,3,0.8178284939068831,0.5982653552637688,0.41477197324336185,-0.006089151906414101
25.2696,-12.6054,|val|>=0.075,LASSO,LIN,3,0.8130663063627508,0.6060346050089236,0.4184617583901793,0.007003876624075205
25.2696,-12.6054,|val|>=0.075,PCMCI,KRR,3,0.8185586423803152,0.5970652194032987,0.4085512321543542,0.0029740833441524264
25.2696,-12.6054,|val|>=0.075,LASSO,KRR,3,0.8156308689217643,0.6018631228285699,0.4119206948081125,0.01001549535800591
25.2696,-12.6054,|val|>=0.10,PCMCI,LIN,2,0.8148437607962629,0.6031464906433205,0.41739913571304726,0.004524070259942787
25.2696,-12.6054,|val|>=0.10,LASSO,LIN,2,0.8148437607962629,0.6031464906433205,0.41739913571304726,0.004524070259942787
25.2696,-12.6054,|val|>=0.10,PCMCI,KRR,2,0.8172642302923739,0.5991911816345258,0.4096516384063381,0.006854820851260061
25.2696,-12.6054,|val|>=0.10,LASSO,KRR,2,0.8172642302923739,0.5991911816345258,0.4096516384063381,0.006854820851260061
25.2696,-12.6054,|val|>=0.15,PCMCI,LIN,2,0.8148437607962629,0.6031464906433205,0.41739913571304726,0.004524070259942787
25.2696,-12.6054,|val|>=0.15,LASSO,LIN,2,0.8148437607962629,0.6031464906433205,0.41739913571304726,0.004524070259942787
25.2696,-12.6054,|val|>=0.15,PCMCI,KRR,2,0.8172642302923739,0.5991911816345258,0.4096516384063381,0.006854820851260061
25.2696,-12.6054,|val|>=0.15,LASSO,KRR,2,0.8172642302923739,0.5991911816345258,0.4096516384063381,0.006854820851260061
25.2696,-13.1054,-,CLIMATOLOGY,-,0,0.7694184361080776,0.6694788476205719,0.4747333041700266,0.002953689931617871
25.2696,-13.1054,-,ALL,LIN,56,0.8209800344266417,0.5898958003952246,0.4042300538119086,0.004249417812179239
25.2696,-13.1054,-,ALL,KRR,56,0.8200599124062008,0.5914098227670765,0.4066474696806843,-0.0001023904524241338
25.2696,-13.1054,fdr<=0.01,PCMCI,LIN,6,0.816112208207566,0.5978620934654666,0.41297160469541117,0.00095272149093927
25.2696,-13.1054,fdr<=0.01,LASSO,LIN,6,0.8162546961759094,0.5976304177709709,0.4122515317160713,0.007499133197462769
25.2696,-13.1054,fdr<=0.01,PCMCI,KRR,6,0.8216024293751489,0.5888694684016161,0.4041694252720084,0.0008554320844132675
25.2696,-13.1054,fdr<=0.01,LASSO,KRR,6,0.8217587786281043,0.5886113665603522,0.4041532278992328,0.009737703463900259
25.2696,-13.1054,fdr<=0.001,PCMCI,LIN,3,0.8168783706726406,0.5966153070152588,0.4122455684669889,0.006274516979278341
25.2696,-13.1054,fdr<=0.001,LASSO,LIN,3,0.8176033808677406,0.5954330841162327,0.4119362961023568,0.004487746295006909
25.2696,-13.1054,fdr<=0.001,PCMCI,KRR,3,0.821842865269983,0.58847250925362,0.403646228011106,0.007672449668613461
25.2696,-13.1054,fdr<=0.001,LASSO,KRR,3,0.8225780284295338,0.5872570919290933,0.4037566704915291,0.002943860079403295
25.2696,-13.1054,fdr<=0.0001,PCMCI,LIN,2,0.8150730022432087,0.5995490638929556,0.4129899812015327,0.013740373560439622
25.2696,-13.1054,fdr<=0.0001,LASSO,LIN,2,0.8150730022432087,0.5995490638929556,0.4129899812015327,0.013740373560439622
25.2696,-13.1054,fdr<=0.0001,PCMCI,KRR,2,0.8202126547611656,0.5911587600152584,0.40416100575606256,0.013120042187225293
25.2696,-13.1054,fdr<=0.0001,LASSO,KRR,2,0.8202126547611656,0.5911587600152584,0.40416100575606256,0.013120042187225293
25.2696,-13.1054,|val|>=0.075,PCMCI,LIN,3,0.8168783706726406,0.5966153070152588,0.4122455684669889,0.006274516979278341
25.2696,-13.1054,|val|>=0.075,LASSO,LIN,3,0.8176033808677406,0.5954330841162327,0.4119362961023568,0.004487746295006909
25.2696,-13.1054,|val|>=0.075,PCMCI,KRR,3,0.821842865269983,0.58847250925362,0.403646228011106,0.007672449668613461
25.2696,-13.1054,|val|>=0.075,LASSO,KRR,3,0.8225780284295338,0.5872570919290933,0.4037566704915291,0.002943860079403295
25.2696,-13.1054,|val|>=0.10,PCMCI,LIN,2,0.8150730022432087,0.5995490638929556,0.4129899812015327,0.013740373560439622
25.2696,-13.1054,|val|>=0.10,LASSO,LIN,2,0.8150730022432087,0.5995490638929556,0.4129899812015327,0.013740373560439622
25.2696,-13.1054,|val|>=0.10,PCMCI,KRR,2,0.8202126547611656,0.5911587600152584,0.40416100575606256,0.013120042187225293
25.2696,-13.1054,|val|>=0.10,LASSO,KRR,2,0.8202126547611656,0.5911587600152584,0.40416100575606256,0.013120042187225293
25.2696,-13.1054,|val|>=0.15,PCMCI,LIN,2,0.8150730022432087,0.5995490638929556,0.4129899812015327,0.013740373560439622
25.2696,-13.1054,|val|>=0.15,LASSO,LIN,2,0.8150730022432087,0.5995490638929556,0.4129899812015327,0.013740373560439622
25.2696,-13.1054,|val|>=0.15,PCMCI,KRR,2,0.8202126547611656,0.5911587600152584,0.40416100575606256,0.013120042187225293
25.2696,-13.1054,|val|>=0.15,LASSO,KRR,2,0.8202126547611656,0.5911587600152584,0.40416100575606256,0.013120042187225293
25.2696,-13.6054,-,CLIMATOLOGY,-,0,0.7694184361080776,0.6694788476205719,0.4747333041700266,0.002953689931617871
25.2696,-13.6054,-,ALL,LIN,56,0.8209564152661729,0.5899347133287471,0.4058929956513319,0.0036344120741462487
25.2696,-13.6054,-,ALL,KRR,56,0.8194189012429354,0.5924622932885956,0.4086706415651735,-0.00014178050839015085
25.2696,-13.6054,fdr<=0.01,PCMCI,LIN,7,0.8174093495960979,0.5957497071156665,0.4128401489980857,-0.003131394205335563
25.2696,-13.6054,fdr<=0.01,LASSO,LIN,7,0.818662209400936,0.5937022977157876,0.4104001429546385,0.004948865818236004
25.2696,-13.6054,fdr<=0.01,PCMCI,KRR,7,0.8227981312241947,0.5868927147365812,0.40542224539502814,-0.004585006551691027
25.2696,-13.6054,fdr<=0.01,LASSO,KRR,7,0.8231044698994437,0.5863851983442211,0.4048030486719223,0.005914849117235865
25.2696,-13.6054,fdr<=0.001,PCMCI,LIN,5,0.8151340011292163,0.5994501739477743,0.41540724565879106,0.0007218673824753523
25.2696,-13.6054,fdr<=0.001,LASSO,LIN,5,0.8157827787773825,0.5983973797853983,0.41400783938816665,0.003572447590416038
25.2696,-13.6054,fdr<=0.001,PCMCI,KRR,5,0.8208941498625951,0.590037284247533,0.40611853374888285,0.0038606969856889595
25.2696,-13.6054,fdr<=0.001,LASSO,KRR,5,0.8224024393763463,0.5875476151821973,0.40456237160531217,0.003865072047917312
25.2696,-13.6054,fdr<=0.0001,PCMCI,LIN,3,0.8127075278462575,0.6033714140824056,0.4147173398982318,0.017295338083404322
25.2696,-13.6054,fdr<=0.0001,LASSO,LIN,3,0.8179655008193536,0.5948417208386332,0.4122986475654585,0.0025334844071297096
25.2696,-13.6054,fdr<=0.0001,PCMCI,KRR,3,0.8200403123952272,0.5914420316081772,0.40507776445067856,0.017517920821984338
25.2696,-13.6054,fdr<=0.0001,LASSO,KRR,3,0.8232598304453522,0.5861276419890142,0.4035906556717899,0.000862845571152952
25.2696,-13.6054,|val|>=0.075,PCMCI,LIN,3,0.8127075278462575,0.6033714140824056,0.4147173398982318,0.017295338083404322
25.2696,-13.6054,|val|>=0.075,LASSO,LIN,3,0.8179655008193536,0.5948417208386332,0.4122986475654585,0.0025334844071297096
25.2696,-13.6054,|val|>=0.075,PCMCI,KRR,3,0.8200403123952272,0.5914420316081772,0.40507776445067856,0.017517920821984338
25.2696,-13.6054,|val|>=0.075,LASSO,KRR,3,0.8232598304453522,0.5861276419890142,0.4035906556717899,0.000862845571152952
25.2696,-13.6054,|val|>=0.10,PCMCI,LIN,2,0.8150730022432087,0.5995490638929556,0.4129899812015327,0.013740373560439622
25.2696,-13.6054,|val|>=0.10,LASSO,LIN,2,0.8150730022432087,0.5995490638929556,0.4129899812015327,0.013740373560439622
25.2696,-13.6054,|val|>=0.10,PCMCI,KRR,2,0.8202126547611656,0.5911587600152584,0.40416100575606256,0.013120042187225293
25.2696,-13.6054,|val|>=0.10,LASSO,KRR,2,0.8202126547611656,0.5911587600152584,0.40416100575606256,0.013120042187225293
25.2696,-13.6054,|val|>=0.15,PCMCI,LIN,2,0.8150730022432087,0.5995490638929556,0.4129899812015327,0.013740373560439622
25.2696,-13.6054,|val|>=0.15,LASSO,LIN,2,0.8150730022432087,0.5995490638929556,0.4129899812015327,0.013740373560439622
25.2696,-13.6054,|val|>=0.15,PCMCI,KRR,2,0.8202126547611656,0.5911587600152584,0.40416100575606256,0.013120042187225293
25.2696,-13.6054,|val|>=0.15,LASSO,KRR,2,0.8202126547611656,0.5911587600152584,0.40416100575606256,0.013120042187225293
25.2696,-14.1054,-,CLIMATOLOGY,-,0,0.8121125980037219,0.6172452219086221,0.4512408529554546,-0.010348182251891255
25.2696,-14.1054,-,ALL,LIN,56,0.8548153553241475,0.5425868312849539,0.386740071412252,-0.005424860817270246
25.2696,-14.1054,-,ALL,KRR,56,0.8536468948412631,0.544765852260294,0.38564920194438207,0.0040195054917598096
25.2696,-14.1054,fdr<=0.01,PCMCI,LIN,9,0.856983049150651,0.5385210245603902,0.38400701179839375,-0.006754603381335248
25.2696,-14.1054,fdr<=0.01,LASSO,LIN,9,0.8557327280530497,0.5408699033598089,0.38171125261170047,0.0038388708077580873
25.2696,-14.1054,fdr<=0.01,PCMCI,KRR,9,0.8570388455778071,0.5384159654041534,0.3825904502635028,-0.004795691314611641
25.2696,-14.1054,fdr<=0.01,LASSO,KRR,9,0.8559217426555435,0.5405154715618838,0.3797294630758327,0.006870125975048953
25.2696,-14.1054,fdr<=0.001,PCMCI,LIN,4,0.8551807495059679,0.5419036220836816,0.38569601919081414,-0.006076589193631362
25.2696,-14.1054,fdr<=0.001,LASSO,LIN,4,0.8535560477715194,0.5449349047158322,0.38347720995061246,0.008100390495104793
25.2696,-14.1054,fdr<=0.001,PCMCI,KRR,4,0.8563644230816794,0.5396844658981189,0.38203880657312084,-0.006227470120497004
25.2696,-14.1054,fdr<=0.001,LASSO,KRR,4,0.855140061321649,0.5419797429235651,0.3797532538119614,0.007157155780090677
25.2696,-14.1054,fdr<=0.0001,PCMCI,LIN,3,0.8535023727514917,0.545034761049363,0.38700237246935687,-0.0013582412754398463
25.2696,-14.1054,fdr<=0.0001,LASSO,LIN,3,0.8544109831982589,0.5433419194996142,0.383678473887304,0.00452707792977713
25.2696,-14.1054,fdr<=0.0001,PCMCI,KRR,3,0.853435103033533,0.5451598829621446,0.38346437294123664,0.0012160150674853476
25.2696,-14.1054,fdr<=0.0001,LASSO,KRR,3,0.8559257450823222,0.5405079638759146,0.3808786924296877,0.0005873248245786001
25.2696,-14.1054,|val|>=0.075,PCMCI,LIN,4,0.8551807495059679,0.5419036220836816,0.38569601919081414,-0.006076589193631362
25.2696,-14.1054,|val|>=0.075,LASSO,LIN,4,0.8535560477715194,0.5449349047158322,0.38347720995061246,0.008100390495104793
25.2696,-14.1054,|val|>=0.075,PCMCI,KRR,4,0.8563644230816794,0.5396844658981189,0.38203880657312084,-0.006227470120497004
25.2696,-14.1054,|val|>=0.075,LASSO,KRR,4,0.855140061321649,0.5419797429235651,0.3797532538119614,0.007157155780090677
25.2696,-14.1054,|val|>=0.10,PCMCI,LIN,3,0.8535023727514917,0.545034761049363,0.38700237246935687,-0.0013582412754398463
25.2696,-14.1054,|val|>=0.10,LASSO,LIN,3,0.8544109831982589,0.5433419194996142,0.383678473887304,0.00452707792977713
25.2696,-14.1054,|val|>=0.10,PCMCI,KRR,3,0.853435103033533,0.5451598829621446,0.38346437294123664,0.0012160150674853476
25.2696,-14.1054,|val|>=0.10,LASSO,KRR,3,0.8559257450823222,0.5405079638759146,0.3808786924296877,0.0005873248245786001
25.2696,-14.1054,|val|>=0.15,PCMCI,LIN,1,0.843413279746819,0.5634902034255015,0.3911758690072153,0.05080097896679154
25.2696,-14.1054,|val|>=0.15,LASSO,LIN,1,0.8503642770245238,0.5508413693712617,0.39321933089196315,-0.005547460393520223
25.2696,-14.1054,|val|>=0.15,PCMCI,KRR,1,0.8438306800562698,0.5627386775837123,0.38953233724528635,0.05344390871284806
25.2696,-14.1054,|val|>=0.15,LASSO,KRR,1,0.8514267528940185,0.5488822841822503,0.38818752097324477,-0.006514183403557618
25.2696,-14.6054,-,CLIMATOLOGY,-,0,0.8121125980037219,0.6172452219086221,0.4512408529554546,-0.010348182251891255
25.2696,-14.6054,-,ALL,LIN,56,0.8548153553241475,0.5425868312849539,0.386740071412252,-0.005424860817270246
25.2696,-14.6054,-,ALL,KRR,56,0.8536468948412631,0.544765852260294,0.38564920194438207,0.0040195054917598096
25.2696,-14.6054,fdr<=0.01,PCMCI,LIN,9,0.856983049150651,0.5385210245603902,0.38400701179839375,-0.006754603381335248
25.2696,-14.6054,fdr<=0.01,LASSO,LIN,9,0.8557327280530497,0.5408699033598089,0.38171125261170047,0.0038388708077580873
25.2696,-14.6054,fdr<=0.01,PCMCI,KRR,9,0.8570388455778071,0.5384159654041534,0.3825904502635028,-0.004795691314611641
25.2696,-14.6054,fdr<=0.01,LASSO,KRR,9,0.8559217426555435,0.5405154715618838,0.3797294630758327,0.006870125975048953
25.2696,-14.6054,fdr<=0.001,PCMCI,LIN,4,0.8551807495059679,0.5419036220836816,0.38569601919081414,-0.006076589193631362
25.2696,-14.6054,fdr<=0.001,LASSO,LIN,4,0.8535560477715194,0.5449349047158322,0.38347720995061246,0.008100390495104793
25.2696,-14.6054,fdr<=0.001,PCMCI,KRR,4,0.8563644230816794,0.5396844658981189,0.38203880657312084,-0.006227470120497004
25.2696,-14.6054,fdr<=0.001,LASSO,KRR,4,0.855140061321649,0.5419797429235651,0.3797532538119614,0.007157155780090677
25.2696,-14.6054,fdr<=0.0001,PCMCI,LIN,3,0.8535023727514917,0.545034761049363,0.38700237246935687,-0.0013582412754398463
25.2696,-14.6054,fdr<=0.0001,LASSO,LIN,3,0.8544109831982589,0.5433419194996142,0.383678473887304,0.00452707792977713
25.2696,-14.6054,fdr<=0.0001,PCMCI,KRR,3,0.853435103033533,0.5451598829621446,0.38346437294123664,0.0012160150674853476
25.2696,-14.6054,fdr<=0.0001,LASSO,KRR,3,0.8559257450823222,0.5405079638759146,0.3808786924296877,0.0005873248245786001
25.2696,-14.6054,|val|>=0.075,PCMCI,LIN,4,0.8551807495059679,0.5419036220836816,0.38569601919081414,-0.006076589193631362
25.2696,-14.6054,|val|>=0.075,LASSO,LIN,4,0.8535560477715194,0.5449349047158322,0.38347720995061246,0.008100390495104793
25.2696,-14.6054,|val|>=0.075,PCMCI,KRR,4,0.8563644230816794,0.5396844658981189,0.38203880657312084,-0.006227470120497004
25.2696,-14.6054,|val|>=0.075,LASSO,KRR,4,0.855140061321649,0.5419797429235651,0.3797532538119614,0.007157155780090677
25.2696,-14.6054,|val|>=0.10,PCMCI,LIN,3,0.8535023727514917,0.545034761049363,0.38700237246935687,-0.0013582412754398463
25.2696,-14.6054,|val|>=0.10,LASSO,LIN,3,0.8544109831982589,0.5433419194996142,0.383678473887304,0.00452707792977713
25.2696,-14.6054,|val|>=0.10,PCMCI,KRR,3,0.853435103033533,0.5451598829621446,0.38346437294123664,0.0012160150674853476
25.2696,-14.6054,|val|>=0.10,LASSO,KRR,3,0.8559257450823222,0.5405079638759146,0.3808786924296877,0.0005873248245786001
25.2696,-14.6054,|val|>=0.15,PCMCI,LIN,1,0.843413279746819,0.5634902034255015,0.3911758690072153,0.05080097896679154
25.2696,-14.6054,|val|>=0.15,LASSO,LIN,1,0.8503642770245238,0.5508413693712617,0.39321933089196315,-0.005547460393520223
25.2696,-14.6054,|val|>=0.15,PCMCI,KRR,1,0.8438306800562698,0.5627386775837123,0.38953233724528635,0.05344390871284806
25.2696,-14.6054,|val|>=0.15,LASSO,KRR,1,0.8514267528940185,0.5488822841822503,0.38818752097324477,-0.006514183403557618
25.7696,-12.1054,-,CLIMATOLOGY,-,0,0.7640325736532876,0.6808942358309406,0.48941893421839633,-0.012244753808312952
25.7696,-12.1054,-,ALL,LIN,56,0.8246662472788574,0.5869301155552222,0.40350186105050734,-0.0011753192447412609
25.7696,-12.1054,-,ALL,KRR,56,0.819822436934694,0.5949822149337302,0.4074585640691677,-0.0051240521551708116
25.7696,-12.1054,fdr<=0.01,PCMCI,LIN,5,0.8204316417652782,0.5939755053882162,0.4084473618081597,0.002062650232412324
25.7696,-12.1054,fdr<=0.01,LASSO,LIN,5,0.8182926720311869,0.597502670637445,0.4139635965105362,-0.008218086296928929
25.7696,-12.1054,fdr<=0.01,PCMCI,KRR,5,0.8179560575636445,0.5980558541107764,0.40974322994525886,0.0036452408414713628
25.7696,-12.1054,fdr<=0.01,LASSO,KRR,5,0.81783255512995,0.5982586865408309,0.4103410354700008,0.0015731085244284951
25.7696,-12.1054,fdr<=0.001,PCMCI,LIN,3,0.8183795582357425,0.5973598009268793,0.4139788362755019,-0.006837493837733624
25.7696,-12.1054,fdr<=0.001,LASSO,LIN,3,0.8136504870274609,0.6050869140938883,0.4183009994358427,0.0070077074197957825
25.7696,-12.1054,fdr<=0.001,PCMCI,KRR,3,0.8192855645857525,0.5958679853313346,0.4071263984284061,0.0033466205025922467
25.7696,-12.1054,fdr<=0.001,LASSO,KRR,3,0.8151268091679453,0.6026852992530206,0.4125917855158194,0.010797143807989207
25.7696,-12.1054,fdr<=0.0001,PCMCI,LIN,2,0.8148437607962629,0.6031464906433205,0.41739913571304726,0.004524070259942787
25.7696,-12.1054,fdr<=0.0001,LASSO,LIN,2,0.8148437607962629,0.6031464906433205,0.41739913571304726,0.004524070259942787
25.7696,-12.1054,fdr<=0.0001,PCMCI,KRR,2,0.8172642302923739,0.5991911816345258,0.4096516384063381,0.006854820851260061
25.7696,-12.1054,fdr<=0.0001,LASSO,KRR,2,0.8172642302923739,0.5991911816345258,0.4096516384063381,0.006854820851260061
25.7696,-12.1054,|val|>=0.075,PCMCI,LIN,2,0.8148437607962629,0.6031464906433205,0.41739913571304726,0.004524070259942787
25.7696,-12.1054,|val|>=0.075,LASSO,LIN,2,0.8148437607962629,0.6031464906433205,0.41739913571304726,0.004524070259942787
25.7696,-12.1054,|val|>=0.075,PCMCI,KRR,2,0.8172642302923739,0.5991911816345258,0.4096516384063381,0.006854820851260061
25.7696,-12.1054,|val|>=0.075,LASSO,KRR,2,0.8172642302923739,0.5991911816345258,0.4096516384063381,0.006854820851260061
25.7696,-12.1054,|val|>=0.10,PCMCI,LIN,2,0.8148437607962629,0.6031464906433205,0.41739913571304726,0.004524070259942787
25.7696,-12.1054,|val|>=0.10,LASSO,LIN,2,0.8148437607962629,0.6031464906433205,0.41739913571304726,0.004524070259942787
25.7696,-12.1054,|val|>=0.10,PCMCI,KRR,2,0.8172642302923739,0.5991911816345258,0.4096516384063381,0.006854820851260061
25.7696,-12.1054,|val|>=0.10,LASSO,KRR,2,0.8172642302923739,0.5991911816345258,0.4096516384063381,0.006854820851260061
25.7696,-12.1054,|val|>=0.15,PCMCI,LIN,2,0.8148437607962629,0.6031464906433205,0.41739913571304726,0.004524070259942787
25.7696,-12.1054,|val|>=0.15,LASSO,LIN,2,0.8148437607962629,0.6031464906433205,0.41739913571304726,0.004524070259942787
25.7696,-12.1054,|val|>=0.15,PCMCI,KRR,2,0.8172642302923739,0.5991911816345258,0.4096516384063381,0.006854820851260061
25.7696,-12.1054,|val|>=0.15,LASSO,KRR,2,0.8172642302923739,0.5991911816345258,0.4096516384063381,0.006854820851260061
25.7696,-12.6054,-,CLIMATOLOGY,-,0,0.7640325736532876,0.6808942358309406,0.48941893421839633,-0.012244753808312952
25.7696,-12.6054,-,ALL,LIN,56,0.8232682818517021,0.5892653162019401,0.4035322576698082,-0.0009199547305334139
25.7696,-12.6054,-,ALL,KRR,56,0.8185603419130845,0.5970624230885684,0.4094823253942252,-0.008003157019516998
25.7696,-12.6054,fdr<=0.01,PCMCI,LIN,3,0.8174730620156606,0.5988487038110029,0.4152249043578163,-0.005636063006658045
25.7696,-12.6054,fdr<=0.01,LASSO,LIN,3,0.8168434984741758,0.5998805755449365,0.4163039316485983,-0.0030375252962559908
25.7696,-12.6054,fdr<=0.01,PCMCI,KRR,3,0.8181738559655989,0.5976979883380376,0.4089318681988113,0.001709771309010211
25.7696,-12.6054,fdr<=0.01,LASSO,KRR,3,0.8179008221084922,0.5981465777609984,0.4104876214245996,-0.0019855749448101125
25.7696,-12.6054,fdr<=0.001,PCMCI,LIN,2,0.8148437607962629,0.6031464906433205,0.41739913571304726,0.004524070259942787
25.7696,-12.6054,fdr<=0.001,LASSO,LIN,2,0.8148437607962629,0.6031464906433205,0.41739913571304726,0.004524070259942787
25.7696,-12.6054,fdr<=0.001,PCMCI,KRR,2,0.8172642302923739,0.5991911816345258,0.4096516384063381,0.006854820851260061
25.7696,-12.6054,fdr<=0.001,LASSO,KRR,2,0.8172642302923739,0.5991911816345258,0.4096516384063381,0.006854820851260061
25.7696,-12.6054,fdr<=0.0001,PCMCI,LIN,2,0.8148437607962629,0.6031464906433205,0.41739913571304726,0.004524070259942787
25.7696,-12.6054,fdr<=0.0001,LASSO,LIN,2,0.8148437607962629,0.6031464906433205,0.41739913571304726,0.004524070259942787
25.7696,-12.6054,fdr<=0.0001,PCMCI,KRR,2,0.8172642302923739,0.5991911816345258,0.4096516384063381,0.006854820851260061
25.7696,-12.6054,fdr<=0.0001,LASSO,KRR,2,0.8172642302923739,0.5991911816345258,0.4096516384063381,0.006854820851260061
25.7696,-12.6054,|val|>=0.075,PCMCI,LIN,2,0.8148437607962629,0.6031464906433205,0.41739913571304726,0.004524070259942787
25.7696,-12.6054,|val|>=0.075,LASSO,LIN,2,0.8148437607962629,0.6031464906433205,0.41739913571304726,0.004524070259942787
25.7696,-12.6054,|val|>=0.075,PCMCI,KRR,2,0.8172642302923739,0.5991911816345258,0.4096516384063381,0.006854820851260061
25.7696,-12.6054,|val|>=0.075,LASSO,KRR,2,0.8172642302923739,0.5991911816345258,0.4096516384063381,0.006854820851260061
25.7696,-12.6054,|val|>=0.10,PCMCI,LIN,2,0.8148437607962629,0.6031464906433205,0.41739913571304726,0.004524070259942787
25.7696,-12.6054,|val|>=0.10,LASSO,LIN,2,0.8148437607962629,0.6031464906433205,0.41739913571304726,0.004524070259942787
25.7696,-12.6054,|val|>=0.10,PCMCI,KRR,2,0.8172642302923739,0.5991911816345258,0.4096516384063381,0.006854820851260061
25.7696,-12.6054,|val|>=0.10,LASSO,KRR,2,0.8172642302923739,0.5991911816345258,0.4096516384063381,0.006854820851260061
25.7696,-12.6054,|val|>=0.15,PCMCI,LIN,2,0.8148437607962629,0.6031464906433205,0.41739913571304726,0.004524070259942787
25.7696,-12.6054,|val|>=0.15,LASSO,LIN,2,0.8148437607962629,0.6031464906433205,0.41739913571304726,0.004524070259942787
25.7696,-12.6054,|val|>=0.15,PCMCI,KRR,2,0.8172642302923739,0.5991911816345258,0.4096516384063381,0.006854820851260061
25.7696,-12.6054,|val|>=0.15,LASSO,KRR,2,0.8172642302923739,0.5991911816345258,0.4096516384063381,0.006854820851260061
25.7696,-13.1054,-,CLIMATOLOGY,-,0,0.7694184361080776,0.6694788476205719,0.4747333041700266,0.002953689931617871
25.7696,-13.1054,-,ALL,LIN,56,0.8214790188502565,0.589073115026506,0.40253979290633246,0.0072521325965180326
25.7696,-13.1054,-,ALL,KRR,56,0.8205429542502856,0.5906154815111033,0.40555434881840197,-0.00010424723163940971
25.7696,-13.1054,fdr<=0.01,PCMCI,LIN,5,0.8174911828924546,0.5956161908981678,0.41209310051220377,0.0004935749187436849
25.7696,-13.1054,fdr<=0.01,LASSO,LIN,5,0.8169458641539358,0.5965053490728888,0.41072898434237703,0.010922393071283688
25.7696,-13.1054,fdr<=0.01,PCMCI,KRR,5,0.821361954152837,0.5892662250021418,0.403906180462257,-0.001097603568423016
25.7696,-13.1054,fdr<=0.01,LASSO,KRR,5,0.8220653204995533,0.5881049975130351,0.4031522536933478,0.010538056925191334
25.7696,-13.1054,fdr<=0.001,PCMCI,LIN,3,0.8167203348189975,0.5968726940751086,0.4125788796138609,0.0060077079044540006
25.7696,-13.1054,fdr<=0.001,LASSO,LIN,3,0.8174238886806333,0.5957259878623365,0.41227273150424676,0.0043950352226073755
25.7696,-13.1054,fdr<=0.001,PCMCI,KRR,3,0.8216292364721727,0.5888252231969773,0.40356767080604056,0.005386343693783172
25.7696,-13.1054,fdr<=0.001,LASSO,KRR,3,0.8224591267301222,0.5874538380559636,0.4037722952080765,0.0027392452548725163
25.7696,-13.1054,fdr<=0.0001,PCMCI,LIN,2,0.8150730022432087,0.5995490638929556,0.4129899812015327,0.013740373560439622
25.7696,-13.1054,fdr<=0.0001,LASSO,LIN,2,0.8150730022432087,0.5995490638929556,0.4129899812015327,0.013740373560439622
25.7696,-13.1054,fdr<=0.0001,PCMCI,KRR,2,0.8202126547611656,0.5911587600152584,0.40416100575606256,0.013120042187225293
25.7696,-13.1054,fdr<=0.0001,LASSO,KRR,2,0.8202126547611656,0.5911587600152584,0.40416100575606256,0.013120042187225293
25.7696,-13.1054,|val|>=0.075,PCMCI,LIN,3,0.8167203348189975,0.5968726940751086,0.4125788796138609,0.0060077079044540006
25.7696,-13.1054,|val|>=0.075,LASSO,LIN,3,0.8174238886806333,0.5957259878623365,0.41227273150424676,0.0043950352226073755
25.7696,-13.1054,|val|>=0.075,PCMCI,KRR,3,0.8216292364721727,0.5888252231969773,0.40356767080604056,0.005386343693783172
25.7696,-13.1054,|val|>=0.075,LASSO,KRR,3,0.8224591267301222,0.5874538380559636,0.4037722952080765,0.0027392452548725163
25.7696,-13.1054,|val|>=0.10,PCMCI,LIN,2,0.8150730022432087,0.5995490638929556,0.4129899812015327,0.013740373560439622
25.7696,-13.1054,|val|>=0.10,LASSO,LIN,2,0.8150730022432087,0.5995490638929556,0.4129899812015327,0.013740373560439622
25.7696,-13.1054,|val|>=0.10,PCMCI,KRR,2,0.8202126547611656,0.5911587600152584,0.40416100575606256,0.013120042187225293
25.7696,-13.1054,|val|>=0.10,LASSO,KRR,2,0.8202126547611656,0.5911587600152584,0.40416100575606256,0.013120042187225293
25.7696,-13.1054,|val|>=0.15,PCMCI,LIN,2,0.8150730022432087,0.5995490638929556,0.4129899812015327,0.013740373560439622
25.7696,-13.1054,|val|>=0.15,LASSO,LIN,2,0.8150730022432087,0.5995490638929556,0.4129899812015327,0.013740373560439622
25.7696,-13.1054,|val|>=0.15,PCMCI,KRR,2,0.8202126547611656,0.5911587600152584,0.40416100575606256,0.013120042187225293
25.7696,-13.1054,|val|>=0.15,LASSO,KRR,2,0.8202126547611656,0.5911587600152584,0.40416100575606256,0.013120042187225293
25.7696,-13.6054,-,CLIMATOLOGY,-,0,0.7694184361080776,0.6694788476205719,0.4747333041700266,0.002953689931617871
25.7696,-13.6054,-,ALL,LIN,56,0.8205137568072044,0.5906635257672541,0.405183470530022,0.006252310410282555
25.7696,-13.6054,-,ALL,KRR,56,0.8199333387307781,0.591617791309806,0.40800639203213285,-0.0005686688897466254
25.7696,-13.6054,fdr<=0.01,PCMCI,LIN,6,0.8156177304257165,0.5986653851014956,0.41447814696171104,0.0009202461416792646
25.7696,-13.6054,fdr<=0.01,LASSO,LIN,6,0.8162552212559981,0.5976295638605568,0.41144274316328494,0.012730785391775313
25.7696,-13.6054,fdr<=0.01,PCMCI,KRR,6,0.821728535029563,0.5886613016164919,0.4057644124448569,-0.00043411692732696057
25.7696,-13.6054,fdr<=0.01,LASSO,KRR,6,0.8209407128142387,0.5899605819416837,0.4058917559551016,0.006948364085972494
25.7696,-13.6054,fdr<=0.001,PCMCI,LIN,3,0.8151620165062539,0.5994047506167104,0.4132054705924157,0.010989014059935468
25.7696,-13.6054,fdr<=0.001,LASSO,LIN,3,0.8176616447461668,0.5953379754132558,0.41274451473504425,0.0026323606642068924
25.7696,-13.6054,fdr<=0.001,PCMCI,KRR,3,0.8207082564778351,0.5903434037361043,0.40380377695144354,0.009785427527664321
25.7696,-13.6054,fdr<=0.001,LASSO,KRR,3,0.8229124934013775,0.5867033003648202,0.40396183065597285,0.0008053841292798891
25.7696,-13.6054,fdr<=0.0001,PCMCI,LIN,2,0.8150730022432087,0.5995490638929556,0.4129899812015327,0.013740373560439622
25.7696,-13.6054,fdr<=0.0001,LASSO,LIN,2,0.8150730022432087,0.5995490638929556,0.4129899812015327,0.013740373560439622
25.7696,-13.6054,fdr<=0.0001,PCMCI,KRR,2,0.8202126547611656,0.5911587600152584,0.40416100575606256,0.013120042187225293
25.7696,-13.6054,fdr<=0.0001,LASSO,KRR,2,0.8202126547611656,0.5911587600152584,0.40416100575606256,0.013120042187225293
25.7696,-13.6054,|val|>=0.075,PCMCI,LIN,3,0.8151620165062539,0.5994047506167104,0.4132054705924157,0.010989014059935468
25.7696,-13.6054,|val|>=0.075,LASSO,LIN,3,0.8176616447461668,0.5953379754132558,0.41274451473504425,0.0026323606642068924
25.7696,-13.6054,|val|>=0.075,PCMCI,KRR,3,0.8207082564778351,0.5903434037361043,0.40380377695144354,0.009785427527664321
25.7696,-13.6054,|val|>=0.075,LASSO,KRR,3,0.8229124934013775,0.5867033003648202,0.40396183065597285,0.0008053841292798891
25.7696,-13.6054,|val|>=0.10,PCMCI,LIN,2,0.8150730022432087,0.5995490638929556,0.4129899812015327,0.013740373560439622
25.7696,-13.6054,|val|>=0.10,LASSO,LIN,2,0.8150730022432087,0.5995490638929556,0.4129899812015327,0.013740373560439622
25.7696,-13.6054,|val|>=0.10,PCMCI,KRR,2,0.8202126547611656,0.5911587600152584,0.40416100575606256,0.013120042187225293
25.7696,-13.6054,|val|>=0.10,LASSO,KRR,2,0.8202126547611656,0.5911587600152584,0.40416100575606256,0.013120042187225293
25.7696,-13.6054,|val|>=0.15,PCMCI,LIN,2,0.8150730022432087,0.5995490638929556,0.4129899812015327,0.013740373560439622
25.7696,-13.6054,|val|>=0.15,LASSO,LIN,2,0.8150730022432087,0.5995490638929556,0.4129899812015327,0.013740373560439622
25.7696,-13.6054,|val|>=0.15,PCMCI,KRR,2,0.8202126547611656,0.5911587600152584,0.40416100575606256,0.013120042187225293
25.7696,-13.6054,|val|>=0.15,LASSO,KRR,2,0.8202126547611656,0.5911587600152584,0.40416100575606256,0.013120042187225293
25.7696,-14.1054,-,CLIMATOLOGY,-,0,0.8121125980037219,0.6172452219086221,0.4512408529554546,-0.010348182251891255
25.7696,-14.1054,-,ALL,LIN,56,0.854112391695083,0.5438988096596498,0.38831831974764897,-0.003719703927294255
25.7696,-14.1054,-,ALL,KRR,56,0.8552196530676008,0.5418308299758638,0.38352638738539496,0.0028449066699672847
25.7696,-14.1054,fdr<=0.01,PCMCI,LIN,7,0.8567743162340377,0.5389138663839843,0.3867030681100834,-0.009280078475837684
25.7696,-14.1054,fdr<=0.01,LASSO,LIN,7,0.8529334651608922,0.5460920271859038,0.3902985495061911,-0.013328744458752236
25.7696,-14.1054,fdr<=0.01,PCMCI,KRR,7,0.8578161185157819,0.5369502996136715,0.3838421607482371,-0.011333001198647564
25.7696,-14.1054,fdr<=0.01,LASSO,KRR,7,0.8562491243991226,0.5399010293255602,0.3842782034523354,-0.01265339554408558
25.7696,-14.1054,fdr<=0.001,PCMCI,LIN,4,0.8546493360496186,0.5428969678539116,0.38773770308572464,-0.009919283845973152
25.7696,-14.1054,fdr<=0.001,LASSO,LIN,4,0.8546493360496186,0.5428969678539116,0.38773770308572464,-0.009919283845973152
25.7696,-14.1054,fdr<=0.001,PCMCI,KRR,4,0.8556682927751436,0.5409906764619613,0.384844607970075,-0.011743096646032162
25.7696,-14.1054,fdr<=0.001,LASSO,KRR,4,0.8556682927751436,0.5409906764619613,0.384844607970075,-0.011743096646032162
25.7696,-14.1054,fdr<=0.0001,PCMCI,LIN,3,0.8529990164545966,0.5459703100709099,0.38942893482281743,-0.006451242528500986
25.7696,-14.1054,fdr<=0.0001,LASSO,LIN,3,0.8541435062074684,0.5438408059372187,0.38396345720090713,0.004784020686916752
25.7696,-14.1054,fdr<=0.0001,PCMCI,KRR,3,0.8532819665616077,0.5454446102995262,0.3858667795897958,-0.005706172689748489
25.7696,-14.1054,fdr<=0.0001,LASSO,KRR,3,0.8556322491825851,0.5410582223625564,0.3815884096927587,-0.00020936684819614028
25.7696,-14.1054,|val|>=0.075,PCMCI,LIN,4,0.8546493360496186,0.5428969678539116,0.38773770308572464,-0.009919283845973152
25.7696,-14.1054,|val|>=0.075,LASSO,LIN,4,0.8546493360496186,0.5428969678539116,0.38773770308572464,-0.009919283845973152
25.7696,-14.1054,|val|>=0.075,PCMCI,KRR,4,0.8556682927751436,0.5409906764619613,0.384844607970075,-0.011743096646032162
25.7696,-14.1054,|val|>=0.075,LASSO,KRR,4,0.8556682927751436,0.5409906764619613,0.384844607970075,-0.011743096646032162
25.7696,-14.1054,|val|>=0.10,PCMCI,LIN,3,0.8529990164545966,0.5459703100709099,0.38942893482281743,-0.006451242528500986
25.7696,-14.1054,|val|>=0.10,LASSO,LIN,3,0.8541435062074684,0.5438408059372187,0.38396345720090713,0.004784020686916752
25.7696,-14.1054,|val|>=0.10,PCMCI,KRR,3,0.8532819665616077,0.5454446102995262,0.3858667795897958,-0.005706172689748489
25.7696,-14.1054,|val|>=0.10,LASSO,KRR,3,0.8556322491825851,0.5410582223625564,0.3815884096927587,-0.00020936684819614028
25.7696,-14.1054,|val|>=0.15,PCMCI,LIN,1,0.843413279746819,0.5634902034255015,0.3911758690072153,0.05080097896679154
25.7696,-14.1054,|val|>=0.15,LASSO,LIN,1,0.8503642770245238,0.5508413693712617,0.39321933089196315,-0.005547460393520223
25.7696,-14.1054,|val|>=0.15,PCMCI,KRR,1,0.8438306800562698,0.5627386775837123,0.38953233724528635,0.05344390871284806
25.7696,-14.1054,|val|>=0.15,LASSO,KRR,1,0.8514267528940185,0.5488822841822503,0.38818752097324477,-0.006514183403557618
25.7696,-14.6054,-,CLIMATOLOGY,-,0,0.8121125980037219,0.6172452219086221,0.4512408529554546,-0.010348182251891255
25.7696,-14.6054,-,ALL,LIN,56,0.854112391695083,0.5438988096596498,0.38831831974764897,-0.003719703927294255
25.7696,-14.6054,-,ALL,KRR,56,0.8552196530676008,0.5418308299758638,0.38352638738539496,0.0028449066699672847
25.7696,-14.6054,fdr<=0.01,PCMCI,LIN,7,0.8567743162340377,0.5389138663839843,0.3867030681100834,-0.009280078475837684
25.7696,-14.6054,fdr<=0.01,LASSO,LIN,7,0.8529334651608922,0.5460920271859038,0.3902985495061911,-0.013328744458752236
25.7696,-14.6054,fdr<=0.01,PCMCI,KRR,7,0.8578161185157819,0.5369502996136715,0.3838421607482371,-0.011333001198647564
25.7696,-14.6054,fdr<=0.01,LASSO,KRR,7,0.8562491243991226,0.5399010293255602,0.3842782034523354,-0.01265339554408558
25.7696,-14.6054,fdr<=0.001,PCMCI,LIN,4,0.8546493360496186,0.5428969678539116,0.38773770308572464,-0.009919283845973152
25.7696,-14.6054,fdr<=0.001,LASSO,LIN,4,0.8546493360496186,0.5428969678539116,0.38773770308572464,-0.009919283845973152
25.7696,-14.6054,fdr<=0.001,PCMCI,KRR,4,0.8556682927751436,0.5409906764619613,0.384844607970075,-0.011743096646032162
25.7696,-14.6054,fdr<=0.001,LASSO,KRR,4,0.8556682927751436,0.5409906764619613,0.384844607970075,-0.011743096646032162
25.7696,-14.6054,fdr<=0.0001,PCMCI,LIN,3,0.8529990164545966,0.5459703100709099,0.38942893482281743,-0.006451242528500986
25.7696,-14.6054,fdr<=0.0001,LASSO,LIN,3,0.8541435062074684,0.5438408059372187,0.38396345720090713,0.004784020686916752
25.7696,-14.6054,fdr<=0.0001,PCMCI,KRR,3,0.8532819665616077,0.5454446102995262,0.3858667795897958,-0.005706172689748489
25.7696,-14.6054,fdr<=0.0001,LASSO,KRR,3,0.8556322491825851,0.5410582223625564,0.3815884096927587,-0.00020936684819614028
25.7696,-14.6054,|val|>=0.075,PCMCI,LIN,4,0.8546493360496186,0.5428969678539116,0.38773770308572464,-0.009919283845973152
25.7696,-14.6054,|val|>=0.075,LASSO,LIN,4,0.8546493360496186,0.5428969678539116,0.38773770308572464,-0.009919283845973152
25.7696,-14.6054,|val|>=0.075,PCMCI,KRR,4,0.8556682927751436,0.5409906764619613,0.384844607970075,-0.011743096646032162
25.7696,-14.6054,|val|>=0.075,LASSO,KRR,4,0.8556682927751436,0.5409906764619613,0.384844607970075,-0.011743096646032162
25.7696,-14.6054,|val|>=0.10,PCMCI,LIN,3,0.8529990164545966,0.5459703100709099,0.38942893482281743,-0.006451242528500986
25.7696,-14.6054,|val|>=0.10,LASSO,LIN,3,0.8541435062074684,0.5438408059372187,0.38396345720090713,0.004784020686916752
25.7696,-14.6054,|val|>=0.10,PCMCI,KRR,3,0.8532819665616077,0.5454446102995262,0.3858667795897958,-0.005706172689748489
25.7696,-14.6054,|val|>=0.10,LASSO,KRR,3,0.8556322491825851,0.5410582223625564,0.3815884096927587,-0.00020936684819614028
25.7696,-14.6054,|val|>=0.15,PCMCI,LIN,1,0.843413279746819,0.5634902034255015,0.3911758690072153,0.05080097896679154
25.7696,-14.6054,|val|>=0.15,LASSO,LIN,1,0.8503642770245238,0.5508413693712617,0.39321933089196315,-0.005547460393520223
25.7696,-14.6054,|val|>=0.15,PCMCI,KRR,1,0.8438306800562698,0.5627386775837123,0.38953233724528635,0.05344390871284806
25.7696,-14.6054,|val|>=0.15,LASSO,KRR,1,0.8514267528940185,0.5488822841822503,0.38818752097324477,-0.006514183403557618
26.2696,-10.1054,-,CLIMATOLOGY,-,0,0.7489802371539789,0.7087499030238785,0.4987473223208699,-0.02448445496265063
26.2696,-10.1054,-,ALL,LIN,56,0.8016824884497445,0.6299695922679082,0.4253373667335728,-0.005136486398536593
26.2696,-10.1054,-,ALL,KRR,56,0.7996357488585755,0.6332120542562593,0.42322716474544597,-0.008994703008557908
26.2696,-10.1054,fdr<=0.01,PCMCI,LIN,7,0.8051712759088459,0.6244038154957907,0.41829845533538174,0.00486334326510329
26.2696,-10.1054,fdr<=0.01,LASSO,LIN,7,0.801362776825444,0.6304771810624807,0.42244278041630345,0.0011518027967691114
26.2696,-10.1054,fdr<=0.01,PCMCI,KRR,7,0.8040250425161514,0.6262378954212849,0.41516844780293194,0.00990281651162965
26.2696,-10.1054,fdr<=0.01,LASSO,KRR,7,0.8015684918396526,0.6301506254008851,0.4200270440546189,-0.0020298444469981237
26.2696,-10.1054,fdr<=0.001,PCMCI,LIN,4,0.8001718360143959,0.6323643875416011,0.4189511128034214,0.014723584445681285
26.2696,-10.1054,fdr<=0.001,LASSO,LIN,4,0.8019279269141548,0.6295796452658651,0.4168884950229162,0.012212815215194954
26.2696,-10.1054,fdr<=0.001,PCMCI,KRR,4,0.8016441020388205,0.6300305578916201,0.41403679161638984,0.018313597884314185
26.2696,-10.1054,fdr<=0.001,LASSO,KRR,4,0.803197055684771,0.6275594168362121,0.4123915809483769,0.01698195100634417
26.2696,-10.1054,fdr<=0.0001,PCMCI,LIN,3,0.8011221182912357,0.6308589921416983,0.4181598470087437,0.013069850323523178
26.2696,-10.1054,fdr<=0.0001,LASSO,LIN,3,0.8011221182912357,0.6308589921416983,0.4181598470087437,0.013069850323523178
26.2696,-10.1054,fdr<=0.0001,PCMCI,KRR,3,0.8024548109158496,0.628741727210296,0.4120293818876464,0.01825603556625635
26.2696,-10.1054,fdr<=0.0001,LASSO,KRR,3,0.8024548109158496,0.628741727210296,0.4120293818876464,0.01825603556625635
26.2696,-10.1054,|val|>=0.075,PCMCI,LIN,3,0.8011221182912357,0.6308589921416983,0.4181598470087437,0.013069850323523178
26.2696,-10.1054,|val|>=0.075,LASSO,LIN,3,0.8011221182912357,0.6308589921416983,0.4181598470087437,0.013069850323523178
26.2696,-10.1054,|val|>=0.075,PCMCI,KRR,3,0.8024548109158496,0.628741727210296,0.4120293818876464,0.01825603556625635
26.2696,-10.1054,|val|>=0.075,LASSO,KRR,3,0.8024548109158496,0.628741727210296,0.4120293818876464,0.01825603556625635
26.2696,-10.1054,|val|>=0.10,PCMCI,LIN,3,0.8011221182912357,0.6308589921416983,0.4181598470087437,0.013069850323523178
26.2696,-10.1054,|val|>=0.10,LASSO,LIN,3,0.8011221182912357,0.6308589921416983,0.4181598470087437,0.013069850323523178
26.2696,-10.1054,|val|>=0.10,PCMCI,KRR,3,0.8024548109158496,0.628741727210296,0.4120293818876464,0.01825603556625635
26.2696,-10.1054,|val|>=0.10,LASSO,KRR,3,0.8024548109158496,0.628741727210296,0.4120293818876464,0.01825603556625635
26.2696,-10.1054,|val|>=0.15,PCMCI,LIN,2,0.7982762847194362,0.6353565831194669,0.4206285834775776,0.02416837807006971
26.2696,-10.1054,|val|>=0.15,LASSO,LIN,2,0.7982762847194362,0.6353565831194669,0.4206285834775776,0.02416837807006971
26.2696,-10.1054,|val|>=0.15,PCMCI,KRR,2,0.7997010881122781,0.633108799867359,0.4146594401585607,0.020141141048642477
26.2696,-10.1054,|val|>=0.15,LASSO,KRR,2,0.7997010881122781,0.633108799867359,0.4146594401585607,0.020141141048642477
26.2696,-10.6054,-,CLIMATOLOGY,-,0,0.7489802371539789,0.7087499030238785,0.4987473223208699,-0.02448445496265063
26.2696,-10.6054,-,ALL,LIN,56,0.8024306599170079,0.6287801596234556,0.4243464376372224,-0.00037225193817376365
26.2696,-10.6054,-,ALL,KRR,56,0.7996250439847453,0.6332289693610598,0.4233794667901656,-0.006177589909612923
26.2696,-10.6054,fdr<=0.01,PCMCI,LIN,7,0.8066957686025753,0.621956105381843,0.41706694697758073,0.0009723846557366831
26.2696,-10.6054,fdr<=0.01,LASSO,LIN,7,0.8037913018942106,0.6266112431611536,0.4191321110996604,0.009560514863571096
26.2696,-10.6054,fdr<=0.01,PCMCI,KRR,7,0.8044404170578314,0.6255738787961815,0.41535140149382677,0.005997505344713694
26.2696,-10.6054,fdr<=0.01,LASSO,KRR,7,0.8030069437719123,0.6278624552966495,0.4169696988532378,0.006766505148084963
26.2696,-10.6054,fdr<=0.001,PCMCI,LIN,3,0.8005241653725048,0.6318066612698785,0.4191427839643295,0.014275650744630676
26.2696,-10.6054,fdr<=0.001,LASSO,LIN,3,0.8001823592682622,0.6323477366890258,0.41856846719049845,0.01985584258332406
26.2696,-10.6054,fdr<=0.001,PCMCI,KRR,3,0.8019881529635712,0.629483922590389,0.41211644692187066,0.02038619641725286
26.2696,-10.6054,fdr<=0.001,LASSO,KRR,3,0.8002723240335117,0.632205368326883,0.4158578686851408,0.014011214813777042
26.2696,-10.6054,fdr<=0.0001,PCMCI,LIN,3,0.8005241653725048,0.6318066612698785,0.4191427839643295,0.014275650744630676
26.2696,-10.6054,fdr<=0.0001,LASSO,LIN,3,0.8001823592682622,0.6323477366890258,0.41856846719049845,0.01985584258332406
26.2696,-10.6054,fdr<=0.0001,PCMCI,KRR,3,0.8019881529635712,0.629483922590389,0.41211644692187066,0.02038619641725286
26.2696,-10.6054,fdr<=0.0001,LASSO,KRR,3,0.8002723240335117,0.632205368326883,0.4158578686851408,0.014011214813777042
26.2696,-10.6054,|val|>=0.075,PCMCI,LIN,3,0.8005241653725048,0.6318066612698785,0.4191427839643295,0.014275650744630676
26.2696,-10.6054,|val|>=0.075,LASSO,LIN,3,0.8001823592682622,0.6323477366890258,0.41856846719049845,0.01985584258332406
26.2696,-10.6054,|val|>=0.075,PCMCI,KRR,3,0.8019881529635712,0.629483922590389,0.41211644692187066,0.02038619641725286
26.2696,-10.6054,|val|>=0.075,LASSO,KRR,3,0.8002723240335117,0.632205368326883,0.4158578686851408,0.014011214813777042
26.2696,-10.6054,|val|>=0.10,PCMCI,LIN,3,0.8005241653725048,0.6318066612698785,0.4191427839643295,0.014275650744630676
26.2696,-10.6054,|val|>=0.10,LASSO,LIN,3,0.8001823592682622,0.6323477366890258,0.41856846719049845,0.01985584258332406
26.2696,-10.6054,|val|>=0.10,PCMCI,KRR,3,0.8019881529635712,0.629483922590389,0.41211644692187066,0.02038619641725286
26.2696,-10.6054,|val|>=0.10,LASSO,KRR,3,0.8002723240335117,0.632205368326883,0.4158578686851408,0.014011214813777042
26.2696,-10.6054,|val|>=0.15,PCMCI,LIN,2,0.7982762847194362,0.6353565831194669,0.4206285834775776,0.02416837807006971
26.2696,-10.6054,|val|>=0.15,LASSO,LIN,2,0.7982762847194362,0.6353565831194669,0.4206285834775776,0.02416837807006971
26.2696,-10.6054,|val|>=0.15,PCMCI,KRR,2,0.7997010881122781,0.633108799867359,0.4146594401585607,0.020141141048642477
26.2696,-10.6054,|val|>=0.15,LASSO,KRR,2,0.7997010881122781,0.633108799867359,0.4146594401585607,0.020141141048642477
26.2696,-11.1054,-,CLIMATOLOGY,-,0,0.7722217833820477,0.6780876947177304,0.48075362321429044,-0.024908236485187498
26.2696,-11.1054,-,ALL,LIN,56,0.8178022089394875,0.606458828690878,0.41513214332515946,0.00022584797566406407
26.2696,-11.1054,-,ALL,KRR,56,0.8153262292382208,0.6105656641164114,0.41628808066621664,-0.005239423483328269
26.2696,-11.1054,fdr<=0.01,PCMCI,LIN,5,0.8152534198539215,0.6106860129051603,0.41405396034445713,0.0049782045474384105
26.2696,-11.1054,fdr<=0.01,LASSO,LIN,5,0.8142754437522833,0.6123002458371006,0.413716911985843,0.011784754721350406
26.2696,-11.1054,fdr<=0.01,PCMCI,KRR,5,0.8180254475992011,0.6060871816170794,0.41213233970949303,-0.009663483181315312
26.2696,-11.1054,fdr<=0.01,LASSO,KRR,5,0.8154096688149258,0.6104277151911133,0.4110011936424865,0.0021330966451055685
26.2696,-11.1054,fdr<=0.001,PCMCI,LIN,4,0.8146332730247667,0.6117101122802523,0.4134835015181234,0.009827331201324662
26.2696,-11.1054,fdr<=0.001,LASSO,LIN,4,0.8157808702901749,0.6098136372553122,0.4139341220708457,0.004478546412501969
26.2696,-11.1054,fdr<=0.001,PCMCI,KRR,4,0.81784256153584,0.6063916666706027,0.4108869126093319,-0.0040544130139848885
26.2696,-11.1054,fdr<=0.001,LASSO,KRR,4,0.8160640165356651,0.6093448128705553,0.4107120289418229,0.0011019666166583136
26.2696,-11.1054,fdr<=0.0001,PCMCI,LIN,2,0.814282726575006,0.612288240645246,0.41549182693901626,0.009408194367154983
26.2696,-11.1054,fdr<=0.0001,LASSO,LIN,2,0.814282726575006,0.612288240645246,0.41549182693901626,0.009408194367154983
26.2696,-11.1054,fdr<=0.0001,PCMCI,KRR,2,0.8156737811485194,0.6099908580772,0.4115737408152494,-0.0015088730751585443
26.2696,-11.1054,fdr<=0.0001,LASSO,KRR,2,0.8156737811485194,0.6099908580772,0.4115737408152494,-0.0015088730751585443
26.2696,-11.1054,|val|>=0.075,PCMCI,LIN,3,0.8161779101095853,0.6091561298196982,0.41385111591824064,0.0023654806256639266
26.2696,-11.1054,|val|>=0.075,LASSO,LIN,3,0.8161779101095853,0.6091561298196982,0.41385111591824064,0.0023654806256639266
26.2696,-11.1054,|val|>=0.075,PCMCI,KRR,3,0.8187487773299781,0.6048814157848138,0.4114513832014952,-0.0051620796730284585
26.2696,-11.1054,|val|>=0.075,LASSO,KRR,3,0.8187487773299781,0.6048814157848138,0.4114513832014952,-0.0051620796730284585
26.2696,-11.1054,|val|>=0.10,PCMCI,LIN,2,0.814282726575006,0.612288240645246,0.41549182693901626,0.009408194367154983
26.2696,-11.1054,|val|>=0.10,LASSO,LIN,2,0.814282726575006,0.612288240645246,0.41549182693901626,0.009408194367154983
26.2696,-11.1054,|val|>=0.10,PCMCI,KRR,2,0.8156737811485194,0.6099908580772,0.4115737408152494,-0.0015088730751585443
26.2696,-11.1054,|val|>=0.10,LASSO,KRR,2,0.8156737811485194,0.6099908580772,0.4115737408152494,-0.0015088730751585443
26.2696,-11.1054,|val|>=0.15,PCMCI,LIN,2,0.814282726575006,0.612288240645246,0.41549182693901626,0.009408194367154983
26.2696,-11.1054,|val|>=0.15,LASSO,LIN,2,0.814282726575006,0.612288240645246,0.41549182693901626,0.009408194367154983
26.2696,-11.1054,|val|>=0.15,PCMCI,KRR,2,0.8156737811485194,0.6099908580772,0.4115737408152494,-0.0015088730751585443
26.2696,-11.1054,|val|>=0.15,LASSO,KRR,2,0.8156737811485194,0.6099908580772,0.4115737408152494,-0.0015088730751585443
26.2696,-11.6054,-,CLIMATOLOGY,-,0,0.7722217833820477,0.6780876947177304,0.48075362321429044,-0.024908236485187498
26.2696,-11.6054,-,ALL,LIN,56,0.8184075106505221,0.605450594833487,0.41338055257074013,0.004960791511630651
26.2696,-11.6054,-,ALL,KRR,56,0.8146815593409862,0.6116304346806303,0.4162948568681572,-0.0005362612067768562
26.2696,-11.6054,fdr<=0.01,PCMCI,LIN,6,0.8159674354326096,0.6095047692578034,0.4150282806378531,-0.0034777857386707805
26.2696,-11.6054,fdr<=0.01,LASSO,LIN,6,0.8149671286061284,0.6111590023925458,0.4121998505265346,0.014856746283280002
26.2696,-11.6054,fdr<=0.01,PCMCI,KRR,6,0.8158244461969493,0.6097415091493292,0.4108899176199536,-0.0030984342479799592
26.2696,-11.6054,fdr<=0.01,LASSO,KRR,6,0.8160983409094822,0.6092879551676887,0.409695017593224,0.007713591720757267
26.2696,-11.6054,fdr<=0.001,PCMCI,LIN,3,0.8162986845249394,0.6089559836791157,0.41411707450062785,0.0007042002989375612
26.2696,-11.6054,fdr<=0.001,LASSO,LIN,3,0.8162986845249394,0.6089559836791157,0.41411707450062785,0.0007042002989375612
26.2696,-11.6054,fdr<=0.001,PCMCI,KRR,3,0.8191095080164967,0.6042791909839433,0.41158219057453654,-0.007071951559566836
26.2696,-11.6054,fdr<=0.001,LASSO,KRR,3,0.8191095080164967,0.6042791909839433,0.41158219057453654,-0.007071951559566836
26.2696,-11.6054,fdr<=0.0001,PCMCI,LIN,3,0.8162986845249394,0.6089559836791157,0.41411707450062785,0.0007042002989375612
26.2696,-11.6054,fdr<=0.0001,LASSO,LIN,3,0.8162986845249394,0.6089559836791157,0.41411707450062785,0.0007042002989375612
26.2696,-11.6054,fdr<=0.0001,PCMCI,KRR,3,0.8191095080164967,0.6042791909839433,0.41158219057453654,-0.007071951559566836
26.2696,-11.6054,fdr<=0.0001,LASSO,KRR,3,0.8191095080164967,0.6042791909839433,0.41158219057453654,-0.007071951559566836
26.2696,-11.6054,|val|>=0.075,PCMCI,LIN,3,0.8162986845249394,0.6089559836791157,0.41411707450062785,0.0007042002989375612
26.2696,-11.6054,|val|>=0.075,LASSO,LIN,3,0.8162986845249394,0.6089559836791157,0.41411707450062785,0.0007042002989375612
26.2696,-11.6054,|val|>=0.075,PCMCI,KRR,3,0.8191095080164967,0.6042791909839433,0.41158219057453654,-0.007071951559566836
26.2696,-11.6054,|val|>=0.075,LASSO,KRR,3,0.8191095080164967,0.6042791909839433,0.41158219057453654,-0.007071951559566836
26.2696,-11.6054,|val|>=0.10,PCMCI,LIN,2,0.814282726575006,0.612288240645246,0.41549182693901626,0.009408194367154983
26.2696,-11.6054,|val|>=0.10,LASSO,LIN,2,0.814282726575006,0.612288240645246,0.41549182693901626,0.009408194367154983
26.2696,-11.6054,|val|>=0.10,PCMCI,KRR,2,0.8156737811485194,0.6099908580772,0.4115737408152494,-0.0015088730751585443
26.2696,-11.6054,|val|>=0.10,LASSO,KRR,2,0.8156737811485194,0.6099908580772,0.4115737408152494,-0.0015088730751585443
26.2696,-11.6054,|val|>=0.15,PCMCI,LIN,1,0.8026697057065274,0.6311413739379742,0.4328899560157875,0.029425038425700635
26.2696,-11.6054,|val|>=0.15,LASSO,LIN,1,0.8133891253754514,0.6137595225444933,0.41951958876512707,-0.013737573836091267
26.2696,-11.6054,|val|>=0.15,PCMCI,KRR,1,0.8051875068813812,0.6271019789213549,0.42932718808131215,0.021482393473940316
26.2696,-11.6054,|val|>=0.15,LASSO,KRR,1,0.8151177973670782,0.6109101241206779,0.4188434163767259,-0.01531923840802111
26.2696,-12.1054,-,CLIMATOLOGY,-,0,0.7842241543749603,0.6691348358893014,0.48611306316491987,0.0023384100945124846
26.2696,-12.1054,-,ALL,LIN,56,0.828014551990528,0.5973901777590571,0.42080606214302424,0.012724241809348351
26.2696,-12.1054,-,ALL,KRR,56,0.8261635321142388,0.6005963260842356,0.4220516041279512,0.015107845102011986
26.2696,-12.1054,fdr<=0.01,PCMCI,LIN,4,0.8242223230955177,0.603940406444714,0.4262987532519395,0.017977458657539865
26.2696,-12.1054,fdr<=0.01,LASSO,LIN,4,0.8254029655892264,0.6019087518294949,0.42653827334798283,0.012767862419449154
26.2696,-12.1054,fdr<=0.01,PCMCI,KRR,4,0.8282914534769638,0.5969090764048697,0.4177028893984171,0.010216569666358775
26.2696,-12.1054,fdr<=0.01,LASSO,KRR,4,0.827093301517861,0.5989880192243382,0.4207577087444563,0.01342557597401609
26.2696,-12.1054,fdr<=0.001,PCMCI,LIN,3,0.8227814644984445,0.6064106198414333,0.4270763872182746,0.023710696899496557
26.2696,-12.1054,fdr<=0.001,LASSO,LIN,3,0.8264899802630987,0.6000321300472969,0.4260934372251263,0.00927137159693481
26.2696,-12.1054,fdr<=0.001,PCMCI,KRR,3,0.8269409495125811,0.5992518520699193,0.41857321536181513,0.015175152197435465
26.2696,-12.1054,fdr<=0.001,LASSO,KRR,3,0.8299199300622391,0.5940718030295746,0.419169850231819,0.00565503994516354
26.2696,-12.1054,fdr<=0.0001,PCMCI,LIN,3,0.8227814644984445,0.6064106198414333,0.4270763872182746,0.023710696899496557
26.2696,-12.1054,fdr<=0.0001,LASSO,LIN,3,0.8264899802630987,0.6000321300472969,0.4260934372251263,0.00927137159693481
26.2696,-12.1054,fdr<=0.0001,PCMCI,KRR,3,0.8269409495125811,0.5992518520699193,0.41857321536181513,0.015175152197435465
26.2696,-12.1054,fdr<=0.0001,LASSO,KRR,3,0.8299199300622391,0.5940718030295746,0.419169850231819,0.00565503994516354
26.2696,-12.1054,|val|>=0.075,PCMCI,LIN,3,0.8227814644984445,0.6064106198414333,0.4270763872182746,0.023710696899496557
26.2696,-12.1054,|val|>=0.075,LASSO,LIN,3,0.8264899802630987,0.6000321300472969,0.4260934372251263,0.00927137159693481
26.2696,-12.1054,|val|>=0.075,PCMCI,KRR,3,0.8269409495125811,0.5992518520699193,0.41857321536181513,0.015175152197435465
26.2696,-12.1054,|val|>=0.075,LASSO,KRR,3,0.8299199300622391,0.5940718030295746,0.419169850231819,0.00565503994516354
26.2696,-12.1054,|val|>=0.10,PCMCI,LIN,3,0.8227814644984445,0.6064106198414333,0.4270763872182746,0.023710696899496557
26.2696,-12.1054,|val|>=0.10,LASSO,LIN,3,0.8264899802630987,0.6000321300472969,0.4260934372251263,0.00927137159693481
26.2696,-12.1054,|val|>=0.10,PCMCI,KRR,3,0.8269409495125811,0.5992518520699193,0.41857321536181513,0.015175152197435465
26.2696,-12.1054,|val|>=0.10,LASSO,KRR,3,0.8299199300622391,0.5940718030295746,0.419169850231819,0.00565503994516354
26.2696,-12.1054,|val|>=0.15,PCMCI,LIN,2,0.8252549733202111,0.6021637933144128,0.42644882410957013,0.015202067578477819
26.2696,-12.1054,|val|>=0.15,LASSO,LIN,2,0.8252549733202111,0.6021637933144128,0.42644882410957013,0.015202067578477819
26.2696,-12.1054,|val|>=0.15,PCMCI,KRR,2,0.8284734846024794,0.5965925958175426,0.41907153921218016,0.013077101896505454
26.2696,-12.1054,|val|>=0.15,LASSO,KRR,2,0.8284734846024794,0.5965925958175426,0.41907153921218016,0.013077101896505454
26.2696,-12.6054,-,CLIMATOLOGY,-,0,0.7842241543749603,0.6691348358893014,0.48611306316491987,0.0023384100945124846
26.2696,-12.6054,-,ALL,LIN,56,0.8286065677047436,0.5963611103249122,0.4195038719665471,0.0103656021145697
26.2696,-12.6054,-,ALL,KRR,56,0.8268109734039536,0.5994768440728004,0.423187834799265,0.008509236421206295
26.2696,-12.6054,fdr<=0.01,PCMCI,LIN,5,0.8270428341498144,0.5990754280511832,0.4237665001594476,0.010719416426873907
26.2696,-12.6054,fdr<=0.01,LASSO,LIN,5,0.8263045680090475,0.6003526406568291,0.4232590485801279,0.018429369712990935
26.2696,-12.6054,fdr<=0.01,PCMCI,KRR,5,0.8292136357490134,0.5953040309717519,0.41708940955522494,0.009711919968884082
26.2696,-12.6054,fdr<=0.01,LASSO,KRR,5,0.830441940343638,0.5931594389180503,0.41514480335476006,0.0170946069562593
26.2696,-12.6054,fdr<=0.001,PCMCI,LIN,4,0.8260810973778618,0.6007387131572329,0.424133092792843,0.014799171572099179
26.2696,-12.6054,fdr<=0.001,LASSO,LIN,4,0.8260810973778618,0.6007387131572329,0.424133092792843,0.014799171572099179
26.2696,-12.6054,fdr<=0.001,PCMCI,KRR,4,0.8284440065211106,0.5966438580072972,0.41753473088169124,0.01039767988934429
26.2696,-12.6054,fdr<=0.001,LASSO,KRR,4,0.8284440065211106,0.5966438580072972,0.41753473088169124,0.01039767988934429
26.2696,-12.6054,fdr<=0.0001,PCMCI,LIN,3,0.8240327932693976,0.6042659138807612,0.4253181750506724,0.022330400390728204
26.2696,-12.6054,fdr<=0.0001,LASSO,LIN,3,0.8269618057752001,0.5992157414748829,0.4260699584650717,0.007431821655748193
26.2696,-12.6054,fdr<=0.0001,PCMCI,KRR,3,0.8262347643351116,0.600473261590913,0.41937947896103606,0.017575596590574245
26.2696,-12.6054,fdr<=0.0001,LASSO,KRR,3,0.8305251316092567,0.5930139084174264,0.4189382851929045,0.0031049744805531753
26.2696,-12.6054,|val|>=0.075,PCMCI,LIN,3,0.8240327932693976,0.6042659138807612,0.4253181750506724,0.022330400390728204
26.2696,-12.6054,|val|>=0.075,LASSO,LIN,3,0.8269618057752001,0.5992157414748829,0.4260699584650717,0.007431821655748193
26.2696,-12.6054,|val|>=0.075,PCMCI,KRR,3,0.8262347643351116,0.600473261590913,0.41937947896103606,0.017575596590574245
26.2696,-12.6054,|val|>=0.075,LASSO,KRR,3,0.8305251316092567,0.5930139084174264,0.4189382851929045,0.0031049744805531753
26.2696,-12.6054,|val|>=0.10,PCMCI,LIN,2,0.8252549733202111,0.6021637933144128,0.42644882410957013,0.015202067578477819
26.2696,-12.6054,|val|>=0.10,LASSO,LIN,2,0.8252549733202111,0.6021637933144128,0.42644882410957013,0.015202067578477819
26.2696,-12.6054,|val|>=0.10,PCMCI,KRR,2,0.8284734846024794,0.5965925958175426,0.41907153921218016,0.013077101896505454
26.2696,-12.6054,|val|>=0.10,LASSO,KRR,2,0.8284734846024794,0.5965925958175426,0.41907153921218016,0.013077101896505454
26.2696,-12.6054,|val|>=0.15,PCMCI,LIN,2,0.8252549733202111,0.6021637933144128,0.42644882410957013,0.015202067578477819
26.2696,-12.6054,|val|>=0.15,LASSO,LIN,2,0.8252549733202111,0.6021637933144128,0.42644882410957013,0.015202067578477819
26.2696,-12.6054,|val|>=0.15,PCMCI,KRR,2,0.8284734846024794,0.5965925958175426,0.41907153921218016,0.013077101896505454
26.2696,-12.6054,|val|>=0.15,LASSO,KRR,2,0.8284734846024794,0.5965925958175426,0.41907153921218016,0.013077101896505454
26.2696,-13.1054,-,CLIMATOLOGY,-,0,0.7795853309260339,0.6590867159657025,0.49448892796173727,-0.07762022440250364
26.2696,-13.1054,-,ALL,LIN,56,0.8272677457746599,0.5834572377774985,0.42716700003487323,-0.028120240057183093
26.2696,-13.1054,-,ALL,KRR,56,0.8267340120093201,0.5843579689117034,0.4298830767984788,-0.02897677236238357
26.2696,-13.1054,fdr<=0.01,PCMCI,LIN,7,0.8285999466848972,0.5812029200320269,0.4316723239044148,-0.04222160902786022
26.2696,-13.1054,fdr<=0.01,LASSO,LIN,7,0.8280634751560605,0.5821117739570476,0.4292063048343005,-0.02805088061060611
26.2696,-13.1054,fdr<=0.01,PCMCI,KRR,7,0.8287756796715618,0.5809048958597064,0.4261025936814742,-0.03612308883598328
26.2696,-13.1054,fdr<=0.01,LASSO,KRR,7,0.8310797258355636,0.5769832425836525,0.42252298000128097,-0.02782816560273086
26.2696,-13.1054,fdr<=0.001,PCMCI,LIN,5,0.8281013157854116,0.5820477134323535,0.43170362225661074,-0.0391394234877889
26.2696,-13.1054,fdr<=0.001,LASSO,LIN,5,0.8291027840485347,0.5803497545934142,0.4278159460306498,-0.02268575159346337
26.2696,-13.1054,fdr<=0.001,PCMCI,KRR,5,0.8274703527526337,0.5831149531443974,0.427656781124379,-0.029012719581532755
26.2696,-13.1054,fdr<=0.001,LASSO,KRR,5,0.8324499951692301,0.5746382536473313,0.42044493476386563,-0.022601267380682643
26.2696,-13.1054,fdr<=0.0001,PCMCI,LIN,3,0.8270867271406424,0.5837628812611797,0.43106078212514265,-0.020697817499813406
26.2696,-13.1054,fdr<=0.0001,LASSO,LIN,3,0.8270867271406424,0.5837628812611797,0.43106078212514265,-0.020697817499813406
26.2696,-13.1054,fdr<=0.0001,PCMCI,KRR,3,0.8265835493075219,0.5846116395830024,0.4288149848676779,-0.018670618064692925
26.2696,-13.1054,fdr<=0.0001,LASSO,KRR,3,0.8265835493075219,0.5846116395830024,0.4288149848676779,-0.018670618064692925
26.2696,-13.1054,|val|>=0.075,PCMCI,LIN,4,0.828134182335047,0.5819920678215843,0.4309415954495493,-0.028298079197623175
26.2696,-13.1054,|val|>=0.075,LASSO,LIN,4,0.8289266003809966,0.5806488285381373,0.42932076351324844,-0.029082810288594097
26.2696,-13.1054,|val|>=0.075,PCMCI,KRR,4,0.82802252464543,0.5821810912682006,0.4267734585342059,-0.02080375246885587
26.2696,-13.1054,|val|>=0.075,LASSO,KRR,4,0.8294081855561857,0.5798309663152802,0.42583605683346437,-0.03051051041156382
26.2696,-13.1054,|val|>=0.10,PCMCI,LIN,3,0.8270867271406424,0.5837628812611797,0.43106078212514265,-0.020697817499813406
26.2696,-13.1054,|val|>=0.10,LASSO,LIN,3,0.8270867271406424,0.5837628812611797,0.43106078212514265,-0.020697817499813406
26.2696,-13.1054,|val|>=0.10,PCMCI,KRR,3,0.8265835493075219,0.5846116395830024,0.4288149848676779,-0.018670618064692925
26.2696,-13.1054,|val|>=0.10,LASSO,KRR,3,0.8265835493075219,0.5846116395830024,0.4288149848676779,-0.018670618064692925
26.2696,-13.1054,|val|>=0.15,PCMCI,LIN,1,0.8156649565832196,0.6027347958975097,0.4516270087462937,-0.013081370990142763
26.2696,-13.1054,|val|>=0.15,LASSO,LIN,1,0.8237434618899486,0.5893793685585631,0.4396092528078208,-0.04304898596790793
26.2696,-13.1054,|val|>=0.15,PCMCI,KRR,1,0.8131670111846293,0.6068049179340778,0.4527190992671808,-0.01577457823267353
26.2696,-13.1054,|val|>=0.15,LASSO,KRR,1,0.8248008621687202,0.5876088032745433,0.43391671923818914,-0.032929335187902024
26.2696,-13.6054,-,CLIMATOLOGY,-,0,0.7795853309260339,0.6590867159657025,0.49448892796173727,-0.07762022440250364
26.2696,-13.6054,-,ALL,LIN,56,0.8265406779328139,0.5846838978830327,0.42920895043970453,-0.03575403609073668
26.2696,-13.6054,-,ALL,KRR,56,0.8263901766152159,0.5849374922616881,0.43365310324877854,-0.03422523573462117
26.2696,-13.6054,fdr<=0.01,PCMCI,LIN,6,0.8293039222322027,0.5800081315256606,0.43123716170598414,-0.04819837070386667
26.2696,-13.6054,fdr<=0.01,LASSO,LIN,6,0.8291171427513421,0.5803253737260996,0.42720464132981023,-0.023674953854745037
26.2696,-13.6054,fdr<=0.01,PCMCI,KRR,6,0.8292273452445136,0.5801382173949279,0.42908740506652965,-0.042767363321983526
26.2696,-13.6054,fdr<=0.01,LASSO,KRR,6,0.8321505328829094,0.5751515501502377,0.4222609307241223,-0.02453291819446192
26.2696,-13.6054,fdr<=0.001,PCMCI,LIN,4,0.8271249284377019,0.5836983930622546,0.4311412392062624,-0.028494846035068487
26.2696,-13.6054,fdr<=0.001,LASSO,LIN,4,0.8295042786159099,0.5796676361449227,0.4284800683322431,-0.03133625112818971
26.2696,-13.6054,fdr<=0.001,PCMCI,KRR,4,0.8280987281463881,0.5820520942794661,0.42698951441899535,-0.024221613265661544
26.2696,-13.6054,fdr<=0.001,LASSO,KRR,4,0.8306241473300703,0.5777607814815287,0.42519142822165806,-0.0338436196439089
26.2696,-13.6054,fdr<=0.0001,PCMCI,LIN,3,0.8275450980642441,0.5829886275209222,0.43010132441234294,-0.0217578254420376
26.2696,-13.6054,fdr<=0.0001,LASSO,LIN,3,0.827353180052699,0.5833129294278447,0.43462407473663417,-0.03472305230960167
26.2696,-13.6054,fdr<=0.0001,PCMCI,KRR,3,0.828280402701083,0.5817444409163507,0.42730602409407503,-0.019052215824174993
26.2696,-13.6054,fdr<=0.0001,LASSO,KRR,3,0.8288335144336675,0.5808067809019105,0.42981261877169025,-0.03796278865834425
26.2696,-13.6054,|val|>=0.075,PCMCI,LIN,4,0.8271249284377019,0.5836983930622546,0.4311412392062624,-0.028494846035068487
26.2696,-13.6054,|val|>=0.075,LASSO,LIN,4,0.8295042786159099,0.5796676361449227,0.4284800683322431,-0.03133625112818971
26.2696,-13.6054,|val|>=0.075,PCMCI,KRR,4,0.8280987281463881,0.5820520942794661,0.42698951441899535,-0.024221613265661544
26.2696,-13.6054,|val|>=0.075,LASSO,KRR,4,0.8306241473300703,0.5777607814815287,0.42519142822165806,-0.0338436196439089
26.2696,-13.6054,|val|>=0.10,PCMCI,LIN,2,0.8263778218034219,0.5849583052085581,0.4345552114517991,-0.026672576935316265
26.2696,-13.6054,|val|>=0.10,LASSO,LIN,2,0.8263778218034219,0.5849583052085581,0.4345552114517991,-0.026672576935316265
26.2696,-13.6054,|val|>=0.10,PCMCI,KRR,2,0.8275430487967639,0.5829920913136969,0.4305114557633475,-0.023967842040448616
26.2696,-13.6054,|val|>=0.10,LASSO,KRR,2,0.8275430487967639,0.5829920913136969,0.4305114557633475,-0.023967842040448616
26.2696,-13.6054,|val|>=0.15,PCMCI,LIN,1,0.8156649565832196,0.6027347958975097,0.4516270087462937,-0.013081370990142763
26.2696,-13.6054,|val|>=0.15,LASSO,LIN,1,0.8237434618899486,0.5893793685585631,0.4396092528078208,-0.04304898596790793
26.2696,-13.6054,|val|>=0.15,PCMCI,KRR,1,0.8131670111846293,0.6068049179340778,0.4527190992671808,-0.01577457823267353
26.2696,-13.6054,|val|>=0.15,LASSO,KRR,1,0.8248008621687202,0.5876088032745433,0.43391671923818914,-0.032929335187902024
26.2696,-14.1054,-,CLIMATOLOGY,-,0,0.7686765298088158,0.695215086710607,0.5418312903295048,-0.11220808272842582
26.2696,-14.1054,-,ALL,LIN,56,0.8171845143124448,0.6180389257738518,0.4593661303198559,-0.0623764180214449
26.2696,-14.1054,-,ALL,KRR,56,0.8203231416319355,0.6127106248759641,0.4633532803220342,-0.07939431126032459
26.2696,-14.1054,fdr<=0.01,PCMCI,LIN,4,0.81775717287707,0.617070181577554,0.46248645452329185,-0.07603391371349562
26.2696,-14.1054,fdr<=0.01,LASSO,LIN,4,0.816705967733383,0.6188473012686666,0.4609663329871332,-0.06497737266247414
26.2696,-14.1054,fdr<=0.01,PCMCI,KRR,4,0.8156657263912037,0.6206008765459875,0.4622534901031296,-0.07250503038996194
26.2696,-14.1054,fdr<=0.01,LASSO,KRR,4,0.8189040312434457,0.6151254987348695,0.45653116384193376,-0.05807843450949517
26.2696,-14.1054,fdr<=0.001,PCMCI,LIN,4,0.81775717287707,0.617070181577554,0.46248645452329185,-0.07603391371349562
26.2696,-14.1054,fdr<=0.001,LASSO,LIN,4,0.816705967733383,0.6188473012686666,0.4609663329871332,-0.06497737266247414
26.2696,-14.1054,fdr<=0.001,PCMCI,KRR,4,0.8156657263912037,0.6206008765459875,0.4622534901031296,-0.07250503038996194
26.2696,-14.1054,fdr<=0.001,LASSO,KRR,4,0.8189040312434457,0.6151254987348695,0.45653116384193376,-0.05807843450949517
26.2696,-14.1054,fdr<=0.0001,PCMCI,LIN,3,0.8195910098371809,0.6139576660874664,0.45927319194794464,-0.06601869397337502
26.2696,-14.1054,fdr<=0.0001,LASSO,LIN,3,0.8179395856182492,0.6167612815077768,0.4535681858213611,-0.03704210174180852
26.2696,-14.1054,fdr<=0.0001,PCMCI,KRR,3,0.8193300978350353,0.6144014661671658,0.45555121776201674,-0.05958919461065818
26.2696,-14.1054,fdr<=0.0001,LASSO,KRR,3,0.8205771486492485,0.6122773808770345,0.4489496084738794,-0.03532682150159994
26.2696,-14.1054,|val|>=0.075,PCMCI,LIN,4,0.81775717287707,0.617070181577554,0.46248645452329185,-0.07603391371349562
26.2696,-14.1054,|val|>=0.075,LASSO,LIN,4,0.816705967733383,0.6188473012686666,0.4609663329871332,-0.06497737266247414
26.2696,-14.1054,|val|>=0.075,PCMCI,KRR,4,0.8156657263912037,0.6206008765459875,0.4622534901031296,-0.07250503038996194
26.2696,-14.1054,|val|>=0.075,LASSO,KRR,4,0.8189040312434457,0.6151254987348695,0.45653116384193376,-0.05807843450949517
26.2696,-14.1054,|val|>=0.10,PCMCI,LIN,2,0.8205285485023344,0.6123602988433432,0.4520157693676556,-0.03891671198298355
26.2696,-14.1054,|val|>=0.10,LASSO,LIN,2,0.8205285485023344,0.6123602988433432,0.4520157693676556,-0.03891671198298355
26.2696,-14.1054,|val|>=0.10,PCMCI,KRR,2,0.8221660933114021,0.6095602287095364,0.44682837247319573,-0.03826337156770051
26.2696,-14.1054,|val|>=0.10,LASSO,KRR,2,0.8221660933114021,0.6095602287095364,0.44682837247319573,-0.03826337156770051
26.2696,-14.1054,|val|>=0.15,PCMCI,LIN,1,0.8095589400677722,0.6307970210231894,0.4647235671159863,-0.028986839048798986
26.2696,-14.1054,|val|>=0.15,LASSO,LIN,1,0.8095589400677722,0.6307970210231894,0.4647235671159863,-0.028986839048798986
26.2696,-14.1054,|val|>=0.15,PCMCI,KRR,1,0.8097233979129698,0.6305245957254398,0.4622922159041102,-0.026287671618496388
26.2696,-14.1054,|val|>=0.15,LASSO,KRR,1,0.8097233979129698,0.6305245957254398,0.4622922159041102,-0.026287671618496388
26.2696,-9.1054,-,CLIMATOLOGY,-,0,0.7397442697549366,0.7298173651361058,0.49550318457768894,-0.005232292056658989
26.2696,-9.1054,-,ALL,LIN,56,0.795202482863865,0.6474055020996842,0.42038381939464414,0.0015556562047731924
26.2696,-9.1054,-,ALL,KRR,56,0.7948759863950772,0.6479213565750427,0.4231083818282055,0.00037627501192481863
26.2696,-9.1054,fdr<=0.01,PCMCI,LIN,5,0.79752752265788,0.6437200565686426,0.4162581427462555,0.01382389026459882
26.2696,-9.1054,fdr<=0.01,LASSO,LIN,5,0.7929997560515087,0.6508778181321928,0.4215843645740678,0.00976276897639365
26.2696,-9.1054,fdr<=0.01,PCMCI,KRR,5,0.7974255699296686,0.6438821051522945,0.41570979146575937,0.01727512000962649
26.2696,-9.1054,fdr<=0.01,LASSO,KRR,5,0.7933296579585536,0.6503589504941716,0.41690999516098676,0.016456823979443792
26.2696,-9.1054,fdr<=0.001,PCMCI,LIN,4,0.795031671593381,0.6476754299516506,0.41700536671628236,0.016529877978898364
26.2696,-9.1054,fdr<=0.001,LASSO,LIN,4,0.7928517163773582,0.6511105195938546,0.42195000633699237,0.009733086184554332
26.2696,-9.1054,fdr<=0.001,PCMCI,KRR,4,0.7959084859328154,0.6462886309692926,0.41376276582881966,0.01988370394702344
26.2696,-9.1054,fdr<=0.001,LASSO,KRR,4,0.7931207630931392,0.6506875470690175,0.41902253894752894,0.014959224005774216
26.2696,-9.1054,fdr<=0.0001,PCMCI,LIN,3,0.7936490514853967,0.6498562156725561,0.41925847710886655,0.012025245400680224
26.2696,-9.1054,fdr<=0.0001,LASSO,LIN,3,0.7936490514853967,0.6498562156725561,0.41925847710886655,0.012025245400680224
26.2696,-9.1054,fdr<=0.0001,PCMCI,KRR,3,0.7946824247416698,0.648226984265646,0.41523989834581204,0.01877187581054066
26.2696,-9.1054,fdr<=0.0001,LASSO,KRR,3,0.7946824247416698,0.648226984265646,0.41523989834581204,0.01877187581054066
26.2696,-9.1054,|val|>=0.075,PCMCI,LIN,4,0.795031671593381,0.6476754299516506,0.41700536671628236,0.016529877978898364
26.2696,-9.1054,|val|>=0.075,LASSO,LIN,4,0.7928517163773582,0.6511105195938546,0.42195000633699237,0.009733086184554332
26.2696,-9.1054,|val|>=0.075,PCMCI,KRR,4,0.7959084859328154,0.6462886309692926,0.41376276582881966,0.01988370394702344
26.2696,-9.1054,|val|>=0.075,LASSO,KRR,4,0.7931207630931392,0.6506875470690175,0.41902253894752894,0.014959224005774216
26.2696,-9.1054,|val|>=0.10,PCMCI,LIN,3,0.7936490514853967,0.6498562156725561,0.41925847710886655,0.012025245400680224
26.2696,-9.1054,|val|>=0.10,LASSO,LIN,3,0.7936490514853967,0.6498562156725561,0.41925847710886655,0.012025245400680224
26.2696,-9.1054,|val|>=0.10,PCMCI,KRR,3,0.7946824247416698,0.648226984265646,0.41523989834581204,0.01877187581054066
26.2696,-9.1054,|val|>=0.10,LASSO,KRR,3,0.7946824247416698,0.648226984265646,0.41523989834581204,0.01877187581054066
26.2696,-9.1054,|val|>=0.15,PCMCI,LIN,2,0.7913364497107331,0.6534875810636197,0.4196388790548754,0.024674481800747338
26.2696,-9.1054,|val|>=0.15,LASSO,LIN,2,0.7913364497107331,0.6534875810636197,0.4196388790548754,0.024674481800747338
26.2696,-9.1054,|val|>=0.15,PCMCI,KRR,2,0.792455996886723,0.6517321375579721,0.41520849076559674,0.02489852895209726
26.2696,-9.1054,|val|>=0.15,LASSO,KRR,2,0.792455996886723,0.6517321375579721,0.41520849076559674,0.02489852895209726
26.2696,-9.6054,-,CLIMATOLOGY,-,0,0.7397442697549366,0.7298173651361058,0.49550318457768894,-0.005232292056658989
26.2696,-9.6054,-,ALL,LIN,56,0.795202482863865,0.6474055020996842,0.42038381939464414,0.0015556562047731924
26.2696,-9.6054,-,ALL,KRR,56,0.7948759863950772,0.6479213565750427,0.4231083818282055,0.00037627501192481863
26.2696,-9.6054,fdr<=0.01,PCMCI,LIN,5,0.79752752265788,0.6437200565686426,0.4162581427462555,0.01382389026459882
26.2696,-9.6054,fdr<=0.01,LASSO,LIN,5,0.7929997560515087,0.6508778181321928,0.4215843645740678,0.00976276897639365
26.2696,-9.6054,fdr<=0.01,PCMCI,KRR,5,0.7974255699296686,0.6438821051522945,0.41570979146575937,0.01727512000962649
26.2696,-9.6054,fdr<=0.01,LASSO,KRR,5,0.7933296579585536,0.6503589504941716,0.41690999516098676,0.016456823979443792
26.2696,-9.6054,fdr<=0.001,PCMCI,LIN,4,0.795031671593381,0.6476754299516506,0.41700536671628236,0.016529877978898364
26.2696,-9.6054,fdr<=0.001,LASSO,LIN,4,0.7928517163773582,0.6511105195938546,0.42195000633699237,0.009733086184554332
26.2696,-9.6054,fdr<=0.001,PCMCI,KRR,4,0.7959084859328154,0.6462886309692926,0.41376276582881966,0.01988370394702344
26.2696,-9.6054,fdr<=0.001,LASSO,KRR,4,0.7931207630931392,0.6506875470690175,0.41902253894752894,0.014959224005774216
26.2696,-9.6054,fdr<=0.0001,PCMCI,LIN,3,0.7936490514853967,0.6498562156725561,0.41925847710886655,0.012025245400680224
26.2696,-9.6054,fdr<=0.0001,LASSO,LIN,3,0.7936490514853967,0.6498562156725561,0.41925847710886655,0.012025245400680224
26.2696,-9.6054,fdr<=0.0001,PCMCI,KRR,3,0.7946824247416698,0.648226984265646,0.41523989834581204,0.01877187581054066
26.2696,-9.6054,fdr<=0.0001,LASSO,KRR,3,0.7946824247416698,0.648226984265646,0.41523989834581204,0.01877187581054066
26.2696,-9.6054,|val|>=0.075,PCMCI,LIN,4,0.795031671593381,0.6476754299516506,0.41700536671628236,0.016529877978898364
26.2696,-9.6054,|val|>=0.075,LASSO,LIN,4,0.7928517163773582,0.6511105195938546,0.42195000633699237,0.009733086184554332
26.2696,-9.6054,|val|>=0.075,PCMCI,KRR,4,0.7959084859328154,0.6462886309692926,0.41376276582881966,0.01988370394702344
26.2696,-9.6054,|val|>=0.075,LASSO,KRR,4,0.7931207630931392,0.6506875470690175,0.41902253894752894,0.014959224005774216
26.2696,-9.6054,|val|>=0.10,PCMCI,LIN,3,0.7936490514853967,0.6498562156725561,0.41925847710886655,0.012025245400680224
26.2696,-9.6054,|val|>=0.10,LASSO,LIN,3,0.7936490514853967,0.6498562156725561,0.41925847710886655,0.012025245400680224
26.2696,-9.6054,|val|>=0.10,PCMCI,KRR,3,0.7946824247416698,0.648226984265646,0.41523989834581204,0.01877187581054066
26.2696,-9.6054,|val|>=0.10,LASSO,KRR,3,0.7946824247416698,0.648226984265646,0.41523989834581204,0.01877187581054066
26.2696,-9.6054,|val|>=0.15,PCMCI,LIN,2,0.7913364497107331,0.6534875810636197,0.4196388790548754,0.024674481800747338
26.2696,-9.6054,|val|>=0.15,LASSO,LIN,2,0.7913364497107331,0.6534875810636197,0.4196388790548754,0.024674481800747338
26.2696,-9.6054,|val|>=0.15,PCMCI,KRR,2,0.792455996886723,0.6517321375579721,0.41520849076559674,0.02489852895209726
26.2696,-9.6054,|val|>=0.15,LASSO,KRR,2,0.792455996886723,0.6517321375579721,0.41520849076559674,0.02489852895209726
26.7696,-10.1054,-,CLIMATOLOGY,-,0,0.7489802371539789,0.7087499030238785,0.4987473223208699,-0.02448445496265063
26.7696,-10.1054,-,ALL,LIN,56,0.8023084694992809,0.6289745699368872,0.42405502881424106,-0.0049698847644952665
26.7696,-10.1054,-,ALL,KRR,56,0.8001586069713117,0.6323853191187891,0.4223386214600672,-0.01002681327988089
26.7696,-10.1054,fdr<=0.01,PCMCI,LIN,6,0.8026585561033117,0.6284174061027414,0.4211988550500157,-0.0011079405863853805
26.7696,-10.1054,fdr<=0.01,LASSO,LIN,6,0.8014371484868558,0.6303591416927914,0.41812812822198836,0.011304311810859509
26.7696,-10.1054,fdr<=0.01,PCMCI,KRR,6,0.8007765131984548,0.6314068998323162,0.4189883395431408,0.004497241388595524
26.7696,-10.1054,fdr<=0.01,LASSO,KRR,6,0.8041277641359122,0.6260737504623514,0.41321392485359315,0.011207365639284587
26.7696,-10.1054,fdr<=0.001,PCMCI,LIN,3,0.8012372876088081,0.6306763018378109,0.4181738961575137,0.01246439740823392
26.7696,-10.1054,fdr<=0.001,LASSO,LIN,3,0.8012372876088081,0.6306763018378109,0.4181738961575137,0.01246439740823392
26.7696,-10.1054,fdr<=0.001,PCMCI,KRR,3,0.8023650858443024,0.6288844983209799,0.4115030098652358,0.01737112977078158
26.7696,-10.1054,fdr<=0.001,LASSO,KRR,3,0.8023650858443024,0.6288844983209799,0.4115030098652358,0.01737112977078158
26.7696,-10.1054,fdr<=0.0001,PCMCI,LIN,3,0.8012372876088081,0.6306763018378109,0.4181738961575137,0.01246439740823392
26.7696,-10.1054,fdr<=0.0001,LASSO,LIN,3,0.8012372876088081,0.6306763018378109,0.4181738961575137,0.01246439740823392
26.7696,-10.1054,fdr<=0.0001,PCMCI,KRR,3,0.8023650858443024,0.6288844983209799,0.4115030098652358,0.01737112977078158
26.7696,-10.1054,fdr<=0.0001,LASSO,KRR,3,0.8023650858443024,0.6288844983209799,0.4115030098652358,0.01737112977078158
26.7696,-10.1054,|val|>=0.075,PCMCI,LIN,3,0.8012372876088081,0.6306763018378109,0.4181738961575137,0.01246439740823392
26.7696,-10.1054,|val|>=0.075,LASSO,LIN,3,0.8012372876088081,0.6306763018378109,0.4181738961575137,0.01246439740823392
26.7696,-10.1054,|val|>=0.075,PCMCI,KRR,3,0.8023650858443024,0.6288844983209799,0.4115030098652358,0.01737112977078158
26.7696,-10.1054,|val|>=0.075,LASSO,KRR,3,0.8023650858443024,0.6288844983209799,0.4115030098652358,0.01737112977078158
26.7696,-10.1054,|val|>=0.10,PCMCI,LIN,3,0.8012372876088081,0.6306763018378109,0.4181738961575137,0.01246439740823392
26.7696,-10.1054,|val|>=0.10,LASSO,LIN,3,0.8012372876088081,0.6306763018378109,0.4181738961575137,0.01246439740823392
26.7696,-10.1054,|val|>=0.10,PCMCI,KRR,3,0.8023650858443024,0.6288844983209799,0.4115030098652358,0.01737112977078158
26.7696,-10.1054,|val|>=0.10,LASSO,KRR,3,0.8023650858443024,0.6288844983209799,0.4115030098652358,0.01737112977078158
26.7696,-10.1054,|val|>=0.15,PCMCI,LIN,2,0.7982762847194362,0.6353565831194669,0.4206285834775776,0.02416837807006971
26.7696,-10.1054,|val|>=0.15,LASSO,LIN,2,0.7982762847194362,0.6353565831194669,0.4206285834775776,0.02416837807006971
26.7696,-10.1054,|val|>=0.15,PCMCI,KRR,2,0.7997010881122781,0.633108799867359,0.4146594401585607,0.020141141048642477
26.7696,-10.1054,|val|>=0.15,LASSO,KRR,2,0.7997010881122781,0.633108799867359,0.4146594401585607,0.020141141048642477
26.7696,-10.6054,-,CLIMATOLOGY,-,0,0.7489802371539789,0.7087499030238785,0.4987473223208699,-0.02448445496265063
26.7696,-10.6054,-,ALL,LIN,56,0.8025644802687847,0.628567176588583,0.4251674503817772,-0.0013756412721843965
26.7696,-10.6054,-,ALL,KRR,56,0.799034874467903,0.634160816510544,0.4248750165098312,-0.010656025509234408
26.7696,-10.6054,fdr<=0.01,PCMCI,LIN,5,0.8016234763157778,0.6300633134036437,0.4225752309699713,0.00012418873747748973
26.7696,-10.6054,fdr<=0.01,LASSO,LIN,5,0.8013161443890677,0.6305511827053388,0.41818725702466275,0.013808693002237346
26.7696,-10.6054,fdr<=0.01,PCMCI,KRR,5,0.8018100362639428,0.6297669773613893,0.4171137859077807,0.0060486146554431745
26.7696,-10.6054,fdr<=0.01,LASSO,KRR,5,0.80188150432832,0.6296534189240727,0.41500396625572794,0.014983524714359814
26.7696,-10.6054,fdr<=0.001,PCMCI,LIN,3,0.8005485675201864,0.6317680152077598,0.41902674999861733,0.014142343073571883
26.7696,-10.6054,fdr<=0.001,LASSO,LIN,3,0.799948869246601,0.6327170829075508,0.4188132051448367,0.02019395725998774
26.7696,-10.6054,fdr<=0.001,PCMCI,KRR,3,0.8019478811986397,0.6295479317396467,0.41184201977203344,0.019455450143969065
26.7696,-10.6054,fdr<=0.001,LASSO,KRR,3,0.800055100527451,0.6325490676823903,0.415959282015629,0.014302477432151552
26.7696,-10.6054,fdr<=0.0001,PCMCI,LIN,3,0.8005485675201864,0.6317680152077598,0.41902674999861733,0.014142343073571883
26.7696,-10.6054,fdr<=0.0001,LASSO,LIN,3,0.799948869246601,0.6327170829075508,0.4188132051448367,0.02019395725998774
26.7696,-10.6054,fdr<=0.0001,PCMCI,KRR,3,0.8019478811986397,0.6295479317396467,0.41184201977203344,0.019455450143969065
26.7696,-10.6054,fdr<=0.0001,LASSO,KRR,3,0.800055100527451,0.6325490676823903,0.415959282015629,0.014302477432151552
26.7696,-10.6054,|val|>=0.075,PCMCI,LIN,3,0.8005485675201864,0.6317680152077598,0.41902674999861733,0.014142343073571883
26.7696,-10.6054,|val|>=0.075,LASSO,LIN,3,0.799948869246601,0.6327170829075508,0.4188132051448367,0.02019395725998774
26.7696,-10.6054,|val|>=0.075,PCMCI,KRR,3,0.8019478811986397,0.6295479317396467,0.41184201977203344,0.019455450143969065
26.7696,-10.6054,|val|>=0.075,LASSO,KRR,3,0.800055100527451,0.6325490676823903,0.415959282015629,0.014302477432151552
26.7696,-10.6054,|val|>=0.10,PCMCI,LIN,3,0.8005485675201864,0.6317680152077598,0.41902674999861733,0.014142343073571883
26.7696,-10.6054,|val|>=0.10,LASSO,LIN,3,0.799948869246601,0.6327170829075508,0.4188132051448367,0.02019395725998774
26.7696,-10.6054,|val|>=0.10,PCMCI,KRR,3,0.8019478811986397,0.6295479317396467,0.41184201977203344,0.019455450143969065
26.7696,-10.6054,|val|>=0.10,LASSO,KRR,3,0.800055100527451,0.6325490676823903,0.415959282015629,0.014302477432151552
26.7696,-10.6054,|val|>=0.15,PCMCI,LIN,2,0.7982762847194362,0.6353565831194669,0.4206285834775776,0.02416837807006971
26.7696,-10.6054,|val|>=0.15,LASSO,LIN,2,0.7982762847194362,0.6353565831194669,0.4206285834775776,0.02416837807006971
26.7696,-10.6054,|val|>=0.15,PCMCI,KRR,2,0.7997010881122781,0.633108799867359,0.4146594401585607,0.020141141048642477
26.7696,-10.6054,|val|>=0.15,LASSO,KRR,2,0.7997010881122781,0.633108799867359,0.4146594401585607,0.020141141048642477
26.7696,-11.1054,-,CLIMATOLOGY,-,0,0.7722217833820477,0.6780876947177304,0.48075362321429044,-0.024908236485187498
26.7696,-11.1054,-,ALL,LIN,56,0.8162920101659992,0.608967046076482,0.41799997776422504,-0.0017577811448663179
26.7696,-11.1054,-,ALL,KRR,56,0.8137338812917022,0.6131923127110588,0.41953194072226413,-0.009152502536319307
26.7696,-11.1054,fdr<=0.01,PCMCI,LIN,4,0.8163798717871334,0.6088214039874411,0.4139980947505277,-0.0020992054890877666
26.7696,-11.1054,fdr<=0.01,LASSO,LIN,4,0.8165068632690454,0.6086108374622602,0.4126564846157393,0.005608541426784071
26.7696,-11.1054,fdr<=0.01,PCMCI,KRR,4,0.8187323639935021,0.6049088029033864,0.41230226186217744,-0.010508940964755367
26.7696,-11.1054,fdr<=0.01,LASSO,KRR,4,0.8194940291739998,0.6036365874272801,0.4091781553000638,0.0005445225271127224
26.7696,-11.1054,fdr<=0.001,PCMCI,LIN,4,0.8163798717871334,0.6088214039874411,0.4139980947505277,-0.0020992054890877666
26.7696,-11.1054,fdr<=0.001,LASSO,LIN,4,0.8165068632690454,0.6086108374622602,0.4126564846157393,0.005608541426784071
26.7696,-11.1054,fdr<=0.001,PCMCI,KRR,4,0.8187323639935021,0.6049088029033864,0.41230226186217744,-0.010508940964755367
26.7696,-11.1054,fdr<=0.001,LASSO,KRR,4,0.8194940291739998,0.6036365874272801,0.4091781553000638,0.0005445225271127224
26.7696,-11.1054,fdr<=0.0001,PCMCI,LIN,2,0.814282726575006,0.612288240645246,0.41549182693901626,0.009408194367154983
26.7696,-11.1054,fdr<=0.0001,LASSO,LIN,2,0.814282726575006,0.612288240645246,0.41549182693901626,0.009408194367154983
26.7696,-11.1054,fdr<=0.0001,PCMCI,KRR,2,0.8156737811485194,0.6099908580772,0.4115737408152494,-0.0015088730751585443
26.7696,-11.1054,fdr<=0.0001,LASSO,KRR,2,0.8156737811485194,0.6099908580772,0.4115737408152494,-0.0015088730751585443
26.7696,-11.1054,|val|>=0.075,PCMCI,LIN,3,0.8160095219878638,0.6094350712047205,0.41399465567708177,0.002412038082839928
26.7696,-11.1054,|val|>=0.075,LASSO,LIN,3,0.8160095219878638,0.6094350712047205,0.41399465567708177,0.002412038082839928
26.7696,-11.1054,|val|>=0.075,PCMCI,KRR,3,0.8186479031792397,0.60504971371666,0.4115688876924247,-0.005424266618377486
26.7696,-11.1054,|val|>=0.075,LASSO,KRR,3,0.8186479031792397,0.60504971371666,0.4115688876924247,-0.005424266618377486
26.7696,-11.1054,|val|>=0.10,PCMCI,LIN,2,0.814282726575006,0.612288240645246,0.41549182693901626,0.009408194367154983
26.7696,-11.1054,|val|>=0.10,LASSO,LIN,2,0.814282726575006,0.612288240645246,0.41549182693901626,0.009408194367154983
26.7696,-11.1054,|val|>=0.10,PCMCI,KRR,2,0.8156737811485194,0.6099908580772,0.4115737408152494,-0.0015088730751585443
26.7696,-11.1054,|val|>=0.10,LASSO,KRR,2,0.8156737811485194,0.6099908580772,0.4115737408152494,-0.0015088730751585443
26.7696,-11.1054,|val|>=0.15,PCMCI,LIN,2,0.814282726575006,0.612288240645246,0.41549182693901626,0.009408194367154983
26.7696,-11.1054,|val|>=0.15,LASSO,LIN,2,0.814282726575006,0.612288240645246,0.41549182693901626,0.009408194367154983
26.7696,-11.1054,|val|>=0.15,PCMCI,KRR,2,0.8156737811485194,0.6099908580772,0.4115737408152494,-0.0015088730751585443
26.7696,-11.1054,|val|>=0.15,LASSO,KRR,2,0.8156737811485194,0.6099908580772,0.4115737408152494,-0.0015088730751585443
26.7696,-11.6054,-,CLIMATOLOGY,-,0,0.7722217833820477,0.6780876947177304,0.48075362321429044,-0.024908236485187498
26.7696,-11.6054,-,ALL,LIN,56,0.8163681213908086,0.6088408838190138,0.417033813113651,0.0021692420434622378
26.7696,-11.6054,-,ALL,KRR,56,0.8125211846082817,0.6151851868675515,0.4193936807657031,-0.004207191268755616
26.7696,-11.6054,fdr<=0.01,PCMCI,LIN,4,0.816631219679824,0.6084045695652757,0.4142953996355868,-0.004398129667948851
26.7696,-11.6054,fdr<=0.01,LASSO,LIN,4,0.8168769741904285,0.6079967348799201,0.4121177947574933,0.0064302928871641735
26.7696,-11.6054,fdr<=0.01,PCMCI,KRR,4,0.8190188158467031,0.6044306542338517,0.4125858928422593,-0.01276321990039342
26.7696,-11.6054,fdr<=0.01,LASSO,KRR,4,0.820304799336203,0.6022793987012777,0.40856567826035556,-0.0005620701734396072
26.7696,-11.6054,fdr<=0.001,PCMCI,LIN,3,0.8162650906596703,0.6090116616965551,0.41429725359043096,0.00013139836860008065
26.7696,-11.6054,fdr<=0.001,LASSO,LIN,3,0.8162650906596703,0.6090116616965551,0.41429725359043096,0.00013139836860008065
26.7696,-11.6054,fdr<=0.001,PCMCI,KRR,3,0.8190232493325321,0.6044232508367411,0.41188311634797264,-0.007846791939840515
26.7696,-11.6054,fdr<=0.001,LASSO,KRR,3,0.8190232493325321,0.6044232508367411,0.41188311634797264,-0.007846791939840515
26.7696,-11.6054,fdr<=0.0001,PCMCI,LIN,3,0.8162650906596703,0.6090116616965551,0.41429725359043096,0.00013139836860008065
26.7696,-11.6054,fdr<=0.0001,LASSO,LIN,3,0.8162650906596703,0.6090116616965551,0.41429725359043096,0.00013139836860008065
26.7696,-11.6054,fdr<=0.0001,PCMCI,KRR,3,0.8190232493325321,0.6044232508367411,0.41188311634797264,-0.007846791939840515
26.7696,-11.6054,fdr<=0.0001,LASSO,KRR,3,0.8190232493325321,0.6044232508367411,0.41188311634797264,-0.007846791939840515
26.7696,-11.6054,|val|>=0.075,PCMCI,LIN,3,0.8162650906596703,0.6090116616965551,0.41429725359043096,0.00013139836860008065
26.7696,-11.6054,|val|>=0.075,LASSO,LIN,3,0.8162650906596703,0.6090116616965551,0.41429725359043096,0.00013139836860008065
26.7696,-11.6054,|val|>=0.075,PCMCI,KRR,3,0.8190232493325321,0.6044232508367411,0.41188311634797264,-0.007846791939840515
26.7696,-11.6054,|val|>=0.075,LASSO,KRR,3,0.8190232493325321,0.6044232508367411,0.41188311634797264,-0.007846791939840515
26.7696,-11.6054,|val|>=0.10,PCMCI,LIN,2,0.814282726575006,0.612288240645246,0.41549182693901626,0.009408194367154983
26.7696,-11.6054,|val|>=0.10,LASSO,LIN,2,0.814282726575006,0.612288240645246,0.41549182693901626,0.009408194367154983
26.7696,-11.6054,|val|>=0.10,PCMCI,KRR,2,0.8156737811485194,0.6099908580772,0.4115737408152494,-0.0015088730751585443
26.7696,-11.6054,|val|>=0.10,LASSO,KRR,2,0.8156737811485194,0.6099908580772,0.4115737408152494,-0.0015088730751585443
26.7696,-11.6054,|val|>=0.15,PCMCI,LIN,2,0.814282726575006,0.612288240645246,0.41549182693901626,0.009408194367154983
26.7696,-11.6054,|val|>=0.15,LASSO,LIN,2,0.814282726575006,0.612288240645246,0.41549182693901626,0.009408194367154983
26.7696,-11.6054,|val|>=0.15,PCMCI,KRR,2,0.8156737811485194,0.6099908580772,0.4115737408152494,-0.0015088730751585443
26.7696,-11.6054,|val|>=0.15,LASSO,KRR,2,0.8156737811485194,0.6099908580772,0.4115737408152494,-0.0015088730751585443
26.7696,-12.1054,-,CLIMATOLOGY,-,0,0.7842241543749603,0.6691348358893014,0.48611306316491987,0.0023384100945124846
26.7696,-12.1054,-,ALL,LIN,56,0.8267105726052214,0.5996505826596682,0.4237052686392279,0.011971111531067483
26.7696,-12.1054,-,ALL,KRR,56,0.8246699315220478,0.6031709653708204,0.42573393338316745,0.01059151628591542
26.7696,-12.1054,fdr<=0.01,PCMCI,LIN,4,0.8261812963903367,0.6005656379562702,0.4246529721661623,0.012370793443275747
26.7696,-12.1054,fdr<=0.01,LASSO,LIN,4,0.8254245601423769,0.6018715279656826,0.42502365309001033,0.01618332461439143
26.7696,-12.1054,fdr<=0.01,PCMCI,KRR,4,0.8284613968309354,0.5966136169055638,0.41744881441702636,0.012454286826063901
26.7696,-12.1054,fdr<=0.01,LASSO,KRR,4,0.8283517302088396,0.5968042974430032,0.41814620857024487,0.01043407243401591
26.7696,-12.1054,fdr<=0.001,PCMCI,LIN,3,0.8239692735143215,0.604374966471807,0.425768627854684,0.022270339744066486
26.7696,-12.1054,fdr<=0.001,LASSO,LIN,3,0.8264788740199703,0.6000513335379474,0.42617555460340184,0.008896732687731541
26.7696,-12.1054,fdr<=0.001,PCMCI,KRR,3,0.8271028039020871,0.5989715597911338,0.41851012786448794,0.01754573382145345
26.7696,-12.1054,fdr<=0.001,LASSO,KRR,3,0.8299081934441142,0.5940923000625681,0.41949618104925784,0.004865115469061825
26.7696,-12.1054,fdr<=0.0001,PCMCI,LIN,2,0.8252549733202111,0.6021637933144128,0.42644882410957013,0.015202067578477819
26.7696,-12.1054,fdr<=0.0001,LASSO,LIN,2,0.8252549733202111,0.6021637933144128,0.42644882410957013,0.015202067578477819
26.7696,-12.1054,fdr<=0.0001,PCMCI,KRR,2,0.8284734846024794,0.5965925958175426,0.41907153921218016,0.013077101896505454
26.7696,-12.1054,fdr<=0.0001,LASSO,KRR,2,0.8284734846024794,0.5965925958175426,0.41907153921218016,0.013077101896505454
26.7696,-12.1054,|val|>=0.075,PCMCI,LIN,3,0.8239692735143215,0.604374966471807,0.425768627854684,0.022270339744066486
26.7696,-12.1054,|val|>=0.075,LASSO,LIN,3,0.8264788740199703,0.6000513335379474,0.42617555460340184,0.008896732687731541
26.7696,-12.1054,|val|>=0.075,PCMCI,KRR,3,0.8271028039020871,0.5989715597911338,0.41851012786448794,0.01754573382145345
26.7696,-12.1054,|val|>=0.075,LASSO,KRR,3,0.8299081934441142,0.5940923000625681,0.41949618104925784,0.004865115469061825
26.7696,-12.1054,|val|>=0.10,PCMCI,LIN,2,0.8252549733202111,0.6021637933144128,0.42644882410957013,0.015202067578477819
26.7696,-12.1054,|val|>=0.10,LASSO,LIN,2,0.8252549733202111,0.6021637933144128,0.42644882410957013,0.015202067578477819
26.7696,-12.1054,|val|>=0.10,PCMCI,KRR,2,0.8284734846024794,0.5965925958175426,0.41907153921218016,0.013077101896505454
26.7696,-12.1054,|val|>=0.10,LASSO,KRR,2,0.8284734846024794,0.5965925958175426,0.41907153921218016,0.013077101896505454
26.7696,-12.1054,|val|>=0.15,PCMCI,LIN,2,0.8252549733202111,0.6021637933144128,0.42644882410957013,0.015202067578477819
26.7696,-12.1054,|val|>=0.15,LASSO,LIN,2,0.8252549733202111,0.6021637933144128,0.42644882410957013,0.015202067578477819
26.7696,-12.1054,|val|>=0.15,PCMCI,KRR,2,0.8284734846024794,0.5965925958175426,0.41907153921218016,0.013077101896505454
26.7696,-12.1054,|val|>=0.15,LASSO,KRR,2,0.8284734846024794,0.5965925958175426,0.41907153921218016,0.013077101896505454
26.7696,-12.6054,-,CLIMATOLOGY,-,0,0.7842241543749603,0.6691348358893014,0.48611306316491987,0.0023384100945124846
26.7696,-12.6054,-,ALL,LIN,56,0.8279388579911184,0.5975216245703011,0.42104639890025164,0.015036654097621208
26.7696,-12.6054,-,ALL,KRR,56,0.8256204141160974,0.6015338172006521,0.4243158598195959,0.010036965563001331
26.7696,-12.6054,fdr<=0.01,PCMCI,LIN,4,0.8268039938794124,0.599488923421226,0.4234410252029847,0.01370067385381433
26.7696,-12.6054,fdr<=0.01,LASSO,LIN,4,0.8268039938794124,0.599488923421226,0.4234410252029847,0.01370067385381433
26.7696,-12.6054,fdr<=0.01,PCMCI,KRR,4,0.8287847341865459,0.5960510658079231,0.41698335254119023,0.009844906605384682
26.7696,-12.6054,fdr<=0.01,LASSO,KRR,4,0.8287847341865459,0.5960510658079231,0.41698335254119023,0.009844906605384682
26.7696,-12.6054,fdr<=0.001,PCMCI,LIN,4,0.8268039938794124,0.599488923421226,0.4234410252029847,0.01370067385381433
26.7696,-12.6054,fdr<=0.001,LASSO,LIN,4,0.8268039938794124,0.599488923421226,0.4234410252029847,0.01370067385381433
26.7696,-12.6054,fdr<=0.001,PCMCI,KRR,4,0.8287847341865459,0.5960510658079231,0.41698335254119023,0.009844906605384682
26.7696,-12.6054,fdr<=0.001,LASSO,KRR,4,0.8287847341865459,0.5960510658079231,0.41698335254119023,0.009844906605384682
26.7696,-12.6054,fdr<=0.0001,PCMCI,LIN,3,0.824876063384964,0.6028162934050376,0.424402629288678,0.021514735911388336
26.7696,-12.6054,fdr<=0.0001,LASSO,LIN,3,0.8267009444670705,0.5996672410286912,0.4264562547324331,0.007392482350775762
26.7696,-12.6054,fdr<=0.0001,PCMCI,KRR,3,0.8270987006547275,0.5989786672340103,0.4177318682330905,0.018166165132267785
26.7696,-12.6054,fdr<=0.0001,LASSO,KRR,3,0.8302074711841608,0.5935694151485348,0.419627846406018,0.002849453418143795
26.7696,-12.6054,|val|>=0.075,PCMCI,LIN,3,0.824876063384964,0.6028162934050376,0.424402629288678,0.021514735911388336
26.7696,-12.6054,|val|>=0.075,LASSO,LIN,3,0.8267009444670705,0.5996672410286912,0.4264562547324331,0.007392482350775762
26.7696,-12.6054,|val|>=0.075,PCMCI,KRR,3,0.8270987006547275,0.5989786672340103,0.4177318682330905,0.018166165132267785
26.7696,-12.6054,|val|>=0.075,LASSO,KRR,3,0.8302074711841608,0.5935694151485348,0.419627846406018,0.002849453418143795
26.7696,-12.6054,|val|>=0.10,PCMCI,LIN,2,0.8252549733202111,0.6021637933144128,0.42644882410957013,0.015202067578477819
26.7696,-12.6054,|val|>=0.10,LASSO,LIN,2,0.8252549733202111,0.6021637933144128,0.42644882410957013,0.015202067578477819
26.7696,-12.6054,|val|>=0.10,PCMCI,KRR,2,0.8284734846024794,0.5965925958175426,0.41907153921218016,0.013077101896505454
26.7696,-12.6054,|val|>=0.10,LASSO,KRR,2,0.8284734846024794,0.5965925958175426,0.41907153921218016,0.013077101896505454
26.7696,-12.6054,|val|>=0.15,PCMCI,LIN,2,0.8252549733202111,0.6021637933144128,0.42644882410957013,0.015202067578477819
26.7696,-12.6054,|val|>=0.15,LASSO,LIN,2,0.8252549733202111,0.6021637933144128,0.42644882410957013,0.015202067578477819
26.7696,-12.6054,|val|>=0.15,PCMCI,KRR,2,0.8284734846024794,0.5965925958175426,0.41907153921218016,0.013077101896505454
26.7696,-12.6054,|val|>=0.15,LASSO,KRR,2,0.8284734846024794,0.5965925958175426,0.41907153921218016,0.013077101896505454
26.7696,-13.1054,-,CLIMATOLOGY,-,0,0.7795853309260339,0.6590867159657025,0.49448892796173727,-0.07762022440250364
26.7696,-13.1054,-,ALL,LIN,56,0.8270838367483262,0.5837677602871427,0.426966966487019,-0.024920948994632264
26.7696,-13.1054,-,ALL,KRR,56,0.8268552143166447,0.5841535493219524,0.4290472276835977,-0.026010971416316794
26.7696,-13.1054,fdr<=0.01,PCMCI,LIN,7,0.8289764036222977,0.5805643025429481,0.4307682379753279,-0.04283333248879162
26.7696,-13.1054,fdr<=0.01,LASSO,LIN,7,0.8290731578230477,0.5804000562542788,0.4264431155644549,-0.021119832888215895
26.7696,-13.1054,fdr<=0.01,PCMCI,KRR,7,0.8297661680882455,0.5792222666326182,0.4252746971076811,-0.038196009207706806
26.7696,-13.1054,fdr<=0.01,LASSO,KRR,7,0.8317680925919437,0.5758064106591527,0.4226689350027071,-0.02271352999674456
26.7696,-13.1054,fdr<=0.001,PCMCI,LIN,5,0.8266994743198064,0.5844162070248909,0.4323934572420445,-0.02851243911682407
26.7696,-13.1054,fdr<=0.001,LASSO,LIN,5,0.8298381959646262,0.5790997158935818,0.42602021879935137,-0.022441816208986075
26.7696,-13.1054,fdr<=0.001,PCMCI,KRR,5,0.8290321075742111,0.5804697472872944,0.4262933081451876,-0.024294125581652493
26.7696,-13.1054,fdr<=0.001,LASSO,KRR,5,0.8340694841277533,0.5718543682712501,0.41939828346179714,-0.02374953075056714
26.7696,-13.1054,fdr<=0.0001,PCMCI,LIN,3,0.8277334592000409,0.5826701604886605,0.42975322061948895,-0.02083659044670352
26.7696,-13.1054,fdr<=0.0001,LASSO,LIN,3,0.8277334592000409,0.5826701604886605,0.42975322061948895,-0.02083659044670352
26.7696,-13.1054,fdr<=0.0001,PCMCI,KRR,3,0.8285771056484815,0.5812416447423263,0.42645468332731523,-0.018047330541223594
26.7696,-13.1054,fdr<=0.0001,LASSO,KRR,3,0.8285771056484815,0.5812416447423263,0.42645468332731523,-0.018047330541223594
26.7696,-13.1054,|val|>=0.075,PCMCI,LIN,4,0.827340465825381,0.5833344074853282,0.43054898293333366,-0.027522481691599057
26.7696,-13.1054,|val|>=0.075,LASSO,LIN,4,0.8295634340058017,0.5795670663487241,0.4279926649965396,-0.029596374005147995
26.7696,-13.1054,|val|>=0.075,PCMCI,KRR,4,0.8284250546151897,0.5814993664542545,0.42579914958647536,-0.022987372418799102
26.7696,-13.1054,|val|>=0.075,LASSO,KRR,4,0.8309246795380361,0.5772479787068614,0.4241107210213159,-0.030807648998220794
26.7696,-13.1054,|val|>=0.10,PCMCI,LIN,3,0.8277334592000409,0.5826701604886605,0.42975322061948895,-0.02083659044670352
26.7696,-13.1054,|val|>=0.10,LASSO,LIN,3,0.8277334592000409,0.5826701604886605,0.42975322061948895,-0.02083659044670352
26.7696,-13.1054,|val|>=0.10,PCMCI,KRR,3,0.8285771056484815,0.5812416447423263,0.42645468332731523,-0.018047330541223594
26.7696,-13.1054,|val|>=0.10,LASSO,KRR,3,0.8285771056484815,0.5812416447423263,0.42645468332731523,-0.018047330541223594
26.7696,-13.1054,|val|>=0.15,PCMCI,LIN,2,0.8263778218034219,0.5849583052085581,0.4345552114517991,-0.026672576935316265
26.7696,-13.1054,|val|>=0.15,LASSO,LIN,2,0.8263778218034219,0.5849583052085581,0.4345552114517991,-0.026672576935316265
26.7696,-13.1054,|val|>=0.15,PCMCI,KRR,2,0.8275430487967639,0.5829920913136969,0.4305114557633475,-0.023967842040448616
26.7696,-13.1054,|val|>=0.15,LASSO,KRR,2,0.8275430487967639,0.5829920913136969,0.4305114557633475,-0.023967842040448616
26.7696,-9.1054,-,CLIMATOLOGY,-,0,0.7397442697549366,0.7298173651361058,0.49550318457768894,-0.005232292056658989
26.7696,-9.1054,-,ALL,LIN,56,0.7975732651759491,0.6436473379454353,0.41732587608760185,0.001309014000545037
26.7696,-9.1054,-,ALL,KRR,56,0.7966449215522955,0.6451215562465894,0.42308417379068586,-0.0017882588427649633
26.7696,-9.1054,fdr<=0.01,PCMCI,LIN,4,0.7952569912158083,0.6473193405195266,0.4167981980035414,0.0161937608472544
26.7696,-9.1054,fdr<=0.01,LASSO,LIN,4,0.7937716989156617,0.6496630616256469,0.41908074777246784,0.011646674189838413
26.7696,-9.1054,fdr<=0.01,PCMCI,KRR,4,0.7951099228252294,0.6475517858776171,0.41456635802324027,0.01875635896027962
26.7696,-9.1054,fdr<=0.01,LASSO,KRR,4,0.7952552394825905,0.6473221096699181,0.41438909406437546,0.020808948085662967
26.7696,-9.1054,fdr<=0.001,PCMCI,LIN,4,0.7952569912158083,0.6473193405195266,0.4167981980035414,0.0161937608472544
26.7696,-9.1054,fdr<=0.001,LASSO,LIN,4,0.7937716989156617,0.6496630616256469,0.41908074777246784,0.011646674189838413
26.7696,-9.1054,fdr<=0.001,PCMCI,KRR,4,0.7951099228252294,0.6475517858776171,0.41456635802324027,0.01875635896027962
26.7696,-9.1054,fdr<=0.001,LASSO,KRR,4,0.7952552394825905,0.6473221096699181,0.41438909406437546,0.020808948085662967
26.7696,-9.1054,fdr<=0.0001,PCMCI,LIN,3,0.7936419841091407,0.6498673441386411,0.4193297669478689,0.01173384952739916
26.7696,-9.1054,fdr<=0.0001,LASSO,LIN,3,0.7936419841091407,0.6498673441386411,0.4193297669478689,0.01173384952739916
26.7696,-9.1054,fdr<=0.0001,PCMCI,KRR,3,0.7942792905533753,0.6488630581869967,0.4151458028226887,0.01851329342103185
26.7696,-9.1054,fdr<=0.0001,LASSO,KRR,3,0.7942792905533753,0.6488630581869967,0.4151458028226887,0.01851329342103185
26.7696,-9.1054,|val|>=0.075,PCMCI,LIN,4,0.7952569912158083,0.6473193405195266,0.4167981980035414,0.0161937608472544
26.7696,-9.1054,|val|>=0.075,LASSO,LIN,4,0.7937716989156617,0.6496630616256469,0.41908074777246784,0.011646674189838413
26.7696,-9.1054,|val|>=0.075,PCMCI,KRR,4,0.7951099228252294,0.6475517858776171,0.41456635802324027,0.01875635896027962
26.7696,-9.1054,|val|>=0.075,LASSO,KRR,4,0.7952552394825905,0.6473221096699181,0.41438909406437546,0.020808948085662967
26.7696,-9.1054,|val|>=0.10,PCMCI,LIN,3,0.7936419841091407,0.6498673441386411,0.4193297669478689,0.01173384952739916
26.7696,-9.1054,|val|>=0.10,LASSO,LIN,3,0.7936419841091407,0.6498673441386411,0.4193297669478689,0.01173384952739916
26.7696,-9.1054,|val|>=0.10,PCMCI,KRR,3,0.7942792905533753,0.6488630581869967,0.4151458028226887,0.01851329342103185
26.7696,-9.1054,|val|>=0.10,LASSO,KRR,3,0.7942792905533753,0.6488630581869967,0.4151458028226887,0.01851329342103185
26.7696,-9.1054,|val|>=0.15,PCMCI,LIN,2,0.7913364497107331,0.6534875810636197,0.4196388790548754,0.024674481800747338
26.7696,-9.1054,|val|>=0.15,LASSO,LIN,2,0.7913364497107331,0.6534875810636197,0.4196388790548754,0.024674481800747338
26.7696,-9.1054,|val|>=0.15,PCMCI,KRR,2,0.792455996886723,0.6517321375579721,0.41520849076559674,0.02489852895209726
26.7696,-9.1054,|val|>=0.15,LASSO,KRR,2,0.792455996886723,0.6517321375579721,0.41520849076559674,0.02489852895209726
26.7696,-9.6054,-,CLIMATOLOGY,-,0,0.7397442697549366,0.7298173651361058,0.49550318457768894,-0.005232292056658989
26.7696,-9.6054,-,ALL,LIN,56,0.7975732651759491,0.6436473379454353,0.41732587608760185,0.001309014000545037
26.7696,-9.6054,-,ALL,KRR,56,0.7966449215522955,0.6451215562465894,0.42308417379068586,-0.0017882588427649633
26.7696,-9.6054,fdr<=0.01,PCMCI,LIN,4,0.7952569912158083,0.6473193405195266,0.4167981980035414,0.0161937608472544
26.7696,-9.6054,fdr<=0.01,LASSO,LIN,4,0.7937716989156617,0.6496630616256469,0.41908074777246784,0.011646674189838413
26.7696,-9.6054,fdr<=0.01,PCMCI,KRR,4,0.7951099228252294,0.6475517858776171,0.41456635802324027,0.01875635896027962
26.7696,-9.6054,fdr<=0.01,LASSO,KRR,4,0.7952552394825905,0.6473221096699181,0.41438909406437546,0.020808948085662967
26.7696,-9.6054,fdr<=0.001,PCMCI,LIN,4,0.7952569912158083,0.6473193405195266,0.4167981980035414,0.0161937608472544
26.7696,-9.6054,fdr<=0.001,LASSO,LIN,4,0.7937716989156617,0.6496630616256469,0.41908074777246784,0.011646674189838413
26.7696,-9.6054,fdr<=0.001,PCMCI,KRR,4,0.7951099228252294,0.6475517858776171,0.41456635802324027,0.01875635896027962
26.7696,-9.6054,fdr<=0.001,LASSO,KRR,4,0.7952552394825905,0.6473221096699181,0.41438909406437546,0.020808948085662967
26.7696,-9.6054,fdr<=0.0001,PCMCI,LIN,3,0.7936419841091407,0.6498673441386411,0.4193297669478689,0.01173384952739916
26.7696,-9.6054,fdr<=0.0001,LASSO,LIN,3,0.7936419841091407,0.6498673441386411,0.4193297669478689,0.01173384952739916
26.7696,-9.6054,fdr<=0.0001,PCMCI,KRR,3,0.7942792905533753,0.6488630581869967,0.4151458028226887,0.01851329342103185
26.7696,-9.6054,fdr<=0.0001,LASSO,KRR,3,0.7942792905533753,0.6488630581869967,0.4151458028226887,0.01851329342103185
26.7696,-9.6054,|val|>=0.075,PCMCI,LIN,4,0.7952569912158083,0.6473193405195266,0.4167981980035414,0.0161937608472544
26.7696,-9.6054,|val|>=0.075,LASSO,LIN,4,0.7937716989156617,0.6496630616256469,0.41908074777246784,0.011646674189838413
26.7696,-9.6054,|val|>=0.075,PCMCI,KRR,4,0.7951099228252294,0.6475517858776171,0.41456635802324027,0.01875635896027962
26.7696,-9.6054,|val|>=0.075,LASSO,KRR,4,0.7952552394825905,0.6473221096699181,0.41438909406437546,0.020808948085662967
26.7696,-9.6054,|val|>=0.10,PCMCI,LIN,3,0.7936419841091407,0.6498673441386411,0.4193297669478689,0.01173384952739916
26.7696,-9.6054,|val|>=0.10,LASSO,LIN,3,0.7936419841091407,0.6498673441386411,0.4193297669478689,0.01173384952739916
26.7696,-9.6054,|val|>=0.10,PCMCI,KRR,3,0.7942792905533753,0.6488630581869967,0.4151458028226887,0.01851329342103185
26.7696,-9.6054,|val|>=0.10,LASSO,KRR,3,0.7942792905533753,0.6488630581869967,0.4151458028226887,0.01851329342103185
26.7696,-9.6054,|val|>=0.15,PCMCI,LIN,2,0.7913364497107331,0.6534875810636197,0.4196388790548754,0.024674481800747338
26.7696,-9.6054,|val|>=0.15,LASSO,LIN,2,0.7913364497107331,0.6534875810636197,0.4196388790548754,0.024674481800747338
26.7696,-9.6054,|val|>=0.15,PCMCI,KRR,2,0.792455996886723,0.6517321375579721,0.41520849076559674,0.02489852895209726
26.7696,-9.6054,|val|>=0.15,LASSO,KRR,2,0.792455996886723,0.6517321375579721,0.41520849076559674,0.02489852895209726
27.2696,-10.1054,-,CLIMATOLOGY,-,0,0.763244123136814,0.7141263105093179,0.5165639754270392,-0.03148140764990934
27.2696,-10.1054,-,ALL,LIN,56,0.8155986543489092,0.6302410586817303,0.4325987358087382,0.011315269811595299
27.2696,-10.1054,-,ALL,KRR,56,0.8117816665817301,0.6367304389397481,0.4356984957114812,0.0027221909319683412
27.2696,-10.1054,fdr<=0.01,PCMCI,LIN,6,0.8148024709111013,0.6316001784306334,0.4305797456964562,0.0164722383129679
27.2696,-10.1054,fdr<=0.01,LASSO,LIN,6,0.8138135170313114,0.6332843040167423,0.4314291633207278,0.026884898120415467
27.2696,-10.1054,fdr<=0.01,PCMCI,KRR,6,0.8161551854259765,0.6292892929077173,0.4303880722867105,0.008834819855081682
27.2696,-10.1054,fdr<=0.01,LASSO,KRR,6,0.8169261776548522,0.6279683774975654,0.42838042541890325,0.013609540974932732
27.2696,-10.1054,fdr<=0.001,PCMCI,LIN,4,0.811745959011767,0.6367908342743817,0.43612113940915637,0.03369714318225454
27.2696,-10.1054,fdr<=0.001,LASSO,LIN,4,0.8161846226926412,0.6292389099301888,0.43183476911940405,0.017612120206533726
27.2696,-10.1054,fdr<=0.001,PCMCI,KRR,4,0.8136332148852846,0.6335908646412235,0.43308716136070075,0.014230875261657441
27.2696,-10.1054,fdr<=0.001,LASSO,KRR,4,0.8165643358474064,0.6285886547280894,0.42854230480440436,0.013578002506870484
27.2696,-10.1054,fdr<=0.0001,PCMCI,LIN,3,0.8141180889067461,0.6327661151282137,0.43419564331986304,0.025659092570453512
27.2696,-10.1054,fdr<=0.0001,LASSO,LIN,3,0.8141180889067461,0.6327661151282137,0.43419564331986304,0.025659092570453512
27.2696,-10.1054,fdr<=0.0001,PCMCI,KRR,3,0.8118453523683852,0.6366227073789342,0.43506729077620376,0.014866314121462276
27.2696,-10.1054,fdr<=0.0001,LASSO,KRR,3,0.8118453523683852,0.6366227073789342,0.43506729077620376,0.014866314121462276
27.2696,-10.1054,|val|>=0.075,PCMCI,LIN,3,0.8141180889067461,0.6327661151282137,0.43419564331986304,0.025659092570453512
27.2696,-10.1054,|val|>=0.075,LASSO,LIN,3,0.8141180889067461,0.6327661151282137,0.43419564331986304,0.025659092570453512
27.2696,-10.1054,|val|>=0.075,PCMCI,KRR,3,0.8118453523683852,0.6366227073789342,0.43506729077620376,0.014866314121462276
27.2696,-10.1054,|val|>=0.075,LASSO,KRR,3,0.8118453523683852,0.6366227073789342,0.43506729077620376,0.014866314121462276
27.2696,-10.1054,|val|>=0.10,PCMCI,LIN,2,0.813087030053326,0.634518617252506,0.43435470631037454,0.02718544266471354
27.2696,-10.1054,|val|>=0.10,LASSO,LIN,2,0.813087030053326,0.634518617252506,0.43435470631037454,0.02718544266471354
27.2696,-10.1054,|val|>=0.10,PCMCI,KRR,2,0.8111737659359396,0.6377578542996536,0.432428628591254,0.019705005860735043
27.2696,-10.1054,|val|>=0.10,LASSO,KRR,2,0.8111737659359396,0.6377578542996536,0.432428628591254,0.019705005860735043
27.2696,-10.1054,|val|>=0.15,PCMCI,LIN,1,0.8021358596154313,0.6528421649660526,0.44935923972679676,0.053379481662053446
27.2696,-10.1054,|val|>=0.15,LASSO,LIN,1,0.8021358596154313,0.6528421649660526,0.44935923972679676,0.053379481662053446
27.2696,-10.1054,|val|>=0.15,PCMCI,KRR,1,0.8031832710716724,0.6511119330602371,0.44963832048080216,0.04382767659317728
27.2696,-10.1054,|val|>=0.15,LASSO,KRR,1,0.8031832710716724,0.6511119330602371,0.44963832048080216,0.04382767659317728
27.2696,-10.6054,-,CLIMATOLOGY,-,0,0.763244123136814,0.7141263105093179,0.5165639754270392,-0.03148140764990934
27.2696,-10.6054,-,ALL,LIN,56,0.8155911656651426,0.6302538558444952,0.4333138959726584,0.016674599283746115
27.2696,-10.6054,-,ALL,KRR,56,0.8110017589113181,0.6380482637889385,0.43860956049511685,0.0007976518810894603
27.2696,-10.6054,fdr<=0.01,PCMCI,LIN,3,0.8151606480026615,0.6309891168167127,0.4333633373061,0.022307901007120424
27.2696,-10.6054,fdr<=0.01,LASSO,LIN,3,0.8151606480026615,0.6309891168167127,0.4333633373061,0.022307901007120424
27.2696,-10.6054,fdr<=0.01,PCMCI,KRR,3,0.8128807659172801,0.6348686259952318,0.4343998937064327,0.011585466436776413
27.2696,-10.6054,fdr<=0.01,LASSO,KRR,3,0.8128807659172801,0.6348686259952318,0.4343998937064327,0.011585466436776413
27.2696,-10.6054,fdr<=0.001,PCMCI,LIN,3,0.8151606480026615,0.6309891168167127,0.4333633373061,0.022307901007120424
27.2696,-10.6054,fdr<=0.001,LASSO,LIN,3,0.8151606480026615,0.6309891168167127,0.4333633373061,0.022307901007120424
27.2696,-10.6054,fdr<=0.001,PCMCI,KRR,3,0.8128807659172801,0.6348686259952318,0.4343998937064327,0.011585466436776413
27.2696,-10.6054,fdr<=0.001,LASSO,KRR,3,0.8128807659172801,0.6348686259952318,0.4343998937064327,0.011585466436776413
27.2696,-10.6054,fdr<=0.0001,PCMCI,LIN,3,0.8151606480026615,0.6309891168167127,0.4333633373061,0.022307901007120424
27.2696,-10.6054,fdr<=0.0001,LASSO,LIN,3,0.8151606480026615,0.6309891168167127,0.4333633373061,0.022307901007120424
27.2696,-10.6054,fdr<=0.0001,PCMCI,KRR,3,0.8128807659172801,0.6348686259952318,0.4343998937064327,0.011585466436776413
27.2696,-10.6054,fdr<=0.0001,LASSO,KRR,3,0.8128807659172801,0.6348686259952318,0.4343998937064327,0.011585466436776413
27.2696,-10.6054,|val|>=0.075,PCMCI,LIN,3,0.8151606480026615,0.6309891168167127,0.4333633373061,0.022307901007120424
27.2696,-10.6054,|val|>=0.075,LASSO,LIN,3,0.8151606480026615,0.6309891168167127,0.4333633373061,0.022307901007120424
27.2696,-10.6054,|val|>=0.075,PCMCI,KRR,3,0.8128807659172801,0.6348686259952318,0.4343998937064327,0.011585466436776413
27.2696,-10.6054,|val|>=0.075,LASSO,KRR,3,0.8128807659172801,0.6348686259952318,0.4343998937064327,0.011585466436776413
27.2696,-10.6054,|val|>=0.10,PCMCI,LIN,2,0.813087030053326,0.634518617252506,0.43435470631037454,0.02718544266471354
27.2696,-10.6054,|val|>=0.10,LASSO,LIN,2,0.813087030053326,0.634518617252506,0.43435470631037454,0.02718544266471354
27.2696,-10.6054,|val|>=0.10,PCMCI,KRR,2,0.8111737659359396,0.6377578542996536,0.432428628591254,0.019705005860735043
27.2696,-10.6054,|val|>=0.10,LASSO,KRR,2,0.8111737659359396,0.6377578542996536,0.432428628591254,0.019705005860735043
27.2696,-10.6054,|val|>=0.15,PCMCI,LIN,1,0.8021358596154313,0.6528421649660526,0.44935923972679676,0.053379481662053446
27.2696,-10.6054,|val|>=0.15,LASSO,LIN,1,0.8021358596154313,0.6528421649660526,0.44935923972679676,0.053379481662053446
27.2696,-10.6054,|val|>=0.15,PCMCI,KRR,1,0.8031832710716724,0.6511119330602371,0.44963832048080216,0.04382767659317728
27.2696,-10.6054,|val|>=0.15,LASSO,KRR,1,0.8031832710716724,0.6511119330602371,0.44963832048080216,0.04382767659317728
27.2696,-11.1054,-,CLIMATOLOGY,-,0,0.6916576539010033,0.7834299304467313,0.5982198010138943,-0.04224181227146098
27.2696,-11.1054,-,ALL,LIN,56,0.7570683785416455,0.6953854471942122,0.5168645633146962,-0.004842805807041324
27.2696,-11.1054,-,ALL,KRR,56,0.7559132721499451,0.6970367176307286,0.5187067966237595,-0.0091552171485211
27.2696,-11.1054,fdr<=0.01,PCMCI,LIN,6,0.7635110787359743,0.6861024550573581,0.508067644235107,0.0035917748583585212
27.2696,-11.1054,fdr<=0.01,LASSO,LIN,6,0.7607211047245042,0.690137729434151,0.5095973368362693,0.011659776854618416
27.2696,-11.1054,fdr<=0.01,PCMCI,KRR,6,0.7636505624434705,0.6859000899126316,0.5073765530151174,-0.0035493889395119328
27.2696,-11.1054,fdr<=0.01,LASSO,KRR,6,0.7609737774461541,0.6897732488193319,0.5096283794214327,-0.004883816249391623
27.2696,-11.1054,fdr<=0.001,PCMCI,LIN,4,0.7627069936802109,0.6872678724015486,0.5082213983491864,0.008444720084527346
27.2696,-11.1054,fdr<=0.001,LASSO,LIN,4,0.757981700668733,0.6940770358496461,0.5141290972719221,0.013577105452907736
27.2696,-11.1054,fdr<=0.001,PCMCI,KRR,4,0.7616211324239361,0.6888385587157638,0.508633186851066,-0.0005512820990408503
27.2696,-11.1054,fdr<=0.001,LASSO,KRR,4,0.7571476922099651,0.6952719212710984,0.5123076545308413,0.004260925439794884
27.2696,-11.1054,fdr<=0.0001,PCMCI,LIN,4,0.7627069936802109,0.6872678724015486,0.5082213983491864,0.008444720084527346
27.2696,-11.1054,fdr<=0.0001,LASSO,LIN,4,0.757981700668733,0.6940770358496461,0.5141290972719221,0.013577105452907736
27.2696,-11.1054,fdr<=0.0001,PCMCI,KRR,4,0.7616211324239361,0.6888385587157638,0.508633186851066,-0.0005512820990408503
27.2696,-11.1054,fdr<=0.0001,LASSO,KRR,4,0.7571476922099651,0.6952719212710984,0.5123076545308413,0.004260925439794884
27.2696,-11.1054,|val|>=0.075,PCMCI,LIN,4,0.7627069936802109,0.6872678724015486,0.5082213983491864,0.008444720084527346
27.2696,-11.1054,|val|>=0.075,LASSO,LIN,4,0.757981700668733,0.6940770358496461,0.5141290972719221,0.013577105452907736
27.2696,-11.1054,|val|>=0.075,PCMCI,KRR,4,0.7616211324239361,0.6888385587157638,0.508633186851066,-0.0005512820990408503
27.2696,-11.1054,|val|>=0.075,LASSO,KRR,4,0.7571476922099651,0.6952719212710984,0.5123076545308413,0.004260925439794884
27.2696,-11.1054,|val|>=0.10,PCMCI,LIN,3,0.7481938769110472,0.707973034511389,0.5190697355759898,0.028932002188116396
27.2696,-11.1054,|val|>=0.10,LASSO,LIN,3,0.7558275351365721,0.697159126169482,0.5217933909442415,-0.005744295572486811
27.2696,-11.1054,|val|>=0.10,PCMCI,KRR,3,0.7459171586694133,0.7111664200871657,0.522850270405238,0.017699872925518903
27.2696,-11.1054,|val|>=0.10,LASSO,KRR,3,0.7553936823296175,0.6977782176920605,0.5171820870663304,-0.01199626977628776
27.2696,-11.1054,|val|>=0.15,PCMCI,LIN,1,0.7351218529639333,0.7261170557853037,0.5427186708592259,0.013107223273177461
27.2696,-11.1054,|val|>=0.15,LASSO,LIN,1,0.7620738543122415,0.6881841372436034,0.5200067058798111,-0.0251785913730964
27.2696,-11.1054,|val|>=0.15,PCMCI,KRR,1,0.7346526086629861,0.7267599467227951,0.538531833087742,0.013514060836352822
27.2696,-11.1054,|val|>=0.15,LASSO,KRR,1,0.759734420906123,0.691559181979372,0.5181039900623112,-0.02146512929481239
27.2696,-11.6054,-,CLIMATOLOGY,-,0,0.6916576539010033,0.7834299304467313,0.5982198010138943,-0.04224181227146098
27.2696,-11.6054,-,ALL,LIN,56,0.7607881890617392,0.6900409789924253,0.5119909542297385,7.545470751602632e-05
27.2696,-11.6054,-,ALL,KRR,56,0.757073160762322,0.6953786026693829,0.5163367066572849,-0.0014419102610214428
27.2696,-11.6054,fdr<=0.01,PCMCI,LIN,6,0.7647240621234396,0.6843406372580894,0.5083165167147295,-0.004947445762934882
27.2696,-11.6054,fdr<=0.01,LASSO,LIN,6,0.7626012100074272,0.6874210450975623,0.5076513241211251,0.015956174716559506
27.2696,-11.6054,fdr<=0.01,PCMCI,KRR,6,0.7653955854683557,0.683363318670922,0.5061238239049565,-0.010654222444696432
27.2696,-11.6054,fdr<=0.01,LASSO,KRR,6,0.7611259010585106,0.6895537174687447,0.5080368400671734,0.005946257377450929
27.2696,-11.6054,fdr<=0.001,PCMCI,LIN,5,0.7658059260834642,0.6827654304178622,0.5067841509943479,0.0009454524944561686
27.2696,-11.6054,fdr<=0.001,LASSO,LIN,5,0.7621458376902058,0.6880800260158537,0.5101387534627783,0.0011238715537819452
27.2696,-11.6054,fdr<=0.001,PCMCI,KRR,5,0.7655416577367355,0.6831505435341492,0.5047197299608001,-0.0061822527456177395
27.2696,-11.6054,fdr<=0.001,LASSO,KRR,5,0.7612234654666665,0.6894128843447549,0.5088292032405172,-0.006960182543070959
27.2696,-11.6054,fdr<=0.0001,PCMCI,LIN,4,0.7640233022911012,0.6853590199261548,0.508590633428605,-0.0002708386586282999
27.2696,-11.6054,fdr<=0.0001,LASSO,LIN,4,0.760030009638832,0.6911336528354746,0.5120057421631249,0.01097499930416737
27.2696,-11.6054,fdr<=0.0001,PCMCI,KRR,4,0.7635004401034073,0.6861178873021236,0.5074908002926372,-0.0074129483618115095
27.2696,-11.6054,fdr<=0.0001,LASSO,KRR,4,0.7587049886974955,0.693039111749771,0.5088666573516365,0.00841537812298839
27.2696,-11.6054,|val|>=0.075,PCMCI,LIN,4,0.7640233022911012,0.6853590199261548,0.508590633428605,-0.0002708386586282999
27.2696,-11.6054,|val|>=0.075,LASSO,LIN,4,0.760030009638832,0.6911336528354746,0.5120057421631249,0.01097499930416737
27.2696,-11.6054,|val|>=0.075,PCMCI,KRR,4,0.7635004401034073,0.6861178873021236,0.5074908002926372,-0.0074129483618115095
27.2696,-11.6054,|val|>=0.075,LASSO,KRR,4,0.7587049886974955,0.693039111749771,0.5088666573516365,0.00841537812298839
27.2696,-11.6054,|val|>=0.10,PCMCI,LIN,4,0.7640233022911012,0.6853590199261548,0.508590633428605,-0.0002708386586282999
27.2696,-11.6054,|val|>=0.10,LASSO,LIN,4,0.760030009638832,0.6911336528354746,0.5120057421631249,0.01097499930416737
27.2696,-11.6054,|val|>=0.10,PCMCI,KRR,4,0.7635004401034073,0.6861178873021236,0.5074908002926372,-0.0074129483618115095
27.2696,-11.6054,|val|>=0.10,LASSO,KRR,4,0.7587049886974955,0.693039111749771,0.5088666573516365,0.00841537812298839
27.2696,-11.6054,|val|>=0.15,PCMCI,LIN,1,0.7351218529639333,0.7261170557853037,0.5427186708592259,0.013107223273177461
27.2696,-11.6054,|val|>=0.15,LASSO,LIN,1,0.7620738543122415,0.6881841372436034,0.5200067058798111,-0.0251785913730964
27.2696,-11.6054,|val|>=0.15,PCMCI,KRR,1,0.7346526086629861,0.7267599467227951,0.538531833087742,0.013514060836352822
27.2696,-11.6054,|val|>=0.15,LASSO,KRR,1,0.759734420906123,0.691559181979372,0.5181039900623112,-0.02146512929481239
27.2696,-12.1054,-,CLIMATOLOGY,-,0,0.7299599165704315,0.7620230354923812,0.5886461350534996,-0.028905349114870423
27.2696,-12.1054,-,ALL,LIN,56,0.7996233790393029,0.6564135049268521,0.4948395500211756,-0.000951258047459851
27.2696,-12.1054,-,ALL,KRR,56,0.7974710326138873,0.6599295227059102,0.49877181800228315,0.0024946655746578912
27.2696,-12.1054,fdr<=0.01,PCMCI,LIN,7,0.7985176465270687,0.6582221470450882,0.4968960886600198,-0.009962398194139048
27.2696,-12.1054,fdr<=0.01,LASSO,LIN,7,0.7962139501645897,0.6619744215579322,0.4982683561548412,0.002697493064217999
27.2696,-12.1054,fdr<=0.01,PCMCI,KRR,7,0.7971368898968744,0.6604736911996753,0.5003344838193942,-0.010876575082166454
27.2696,-12.1054,fdr<=0.01,LASSO,KRR,7,0.7961727545658969,0.6620413276454414,0.4992621209860469,0.003095830326263235
27.2696,-12.1054,fdr<=0.001,PCMCI,LIN,6,0.799099430027569,0.6572711465818054,0.49584810055432044,-0.0034686113306338488
27.2696,-12.1054,fdr<=0.001,LASSO,LIN,6,0.7965923473834697,0.6613595471155149,0.4980676396105503,0.00909412557391395
27.2696,-12.1054,fdr<=0.001,PCMCI,KRR,6,0.7982709256711878,0.658625029590687,0.49794493440584436,-0.004462809990752339
27.2696,-12.1054,fdr<=0.001,LASSO,KRR,6,0.7972756524915439,0.6602477636742582,0.49702973286423857,0.010171560422034341
27.2696,-12.1054,fdr<=0.0001,PCMCI,LIN,4,0.796124396464419,0.6621198577824824,0.501009926304427,-0.003310379218777671
27.2696,-12.1054,fdr<=0.0001,LASSO,LIN,4,0.7972209273840575,0.6603368740651793,0.4987342675728886,-0.0037334674774001124
27.2696,-12.1054,fdr<=0.0001,PCMCI,KRR,4,0.7948510721037223,0.6641843054655397,0.5017745476476294,-0.006282235620936597
27.2696,-12.1054,fdr<=0.0001,LASSO,KRR,4,0.7971849493509693,0.6603954515305305,0.49971699239305484,-0.006338387389339563
27.2696,-12.1054,|val|>=0.075,PCMCI,LIN,6,0.799099430027569,0.6572711465818054,0.49584810055432044,-0.0034686113306338488
27.2696,-12.1054,|val|>=0.075,LASSO,LIN,6,0.7965923473834697,0.6613595471155149,0.4980676396105503,0.00909412557391395
27.2696,-12.1054,|val|>=0.075,PCMCI,KRR,6,0.7982709256711878,0.658625029590687,0.49794493440584436,-0.004462809990752339
27.2696,-12.1054,|val|>=0.075,LASSO,KRR,6,0.7972756524915439,0.6602477636742582,0.49702973286423857,0.010171560422034341
27.2696,-12.1054,|val|>=0.10,PCMCI,LIN,3,0.7969033974877389,0.6608536795667287,0.5018662443929505,-0.01048809480119833
27.2696,-12.1054,|val|>=0.10,LASSO,LIN,3,0.7958844499883225,0.6625093762089862,0.5001617702249131,0.002390500153621107
27.2696,-12.1054,|val|>=0.10,PCMCI,KRR,3,0.7958737510094603,0.6625267391216358,0.5036394732464794,-0.014625637119611113
27.2696,-12.1054,|val|>=0.10,LASSO,KRR,3,0.7965005256866428,0.6615088047842279,0.5009367252161315,0.001639562918875337
27.2696,-12.1054,|val|>=0.15,PCMCI,LIN,1,0.7807494106316419,0.6866325192637597,0.5203310949358652,0.005473359451507068
27.2696,-12.1054,|val|>=0.15,LASSO,LIN,1,0.7966301457236173,0.6612980955077743,0.5062155228499498,-0.017753164540445024
27.2696,-12.1054,|val|>=0.15,PCMCI,KRR,1,0.7798496124380121,0.6880400368211633,0.5206166681580041,0.0054176062499248214
27.2696,-12.1054,|val|>=0.15,LASSO,KRR,1,0.7969245962994702,0.6608191893828782,0.5045080465756809,-0.01719665102387548
27.2696,-12.6054,-,CLIMATOLOGY,-,0,0.7299599165704315,0.7620230354923812,0.5886461350534996,-0.028905349114870423
27.2696,-12.6054,-,ALL,LIN,56,0.8021235313187011,0.6523055278682592,0.49100459114189443,0.0007186814993226991
27.2696,-12.6054,-,ALL,KRR,56,0.7987534544837145,0.6578368540958335,0.49800237016499105,0.0005029692547669179
27.2696,-12.6054,fdr<=0.01,PCMCI,LIN,7,0.7995821774665445,0.6564809875466548,0.4948123077496614,-0.008017527005469403
27.2696,-12.6054,fdr<=0.01,LASSO,LIN,7,0.7976351903459792,0.6596620190099269,0.49598890750789676,0.003646665918140349
27.2696,-12.6054,fdr<=0.01,PCMCI,KRR,7,0.7983747574834363,0.6584555075902931,0.4973060030737999,-0.007739206829962043
27.2696,-12.6054,fdr<=0.01,LASSO,KRR,7,0.7983214250850055,0.6585425866909217,0.49622877844530977,0.005007541484996952
27.2696,-12.6054,fdr<=0.001,PCMCI,LIN,5,0.8004795303770038,0.6550096712661255,0.4938566137067608,-0.0037300775292897757
27.2696,-12.6054,fdr<=0.001,LASSO,LIN,5,0.7980338650802971,0.6590119053947087,0.49508698160504805,0.01115822300877016
27.2696,-12.6054,fdr<=0.001,PCMCI,KRR,5,0.799937337592768,0.6558990551294931,0.49603032824744503,-0.004512239508348985
27.2696,-12.6054,fdr<=0.001,LASSO,KRR,5,0.7984978987304681,0.6582544032659606,0.49458762470092765,0.013888099930626317
27.2696,-12.6054,fdr<=0.0001,PCMCI,LIN,3,0.7968509587419882,0.6609389889737739,0.5021459490864775,-0.011384101413262487
27.2696,-12.6054,fdr<=0.0001,LASSO,LIN,3,0.7968663700122313,0.6609139184578164,0.49857336689691395,0.0020096206221407115
27.2696,-12.6054,fdr<=0.0001,PCMCI,KRR,3,0.7961145313586582,0.6621358768727905,0.5033747044956728,-0.014159258239667178
27.2696,-12.6054,fdr<=0.0001,LASSO,KRR,3,0.7969973029727379,0.6607008829182951,0.49992101802496863,0.0015657952109045183
27.2696,-12.6054,|val|>=0.075,PCMCI,LIN,5,0.8004795303770038,0.6550096712661255,0.4938566137067608,-0.0037300775292897757
27.2696,-12.6054,|val|>=0.075,LASSO,LIN,5,0.7980338650802971,0.6590119053947087,0.49508698160504805,0.01115822300877016
27.2696,-12.6054,|val|>=0.075,PCMCI,KRR,5,0.799937337592768,0.6558990551294931,0.49603032824744503,-0.004512239508348985
27.2696,-12.6054,|val|>=0.075,LASSO,KRR,5,0.7984978987304681,0.6582544032659606,0.49458762470092765,0.013888099930626317
27.2696,-12.6054,|val|>=0.10,PCMCI,LIN,3,0.7968509587419882,0.6609389889737739,0.5021459490864775,-0.011384101413262487
27.2696,-12.6054,|val|>=0.10,LASSO,LIN,3,0.7968663700122313,0.6609139184578164,0.49857336689691395,0.0020096206221407115
27.2696,-12.6054,|val|>=0.10,PCMCI,KRR,3,0.7961145313586582,0.6621358768727905,0.5033747044956728,-0.014159258239667178
27.2696,-12.6054,|val|>=0.10,LASSO,KRR,3,0.7969973029727379,0.6607008829182951,0.49992101802496863,0.0015657952109045183
27.2696,-12.6054,|val|>=0.15,PCMCI,LIN,1,0.7807494106316419,0.6866325192637597,0.5203310949358652,0.005473359451507068
27.2696,-12.6054,|val|>=0.15,LASSO,LIN,1,0.7966301457236173,0.6612980955077743,0.5062155228499498,-0.017753164540445024
27.2696,-12.6054,|val|>=0.15,PCMCI,KRR,1,0.7798496124380121,0.6880400368211633,0.5206166681580041,0.0054176062499248214
27.2696,-12.6054,|val|>=0.15,LASSO,KRR,1,0.7969245962994702,0.6608191893828782,0.5045080465756809,-0.01719665102387548
27.2696,-13.1054,-,CLIMATOLOGY,-,0,0.759020143409038,0.726197995293654,0.5835060957467382,-0.1331147526255971
27.2696,-13.1054,-,ALL,LIN,56,0.8254098793693959,0.6181224359172651,0.472305786188778,-0.05641821175293176
27.2696,-13.1054,-,ALL,KRR,56,0.8261877494936124,0.6167439050708876,0.4758388524661263,-0.059503000293794
27.2696,-13.1054,fdr<=0.01,PCMCI,LIN,4,0.8205681678617772,0.6266346716758172,0.48280805950168504,-0.06913951007075336
27.2696,-13.1054,fdr<=0.01,LASSO,LIN,4,0.8199959049646265,0.627633140850421,0.47737866703360543,-0.040505041867754464
27.2696,-13.1054,fdr<=0.01,PCMCI,KRR,4,0.8203688999370349,0.6269825295231967,0.47874737270521556,-0.05462422529962706
27.2696,-13.1054,fdr<=0.01,LASSO,KRR,4,0.8179077998450084,0.6312630169383894,0.4785839358939813,-0.029591869067970306
27.2696,-13.1054,fdr<=0.001,PCMCI,LIN,3,0.8203902713515384,0.6269452311319611,0.4830810956484232,-0.06787127721416657
27.2696,-13.1054,fdr<=0.001,LASSO,LIN,3,0.8197108605849812,0.6281298865771228,0.48156340260657465,-0.05909113062016965
27.2696,-13.1054,fdr<=0.001,PCMCI,KRR,3,0.8194793791336535,0.6285329995339518,0.4804263789406292,-0.052354809753998206
27.2696,-13.1054,fdr<=0.001,LASSO,KRR,3,0.8174744095059892,0.6320137923696454,0.4847555542710491,-0.055918345952217494
27.2696,-13.1054,fdr<=0.0001,PCMCI,LIN,3,0.8203902713515384,0.6269452311319611,0.4830810956484232,-0.06787127721416657
27.2696,-13.1054,fdr<=0.0001,LASSO,LIN,3,0.8197108605849812,0.6281298865771228,0.48156340260657465,-0.05909113062016965
27.2696,-13.1054,fdr<=0.0001,PCMCI,KRR,3,0.8194793791336535,0.6285329995339518,0.4804263789406292,-0.052354809753998206
27.2696,-13.1054,fdr<=0.0001,LASSO,KRR,3,0.8174744095059892,0.6320137923696454,0.4847555542710491,-0.055918345952217494
27.2696,-13.1054,|val|>=0.075,PCMCI,LIN,3,0.8203902713515384,0.6269452311319611,0.4830810956484232,-0.06787127721416657
27.2696,-13.1054,|val|>=0.075,LASSO,LIN,3,0.8197108605849812,0.6281298865771228,0.48156340260657465,-0.05909113062016965
27.2696,-13.1054,|val|>=0.075,PCMCI,KRR,3,0.8194793791336535,0.6285329995339518,0.4804263789406292,-0.052354809753998206
27.2696,-13.1054,|val|>=0.075,LASSO,KRR,3,0.8174744095059892,0.6320137923696454,0.4847555542710491,-0.055918345952217494
27.2696,-13.1054,|val|>=0.10,PCMCI,LIN,2,0.8202225580101055,0.6272378727003717,0.4817643336757574,-0.06118094093472383
27.2696,-13.1054,|val|>=0.10,LASSO,LIN,2,0.8202225580101055,0.6272378727003717,0.4817643336757574,-0.06118094093472383
27.2696,-13.1054,|val|>=0.10,PCMCI,KRR,2,0.8193086707688806,0.628830113753072,0.4835269378638707,-0.056697827278499494
27.2696,-13.1054,|val|>=0.10,LASSO,KRR,2,0.8193086707688806,0.628830113753072,0.4835269378638707,-0.056697827278499494
27.2696,-13.1054,|val|>=0.15,PCMCI,LIN,1,0.8105000785548415,0.6439752732110623,0.49312490127723735,-0.06005041323338277
27.2696,-13.1054,|val|>=0.15,LASSO,LIN,1,0.8105000785548415,0.6439752732110623,0.49312490127723735,-0.06005041323338277
27.2696,-13.1054,|val|>=0.15,PCMCI,KRR,1,0.8095335837416867,0.6456153983847487,0.49655014383287555,-0.05136089027259929
27.2696,-13.1054,|val|>=0.15,LASSO,KRR,1,0.8095335837416867,0.6456153983847487,0.49655014383287555,-0.05136089027259929
27.2696,-9.1054,-,CLIMATOLOGY,-,0,0.7780679685256993,0.7057449831340009,0.4757217095424418,-0.025561866953810717
27.2696,-9.1054,-,ALL,LIN,56,0.8249243595790773,0.626831289754649,0.40386452705021686,0.0030028247117168732
27.2696,-9.1054,-,ALL,KRR,56,0.8182781749394044,0.6386182866268305,0.4085409078642019,-0.0032696404326726185
27.2696,-9.1054,fdr<=0.01,PCMCI,LIN,4,0.8188816359470241,0.6375570445057945,0.40797528038714537,-0.003125007832706191
27.2696,-9.1054,fdr<=0.01,LASSO,LIN,4,0.818915469725211,0.6374974923692068,0.40906302023147006,-0.0002397015059414966
27.2696,-9.1054,fdr<=0.01,PCMCI,KRR,4,0.8200792648632494,0.6354456540225644,0.40164733725202234,-0.0004950786510341925
27.2696,-9.1054,fdr<=0.01,LASSO,KRR,4,0.8219179261634011,0.6321904159405521,0.39949406953999034,0.00741441749663056
27.2696,-9.1054,fdr<=0.001,PCMCI,LIN,3,0.818093082418084,0.638943435752744,0.4086640556085555,0.0014262732934934186
27.2696,-9.1054,fdr<=0.001,LASSO,LIN,3,0.8170447711762471,0.6407818742024136,0.40990959716207964,0.009889549580204876
27.2696,-9.1054,fdr<=0.001,PCMCI,KRR,3,0.8209462249635803,0.6339128365969495,0.39941530339123676,0.00538047087469389
27.2696,-9.1054,fdr<=0.001,LASSO,KRR,3,0.8179951824927905,0.6391153481282763,0.40539047551085,0.00793435677277874
27.2696,-9.1054,fdr<=0.0001,PCMCI,LIN,3,0.818093082418084,0.638943435752744,0.4086640556085555,0.0014262732934934186
27.2696,-9.1054,fdr<=0.0001,LASSO,LIN,3,0.8170447711762471,0.6407818742024136,0.40990959716207964,0.009889549580204876
27.2696,-9.1054,fdr<=0.0001,PCMCI,KRR,3,0.8209462249635803,0.6339128365969495,0.39941530339123676,0.00538047087469389
27.2696,-9.1054,fdr<=0.0001,LASSO,KRR,3,0.8179951824927905,0.6391153481282763,0.40539047551085,0.00793435677277874
27.2696,-9.1054,|val|>=0.075,PCMCI,LIN,3,0.818093082418084,0.638943435752744,0.4086640556085555,0.0014262732934934186
27.2696,-9.1054,|val|>=0.075,LASSO,LIN,3,0.8170447711762471,0.6407818742024136,0.40990959716207964,0.009889549580204876
27.2696,-9.1054,|val|>=0.075,PCMCI,KRR,3,0.8209462249635803,0.6339128365969495,0.39941530339123676,0.00538047087469389
27.2696,-9.1054,|val|>=0.075,LASSO,KRR,3,0.8179951824927905,0.6391153481282763,0.40539047551085,0.00793435677277874
27.2696,-9.1054,|val|>=0.10,PCMCI,LIN,2,0.8117117032183702,0.6500540505929687,0.42030156477243713,0.012457346827884153
27.2696,-9.1054,|val|>=0.10,LASSO,LIN,2,0.8163974329336506,0.6419144910333302,0.4094533766605757,0.011433449214761877
27.2696,-9.1054,|val|>=0.10,PCMCI,KRR,2,0.8153885233087973,0.6436757584710864,0.4091535735510891,0.014111385950675676
27.2696,-9.1054,|val|>=0.10,LASSO,KRR,2,0.8189039710111357,0.6375177323229249,0.4027454441472435,0.007733755293584869
27.2696,-9.1054,|val|>=0.15,PCMCI,LIN,1,0.8102016601696189,0.6526555117043922,0.4211800349513241,0.020744056794211582
27.2696,-9.1054,|val|>=0.15,LASSO,LIN,1,0.8102016601696189,0.6526555117043922,0.4211800349513241,0.020744056794211582
27.2696,-9.1054,|val|>=0.15,PCMCI,KRR,1,0.8121889719370068,0.6492296570365724,0.41579463346651185,0.017903616570911222
27.2696,-9.1054,|val|>=0.15,LASSO,KRR,1,0.8121889719370068,0.6492296570365724,0.41579463346651185,0.017903616570911222
27.2696,-9.6054,-,CLIMATOLOGY,-,0,0.7780679685256993,0.7057449831340009,0.4757217095424418,-0.025561866953810717
27.2696,-9.6054,-,ALL,LIN,56,0.8249243595790773,0.626831289754649,0.40386452705021686,0.0030028247117168732
27.2696,-9.6054,-,ALL,KRR,56,0.8182781749394044,0.6386182866268305,0.4085409078642019,-0.0032696404326726185
27.2696,-9.6054,fdr<=0.01,PCMCI,LIN,4,0.8188816359470241,0.6375570445057945,0.40797528038714537,-0.003125007832706191
27.2696,-9.6054,fdr<=0.01,LASSO,LIN,4,0.818915469725211,0.6374974923692068,0.40906302023147006,-0.0002397015059414966
27.2696,-9.6054,fdr<=0.01,PCMCI,KRR,4,0.8200792648632494,0.6354456540225644,0.40164733725202234,-0.0004950786510341925
27.2696,-9.6054,fdr<=0.01,LASSO,KRR,4,0.8219179261634011,0.6321904159405521,0.39949406953999034,0.00741441749663056
27.2696,-9.6054,fdr<=0.001,PCMCI,LIN,3,0.818093082418084,0.638943435752744,0.4086640556085555,0.0014262732934934186
27.2696,-9.6054,fdr<=0.001,LASSO,LIN,3,0.8170447711762471,0.6407818742024136,0.40990959716207964,0.009889549580204876
27.2696,-9.6054,fdr<=0.001,PCMCI,KRR,3,0.8209462249635803,0.6339128365969495,0.39941530339123676,0.00538047087469389
27.2696,-9.6054,fdr<=0.001,LASSO,KRR,3,0.8179951824927905,0.6391153481282763,0.40539047551085,0.00793435677277874
27.2696,-9.6054,fdr<=0.0001,PCMCI,LIN,3,0.818093082418084,0.638943435752744,0.4086640556085555,0.0014262732934934186
27.2696,-9.6054,fdr<=0.0001,LASSO,LIN,3,0.8170447711762471,0.6407818742024136,0.40990959716207964,0.009889549580204876
27.2696,-9.6054,fdr<=0.0001,PCMCI,KRR,3,0.8209462249635803,0.6339128365969495,0.39941530339123676,0.00538047087469389
27.2696,-9.6054,fdr<=0.0001,LASSO,KRR,3,0.8179951824927905,0.6391153481282763,0.40539047551085,0.00793435677277874
27.2696,-9.6054,|val|>=0.075,PCMCI,LIN,3,0.818093082418084,0.638943435752744,0.4086640556085555,0.0014262732934934186
27.2696,-9.6054,|val|>=0.075,LASSO,LIN,3,0.8170447711762471,0.6407818742024136,0.40990959716207964,0.009889549580204876
27.2696,-9.6054,|val|>=0.075,PCMCI,KRR,3,0.8209462249635803,0.6339128365969495,0.39941530339123676,0.00538047087469389
27.2696,-9.6054,|val|>=0.075,LASSO,KRR,3,0.8179951824927905,0.6391153481282763,0.40539047551085,0.00793435677277874
27.2696,-9.6054,|val|>=0.10,PCMCI,LIN,2,0.8117117032183702,0.6500540505929687,0.42030156477243713,0.012457346827884153
27.2696,-9.6054,|val|>=0.10,LASSO,LIN,2,0.8163974329336506,0.6419144910333302,0.4094533766605757,0.011433449214761877
27.2696,-9.6054,|val|>=0.10,PCMCI,KRR,2,0.8153885233087973,0.6436757584710864,0.4091535735510891,0.014111385950675676
27.2696,-9.6054,|val|>=0.10,LASSO,KRR,2,0.8189039710111357,0.6375177323229249,0.4027454441472435,0.007733755293584869
27.2696,-9.6054,|val|>=0.15,PCMCI,LIN,1,0.8102016601696189,0.6526555117043922,0.4211800349513241,0.020744056794211582
27.2696,-9.6054,|val|>=0.15,LASSO,LIN,1,0.8102016601696189,0.6526555117043922,0.4211800349513241,0.020744056794211582
27.2696,-9.6054,|val|>=0.15,PCMCI,KRR,1,0.8121889719370068,0.6492296570365724,0.41579463346651185,0.017903616570911222
27.2696,-9.6054,|val|>=0.15,LASSO,KRR,1,0.8121889719370068,0.6492296570365724,0.41579463346651185,0.017903616570911222
27.7696,-10.1054,-,CLIMATOLOGY,-,0,0.763244123136814,0.7141263105093179,0.5165639754270392,-0.03148140764990934
27.7696,-10.1054,-,ALL,LIN,56,0.8160296490175682,0.6295041078771131,0.4305421997721527,0.01737297866668645
27.7696,-10.1054,-,ALL,KRR,56,0.8097723171230494,0.6401201656677898,0.43652018722937475,0.008377759006846066
27.7696,-10.1054,fdr<=0.01,PCMCI,LIN,4,0.815694550116602,0.6300771626173285,0.4327431990092328,0.018216729689556097
27.7696,-10.1054,fdr<=0.01,LASSO,LIN,4,0.8137894824151634,0.633325177698175,0.4350239207492054,0.026694904149977827
27.7696,-10.1054,fdr<=0.01,PCMCI,KRR,4,0.8161217469904105,0.6293465191416682,0.42884239077095293,0.014639234901590423
27.7696,-10.1054,fdr<=0.01,LASSO,KRR,4,0.8114137597387119,0.637352437653844,0.43574091173026425,0.01687924967944007
27.7696,-10.1054,fdr<=0.001,PCMCI,LIN,4,0.815694550116602,0.6300771626173285,0.4327431990092328,0.018216729689556097
27.7696,-10.1054,fdr<=0.001,LASSO,LIN,4,0.8137894824151634,0.633325177698175,0.4350239207492054,0.026694904149977827
27.7696,-10.1054,fdr<=0.001,PCMCI,KRR,4,0.8161217469904105,0.6293465191416682,0.42884239077095293,0.014639234901590423
27.7696,-10.1054,fdr<=0.001,LASSO,KRR,4,0.8114137597387119,0.637352437653844,0.43574091173026425,0.01687924967944007
27.7696,-10.1054,fdr<=0.0001,PCMCI,LIN,4,0.815694550116602,0.6300771626173285,0.4327431990092328,0.018216729689556097
27.7696,-10.1054,fdr<=0.0001,LASSO,LIN,4,0.8137894824151634,0.633325177698175,0.4350239207492054,0.026694904149977827
27.7696,-10.1054,fdr<=0.0001,PCMCI,KRR,4,0.8161217469904105,0.6293465191416682,0.42884239077095293,0.014639234901590423
27.7696,-10.1054,fdr<=0.0001,LASSO,KRR,4,0.8114137597387119,0.637352437653844,0.43574091173026425,0.01687924967944007
27.7696,-10.1054,|val|>=0.075,PCMCI,LIN,4,0.815694550116602,0.6300771626173285,0.4327431990092328,0.018216729689556097
27.7696,-10.1054,|val|>=0.075,LASSO,LIN,4,0.8137894824151634,0.633325177698175,0.4350239207492054,0.026694904149977827
27.7696,-10.1054,|val|>=0.075,PCMCI,KRR,4,0.8161217469904105,0.6293465191416682,0.42884239077095293,0.014639234901590423
27.7696,-10.1054,|val|>=0.075,LASSO,KRR,4,0.8114137597387119,0.637352437653844,0.43574091173026425,0.01687924967944007
27.7696,-10.1054,|val|>=0.10,PCMCI,LIN,1,0.8021358596154313,0.6528421649660526,0.44935923972679676,0.053379481662053446
27.7696,-10.1054,|val|>=0.10,LASSO,LIN,1,0.8021358596154313,0.6528421649660526,0.44935923972679676,0.053379481662053446
27.7696,-10.1054,|val|>=0.10,PCMCI,KRR,1,0.8031832710716724,0.6511119330602371,0.44963832048080216,0.04382767659317728
27.7696,-10.1054,|val|>=0.10,LASSO,KRR,1,0.8031832710716724,0.6511119330602371,0.44963832048080216,0.04382767659317728
27.7696,-10.1054,|val|>=0.15,PCMCI,LIN,1,0.8021358596154313,0.6528421649660526,0.44935923972679676,0.053379481662053446
27.7696,-10.1054,|val|>=0.15,LASSO,LIN,1,0.8021358596154313,0.6528421649660526,0.44935923972679676,0.053379481662053446
27.7696,-10.1054,|val|>=0.15,PCMCI,KRR,1,0.8031832710716724,0.6511119330602371,0.44963832048080216,0.04382767659317728
27.7696,-10.1054,|val|>=0.15,LASSO,KRR,1,0.8031832710716724,0.6511119330602371,0.44963832048080216,0.04382767659317728
27.7696,-10.6054,-,CLIMATOLOGY,-,0,0.763244123136814,0.7141263105093179,0.5165639754270392,-0.03148140764990934
27.7696,-10.6054,-,ALL,LIN,56,0.8177884524149717,0.6264877715509667,0.4274261981661416,0.025469389247066026
27.7696,-10.6054,-,ALL,KRR,56,0.8107343247891019,0.6384995260764587,0.4367874315159429,0.007593505309804596
27.7696,-10.6054,fdr<=0.01,PCMCI,LIN,6,0.8154390293253072,0.630513780341162,0.4279503455949045,0.030277027167025888
27.7696,-10.6054,fdr<=0.01,LASSO,LIN,6,0.813840273368317,0.6332387986266919,0.4318922433239715,0.025107610661935016
27.7696,-10.6054,fdr<=0.01,PCMCI,KRR,6,0.8162499697772128,0.6291270515427135,0.4283926890576827,0.010757414931375792
27.7696,-10.6054,fdr<=0.01,LASSO,KRR,6,0.8160024192523083,0.6295506931414413,0.428960797067533,0.008007607144937267
27.7696,-10.6054,fdr<=0.001,PCMCI,LIN,4,0.8161214801071819,0.6293469758622624,0.4332281802444112,0.014322496844242992
27.7696,-10.6054,fdr<=0.001,LASSO,LIN,4,0.8148374291236207,0.6315405646349783,0.43433868062784287,0.022164462385399573
27.7696,-10.6054,fdr<=0.001,PCMCI,KRR,4,0.8159612849507889,0.6296210600472517,0.42996731058260956,0.009651402135036407
27.7696,-10.6054,fdr<=0.001,LASSO,KRR,4,0.8135184645973537,0.6337858928112265,0.4341511348675877,0.013795260927115175
27.7696,-10.6054,fdr<=0.0001,PCMCI,LIN,3,0.8150455359761597,0.6311855661389827,0.4342100955504438,0.02050679551901468
27.7696,-10.6054,fdr<=0.0001,LASSO,LIN,3,0.8150455359761597,0.6311855661389827,0.4342100955504438,0.02050679551901468
27.7696,-10.6054,fdr<=0.0001,PCMCI,KRR,3,0.8127426697885006,0.6351028529308792,0.4349334824600036,0.009779633757240834
27.7696,-10.6054,fdr<=0.0001,LASSO,KRR,3,0.8127426697885006,0.6351028529308792,0.4349334824600036,0.009779633757240834
27.7696,-10.6054,|val|>=0.075,PCMCI,LIN,4,0.8161214801071819,0.6293469758622624,0.4332281802444112,0.014322496844242992
27.7696,-10.6054,|val|>=0.075,LASSO,LIN,4,0.8148374291236207,0.6315405646349783,0.43433868062784287,0.022164462385399573
27.7696,-10.6054,|val|>=0.075,PCMCI,KRR,4,0.8159612849507889,0.6296210600472517,0.42996731058260956,0.009651402135036407
27.7696,-10.6054,|val|>=0.075,LASSO,KRR,4,0.8135184645973537,0.6337858928112265,0.4341511348675877,0.013795260927115175
27.7696,-10.6054,|val|>=0.10,PCMCI,LIN,2,0.8057789084999,0.6468042207603741,0.4480914729392151,0.04123303076090303
27.7696,-10.6054,|val|>=0.10,LASSO,LIN,2,0.813087030053326,0.634518617252506,0.43435470631037454,0.02718544266471354
27.7696,-10.6054,|val|>=0.10,PCMCI,KRR,2,0.8055308908187517,0.6472170690798944,0.4539538548340709,0.023920430574320434
27.7696,-10.6054,|val|>=0.10,LASSO,KRR,2,0.8111737659359396,0.6377578542996536,0.432428628591254,0.019705005860735043
27.7696,-10.6054,|val|>=0.15,PCMCI,LIN,1,0.8021358596154313,0.6528421649660526,0.44935923972679676,0.053379481662053446
27.7696,-10.6054,|val|>=0.15,LASSO,LIN,1,0.8021358596154313,0.6528421649660526,0.44935923972679676,0.053379481662053446
27.7696,-10.6054,|val|>=0.15,PCMCI,KRR,1,0.8031832710716724,0.6511119330602371,0.44963832048080216,0.04382767659317728
27.7696,-10.6054,|val|>=0.15,LASSO,KRR,1,0.8031832710716724,0.6511119330602371,0.44963832048080216,0.04382767659317728
27.7696,-11.1054,-,CLIMATOLOGY,-,0,0.6916576539010033,0.7834299304467313,0.5982198010138943,-0.04224181227146098
27.7696,-11.1054,-,ALL,LIN,56,0.7620913206039575,0.6881588767883728,0.5105320950939185,0.0027848773990941664
27.7696,-11.1054,-,ALL,KRR,56,0.7574128705454204,0.6948922225765829,0.5152744738167899,-0.0031575422151870754
27.7696,-11.1054,fdr<=0.01,PCMCI,LIN,7,0.7635004574299717,0.686117862168745,0.5091156816089348,-0.0010679840947162432
27.7696,-11.1054,fdr<=0.01,LASSO,LIN,7,0.7620410548002086,0.6882315707149326,0.5062680375676156,0.02001266128352775
27.7696,-11.1054,fdr<=0.01,PCMCI,KRR,7,0.7626845164005672,0.6873004219203777,0.5075930973414121,-0.006328309655725064
27.7696,-11.1054,fdr<=0.01,LASSO,KRR,7,0.7619655211528806,0.6883407923205185,0.5061884740764919,0.003241534334975264
27.7696,-11.1054,fdr<=0.001,PCMCI,LIN,5,0.763904801472163,0.6855310822789867,0.5069725844084236,0.007691407594485009
27.7696,-11.1054,fdr<=0.001,LASSO,LIN,5,0.7620710631545261,0.6881881738424929,0.507795215223055,0.007061592482624011
27.7696,-11.1054,fdr<=0.001,PCMCI,KRR,5,0.7632766851821721,0.6864423825332752,0.5059849584136183,-0.0014802766529608536
27.7696,-11.1054,fdr<=0.001,LASSO,KRR,5,0.7623537699093395,0.6877792003168683,0.5069728616468536,-0.003475336928757674
27.7696,-11.1054,fdr<=0.0001,PCMCI,LIN,5,0.763904801472163,0.6855310822789867,0.5069725844084236,0.007691407594485009
27.7696,-11.1054,fdr<=0.0001,LASSO,LIN,5,0.7620710631545261,0.6881881738424929,0.507795215223055,0.007061592482624011
27.7696,-11.1054,fdr<=0.0001,PCMCI,KRR,5,0.7632766851821721,0.6864423825332752,0.5059849584136183,-0.0014802766529608536
27.7696,-11.1054,fdr<=0.0001,LASSO,KRR,5,0.7623537699093395,0.6877792003168683,0.5069728616468536,-0.003475336928757674
27.7696,-11.1054,|val|>=0.075,PCMCI,LIN,5,0.763904801472163,0.6855310822789867,0.5069725844084236,0.007691407594485009
27.7696,-11.1054,|val|>=0.075,LASSO,LIN,5,0.7620710631545261,0.6881881738424929,0.507795215223055,0.007061592482624011
27.7696,-11.1054,|val|>=0.075,PCMCI,KRR,5,0.7632766851821721,0.6864423825332752,0.5059849584136183,-0.0014802766529608536
27.7696,-11.1054,|val|>=0.075,LASSO,KRR,5,0.7623537699093395,0.6877792003168683,0.5069728616468536,-0.003475336928757674
27.7696,-11.1054,|val|>=0.10,PCMCI,LIN,3,0.7480064077884396,0.7082365276865349,0.5185721850396461,0.02401921109693959
27.7696,-11.1054,|val|>=0.10,LASSO,LIN,3,0.759918746344729,0.691293858066379,0.5103261591421598,0.01599786840878702
27.7696,-11.1054,|val|>=0.10,PCMCI,KRR,3,0.7457231117565741,0.7114379325386981,0.5231765364892769,0.011778564947598642
27.7696,-11.1054,|val|>=0.10,LASSO,KRR,3,0.7596414871456519,0.6916929152050114,0.507121202956819,0.01166208913615213
27.7696,-11.1054,|val|>=0.15,PCMCI,LIN,2,0.7424752859914003,0.7159670404015932,0.5229635044102084,0.040735648944463375
27.7696,-11.1054,|val|>=0.15,LASSO,LIN,2,0.7616077349326839,0.6888579156725968,0.5170955645702058,-0.00886940095686754
27.7696,-11.1054,|val|>=0.15,PCMCI,KRR,2,0.7428609237711401,0.7154307668573231,0.5210556944436772,0.037474615047682326
27.7696,-11.1054,|val|>=0.15,LASSO,KRR,2,0.7602481091234814,0.690819509057818,0.5119611902544617,-0.009937980080564597
27.7696,-11.6054,-,CLIMATOLOGY,-,0,0.6916576539010033,0.7834299304467313,0.5982198010138943,-0.04224181227146098
27.7696,-11.6054,-,ALL,LIN,56,0.7637058340748564,0.685819884446517,0.5084744970501237,0.004740960435363001
27.7696,-11.6054,-,ALL,KRR,56,0.7578274685968516,0.6942981593971724,0.515971352509497,0.0007700690574759203
27.7696,-11.6054,fdr<=0.01,PCMCI,LIN,7,0.7646271828193076,0.6844815178381886,0.5091578523909507,-0.007981353922603199
27.7696,-11.6054,fdr<=0.01,LASSO,LIN,7,0.7639211692678249,0.685507318925846,0.5036242507180488,0.02266770460216905
27.7696,-11.6054,fdr<=0.01,PCMCI,KRR,7,0.7637073482096498,0.6858176871315548,0.5070811293556106,-0.012093239880504444
27.7696,-11.6054,fdr<=0.01,LASSO,KRR,7,0.7615339694902197,0.6889644836829222,0.507832365719923,0.007363265685754847
27.7696,-11.6054,fdr<=0.001,PCMCI,LIN,6,0.7657272299939831,0.6828801354047783,0.5076487323958045,-0.002276041409338772
27.7696,-11.6054,fdr<=0.001,LASSO,LIN,6,0.763506528180783,0.6861090560686294,0.50538960631899,0.018468522261915206
27.7696,-11.6054,fdr<=0.001,PCMCI,KRR,6,0.7646349050032092,0.6844702894058324,0.505440590609446,-0.009181169992756262
27.7696,-11.6054,fdr<=0.001,LASSO,KRR,6,0.7624055270914527,0.6877043002190937,0.5064465582749499,0.007999179159684431
27.7696,-11.6054,fdr<=0.0001,PCMCI,LIN,5,0.7651614519630334,0.6837042294550656,0.5067603090388035,0.0016266924619578096
27.7696,-11.6054,fdr<=0.0001,LASSO,LIN,5,0.7635087787424013,0.6861057914237972,0.5055739355843093,0.017614588523285173
27.7696,-11.6054,fdr<=0.0001,PCMCI,KRR,5,0.7646147130155021,0.6844996491527828,0.5049333565263038,-0.006431451698304868
27.7696,-11.6054,fdr<=0.0001,LASSO,KRR,5,0.7632448549961763,0.6864885310385357,0.5056742006014164,0.006300733991271198
27.7696,-11.6054,|val|>=0.075,PCMCI,LIN,5,0.7651614519630334,0.6837042294550656,0.5067603090388035,0.0016266924619578096
27.7696,-11.6054,|val|>=0.075,LASSO,LIN,5,0.7635087787424013,0.6861057914237972,0.5055739355843093,0.017614588523285173
27.7696,-11.6054,|val|>=0.075,PCMCI,KRR,5,0.7646147130155021,0.6844996491527828,0.5049333565263038,-0.006431451698304868
27.7696,-11.6054,|val|>=0.075,LASSO,KRR,5,0.7632448549961763,0.6864885310385357,0.5056742006014164,0.006300733991271198
27.7696,-11.6054,|val|>=0.10,PCMCI,LIN,4,0.7629998363717221,0.6868436637216414,0.5090104404299631,-0.00017141060773671906
27.7696,-11.6054,|val|>=0.10,LASSO,LIN,4,0.7629998363717221,0.6868436637216414,0.5090104404299631,-0.00017141060773671906
27.7696,-11.6054,|val|>=0.10,PCMCI,KRR,4,0.7626244441447081,0.6873874054447744,0.5083472971638511,-0.008161296101687058
27.7696,-11.6054,|val|>=0.10,LASSO,KRR,4,0.7626244441447081,0.6873874054447744,0.5083472971638511,-0.008161296101687058
27.7696,-11.6054,|val|>=0.15,PCMCI,LIN,2,0.7442270799779762,0.7135277269671342,0.5217918076087472,0.036444734424626396
27.7696,-11.6054,|val|>=0.15,LASSO,LIN,2,0.7616077349326839,0.6888579156725968,0.5170955645702058,-0.00886940095686754
27.7696,-11.6054,|val|>=0.15,PCMCI,KRR,2,0.7466171424690072,0.7101861329110131,0.5174524458106666,0.03300079960302801
27.7696,-11.6054,|val|>=0.15,LASSO,KRR,2,0.7602481091234814,0.690819509057818,0.5119611902544617,-0.009937980080564597
27.7696,-12.1054,-,CLIMATOLOGY,-,0,0.7299599165704315,0.7620230354923812,0.5886461350534996,-0.028905349114870423
27.7696,-12.1054,-,ALL,LIN,56,0.8013791084090565,0.6535313818914446,0.49219981155024284,0.0011545218166225974
27.7696,-12.1054,-,ALL,KRR,56,0.798801097505147,0.6577589814784139,0.4967241634562184,0.004530438636841849
27.7696,-12.1054,fdr<=0.01,PCMCI,LIN,7,0.7985151839002836,0.6582261696071361,0.49779774298418367,-0.015620011856908016
27.7696,-12.1054,fdr<=0.01,LASSO,LIN,7,0.7971173038605524,0.6605055741513766,0.4968523054379407,0.0036207407354640316
27.7696,-12.1054,fdr<=0.01,PCMCI,KRR,7,0.7980418746928267,0.6589988376535473,0.49935172431354197,-0.015987142780442786
27.7696,-12.1054,fdr<=0.01,LASSO,KRR,7,0.79678209897328,0.6610509960242774,0.4979695685762718,0.006177501762530078
27.7696,-12.1054,fdr<=0.001,PCMCI,LIN,6,0.7994420823583648,0.6567103925650126,0.49660128925892655,-0.008569748912600181
27.7696,-12.1054,fdr<=0.001,LASSO,LIN,6,0.7967178720619419,0.6611554501825434,0.4973383456709463,0.004248371061641011
27.7696,-12.1054,fdr<=0.001,PCMCI,KRR,6,0.7994753833501206,0.6566558696234662,0.49744431423083907,-0.009457207147716494
27.7696,-12.1054,fdr<=0.001,LASSO,KRR,6,0.7964548870371689,0.6615829786268512,0.4985085685557864,0.003763282197012388
27.7696,-12.1054,fdr<=0.0001,PCMCI,LIN,6,0.7994420823583648,0.6567103925650126,0.49660128925892655,-0.008569748912600181
27.7696,-12.1054,fdr<=0.0001,LASSO,LIN,6,0.7967178720619419,0.6611554501825434,0.4973383456709463,0.004248371061641011
27.7696,-12.1054,fdr<=0.0001,PCMCI,KRR,6,0.7994753833501206,0.6566558696234662,0.49744431423083907,-0.009457207147716494
27.7696,-12.1054,fdr<=0.0001,LASSO,KRR,6,0.7964548870371689,0.6615829786268512,0.4985085685557864,0.003763282197012388
27.7696,-12.1054,|val|>=0.075,PCMCI,LIN,6,0.7994420823583648,0.6567103925650126,0.49660128925892655,-0.008569748912600181
27.7696,-12.1054,|val|>=0.075,LASSO,LIN,6,0.7967178720619419,0.6611554501825434,0.4973383456709463,0.004248371061641011
27.7696,-12.1054,|val|>=0.075,PCMCI,KRR,6,0.7994753833501206,0.6566558696234662,0.49744431423083907,-0.009457207147716494
27.7696,-12.1054,|val|>=0.075,LASSO,KRR,6,0.7964548870371689,0.6615829786268512,0.4985085685557864,0.003763282197012388
27.7696,-12.1054,|val|>=0.10,PCMCI,LIN,4,0.7969335518261901,0.6608046183195043,0.5013876081906395,-0.008659044505253533
27.7696,-12.1054,|val|>=0.10,LASSO,LIN,4,0.796993449081391,0.6607071544047534,0.49937683270107697,-0.004065872111844517
27.7696,-12.1054,|val|>=0.10,PCMCI,KRR,4,0.7967866951612927,0.6610435204725962,0.5002519696623963,-0.00782343405885432
27.7696,-12.1054,|val|>=0.10,LASSO,KRR,4,0.7973331739052265,0.6601540870152574,0.49968886155702646,-0.006861868865115871
27.7696,-12.1054,|val|>=0.15,PCMCI,LIN,1,0.7807494106316419,0.6866325192637597,0.5203310949358652,0.005473359451507068
27.7696,-12.1054,|val|>=0.15,LASSO,LIN,1,0.7966301457236173,0.6612980955077743,0.5062155228499498,-0.017753164540445024
27.7696,-12.1054,|val|>=0.15,PCMCI,KRR,1,0.7798496124380121,0.6880400368211633,0.5206166681580041,0.0054176062499248214
27.7696,-12.1054,|val|>=0.15,LASSO,KRR,1,0.7969245962994702,0.6608191893828782,0.5045080465756809,-0.01719665102387548
27.7696,-12.6054,-,CLIMATOLOGY,-,0,0.7299599165704315,0.7620230354923812,0.5886461350534996,-0.028905349114870423
27.7696,-12.6054,-,ALL,LIN,56,0.8016496507417037,0.653086141333336,0.49193871214069784,-0.0001299458672602933
27.7696,-12.6054,-,ALL,KRR,56,0.7995187379632246,0.6565848793365701,0.4966841875528339,0.0025027335041299817
27.7696,-12.6054,fdr<=0.01,PCMCI,LIN,7,0.7990288278810607,0.6573866282788542,0.4971551382860301,-0.014654595311062977
27.7696,-12.6054,fdr<=0.01,LASSO,LIN,7,0.7984396869005866,0.6583494777740414,0.49411401043875935,0.007262528512516108
27.7696,-12.6054,fdr<=0.01,PCMCI,KRR,7,0.7989553238494251,0.6575068349472506,0.49857364640367263,-0.015216924383607272
27.7696,-12.6054,fdr<=0.01,LASSO,KRR,7,0.7977408821754632,0.6594897311708331,0.49750125261039646,0.006878713804172903
27.7696,-12.6054,fdr<=0.001,PCMCI,LIN,7,0.7990288278810607,0.6573866282788542,0.4971551382860301,-0.014654595311062977
27.7696,-12.6054,fdr<=0.001,LASSO,LIN,7,0.7984396869005866,0.6583494777740414,0.49411401043875935,0.007262528512516108
27.7696,-12.6054,fdr<=0.001,PCMCI,KRR,7,0.7989553238494251,0.6575068349472506,0.49857364640367263,-0.015216924383607272
27.7696,-12.6054,fdr<=0.001,LASSO,KRR,7,0.7977408821754632,0.6594897311708331,0.49750125261039646,0.006878713804172903
27.7696,-12.6054,fdr<=0.0001,PCMCI,LIN,4,0.7992367138413367,0.6570465376871862,0.4983051748893305,-0.00967998733883729
27.7696,-12.6054,fdr<=0.0001,LASSO,LIN,4,0.7979830351898322,0.659094828691778,0.4982885284765441,-0.005610299404356722
27.7696,-12.6054,fdr<=0.0001,PCMCI,KRR,4,0.7979016294188325,0.65922761139804,0.5010252275946474,-0.0115150704396127
27.7696,-12.6054,fdr<=0.0001,LASSO,KRR,4,0.7981724557427543,0.6587857571588215,0.499585732870333,-0.007862764115777864
27.7696,-12.6054,|val|>=0.075,PCMCI,LIN,6,0.8000843738426069,0.655657984000744,0.49551292704891636,-0.007220558385427302
27.7696,-12.6054,|val|>=0.075,LASSO,LIN,6,0.7980896713363393,0.6589208516940459,0.4945751020030432,0.008400625770167935
27.7696,-12.6054,|val|>=0.075,PCMCI,KRR,6,0.8001648886841313,0.6555259395077827,0.4971182819207485,-0.007625882558612522
27.7696,-12.6054,|val|>=0.075,LASSO,KRR,6,0.7977451212616613,0.6594828201141264,0.4969976781040837,0.006279269211329143
27.7696,-12.6054,|val|>=0.10,PCMCI,LIN,3,0.7967589939552443,0.6610885743109277,0.5024306041465094,-0.01237544221859985
27.7696,-12.6054,|val|>=0.10,LASSO,LIN,3,0.7965657157062276,0.6614028408099759,0.49925787169360125,0.0029706425565621895
27.7696,-12.6054,|val|>=0.10,PCMCI,KRR,3,0.7958660669277959,0.6625392090065332,0.5037210271633202,-0.014734930062374982
27.7696,-12.6054,|val|>=0.10,LASSO,KRR,3,0.7972757738439263,0.6602475660594868,0.5003645125304407,0.002527202313777927
27.7696,-12.6054,|val|>=0.15,PCMCI,LIN,1,0.7807494106316419,0.6866325192637597,0.5203310949358652,0.005473359451507068
27.7696,-12.6054,|val|>=0.15,LASSO,LIN,1,0.7966301457236173,0.6612980955077743,0.5062155228499498,-0.017753164540445024
27.7696,-12.6054,|val|>=0.15,PCMCI,KRR,1,0.7798496124380121,0.6880400368211633,0.5206166681580041,0.0054176062499248214
27.7696,-12.6054,|val|>=0.15,LASSO,KRR,1,0.7969245962994702,0.6608191893828782,0.5045080465756809,-0.01719665102387548
27.7696,-9.1054,-,CLIMATOLOGY,-,0,0.7780679685256993,0.7057449831340009,0.4757217095424418,-0.025561866953810717
27.7696,-9.1054,-,ALL,LIN,56,0.823917489466976,0.6286311771123058,0.4054054098135262,0.005580688454355245
27.7696,-9.1054,-,ALL,KRR,56,0.817296982643195,0.6403400495184004,0.40825239518476647,0.0012303591327534912
27.7696,-9.1054,fdr<=0.01,PCMCI,LIN,4,0.8185281015156822,0.6381789816678574,0.4081256040212699,-0.0010771090133712472
27.7696,-9.1054,fdr<=0.01,LASSO,LIN,4,0.817015590056041,0.6408329741011997,0.4104774653969011,0.012432234453491087
27.7696,-9.1054,fdr<=0.01,PCMCI,KRR,4,0.8192927592891053,0.6368330331726293,0.4023265973127796,0.0009645688231052726
27.7696,-9.1054,fdr<=0.01,LASSO,KRR,4,0.81879676978265,0.6377063962419023,0.40496176739632683,0.009424988792710974
27.7696,-9.1054,fdr<=0.001,PCMCI,LIN,3,0.817767797799813,0.6395144575795386,0.4089830527034717,0.003224491325636682
27.7696,-9.1054,fdr<=0.001,LASSO,LIN,3,0.8165513345952096,0.6416453977967354,0.40987046385926285,0.014487537946503199
27.7696,-9.1054,fdr<=0.001,PCMCI,KRR,3,0.8203426829462658,0.6349803124707531,0.400063417090752,0.006412460773804562
27.7696,-9.1054,fdr<=0.001,LASSO,KRR,3,0.8192520685893716,0.6369047284822563,0.40187716440336557,0.010687566288672639
27.7696,-9.1054,fdr<=0.0001,PCMCI,LIN,3,0.817767797799813,0.6395144575795386,0.4089830527034717,0.003224491325636682
27.7696,-9.1054,fdr<=0.0001,LASSO,LIN,3,0.8165513345952096,0.6416453977967354,0.40987046385926285,0.014487537946503199
27.7696,-9.1054,fdr<=0.0001,PCMCI,KRR,3,0.8203426829462658,0.6349803124707531,0.400063417090752,0.006412460773804562
27.7696,-9.1054,fdr<=0.0001,LASSO,KRR,3,0.8192520685893716,0.6369047284822563,0.40187716440336557,0.010687566288672639
27.7696,-9.1054,|val|>=0.075,PCMCI,LIN,3,0.817767797799813,0.6395144575795386,0.4089830527034717,0.003224491325636682
27.7696,-9.1054,|val|>=0.075,LASSO,LIN,3,0.8165513345952096,0.6416453977967354,0.40987046385926285,0.014487537946503199
27.7696,-9.1054,|val|>=0.075,PCMCI,KRR,3,0.8203426829462658,0.6349803124707531,0.400063417090752,0.006412460773804562
27.7696,-9.1054,|val|>=0.075,LASSO,KRR,3,0.8192520685893716,0.6369047284822563,0.40187716440336557,0.010687566288672639
27.7696,-9.1054,|val|>=0.10,PCMCI,LIN,1,0.8102016601696189,0.6526555117043922,0.4211800349513241,0.020744056794211582
27.7696,-9.1054,|val|>=0.10,LASSO,LIN,1,0.8102016601696189,0.6526555117043922,0.4211800349513241,0.020744056794211582
27.7696,-9.1054,|val|>=0.10,PCMCI,KRR,1,0.8121889719370068,0.6492296570365724,0.41579463346651185,0.017903616570911222
27.7696,-9.1054,|val|>=0.10,LASSO,KRR,1,0.8121889719370068,0.6492296570365724,0.41579463346651185,0.017903616570911222
27.7696,-9.1054,|val|>=0.15,PCMCI,LIN,1,0.8102016601696189,0.6526555117043922,0.4211800349513241,0.020744056794211582
27.7696,-9.1054,|val|>=0.15,LASSO,LIN,1,0.8102016601696189,0.6526555117043922,0.4211800349513241,0.020744056794211582
27.7696,-9.1054,|val|>=0.15,PCMCI,KRR,1,0.8121889719370068,0.6492296570365724,0.41579463346651185,0.017903616570911222
27.7696,-9.1054,|val|>=0.15,LASSO,KRR,1,0.8121889719370068,0.6492296570365724,0.41579463346651185,0.017903616570911222
27.7696,-9.6054,-,CLIMATOLOGY,-,0,0.7780679685256993,0.7057449831340009,0.4757217095424418,-0.025561866953810717
27.7696,-9.6054,-,ALL,LIN,56,0.823917489466976,0.6286311771123058,0.4054054098135262,0.005580688454355245
27.7696,-9.6054,-,ALL,KRR,56,0.817296982643195,0.6403400495184004,0.40825239518476647,0.0012303591327534912
27.7696,-9.6054,fdr<=0.01,PCMCI,LIN,4,0.8185281015156822,0.6381789816678574,0.4081256040212699,-0.0010771090133712472
27.7696,-9.6054,fdr<=0.01,LASSO,LIN,4,0.817015590056041,0.6408329741011997,0.4104774653969011,0.012432234453491087
27.7696,-9.6054,fdr<=0.01,PCMCI,KRR,4,0.8192927592891053,0.6368330331726293,0.4023265973127796,0.0009645688231052726
27.7696,-9.6054,fdr<=0.01,LASSO,KRR,4,0.81879676978265,0.6377063962419023,0.40496176739632683,0.009424988792710974
27.7696,-9.6054,fdr<=0.001,PCMCI,LIN,3,0.817767797799813,0.6395144575795386,0.4089830527034717,0.003224491325636682
27.7696,-9.6054,fdr<=0.001,LASSO,LIN,3,0.8165513345952096,0.6416453977967354,0.40987046385926285,0.014487537946503199
27.7696,-9.6054,fdr<=0.001,PCMCI,KRR,3,0.8203426829462658,0.6349803124707531,0.400063417090752,0.006412460773804562
27.7696,-9.6054,fdr<=0.001,LASSO,KRR,3,0.8192520685893716,0.6369047284822563,0.40187716440336557,0.010687566288672639
27.7696,-9.6054,fdr<=0.0001,PCMCI,LIN,3,0.817767797799813,0.6395144575795386,0.4089830527034717,0.003224491325636682
27.7696,-9.6054,fdr<=0.0001,LASSO,LIN,3,0.8165513345952096,0.6416453977967354,0.40987046385926285,0.014487537946503199
27.7696,-9.6054,fdr<=0.0001,PCMCI,KRR,3,0.8203426829462658,0.6349803124707531,0.400063417090752,0.006412460773804562
27.7696,-9.6054,fdr<=0.0001,LASSO,KRR,3,0.8192520685893716,0.6369047284822563,0.40187716440336557,0.010687566288672639
27.7696,-9.6054,|val|>=0.075,PCMCI,LIN,3,0.817767797799813,0.6395144575795386,0.4089830527034717,0.003224491325636682
27.7696,-9.6054,|val|>=0.075,LASSO,LIN,3,0.8165513345952096,0.6416453977967354,0.40987046385926285,0.014487537946503199
27.7696,-9.6054,|val|>=0.075,PCMCI,KRR,3,0.8203426829462658,0.6349803124707531,0.400063417090752,0.006412460773804562
27.7696,-9.6054,|val|>=0.075,LASSO,KRR,3,0.8192520685893716,0.6369047284822563,0.40187716440336557,0.010687566288672639
27.7696,-9.6054,|val|>=0.10,PCMCI,LIN,1,0.8102016601696189,0.6526555117043922,0.4211800349513241,0.020744056794211582
27.7696,-9.6054,|val|>=0.10,LASSO,LIN,1,0.8102016601696189,0.6526555117043922,0.4211800349513241,0.020744056794211582
27.7696,-9.6054,|val|>=0.10,PCMCI,KRR,1,0.8121889719370068,0.6492296570365724,0.41579463346651185,0.017903616570911222
27.7696,-9.6054,|val|>=0.10,LASSO,KRR,1,0.8121889719370068,0.6492296570365724,0.41579463346651185,0.017903616570911222
27.7696,-9.6054,|val|>=0.15,PCMCI,LIN,1,0.8102016601696189,0.6526555117043922,0.4211800349513241,0.020744056794211582
27.7696,-9.6054,|val|>=0.15,LASSO,LIN,1,0.8102016601696189,0.6526555117043922,0.4211800349513241,0.020744056794211582
27.7696,-9.6054,|val|>=0.15,PCMCI,KRR,1,0.8121889719370068,0.6492296570365724,0.41579463346651185,0.017903616570911222
27.7696,-9.6054,|val|>=0.15,LASSO,KRR,1,0.8121889719370068,0.6492296570365724,0.41579463346651185,0.017903616570911222
28.2696,-10.1054,-,CLIMATOLOGY,-,0,0.6010259301396214,0.8603342906921457,0.6557762341620942,-0.002457864942676702
28.2696,-10.1054,-,ALL,LIN,56,0.703318240069699,0.741891372953573,0.5619786852265204,0.03494176194336239
28.2696,-10.1054,-,ALL,KRR,56,0.6940462575739097,0.7533950848949788,0.5682528373054552,0.029335296165076723
28.2696,-10.1054,fdr<=0.01,PCMCI,LIN,7,0.7066269789859216,0.7377428075668677,0.5599417105178308,0.040170756819040934
28.2696,-10.1054,fdr<=0.01,LASSO,LIN,7,0.6994234476503889,0.746745212581911,0.5666955989564497,0.030652735064066954
28.2696,-10.1054,fdr<=0.01,PCMCI,KRR,7,0.7033367696955009,0.7418682047207462,0.5617701852043823,0.022348816767425533
28.2696,-10.1054,fdr<=0.01,LASSO,KRR,7,0.7011601753057601,0.744584744904252,0.5637054027521224,0.015039867464576914
28.2696,-10.1054,fdr<=0.001,PCMCI,LIN,6,0.7073102982952415,0.7368831378711709,0.5588141242517308,0.04541338862625154
28.2696,-10.1054,fdr<=0.001,LASSO,LIN,6,0.6998413443807887,0.7462259256943847,0.5661209114774182,0.036574425382530175
28.2696,-10.1054,fdr<=0.001,PCMCI,KRR,6,0.7043417583412129,0.7406105469658534,0.5608879020925256,0.024982030459840952
28.2696,-10.1054,fdr<=0.001,LASSO,KRR,6,0.7031493162832796,0.7421025508600159,0.5623841767829854,0.0171374068749096
28.2696,-10.1054,fdr<=0.0001,PCMCI,LIN,5,0.7069519443510541,0.7373341004433639,0.558647400986473,0.045524438220243615
28.2696,-10.1054,fdr<=0.0001,LASSO,LIN,5,0.7000169506485505,0.7460076059504311,0.5657202493961444,0.03621804429803184
28.2696,-10.1054,fdr<=0.0001,PCMCI,KRR,5,0.7054979173872338,0.7391610654377915,0.5598139070459225,0.02586232836581433
28.2696,-10.1054,fdr<=0.0001,LASSO,KRR,5,0.7056021490940234,0.7390302500002216,0.5598415162196232,0.016349226546471977
28.2696,-10.1054,|val|>=0.075,PCMCI,LIN,5,0.7069519443510541,0.7373341004433639,0.558647400986473,0.045524438220243615
28.2696,-10.1054,|val|>=0.075,LASSO,LIN,5,0.7000169506485505,0.7460076059504311,0.5657202493961444,0.03621804429803184
28.2696,-10.1054,|val|>=0.075,PCMCI,KRR,5,0.7054979173872338,0.7391610654377915,0.5598139070459225,0.02586232836581433
28.2696,-10.1054,|val|>=0.075,LASSO,KRR,5,0.7056021490940234,0.7390302500002216,0.5598415162196232,0.016349226546471977
28.2696,-10.1054,|val|>=0.10,PCMCI,LIN,4,0.7006827650855134,0.7451792615652909,0.5654607106131496,0.035758103023391274
28.2696,-10.1054,|val|>=0.10,LASSO,LIN,4,0.7006827650855134,0.7451792615652909,0.5654607106131496,0.035758103023391274
28.2696,-10.1054,|val|>=0.10,PCMCI,KRR,4,0.7048899192847502,0.7399236692365995,0.5617569100145475,0.017823873798360507
28.2696,-10.1054,|val|>=0.10,LASSO,KRR,4,0.7048899192847502,0.7399236692365995,0.5617569100145475,0.017823873798360507
28.2696,-10.1054,|val|>=0.15,PCMCI,LIN,1,0.6729553776024706,0.7789299517579448,0.5910719795118048,0.049258460609772466
28.2696,-10.1054,|val|>=0.15,LASSO,LIN,1,0.705826291720319,0.7387488625476584,0.5686283586495506,-0.0018539796671461241
28.2696,-10.1054,|val|>=0.15,PCMCI,KRR,1,0.6730306307175078,0.7788403305356664,0.5868838030090783,0.050973999306274234
28.2696,-10.1054,|val|>=0.15,LASSO,KRR,1,0.7053536775633599,0.7393420546681866,0.5668810452197045,-0.0036572129044720727
28.2696,-10.6054,-,CLIMATOLOGY,-,0,0.6010259301396214,0.8603342906921457,0.6557762341620942,-0.002457864942676702
28.2696,-10.6054,-,ALL,LIN,56,0.7008451741391626,0.7449770675954084,0.5657243138450645,0.03819338187366921
28.2696,-10.6054,-,ALL,KRR,56,0.6940610115507888,0.7533769192278671,0.5684886232515004,0.026464327231196114
28.2696,-10.6054,fdr<=0.01,PCMCI,LIN,6,0.7026461814543132,0.742731182667435,0.5660019424494788,0.029979900622432862
28.2696,-10.6054,fdr<=0.01,LASSO,LIN,6,0.7013644310939007,0.7443302411070369,0.5660187564714829,0.03764805312112116
28.2696,-10.6054,fdr<=0.01,PCMCI,KRR,6,0.7027379568594676,0.7426165553928773,0.5645268758833967,0.017357057414029715
28.2696,-10.6054,fdr<=0.01,LASSO,KRR,6,0.7047274960164978,0.7401272615512592,0.5619179200307367,0.015189683561310537
28.2696,-10.6054,fdr<=0.001,PCMCI,LIN,5,0.7032079996947516,0.7420291953580456,0.5653081408139852,0.03562399066138631
28.2696,-10.6054,fdr<=0.001,LASSO,LIN,5,0.7013201380999682,0.7443854378014658,0.5658115642919653,0.03779110068870956
28.2696,-10.6054,fdr<=0.001,PCMCI,KRR,5,0.7044284606354965,0.7405019463370678,0.5626584713417049,0.020451745783358226
28.2696,-10.6054,fdr<=0.001,LASSO,KRR,5,0.7073702709269123,0.7368076396818202,0.5589176704883283,0.015842524269697133
28.2696,-10.6054,fdr<=0.0001,PCMCI,LIN,4,0.7020371632442953,0.7434913972894293,0.5664044747588667,0.03400181820601712
28.2696,-10.6054,fdr<=0.0001,LASSO,LIN,4,0.7020371632442953,0.7434913972894293,0.5664044747588667,0.03400181820601712
28.2696,-10.6054,fdr<=0.0001,PCMCI,KRR,4,0.7046202158373038,0.7402617030813267,0.5629724691119039,0.019286871956684562
28.2696,-10.6054,fdr<=0.0001,LASSO,KRR,4,0.7046202158373038,0.7402617030813267,0.5629724691119039,0.019286871956684562
28.2696,-10.6054,|val|>=0.075,PCMCI,LIN,5,0.7032079996947516,0.7420291953580456,0.5653081408139852,0.03562399066138631
28.2696,-10.6054,|val|>=0.075,LASSO,LIN,5,0.7013201380999682,0.7443854378014658,0.5658115642919653,0.03779110068870956
28.2696,-10.6054,|val|>=0.075,PCMCI,KRR,5,0.7044284606354965,0.7405019463370678,0.5626584713417049,0.020451745783358226
28.2696,-10.6054,|val|>=0.075,LASSO,KRR,5,0.7073702709269123,0.7368076396818202,0.5589176704883283,0.015842524269697133
28.2696,-10.6054,|val|>=0.10,PCMCI,LIN,3,0.6835810461779828,0.7661717640890098,0.5797578730259243,0.05462703705554171
28.2696,-10.6054,|val|>=0.10,LASSO,LIN,3,0.6990183361978398,0.7472482677487146,0.5694067233601552,0.041335114858307855
28.2696,-10.6054,|val|>=0.10,PCMCI,KRR,3,0.6826835023685218,0.7672576436616168,0.5799489344756642,0.04810464590886068
28.2696,-10.6054,|val|>=0.10,LASSO,KRR,3,0.7030066479375221,0.7422808590654202,0.5636429663918022,0.03071954928711545
28.2696,-10.6054,|val|>=0.15,PCMCI,LIN,1,0.6729553776024706,0.7789299517579448,0.5910719795118048,0.049258460609772466
28.2696,-10.6054,|val|>=0.15,LASSO,LIN,1,0.705826291720319,0.7387488625476584,0.5686283586495506,-0.0018539796671461241
28.2696,-10.6054,|val|>=0.15,PCMCI,KRR,1,0.6730306307175078,0.7788403305356664,0.5868838030090783,0.050973999306274234
28.2696,-10.6054,|val|>=0.15,LASSO,KRR,1,0.7053536775633599,0.7393420546681866,0.5668810452197045,-0.0036572129044720727
28.2696,-11.1054,-,CLIMATOLOGY,-,0,0.44332781182688397,1.0230518076000223,0.8167912846590607,-0.1238874591633
28.2696,-11.1054,-,ALL,LIN,56,0.6403202666839389,0.822348394299248,0.6492164322977222,-0.03439889269708872
28.2696,-11.1054,-,ALL,KRR,56,0.6286048143504386,0.835633803278095,0.6586994569305034,-0.05191636475451544
28.2696,-11.1054,fdr<=0.01,PCMCI,LIN,8,0.637888206631801,0.8251239624032045,0.6493509675887431,-0.03590648463732041
28.2696,-11.1054,fdr<=0.01,LASSO,LIN,8,0.6310036923997749,0.832930710841124,0.6573310223447961,-0.037607668700141615
28.2696,-11.1054,fdr<=0.01,PCMCI,KRR,8,0.6500384541086477,0.8111628046126451,0.6468293531950864,-0.059133651135466904
28.2696,-11.1054,fdr<=0.01,LASSO,KRR,8,0.6406730577302817,0.82194499608314,0.650012852934369,-0.05800040714414757
28.2696,-11.1054,fdr<=0.001,PCMCI,LIN,6,0.6385450076468713,0.824375314839358,0.6488627421202904,-0.03701177197946082
28.2696,-11.1054,fdr<=0.001,LASSO,LIN,6,0.6323704346287415,0.8313867147983732,0.6556178919088033,-0.03707425680716964
28.2696,-11.1054,fdr<=0.001,PCMCI,KRR,6,0.6536130684642487,0.8070094388583874,0.6406470826819833,-0.050553431241175464
28.2696,-11.1054,fdr<=0.001,LASSO,KRR,6,0.649737748815863,0.8115112265701505,0.6422582285246248,-0.05184042166312391
28.2696,-11.1054,fdr<=0.0001,PCMCI,LIN,2,0.6286232444853566,0.8356130692521849,0.6580711854051949,-0.05395970548111969
28.2696,-11.1054,fdr<=0.0001,LASSO,LIN,2,0.6286232444853566,0.8356130692521849,0.6580711854051949,-0.05395970548111969
28.2696,-11.1054,fdr<=0.0001,PCMCI,KRR,2,0.6363735501921455,0.8268478432113172,0.65219241336266,-0.0551821913157385
28.2696,-11.1054,fdr<=0.0001,LASSO,KRR,2,0.6363735501921455,0.8268478432113172,0.65219241336266,-0.0551821913157385
28.2696,-11.1054,|val|>=0.075,PCMCI,LIN,6,0.6385450076468713,0.824375314839358,0.6488627421202904,-0.03701177197946082
28.2696,-11.1054,|val|>=0.075,LASSO,LIN,6,0.6323704346287415,0.8313867147983732,0.6556178919088033,-0.03707425680716964
28.2696,-11.1054,|val|>=0.075,PCMCI,KRR,6,0.6536130684642487,0.8070094388583874,0.6406470826819833,-0.050553431241175464
28.2696,-11.1054,|val|>=0.075,LASSO,KRR,6,0.649737748815863,0.8115112265701505,0.6422582285246248,-0.05184042166312391
28.2696,-11.1054,|val|>=0.10,PCMCI,LIN,2,0.6286232444853566,0.8356130692521849,0.6580711854051949,-0.05395970548111969
28.2696,-11.1054,|val|>=0.10,LASSO,LIN,2,0.6286232444853566,0.8356130692521849,0.6580711854051949,-0.05395970548111969
28.2696,-11.1054,|val|>=0.10,PCMCI,KRR,2,0.6363735501921455,0.8268478432113172,0.65219241336266,-0.0551821913157385
28.2696,-11.1054,|val|>=0.10,LASSO,KRR,2,0.6363735501921455,0.8268478432113172,0.65219241336266,-0.0551821913157385
28.2696,-11.1054,|val|>=0.15,PCMCI,LIN,1,0.6090106522989627,0.8573937782810224,0.6732960051679985,-0.0535777610073355
28.2696,-11.1054,|val|>=0.15,LASSO,LIN,1,0.6090106522989627,0.8573937782810224,0.6732960051679985,-0.0535777610073355
28.2696,-11.1054,|val|>=0.15,PCMCI,KRR,1,0.6201414373941886,0.8451014079662903,0.6646272717084072,-0.06198065977902572
28.2696,-11.1054,|val|>=0.15,LASSO,KRR,1,0.6201414373941886,0.8451014079662903,0.6646272717084072,-0.06198065977902572
28.2696,-11.6054,-,CLIMATOLOGY,-,0,0.44332781182688397,1.0230518076000223,0.8167912846590607,-0.1238874591633
28.2696,-11.6054,-,ALL,LIN,56,0.6419525073861917,0.820480347978719,0.644536053836122,-0.02439372501882072
28.2696,-11.6054,-,ALL,KRR,56,0.6342084244705344,0.8293058225005673,0.6531194762739186,-0.03993186649938832
28.2696,-11.6054,fdr<=0.01,PCMCI,LIN,6,0.6373503780370335,0.8257364950680589,0.6501195286563985,-0.03717580040456026
28.2696,-11.6054,fdr<=0.01,LASSO,LIN,6,0.6373503780370335,0.8257364950680589,0.6501195286563985,-0.03717580040456026
28.2696,-11.6054,fdr<=0.01,PCMCI,KRR,6,0.6570614491431335,0.8029823866306005,0.6394745131160403,-0.04935693084246572
28.2696,-11.6054,fdr<=0.01,LASSO,KRR,6,0.6570614491431335,0.8029823866306005,0.6394745131160403,-0.04935693084246572
28.2696,-11.6054,fdr<=0.001,PCMCI,LIN,5,0.6371831339210121,0.8259268766975341,0.6508378010453262,-0.04414516110220254
28.2696,-11.6054,fdr<=0.001,LASSO,LIN,5,0.6383764206635631,0.8245675417400713,0.6476551557053125,-0.027869612911827022
28.2696,-11.6054,fdr<=0.001,PCMCI,KRR,5,0.659103796838276,0.800587761992812,0.6381908434119105,-0.054651239542637876
28.2696,-11.6054,fdr<=0.001,LASSO,KRR,5,0.6542098851359528,0.8063139098349134,0.6424801887855858,-0.041848832050527654
28.2696,-11.6054,fdr<=0.0001,PCMCI,LIN,3,0.633573844360195,0.8300248561964709,0.6539139009337497,-0.05345938085197352
28.2696,-11.6054,fdr<=0.0001,LASSO,LIN,3,0.6310633725071705,0.8328633505405351,0.6553448821216394,-0.03956978562791752
28.2696,-11.6054,fdr<=0.0001,PCMCI,KRR,3,0.641686583699131,0.8207849788824774,0.6493047792299141,-0.06238646972145728
28.2696,-11.6054,fdr<=0.0001,LASSO,KRR,3,0.6396368397543221,0.823129295012448,0.6506822399516512,-0.03732086314004498
28.2696,-11.6054,|val|>=0.075,PCMCI,LIN,5,0.6371831339210121,0.8259268766975341,0.6508378010453262,-0.04414516110220254
28.2696,-11.6054,|val|>=0.075,LASSO,LIN,5,0.6383764206635631,0.8245675417400713,0.6476551557053125,-0.027869612911827022
28.2696,-11.6054,|val|>=0.075,PCMCI,KRR,5,0.659103796838276,0.800587761992812,0.6381908434119105,-0.054651239542637876
28.2696,-11.6054,|val|>=0.075,LASSO,KRR,5,0.6542098851359528,0.8063139098349134,0.6424801887855858,-0.041848832050527654
28.2696,-11.6054,|val|>=0.10,PCMCI,LIN,2,0.6286232444853566,0.8356130692521849,0.6580711854051949,-0.05395970548111969
28.2696,-11.6054,|val|>=0.10,LASSO,LIN,2,0.6286232444853566,0.8356130692521849,0.6580711854051949,-0.05395970548111969
28.2696,-11.6054,|val|>=0.10,PCMCI,KRR,2,0.6363735501921455,0.8268478432113172,0.65219241336266,-0.0551821913157385
28.2696,-11.6054,|val|>=0.10,LASSO,KRR,2,0.6363735501921455,0.8268478432113172,0.65219241336266,-0.0551821913157385
28.2696,-11.6054,|val|>=0.15,PCMCI,LIN,1,0.6090106522989627,0.8573937782810224,0.6732960051679985,-0.0535777610073355
28.2696,-11.6054,|val|>=0.15,LASSO,LIN,1,0.6090106522989627,0.8573937782810224,0.6732960051679985,-0.0535777610073355
28.2696,-11.6054,|val|>=0.15,PCMCI,KRR,1,0.6201414373941886,0.8451014079662903,0.6646272717084072,-0.06198065977902572
28.2696,-11.6054,|val|>=0.15,LASSO,KRR,1,0.6201414373941886,0.8451014079662903,0.6646272717084072,-0.06198065977902572
28.2696,-9.1054,-,CLIMATOLOGY,-,0,0.7892633237649777,0.692694601063498,0.4911045095661664,-0.03384958629892722
28.2696,-9.1054,-,ALL,LIN,56,0.8274147769034734,0.6268643092723003,0.41754999665469555,0.027826005792910516
28.2696,-9.1054,-,ALL,KRR,56,0.8219739916909287,0.6366686520190628,0.41711552097105686,0.015088022849977827
28.2696,-9.1054,fdr<=0.01,PCMCI,LIN,5,0.8261804717543206,0.6291019381167913,0.4178258247993245,0.025680067633867567
28.2696,-9.1054,fdr<=0.01,LASSO,LIN,5,0.82693965510824,0.6277265852782499,0.41420747029715504,0.034053191760852905
28.2696,-9.1054,fdr<=0.01,PCMCI,KRR,5,0.825734619807458,0.6299082534175163,0.41460747479309806,0.019303911625471033
28.2696,-9.1054,fdr<=0.01,LASSO,KRR,5,0.8239338222835707,0.6331545143925443,0.41320699354177687,0.024753891438154232
28.2696,-9.1054,fdr<=0.001,PCMCI,LIN,2,0.816906213961489,0.6456669287519649,0.43292792778799727,0.04644687765255618
28.2696,-9.1054,fdr<=0.001,LASSO,LIN,2,0.8246732169790886,0.6318236408723579,0.4193997126160728,0.028705346553695284
28.2696,-9.1054,fdr<=0.001,PCMCI,KRR,2,0.8205455442743055,0.6392178038894265,0.42515121167017694,0.040098954623094506
28.2696,-9.1054,fdr<=0.001,LASSO,KRR,2,0.8258693262426455,0.6296647480831298,0.4132572927800781,0.02161858606167419
28.2696,-9.1054,fdr<=0.0001,PCMCI,LIN,1,0.8171048491539962,0.6453165974245858,0.43268118307117226,0.045432131152073056
28.2696,-9.1054,fdr<=0.0001,LASSO,LIN,1,0.8171048491539962,0.6453165974245858,0.43268118307117226,0.045432131152073056
28.2696,-9.1054,fdr<=0.0001,PCMCI,KRR,1,0.8200495114011026,0.6401006302261646,0.42638534110701554,0.04110055113553502
28.2696,-9.1054,fdr<=0.0001,LASSO,KRR,1,0.8200495114011026,0.6401006302261646,0.42638534110701554,0.04110055113553502
28.2696,-9.1054,|val|>=0.075,PCMCI,LIN,2,0.816906213961489,0.6456669287519649,0.43292792778799727,0.04644687765255618
28.2696,-9.1054,|val|>=0.075,LASSO,LIN,2,0.8246732169790886,0.6318236408723579,0.4193997126160728,0.028705346553695284
28.2696,-9.1054,|val|>=0.075,PCMCI,KRR,2,0.8205455442743055,0.6392178038894265,0.42515121167017694,0.040098954623094506
28.2696,-9.1054,|val|>=0.075,LASSO,KRR,2,0.8258693262426455,0.6296647480831298,0.4132572927800781,0.02161858606167419
28.2696,-9.1054,|val|>=0.10,PCMCI,LIN,1,0.8171048491539962,0.6453165974245858,0.43268118307117226,0.045432131152073056
28.2696,-9.1054,|val|>=0.10,LASSO,LIN,1,0.8171048491539962,0.6453165974245858,0.43268118307117226,0.045432131152073056
28.2696,-9.1054,|val|>=0.10,PCMCI,KRR,1,0.8200495114011026,0.6401006302261646,0.42638534110701554,0.04110055113553502
28.2696,-9.1054,|val|>=0.10,LASSO,KRR,1,0.8200495114011026,0.6401006302261646,0.42638534110701554,0.04110055113553502
28.2696,-9.1054,|val|>=0.15,PCMCI,LIN,1,0.8171048491539962,0.6453165974245858,0.43268118307117226,0.045432131152073056
28.2696,-9.1054,|val|>=0.15,LASSO,LIN,1,0.8171048491539962,0.6453165974245858,0.43268118307117226,0.045432131152073056
28.2696,-9.1054,|val|>=0.15,PCMCI,KRR,1,0.8200495114011026,0.6401006302261646,0.42638534110701554,0.04110055113553502
28.2696,-9.1054,|val|>=0.15,LASSO,KRR,1,0.8200495114011026,0.6401006302261646,0.42638534110701554,0.04110055113553502
28.2696,-9.6054,-,CLIMATOLOGY,-,0,0.7892633237649777,0.692694601063498,0.4911045095661664,-0.03384958629892722
28.2696,-9.6054,-,ALL,LIN,56,0.8274147769034734,0.6268643092723003,0.41754999665469555,0.027826005792910516
28.2696,-9.6054,-,ALL,KRR,56,0.8219739916909287,0.6366686520190628,0.41711552097105686,0.015088022849977827
28.2696,-9.6054,fdr<=0.01,PCMCI,LIN,5,0.8261804717543206,0.6291019381167913,0.4178258247993245,0.025680067633867567
28.2696,-9.6054,fdr<=0.01,LASSO,LIN,5,0.82693965510824,0.6277265852782499,0.41420747029715504,0.034053191760852905
28.2696,-9.6054,fdr<=0.01,PCMCI,KRR,5,0.825734619807458,0.6299082534175163,0.41460747479309806,0.019303911625471033
28.2696,-9.6054,fdr<=0.01,LASSO,KRR,5,0.8239338222835707,0.6331545143925443,0.41320699354177687,0.024753891438154232
28.2696,-9.6054,fdr<=0.001,PCMCI,LIN,2,0.816906213961489,0.6456669287519649,0.43292792778799727,0.04644687765255618
28.2696,-9.6054,fdr<=0.001,LASSO,LIN,2,0.8246732169790886,0.6318236408723579,0.4193997126160728,0.028705346553695284
28.2696,-9.6054,fdr<=0.001,PCMCI,KRR,2,0.8205455442743055,0.6392178038894265,0.42515121167017694,0.040098954623094506
28.2696,-9.6054,fdr<=0.001,LASSO,KRR,2,0.8258693262426455,0.6296647480831298,0.4132572927800781,0.02161858606167419
28.2696,-9.6054,fdr<=0.0001,PCMCI,LIN,1,0.8171048491539962,0.6453165974245858,0.43268118307117226,0.045432131152073056
28.2696,-9.6054,fdr<=0.0001,LASSO,LIN,1,0.8171048491539962,0.6453165974245858,0.43268118307117226,0.045432131152073056
28.2696,-9.6054,fdr<=0.0001,PCMCI,KRR,1,0.8200495114011026,0.6401006302261646,0.42638534110701554,0.04110055113553502
28.2696,-9.6054,fdr<=0.0001,LASSO,KRR,1,0.8200495114011026,0.6401006302261646,0.42638534110701554,0.04110055113553502
28.2696,-9.6054,|val|>=0.075,PCMCI,LIN,2,0.816906213961489,0.6456669287519649,0.43292792778799727,0.04644687765255618
28.2696,-9.6054,|val|>=0.075,LASSO,LIN,2,0.8246732169790886,0.6318236408723579,0.4193997126160728,0.028705346553695284
28.2696,-9.6054,|val|>=0.075,PCMCI,KRR,2,0.8205455442743055,0.6392178038894265,0.42515121167017694,0.040098954623094506
28.2696,-9.6054,|val|>=0.075,LASSO,KRR,2,0.8258693262426455,0.6296647480831298,0.4132572927800781,0.02161858606167419
28.2696,-9.6054,|val|>=0.10,PCMCI,LIN,1,0.8171048491539962,0.6453165974245858,0.43268118307117226,0.045432131152073056
28.2696,-9.6054,|val|>=0.10,LASSO,LIN,1,0.8171048491539962,0.6453165974245858,0.43268118307117226,0.045432131152073056
28.2696,-9.6054,|val|>=0.10,PCMCI,KRR,1,0.8200495114011026,0.6401006302261646,0.42638534110701554,0.04110055113553502
28.2696,-9.6054,|val|>=0.10,LASSO,KRR,1,0.8200495114011026,0.6401006302261646,0.42638534110701554,0.04110055113553502
28.2696,-9.6054,|val|>=0.15,PCMCI,LIN,1,0.8171048491539962,0.6453165974245858,0.43268118307117226,0.045432131152073056
28.2696,-9.6054,|val|>=0.15,LASSO,LIN,1,0.8171048491539962,0.6453165974245858,0.43268118307117226,0.045432131152073056
28.2696,-9.6054,|val|>=0.15,PCMCI,KRR,1,0.8200495114011026,0.6401006302261646,0.42638534110701554,0.04110055113553502
28.2696,-9.6054,|val|>=0.15,LASSO,KRR,1,0.8200495114011026,0.6401006302261646,0.42638534110701554,0.04110055113553502
28.7696,-10.1054,-,CLIMATOLOGY,-,0,0.6010259301396214,0.8603342906921457,0.6557762341620942,-0.002457864942676702
28.7696,-10.1054,-,ALL,LIN,56,0.7029358381611459,0.7423693418693897,0.564836960098349,0.032365664451136665
28.7696,-10.1054,-,ALL,KRR,56,0.6933343333048811,0.7542711137171039,0.5707924724445044,0.027008258845991385
28.7696,-10.1054,fdr<=0.01,PCMCI,LIN,7,0.7045687872446538,0.7403261437821602,0.564662974237235,0.030870667135457695
28.7696,-10.1054,fdr<=0.01,LASSO,LIN,7,0.6977526083612764,0.7488178328882564,0.5695911900761037,0.03788332272122424
28.7696,-10.1054,fdr<=0.01,PCMCI,KRR,7,0.7023797725688404,0.7430638265995331,0.5635965437919673,0.013830161447361265
28.7696,-10.1054,fdr<=0.01,LASSO,KRR,7,0.6968500853550297,0.7499349997881495,0.5687513340518902,0.015946237986868107
28.7696,-10.1054,fdr<=0.001,PCMCI,LIN,5,0.7015894171740138,0.7440498065011474,0.56670191875935,0.03343721424966615
28.7696,-10.1054,fdr<=0.001,LASSO,LIN,5,0.7000054657795679,0.7460218862866531,0.5673245535371496,0.033160420836742935
28.7696,-10.1054,fdr<=0.001,PCMCI,KRR,5,0.7033323616179151,0.7418737163583927,0.5638683814169771,0.01606498095412898
28.7696,-10.1054,fdr<=0.001,LASSO,KRR,5,0.7003642834298407,0.7455756016362574,0.5653819155396776,0.01683660910600032
28.7696,-10.1054,fdr<=0.0001,PCMCI,LIN,4,0.7005004478405311,0.7454061752410708,0.5668783008350747,0.03225171776454871
28.7696,-10.1054,fdr<=0.0001,LASSO,LIN,4,0.7005004478405311,0.7454061752410708,0.5668783008350747,0.03225171776454871
28.7696,-10.1054,fdr<=0.0001,PCMCI,KRR,4,0.7037995065400888,0.741289393988812,0.562658289352222,0.014584656052992494
28.7696,-10.1054,fdr<=0.0001,LASSO,KRR,4,0.7037995065400888,0.741289393988812,0.562658289352222,0.014584656052992494
28.7696,-10.1054,|val|>=0.075,PCMCI,LIN,5,0.7015894171740138,0.7440498065011474,0.56670191875935,0.03343721424966615
28.7696,-10.1054,|val|>=0.075,LASSO,LIN,5,0.7000054657795679,0.7460218862866531,0.5673245535371496,0.033160420836742935
28.7696,-10.1054,|val|>=0.075,PCMCI,KRR,5,0.7033323616179151,0.7418737163583927,0.5638683814169771,0.01606498095412898
28.7696,-10.1054,|val|>=0.075,LASSO,KRR,5,0.7003642834298407,0.7455756016362574,0.5653819155396776,0.01683660910600032
28.7696,-10.1054,|val|>=0.10,PCMCI,LIN,4,0.7005004478405311,0.7454061752410708,0.5668783008350747,0.03225171776454871
28.7696,-10.1054,|val|>=0.10,LASSO,LIN,4,0.7005004478405311,0.7454061752410708,0.5668783008350747,0.03225171776454871
28.7696,-10.1054,|val|>=0.10,PCMCI,KRR,4,0.7037995065400888,0.741289393988812,0.562658289352222,0.014584656052992494
28.7696,-10.1054,|val|>=0.10,LASSO,KRR,4,0.7037995065400888,0.741289393988812,0.562658289352222,0.014584656052992494
28.7696,-10.1054,|val|>=0.15,PCMCI,LIN,1,0.6729553776024706,0.7789299517579448,0.5910719795118048,0.049258460609772466
28.7696,-10.1054,|val|>=0.15,LASSO,LIN,1,0.705826291720319,0.7387488625476584,0.5686283586495506,-0.0018539796671461241
28.7696,-10.1054,|val|>=0.15,PCMCI,KRR,1,0.6730306307175078,0.7788403305356664,0.5868838030090783,0.050973999306274234
28.7696,-10.1054,|val|>=0.15,LASSO,KRR,1,0.7053536775633599,0.7393420546681866,0.5668810452197045,-0.0036572129044720727
28.7696,-10.6054,-,CLIMATOLOGY,-,0,0.6010259301396214,0.8603342906921457,0.6557762341620942,-0.002457864942676702
28.7696,-10.6054,-,ALL,LIN,56,0.7031570130758696,0.7420929301201077,0.5650147615539866,0.03368503359986209
28.7696,-10.6054,-,ALL,KRR,56,0.6918414050960132,0.7561048785744569,0.5709302134074544,0.02870758805193317
28.7696,-10.6054,fdr<=0.01,PCMCI,LIN,6,0.7027957421523929,0.7425443726136971,0.5664936433471681,0.025958339030172296
28.7696,-10.6054,fdr<=0.01,LASSO,LIN,6,0.702519953007021,0.7428888128212243,0.5650469699062819,0.035700966469798014
28.7696,-10.6054,fdr<=0.01,PCMCI,KRR,6,0.701919253772169,0.7436384894708171,0.5647175228057773,0.016652242707194627
28.7696,-10.6054,fdr<=0.01,LASSO,KRR,6,0.7076307842855426,0.7364795954790849,0.5596838672934689,0.013519238398943912
28.7696,-10.6054,fdr<=0.001,PCMCI,LIN,6,0.7027957421523929,0.7425443726136971,0.5664936433471681,0.025958339030172296
28.7696,-10.6054,fdr<=0.001,LASSO,LIN,6,0.702519953007021,0.7428888128212243,0.5650469699062819,0.035700966469798014
28.7696,-10.6054,fdr<=0.001,PCMCI,KRR,6,0.701919253772169,0.7436384894708171,0.5647175228057773,0.016652242707194627
28.7696,-10.6054,fdr<=0.001,LASSO,KRR,6,0.7076307842855426,0.7364795954790849,0.5596838672934689,0.013519238398943912
28.7696,-10.6054,fdr<=0.0001,PCMCI,LIN,4,0.7022449397282289,0.7432321250760257,0.5669652442830677,0.0296814804422036
28.7696,-10.6054,fdr<=0.0001,LASSO,LIN,4,0.7022449397282289,0.7432321250760257,0.5669652442830677,0.0296814804422036
28.7696,-10.6054,fdr<=0.0001,PCMCI,KRR,4,0.7037193087187169,0.7413897411728583,0.5641399950260155,0.01835268406944801
28.7696,-10.6054,fdr<=0.0001,LASSO,KRR,4,0.7037193087187169,0.7413897411728583,0.5641399950260155,0.01835268406944801
28.7696,-10.6054,|val|>=0.075,PCMCI,LIN,5,0.7034322657059677,0.7417487912767831,0.5655939693192271,0.03161150514151834
28.7696,-10.6054,|val|>=0.075,LASSO,LIN,5,0.7020424671491827,0.743484779978949,0.5671168299859304,0.030570919685847516
28.7696,-10.6054,|val|>=0.075,PCMCI,KRR,5,0.703716828358017,0.7413928444971429,0.5633363622581867,0.01937241744225305
28.7696,-10.6054,|val|>=0.075,LASSO,KRR,5,0.7011606038626699,0.7445842110111338,0.5664857607940015,0.01899806183026813
28.7696,-10.6054,|val|>=0.10,PCMCI,LIN,2,0.6778621622827379,0.7730645655552816,0.587708059698722,0.034093377370225976
28.7696,-10.6054,|val|>=0.10,LASSO,LIN,2,0.7029633900316097,0.7423349147306634,0.5679297367585758,0.022577335835796856
28.7696,-10.6054,|val|>=0.10,PCMCI,KRR,2,0.6741065710468548,0.777557830834411,0.5881360560822728,0.03712341185145478
28.7696,-10.6054,|val|>=0.10,LASSO,KRR,2,0.7034522298987047,0.7417238245266216,0.5621486476681806,0.01541397325642332
28.7696,-10.6054,|val|>=0.15,PCMCI,LIN,1,0.6729553776024706,0.7789299517579448,0.5910719795118048,0.049258460609772466
28.7696,-10.6054,|val|>=0.15,LASSO,LIN,1,0.705826291720319,0.7387488625476584,0.5686283586495506,-0.0018539796671461241
28.7696,-10.6054,|val|>=0.15,PCMCI,KRR,1,0.6730306307175078,0.7788403305356664,0.5868838030090783,0.050973999306274234
28.7696,-10.6054,|val|>=0.15,LASSO,KRR,1,0.7053536775633599,0.7393420546681866,0.5668810452197045,-0.0036572129044720727
28.7696,-8.6054,-,CLIMATOLOGY,-,0,0.7885187036622311,0.7140321217402901,0.48657955885792986,-0.03257188851506783
28.7696,-8.6054,-,ALL,LIN,56,0.8282288278504737,0.6435123813278634,0.409773785812151,0.010595660288562325
28.7696,-8.6054,-,ALL,KRR,56,0.819138617732257,0.6603203632944903,0.41515797550004574,0.005078005607000841
28.7696,-8.6054,fdr<=0.01,PCMCI,LIN,4,0.8309428633924598,0.6384082961521761,0.40401623766689554,0.011105044491761341
28.7696,-8.6054,fdr<=0.01,LASSO,LIN,4,0.8304582948026532,0.6393225765449356,0.40343247632182183,0.024420458562481522
28.7696,-8.6054,fdr<=0.01,PCMCI,KRR,4,0.8309898595020765,0.638319554581523,0.4011109538752196,0.01603746069281519
28.7696,-8.6054,fdr<=0.01,LASSO,KRR,4,0.8258374408332456,0.6479763668311833,0.40592757016927705,0.023130469205121018
28.7696,-8.6054,fdr<=0.001,PCMCI,LIN,2,0.8248128090621988,0.6498796562639231,0.4132695793202353,0.028280243226785566
28.7696,-8.6054,fdr<=0.001,LASSO,LIN,2,0.8300523465296781,0.6400875114214388,0.4048774448371,0.01815141826309774
28.7696,-8.6054,fdr<=0.001,PCMCI,KRR,2,0.8264582596353369,0.6468204495040232,0.4071688668554296,0.027778877979239176
28.7696,-8.6054,fdr<=0.001,LASSO,KRR,2,0.8308855440736203,0.6385165140842464,0.4023248308388634,0.016081493988754067
28.7696,-8.6054,fdr<=0.0001,PCMCI,LIN,2,0.8248128090621988,0.6498796562639231,0.4132695793202353,0.028280243226785566
28.7696,-8.6054,fdr<=0.0001,LASSO,LIN,2,0.8300523465296781,0.6400875114214388,0.4048774448371,0.01815141826309774
28.7696,-8.6054,fdr<=0.0001,PCMCI,KRR,2,0.8264582596353369,0.6468204495040232,0.4071688668554296,0.027778877979239176
28.7696,-8.6054,fdr<=0.0001,LASSO,KRR,2,0.8308855440736203,0.6385165140842464,0.4023248308388634,0.016081493988754067
28.7696,-8.6054,|val|>=0.075,PCMCI,LIN,2,0.8248128090621988,0.6498796562639231,0.4132695793202353,0.028280243226785566
28.7696,-8.6054,|val|>=0.075,LASSO,LIN,2,0.8300523465296781,0.6400875114214388,0.4048774448371,0.01815141826309774
28.7696,-8.6054,|val|>=0.075,PCMCI,KRR,2,0.8264582596353369,0.6468204495040232,0.4071688668554296,0.027778877979239176
28.7696,-8.6054,|val|>=0.075,LASSO,KRR,2,0.8308855440736203,0.6385165140842464,0.4023248308388634,0.016081493988754067
28.7696,-8.6054,|val|>=0.10,PCMCI,LIN,2,0.8248128090621988,0.6498796562639231,0.4132695793202353,0.028280243226785566
28.7696,-8.6054,|val|>=0.10,LASSO,LIN,2,0.8300523465296781,0.6400875114214388,0.4048774448371,0.01815141826309774
28.7696,-8.6054,|val|>=0.10,PCMCI,KRR,2,0.8264582596353369,0.6468204495040232,0.4071688668554296,0.027778877979239176
28.7696,-8.6054,|val|>=0.10,LASSO,KRR,2,0.8308855440736203,0.6385165140842464,0.4023248308388634,0.016081493988754067
28.7696,-8.6054,|val|>=0.15,PCMCI,LIN,1,0.8241480099547689,0.6511115680091266,0.41450444988895135,0.03127627774890219
28.7696,-8.6054,|val|>=0.15,LASSO,LIN,1,0.8241480099547689,0.6511115680091266,0.41450444988895135,0.03127627774890219
28.7696,-8.6054,|val|>=0.15,PCMCI,KRR,1,0.8276796817887073,0.6445402031053488,0.411456219220211,0.026074986777269445
28.7696,-8.6054,|val|>=0.15,LASSO,KRR,1,0.8276796817887073,0.6445402031053488,0.411456219220211,0.026074986777269445
28.7696,-9.1054,-,CLIMATOLOGY,-,0,0.7892633237649777,0.692694601063498,0.4911045095661664,-0.03384958629892722
28.7696,-9.1054,-,ALL,LIN,56,0.8276345841187048,0.6264649900366112,0.41550388715647135,0.02727251741897139
28.7696,-9.1054,-,ALL,KRR,56,0.8213378520223468,0.6378051405264715,0.4186907989966621,0.015280610829918566
28.7696,-9.1054,fdr<=0.01,PCMCI,LIN,5,0.8265757067708379,0.6283862975296618,0.4168859151501312,0.02622587669980079
28.7696,-9.1054,fdr<=0.01,LASSO,LIN,5,0.8239112185061892,0.6331951559983452,0.41899975764074315,0.02919344978783038
28.7696,-9.1054,fdr<=0.01,PCMCI,KRR,5,0.8238156653336808,0.6333669318483135,0.41503360565449243,0.019646242812111976
28.7696,-9.1054,fdr<=0.01,LASSO,KRR,5,0.8180194356229011,0.6437010884495385,0.4199936951579686,0.02203783369475575
28.7696,-9.1054,fdr<=0.001,PCMCI,LIN,1,0.8171048491539962,0.6453165974245858,0.43268118307117226,0.045432131152073056
28.7696,-9.1054,fdr<=0.001,LASSO,LIN,1,0.8171048491539962,0.6453165974245858,0.43268118307117226,0.045432131152073056
28.7696,-9.1054,fdr<=0.001,PCMCI,KRR,1,0.8200495114011026,0.6401006302261646,0.42638534110701554,0.04110055113553502
28.7696,-9.1054,fdr<=0.001,LASSO,KRR,1,0.8200495114011026,0.6401006302261646,0.42638534110701554,0.04110055113553502
28.7696,-9.1054,fdr<=0.0001,PCMCI,LIN,1,0.8171048491539962,0.6453165974245858,0.43268118307117226,0.045432131152073056
28.7696,-9.1054,fdr<=0.0001,LASSO,LIN,1,0.8171048491539962,0.6453165974245858,0.43268118307117226,0.045432131152073056
28.7696,-9.1054,fdr<=0.0001,PCMCI,KRR,1,0.8200495114011026,0.6401006302261646,0.42638534110701554,0.04110055113553502
28.7696,-9.1054,fdr<=0.0001,LASSO,KRR,1,0.8200495114011026,0.6401006302261646,0.42638534110701554,0.04110055113553502
28.7696,-9.1054,|val|>=0.075,PCMCI,LIN,1,0.8171048491539962,0.6453165974245858,0.43268118307117226,0.045432131152073056
28.7696,-9.1054,|val|>=0.075,LASSO,LIN,1,0.8171048491539962,0.6453165974245858,0.43268118307117226,0.045432131152073056
28.7696,-9.1054,|val|>=0.075,PCMCI,KRR,1,0.8200495114011026,0.6401006302261646,0.42638534110701554,0.04110055113553502
28.7696,-9.1054,|val|>=0.075,LASSO,KRR,1,0.8200495114011026,0.6401006302261646,0.42638534110701554,0.04110055113553502
28.7696,-9.1054,|val|>=0.10,PCMCI,LIN,1,0.8171048491539962,0.6453165974245858,0.43268118307117226,0.045432131152073056
28.7696,-9.1054,|val|>=0.10,LASSO,LIN,1,0.8171048491539962,0.6453165974245858,0.43268118307117226,0.045432131152073056
28.7696,-9.1054,|val|>=0.10,PCMCI,KRR,1,0.8200495114011026,0.6401006302261646,0.42638534110701554,0.04110055113553502
28.7696,-9.1054,|val|>=0.10,LASSO,KRR,1,0.8200495114011026,0.6401006302261646,0.42638534110701554,0.04110055113553502
28.7696,-9.1054,|val|>=0.15,PCMCI,LIN,1,0.8171048491539962,0.6453165974245858,0.43268118307117226,0.045432131152073056
28.7696,-9.1054,|val|>=0.15,LASSO,LIN,1,0.8171048491539962,0.6453165974245858,0.43268118307117226,0.045432131152073056
28.7696,-9.1054,|val|>=0.15,PCMCI,KRR,1,0.8200495114011026,0.6401006302261646,0.42638534110701554,0.04110055113553502
28.7696,-9.1054,|val|>=0.15,LASSO,KRR,1,0.8200495114011026,0.6401006302261646,0.42638534110701554,0.04110055113553502
28.7696,-9.6054,-,CLIMATOLOGY,-,0,0.7892633237649777,0.692694601063498,0.4911045095661664,-0.03384958629892722
28.7696,-9.6054,-,ALL,LIN,56,0.8276345841187048,0.6264649900366112,0.41550388715647135,0.02727251741897139
28.7696,-9.6054,-,ALL,KRR,56,0.8213378520223468,0.6378051405264715,0.4186907989966621,0.015280610829918566
28.7696,-9.6054,fdr<=0.01,PCMCI,LIN,5,0.8265757067708379,0.6283862975296618,0.4168859151501312,0.02622587669980079
28.7696,-9.6054,fdr<=0.01,LASSO,LIN,5,0.8239112185061892,0.6331951559983452,0.41899975764074315,0.02919344978783038
28.7696,-9.6054,fdr<=0.01,PCMCI,KRR,5,0.8238156653336808,0.6333669318483135,0.41503360565449243,0.019646242812111976
28.7696,-9.6054,fdr<=0.01,LASSO,KRR,5,0.8180194356229011,0.6437010884495385,0.4199936951579686,0.02203783369475575
28.7696,-9.6054,fdr<=0.001,PCMCI,LIN,1,0.8171048491539962,0.6453165974245858,0.43268118307117226,0.045432131152073056
28.7696,-9.6054,fdr<=0.001,LASSO,LIN,1,0.8171048491539962,0.6453165974245858,0.43268118307117226,0.045432131152073056
28.7696,-9.6054,fdr<=0.001,PCMCI,KRR,1,0.8200495114011026,0.6401006302261646,0.42638534110701554,0.04110055113553502
28.7696,-9.6054,fdr<=0.001,LASSO,KRR,1,0.8200495114011026,0.6401006302261646,0.42638534110701554,0.04110055113553502
28.7696,-9.6054,fdr<=0.0001,PCMCI,LIN,1,0.8171048491539962,0.6453165974245858,0.43268118307117226,0.045432131152073056
28.7696,-9.6054,fdr<=0.0001,LASSO,LIN,1,0.8171048491539962,0.6453165974245858,0.43268118307117226,0.045432131152073056
28.7696,-9.6054,fdr<=0.0001,PCMCI,KRR,1,0.8200495114011026,0.6401006302261646,0.42638534110701554,0.04110055113553502
28.7696,-9.6054,fdr<=0.0001,LASSO,KRR,1,0.8200495114011026,0.6401006302261646,0.42638534110701554,0.04110055113553502
28.7696,-9.6054,|val|>=0.075,PCMCI,LIN,1,0.8171048491539962,0.6453165974245858,0.43268118307117226,0.045432131152073056
28.7696,-9.6054,|val|>=0.075,LASSO,LIN,1,0.8171048491539962,0.6453165974245858,0.43268118307117226,0.045432131152073056
28.7696,-9.6054,|val|>=0.075,PCMCI,KRR,1,0.8200495114011026,0.6401006302261646,0.42638534110701554,0.04110055113553502
28.7696,-9.6054,|val|>=0.075,LASSO,KRR,1,0.8200495114011026,0.6401006302261646,0.42638534110701554,0.04110055113553502
28.7696,-9.6054,|val|>=0.10,PCMCI,LIN,1,0.8171048491539962,0.6453165974245858,0.43268118307117226,0.045432131152073056
28.7696,-9.6054,|val|>=0.10,LASSO,LIN,1,0.8171048491539962,0.6453165974245858,0.43268118307117226,0.045432131152073056
28.7696,-9.6054,|val|>=0.10,PCMCI,KRR,1,0.8200495114011026,0.6401006302261646,0.42638534110701554,0.04110055113553502
28.7696,-9.6054,|val|>=0.10,LASSO,KRR,1,0.8200495114011026,0.6401006302261646,0.42638534110701554,0.04110055113553502
28.7696,-9.6054,|val|>=0.15,PCMCI,LIN,1,0.8171048491539962,0.6453165974245858,0.43268118307117226,0.045432131152073056
28.7696,-9.6054,|val|>=0.15,LASSO,LIN,1,0.8171048491539962,0.6453165974245858,0.43268118307117226,0.045432131152073056
28.7696,-9.6054,|val|>=0.15,PCMCI,KRR,1,0.8200495114011026,0.6401006302261646,0.42638534110701554,0.04110055113553502
28.7696,-9.6054,|val|>=0.15,LASSO,KRR,1,0.8200495114011026,0.6401006302261646,0.42638534110701554,0.04110055113553502
29.2696,-10.1054,-,CLIMATOLOGY,-,0,0.5203598899225761,1.0749252516474779,0.8230351027202436,-0.03392614225347564
29.2696,-10.1054,-,ALL,LIN,56,0.6932149797724154,0.8596815242395571,0.6475647613908261,-0.01701367348150052
29.2696,-10.1054,-,ALL,KRR,56,0.6941793590268281,0.8583292554912921,0.6451404881957857,-0.014182463757907446
29.2696,-10.1054,fdr<=0.01,PCMCI,LIN,8,0.6991249627455358,0.8513606963285929,0.6432790244399449,-0.018867719349373386
29.2696,-10.1054,fdr<=0.01,LASSO,LIN,8,0.7001699552665381,0.8498809467877743,0.6412116157001572,-0.01766631125879843
29.2696,-10.1054,fdr<=0.01,PCMCI,KRR,8,0.7101907997884408,0.8355580014407424,0.6335431215782723,-0.027828168957952516
29.2696,-10.1054,fdr<=0.01,LASSO,KRR,8,0.7102652814705039,0.8354506243035863,0.6310321992847348,-0.024415908553962355
29.2696,-10.1054,fdr<=0.001,PCMCI,LIN,6,0.6982925260482435,0.852537620764615,0.6446073901853051,-0.016324293973890295
29.2696,-10.1054,fdr<=0.001,LASSO,LIN,6,0.6989704520268666,0.8515792712398265,0.6428440206189366,-0.015112951798131914
29.2696,-10.1054,fdr<=0.001,PCMCI,KRR,6,0.7075737785755438,0.8393221308729001,0.6313204045585673,-0.013283987841428488
29.2696,-10.1054,fdr<=0.001,LASSO,KRR,6,0.7135689116845039,0.8306739569945805,0.6309342652284624,-0.024608397160940192
29.2696,-10.1054,fdr<=0.0001,PCMCI,LIN,5,0.6930891465507415,0.8598578128428666,0.648202314909099,-0.008386464520253153
29.2696,-10.1054,fdr<=0.0001,LASSO,LIN,5,0.6993237535423752,0.8510793990879899,0.642640964391825,-0.008737540642173556
29.2696,-10.1054,fdr<=0.0001,PCMCI,KRR,5,0.7044489484900031,0.8437946601407335,0.6342599143136012,-0.006070778572091955
29.2696,-10.1054,fdr<=0.0001,LASSO,KRR,5,0.710297094114206,0.8354047571345178,0.6349743391360726,-0.019483374861370722
29.2696,-10.1054,|val|>=0.075,PCMCI,LIN,6,0.6982925260482435,0.852537620764615,0.6446073901853051,-0.016324293973890295
29.2696,-10.1054,|val|>=0.075,LASSO,LIN,6,0.6989704520268666,0.8515792712398265,0.6428440206189366,-0.015112951798131914
29.2696,-10.1054,|val|>=0.075,PCMCI,KRR,6,0.7075737785755438,0.8393221308729001,0.6313204045585673,-0.013283987841428488
29.2696,-10.1054,|val|>=0.075,LASSO,KRR,6,0.7135689116845039,0.8306739569945805,0.6309342652284624,-0.024608397160940192
29.2696,-10.1054,|val|>=0.10,PCMCI,LIN,2,0.6859393216975562,0.8698158163644694,0.6533605414228477,0.01121295049154968
29.2696,-10.1054,|val|>=0.10,LASSO,LIN,2,0.6744537727749658,0.8855780663840767,0.6663265048267096,0.00745005781432062
29.2696,-10.1054,|val|>=0.10,PCMCI,KRR,2,0.7021832293345208,0.847022785509073,0.6353536062648779,0.007090628274514711
29.2696,-10.1054,|val|>=0.10,LASSO,KRR,2,0.6849306644732787,0.8712114745309137,0.6527887894881291,0.0019345771011665541
29.2696,-10.1054,|val|>=0.15,PCMCI,LIN,1,0.6656384852988605,0.8974880201696871,0.675909974725949,0.013489804621186414
29.2696,-10.1054,|val|>=0.15,LASSO,LIN,1,0.6656384852988605,0.8974880201696871,0.675909974725949,0.013489804621186414
29.2696,-10.1054,|val|>=0.15,PCMCI,KRR,1,0.6820552327556673,0.8751779338706857,0.6575214497650602,0.0029600844322163265
29.2696,-10.1054,|val|>=0.15,LASSO,KRR,1,0.6820552327556673,0.8751779338706857,0.6575214497650602,0.0029600844322163265
29.2696,-8.1054,-,CLIMATOLOGY,-,0,0.7776276543791435,0.7832794523684139,0.5643634112003318,-0.022569623054233056
29.2696,-8.1054,-,ALL,LIN,56,0.8384141272228485,0.6676948700729702,0.4494195901370921,0.019393973288710523
29.2696,-8.1054,-,ALL,KRR,56,0.8320799536358867,0.6806559074129853,0.4535403556584381,0.006937820373577265
29.2696,-8.1054,fdr<=0.01,PCMCI,LIN,2,0.8295020605142827,0.6858606911291184,0.45805302622688676,0.0737762161143462
29.2696,-8.1054,fdr<=0.01,LASSO,LIN,2,0.8318690618596669,0.6810831931809034,0.4559210537270552,0.07077693289069048
29.2696,-8.1054,fdr<=0.01,PCMCI,KRR,2,0.8299612832587484,0.6849364125195719,0.45182473240184207,0.06544294201810275
29.2696,-8.1054,fdr<=0.01,LASSO,KRR,2,0.8322042192296939,0.6804040084693294,0.4475675402391014,0.04444328143546747
29.2696,-8.1054,fdr<=0.001,PCMCI,LIN,1,0.8275484327397398,0.6897789203478621,0.462331918138757,0.08314689414903209
29.2696,-8.1054,fdr<=0.001,LASSO,LIN,1,0.8275484327397398,0.6897789203478621,0.462331918138757,0.08314689414903209
29.2696,-8.1054,fdr<=0.001,PCMCI,KRR,1,0.82756274816182,0.6897502900446547,0.4607193553453793,0.07929386313966737
29.2696,-8.1054,fdr<=0.001,LASSO,KRR,1,0.82756274816182,0.6897502900446547,0.4607193553453793,0.07929386313966737
29.2696,-8.1054,fdr<=0.0001,PCMCI,LIN,1,0.8275484327397398,0.6897789203478621,0.462331918138757,0.08314689414903209
29.2696,-8.1054,fdr<=0.0001,LASSO,LIN,1,0.8275484327397398,0.6897789203478621,0.462331918138757,0.08314689414903209
29.2696,-8.1054,fdr<=0.0001,PCMCI,KRR,1,0.82756274816182,0.6897502900446547,0.4607193553453793,0.07929386313966737
29.2696,-8.1054,fdr<=0.0001,LASSO,KRR,1,0.82756274816182,0.6897502900446547,0.4607193553453793,0.07929386313966737
29.2696,-8.1054,|val|>=0.075,PCMCI,LIN,1,0.8275484327397398,0.6897789203478621,0.462331918138757,0.08314689414903209
29.2696,-8.1054,|val|>=0.075,LASSO,LIN,1,0.8275484327397398,0.6897789203478621,0.462331918138757,0.08314689414903209
29.2696,-8.1054,|val|>=0.075,PCMCI,KRR,1,0.82756274816182,0.6897502900446547,0.4607193553453793,0.07929386313966737
29.2696,-8.1054,|val|>=0.075,LASSO,KRR,1,0.82756274816182,0.6897502900446547,0.4607193553453793,0.07929386313966737
29.2696,-8.1054,|val|>=0.10,PCMCI,LIN,1,0.8275484327397398,0.6897789203478621,0.462331918138757,0.08314689414903209
29.2696,-8.1054,|val|>=0.10,LASSO,LIN,1,0.8275484327397398,0.6897789203478621,0.462331918138757,0.08314689414903209
29.2696,-8.1054,|val|>=0.10,PCMCI,KRR,1,0.82756274816182,0.6897502900446547,0.4607193553453793,0.07929386313966737
29.2696,-8.1054,|val|>=0.10,LASSO,KRR,1,0.82756274816182,0.6897502900446547,0.4607193553453793,0.07929386313966737
29.2696,-8.1054,|val|>=0.15,PCMCI,LIN,1,0.8275484327397398,0.6897789203478621,0.462331918138757,0.08314689414903209
29.2696,-8.1054,|val|>=0.15,LASSO,LIN,1,0.8275484327397398,0.6897789203478621,0.462331918138757,0.08314689414903209
29.2696,-8.1054,|val|>=0.15,PCMCI,KRR,1,0.82756274816182,0.6897502900446547,0.4607193553453793,0.07929386313966737
29.2696,-8.1054,|val|>=0.15,LASSO,KRR,1,0.82756274816182,0.6897502900446547,0.4607193553453793,0.07929386313966737
29.2696,-8.6054,-,CLIMATOLOGY,-,0,0.7776276543791435,0.7832794523684139,0.5643634112003318,-0.022569623054233056
29.2696,-8.6054,-,ALL,LIN,56,0.8425960395800134,0.6589981160975472,0.4446306867953922,0.017610489950031897
29.2696,-8.6054,-,ALL,KRR,56,0.8349996439856409,0.6747125463881488,0.44865761786596986,0.01052877635501425
29.2696,-8.6054,fdr<=0.01,PCMCI,LIN,5,0.8389406347822677,0.6666061819793505,0.4453040233597878,0.03622857344981563
29.2696,-8.6054,fdr<=0.01,LASSO,LIN,5,0.8371134513638796,0.6703767689882684,0.44594649814289694,0.0459329185158568
29.2696,-8.6054,fdr<=0.01,PCMCI,KRR,5,0.8326642991135862,0.6794705670204781,0.44931882582444754,0.024094045975307798
29.2696,-8.6054,fdr<=0.01,LASSO,KRR,5,0.8342017961512667,0.6763418421536875,0.4432190062809022,0.03457220232263653
29.2696,-8.6054,fdr<=0.001,PCMCI,LIN,4,0.837120728964304,0.6703617929549656,0.4459366545414931,0.045910948908956854
29.2696,-8.6054,fdr<=0.001,LASSO,LIN,4,0.8367431042744448,0.6711384375438035,0.4467279072701787,0.04371871027934033
29.2696,-8.6054,fdr<=0.001,PCMCI,KRR,4,0.8321825154484057,0.6804480109532564,0.44695417727166864,0.04322494841370301
29.2696,-8.6054,fdr<=0.001,LASSO,KRR,4,0.8351179824513344,0.6744705506412191,0.44421215812023057,0.03269314289128188
29.2696,-8.6054,fdr<=0.0001,PCMCI,LIN,3,0.8352633402383279,0.67417318296823,0.44872254352146224,0.04786140613260905
29.2696,-8.6054,fdr<=0.0001,LASSO,LIN,3,0.8318613579799995,0.6810987968613386,0.4560072647767946,0.06596175880508397
29.2696,-8.6054,fdr<=0.0001,PCMCI,KRR,3,0.8334533591985391,0.6778666754670881,0.44842468613969916,0.04292173478633953
29.2696,-8.6054,fdr<=0.0001,LASSO,KRR,3,0.8315633979228443,0.6817020205031725,0.45029682151230144,0.04305826631870164
29.2696,-8.6054,|val|>=0.075,PCMCI,LIN,3,0.8352633402383279,0.67417318296823,0.44872254352146224,0.04786140613260905
29.2696,-8.6054,|val|>=0.075,LASSO,LIN,3,0.8318613579799995,0.6810987968613386,0.4560072647767946,0.06596175880508397
29.2696,-8.6054,|val|>=0.075,PCMCI,KRR,3,0.8334533591985391,0.6778666754670881,0.44842468613969916,0.04292173478633953
29.2696,-8.6054,|val|>=0.075,LASSO,KRR,3,0.8315633979228443,0.6817020205031725,0.45029682151230144,0.04305826631870164
29.2696,-8.6054,|val|>=0.10,PCMCI,LIN,2,0.8316908272009067,0.6814441037812871,0.4535869647875397,0.06822470781355121
29.2696,-8.6054,|val|>=0.10,LASSO,LIN,2,0.8318690618596669,0.6810831931809034,0.4559210537270552,0.07077693289069048
29.2696,-8.6054,|val|>=0.10,PCMCI,KRR,2,0.8328069371422392,0.6791809127388276,0.4484798232984564,0.05486032332629972
29.2696,-8.6054,|val|>=0.10,LASSO,KRR,2,0.8322042192296939,0.6804040084693294,0.4475675402391014,0.04444328143546747
29.2696,-8.6054,|val|>=0.15,PCMCI,LIN,1,0.8275484327397398,0.6897789203478621,0.462331918138757,0.08314689414903209
29.2696,-8.6054,|val|>=0.15,LASSO,LIN,1,0.8275484327397398,0.6897789203478621,0.462331918138757,0.08314689414903209
29.2696,-8.6054,|val|>=0.15,PCMCI,KRR,1,0.82756274816182,0.6897502900446547,0.4607193553453793,0.07929386313966737
29.2696,-8.6054,|val|>=0.15,LASSO,KRR,1,0.82756274816182,0.6897502900446547,0.4607193553453793,0.07929386313966737
29.2696,-9.1054,-,CLIMATOLOGY,-,0,0.7322498898559697,0.7997490817169445,0.57943518958466,-0.0036534047798025917
29.2696,-9.1054,-,ALL,LIN,56,0.800600435629122,0.6901619682787237,0.4798251123670286,0.019653532466488852
29.2696,-9.1054,-,ALL,KRR,56,0.7984751991676929,0.6938301553996076,0.48237449412996514,0.015573069894987579
29.2696,-9.1054,fdr<=0.01,PCMCI,LIN,6,0.7998935540633502,0.6913842155901597,0.480486628572196,0.023556717358070446
29.2696,-9.1054,fdr<=0.01,LASSO,LIN,6,0.8027952290188255,0.6863531478255497,0.47626242151846343,0.026346892579334733
29.2696,-9.1054,fdr<=0.01,PCMCI,KRR,6,0.7933739747374934,0.702556784034054,0.49134991346446877,0.011038545987472191
29.2696,-9.1054,fdr<=0.01,LASSO,KRR,6,0.7966724794109643,0.69692654001513,0.48199589107119944,0.016786309756856497
29.2696,-9.1054,fdr<=0.001,PCMCI,LIN,4,0.7978372804446574,0.6949274335864355,0.48415743516214466,0.02967437177446388
29.2696,-9.1054,fdr<=0.001,LASSO,LIN,4,0.7892752939927481,0.7094906055973366,0.4955094535329091,0.055107759789658824
29.2696,-9.1054,fdr<=0.001,PCMCI,KRR,4,0.7937632673995136,0.701894647830557,0.49072907056664555,0.022426375551094006
29.2696,-9.1054,fdr<=0.001,LASSO,KRR,4,0.7909532894252861,0.706660131834426,0.4905252899952333,0.032187681745207905
29.2696,-9.1054,fdr<=0.0001,PCMCI,LIN,4,0.7978372804446574,0.6949274335864355,0.48415743516214466,0.02967437177446388
29.2696,-9.1054,fdr<=0.0001,LASSO,LIN,4,0.7892752939927481,0.7094906055973366,0.4955094535329091,0.055107759789658824
29.2696,-9.1054,fdr<=0.0001,PCMCI,KRR,4,0.7937632673995136,0.701894647830557,0.49072907056664555,0.022426375551094006
29.2696,-9.1054,fdr<=0.0001,LASSO,KRR,4,0.7909532894252861,0.706660131834426,0.4905252899952333,0.032187681745207905
29.2696,-9.1054,|val|>=0.075,PCMCI,LIN,4,0.7978372804446574,0.6949274335864355,0.48415743516214466,0.02967437177446388
29.2696,-9.1054,|val|>=0.075,LASSO,LIN,4,0.7892752939927481,0.7094906055973366,0.4955094535329091,0.055107759789658824
29.2696,-9.1054,|val|>=0.075,PCMCI,KRR,4,0.7937632673995136,0.701894647830557,0.49072907056664555,0.022426375551094006
29.2696,-9.1054,|val|>=0.075,LASSO,KRR,4,0.7909532894252861,0.706660131834426,0.4905252899952333,0.032187681745207905
29.2696,-9.1054,|val|>=0.10,PCMCI,LIN,3,0.7972230692972633,0.6959822978765993,0.48476275837322574,0.03488613341524429
29.2696,-9.1054,|val|>=0.10,LASSO,LIN,3,0.7899810601934282,0.7083014843230211,0.4962605632164174,0.052698794572120636
29.2696,-9.1054,|val|>=0.10,PCMCI,KRR,3,0.7932880767831547,0.7027028012645541,0.48937622389660024,0.03001991059889606
29.2696,-9.1054,|val|>=0.10,LASSO,KRR,3,0.7961075392010798,0.6978940645230639,0.4876510859827831,0.03201507220946196
29.2696,-9.1054,|val|>=0.15,PCMCI,LIN,1,0.7769069252652353,0.7300153053866204,0.5051084585184347,0.07473095152280979
29.2696,-9.1054,|val|>=0.15,LASSO,LIN,1,0.7769069252652353,0.7300153053866204,0.5051084585184347,0.07473095152280979
29.2696,-9.1054,|val|>=0.15,PCMCI,KRR,1,0.7763703568057855,0.7308926700168751,0.5057406458566958,0.07475178887686865
29.2696,-9.1054,|val|>=0.15,LASSO,KRR,1,0.7763703568057855,0.7308926700168751,0.5057406458566958,0.07475178887686865
29.2696,-9.6054,-,CLIMATOLOGY,-,0,0.7322498898559697,0.7997490817169445,0.57943518958466,-0.0036534047798025917
29.2696,-9.6054,-,ALL,LIN,56,0.800600435629122,0.6901619682787237,0.4798251123670286,0.019653532466488852
29.2696,-9.6054,-,ALL,KRR,56,0.7984751991676929,0.6938301553996076,0.48237449412996514,0.015573069894987579
29.2696,-9.6054,fdr<=0.01,PCMCI,LIN,6,0.7998935540633502,0.6913842155901597,0.480486628572196,0.023556717358070446
29.2696,-9.6054,fdr<=0.01,LASSO,LIN,6,0.8027952290188255,0.6863531478255497,0.47626242151846343,0.026346892579334733
29.2696,-9.6054,fdr<=0.01,PCMCI,KRR,6,0.7933739747374934,0.702556784034054,0.49134991346446877,0.011038545987472191
29.2696,-9.6054,fdr<=0.01,LASSO,KRR,6,0.7966724794109643,0.69692654001513,0.48199589107119944,0.016786309756856497
29.2696,-9.6054,fdr<=0.001,PCMCI,LIN,4,0.7978372804446574,0.6949274335864355,0.48415743516214466,0.02967437177446388
29.2696,-9.6054,fdr<=0.001,LASSO,LIN,4,0.7892752939927481,0.7094906055973366,0.4955094535329091,0.055107759789658824
29.2696,-9.6054,fdr<=0.001,PCMCI,KRR,4,0.7937632673995136,0.701894647830557,0.49072907056664555,0.022426375551094006
29.2696,-9.6054,fdr<=0.001,LASSO,KRR,4,0.7909532894252861,0.706660131834426,0.4905252899952333,0.032187681745207905
29.2696,-9.6054,fdr<=0.0001,PCMCI,LIN,4,0.7978372804446574,0.6949274335864355,0.48415743516214466,0.02967437177446388
29.2696,-9.6054,fdr<=0.0001,LASSO,LIN,4,0.7892752939927481,0.7094906055973366,0.4955094535329091,0.055107759789658824
29.2696,-9.6054,fdr<=0.0001,PCMCI,KRR,4,0.7937632673995136,0.701894647830557,0.49072907056664555,0.022426375551094006
29.2696,-9.6054,fdr<=0.0001,LASSO,KRR,4,0.7909532894252861,0.706660131834426,0.4905252899952333,0.032187681745207905
29.2696,-9.6054,|val|>=0.075,PCMCI,LIN,4,0.7978372804446574,0.6949274335864355,0.48415743516214466,0.02967437177446388
29.2696,-9.6054,|val|>=0.075,LASSO,LIN,4,0.7892752939927481,0.7094906055973366,0.4955094535329091,0.055107759789658824
29.2696,-9.6054,|val|>=0.075,PCMCI,KRR,4,0.7937632673995136,0.701894647830557,0.49072907056664555,0.022426375551094006
29.2696,-9.6054,|val|>=0.075,LASSO,KRR,4,0.7909532894252861,0.706660131834426,0.4905252899952333,0.032187681745207905
29.2696,-9.6054,|val|>=0.10,PCMCI,LIN,3,0.7972230692972633,0.6959822978765993,0.48476275837322574,0.03488613341524429
29.2696,-9.6054,|val|>=0.10,LASSO,LIN,3,0.7899810601934282,0.7083014843230211,0.4962605632164174,0.052698794572120636
29.2696,-9.6054,|val|>=0.10,PCMCI,KRR,3,0.7932880767831547,0.7027028012645541,0.48937622389660024,0.03001991059889606
29.2696,-9.6054,|val|>=0.10,LASSO,KRR,3,0.7961075392010798,0.6978940645230639,0.4876510859827831,0.03201507220946196
29.2696,-9.6054,|val|>=0.15,PCMCI,LIN,1,0.7769069252652353,0.7300153053866204,0.5051084585184347,0.07473095152280979
29.2696,-9.6054,|val|>=0.15,LASSO,LIN,1,0.7769069252652353,0.7300153053866204,0.5051084585184347,0.07473095152280979
29.2696,-9.6054,|val|>=0.15,PCMCI,KRR,1,0.7763703568057855,0.7308926700168751,0.5057406458566958,0.07475178887686865
29.2696,-9.6054,|val|>=0.15,LASSO,KRR,1,0.7763703568057855,0.7308926700168751,0.5057406458566958,0.07475178887686865
29.7696,-5.6054,-,CLIMATOLOGY,-,0,0.7543038213890493,0.8004121150517978,0.4978989457838088,0.01181051183379995
29.7696,-5.6054,-,ALL,LIN,56,0.8091120720177184,0.7055108295443332,0.44000595415457777,0.00528116972065525
29.7696,-5.6054,-,ALL,KRR,56,0.802691547659563,0.7172776482886066,0.44162231201597,0.016207818255956116
29.7696,-5.6054,fdr<=0.01,PCMCI,LIN,4,0.8099539053069681,0.7039534268065107,0.43184058060749025,0.02036271463329101
29.7696,-5.6054,fdr<=0.01,LASSO,LIN,4,0.8085740397527685,0.706504398115374,0.4337835311431558,0.019613339058869295
29.7696,-5.6054,fdr<=0.01,PCMCI,KRR,4,0.8058853059293053,0.7114488119798985,0.42911795123522684,0.028936286096364505
29.7696,-5.6054,fdr<=0.01,LASSO,KRR,4,0.8031534541045051,0.7164375694749048,0.42964725878755117,0.029020469968232383
29.7696,-5.6054,fdr<=0.001,PCMCI,LIN,3,0.8099943708274888,0.7038784782568421,0.4317528501023191,0.020443375944408083
29.7696,-5.6054,fdr<=0.001,LASSO,LIN,3,0.8077026730460148,0.7081105685186244,0.4310525251791561,0.03240086629718486
29.7696,-5.6054,fdr<=0.001,PCMCI,KRR,3,0.8071196694105336,0.7091831747068527,0.4259847774850969,0.029618909341870586
29.7696,-5.6054,fdr<=0.001,LASSO,KRR,3,0.8036197917211475,0.7155884311344822,0.4279486311421076,0.03215574427968886
29.7696,-5.6054,fdr<=0.0001,PCMCI,LIN,2,0.8059038735625008,0.711414785095565,0.4382941078358388,0.03512737380548257
29.7696,-5.6054,fdr<=0.0001,LASSO,LIN,2,0.8092609923793365,0.7052355752931813,0.4284932417272215,0.0334926013648773
29.7696,-5.6054,fdr<=0.0001,PCMCI,KRR,2,0.8019434638706414,0.7186361205933879,0.4381589893841101,0.039767017728698895
29.7696,-5.6054,fdr<=0.0001,LASSO,KRR,2,0.8068345024559023,0.7097072325804399,0.4250383924511269,0.03153958349128036
29.7696,-5.6054,|val|>=0.075,PCMCI,LIN,3,0.8099943708274888,0.7038784782568421,0.4317528501023191,0.020443375944408083
29.7696,-5.6054,|val|>=0.075,LASSO,LIN,3,0.8077026730460148,0.7081105685186244,0.4310525251791561,0.03240086629718486
29.7696,-5.6054,|val|>=0.075,PCMCI,KRR,3,0.8071196694105336,0.7091831747068527,0.4259847774850969,0.029618909341870586
29.7696,-5.6054,|val|>=0.075,LASSO,KRR,3,0.8036197917211475,0.7155884311344822,0.4279486311421076,0.03215574427968886
29.7696,-5.6054,|val|>=0.10,PCMCI,LIN,2,0.8059038735625008,0.711414785095565,0.4382941078358388,0.03512737380548257
29.7696,-5.6054,|val|>=0.10,LASSO,LIN,2,0.8092609923793365,0.7052355752931813,0.4284932417272215,0.0334926013648773
29.7696,-5.6054,|val|>=0.10,PCMCI,KRR,2,0.8019434638706414,0.7186361205933879,0.4381589893841101,0.039767017728698895
29.7696,-5.6054,|val|>=0.10,LASSO,KRR,2,0.8068345024559023,0.7097072325804399,0.4250383924511269,0.03153958349128036
29.7696,-5.6054,|val|>=0.15,PCMCI,LIN,1,0.8051282324318857,0.7128348350545429,0.4360069542626452,0.04674407873830646
29.7696,-5.6054,|val|>=0.15,LASSO,LIN,1,0.8051282324318857,0.7128348350545429,0.4360069542626452,0.04674407873830646
29.7696,-5.6054,|val|>=0.15,PCMCI,KRR,1,0.8015444309167115,0.7193596897526641,0.43839830911583044,0.04583179989666616
29.7696,-5.6054,|val|>=0.15,LASSO,KRR,1,0.8015444309167115,0.7193596897526641,0.43839830911583044,0.04583179989666616
29.7696,-6.1054,-,CLIMATOLOGY,-,0,0.7437290098165537,0.8084397857885486,0.5255194787783677,-0.0016940712207341878
29.7696,-6.1054,-,ALL,LIN,56,0.8082832845623862,0.6992427059776789,0.4431937741083317,0.013037019893227133
29.7696,-6.1054,-,ALL,KRR,56,0.7989624448788463,0.7160387930925128,0.44872558983429695,0.019497437819676038
29.7696,-6.1054,fdr<=0.01,PCMCI,LIN,3,0.8093355519483653,0.6973211137518401,0.4377198454670774,0.026694771841423735
29.7696,-6.1054,fdr<=0.01,LASSO,LIN,3,0.8093355519483653,0.6973211137518401,0.4377198454670774,0.026694771841423735
29.7696,-6.1054,fdr<=0.01,PCMCI,KRR,3,0.8052407406420359,0.7047693555368613,0.43475465677695,0.02795354770618257
29.7696,-6.1054,fdr<=0.01,LASSO,KRR,3,0.8052407406420359,0.7047693555368613,0.43475465677695,0.02795354770618257
29.7696,-6.1054,fdr<=0.001,PCMCI,LIN,3,0.8093355519483653,0.6973211137518401,0.4377198454670774,0.026694771841423735
29.7696,-6.1054,fdr<=0.001,LASSO,LIN,3,0.8093355519483653,0.6973211137518401,0.4377198454670774,0.026694771841423735
29.7696,-6.1054,fdr<=0.001,PCMCI,KRR,3,0.8052407406420359,0.7047693555368613,0.43475465677695,0.02795354770618257
29.7696,-6.1054,fdr<=0.001,LASSO,KRR,3,0.8052407406420359,0.7047693555368613,0.43475465677695,0.02795354770618257
29.7696,-6.1054,fdr<=0.0001,PCMCI,LIN,3,0.8093355519483653,0.6973211137518401,0.4377198454670774,0.026694771841423735
29.7696,-6.1054,fdr<=0.0001,LASSO,LIN,3,0.8093355519483653,0.6973211137518401,0.4377198454670774,0.026694771841423735
29.7696,-6.1054,fdr<=0.0001,PCMCI,KRR,3,0.8052407406420359,0.7047693555368613,0.43475465677695,0.02795354770618257
29.7696,-6.1054,fdr<=0.0001,LASSO,KRR,3,0.8052407406420359,0.7047693555368613,0.43475465677695,0.02795354770618257
29.7696,-6.1054,|val|>=0.075,PCMCI,LIN,3,0.8093355519483653,0.6973211137518401,0.4377198454670774,0.026694771841423735
29.7696,-6.1054,|val|>=0.075,LASSO,LIN,3,0.8093355519483653,0.6973211137518401,0.4377198454670774,0.026694771841423735
29.7696,-6.1054,|val|>=0.075,PCMCI,KRR,3,0.8052407406420359,0.7047693555368613,0.43475465677695,0.02795354770618257
29.7696,-6.1054,|val|>=0.075,LASSO,KRR,3,0.8052407406420359,0.7047693555368613,0.43475465677695,0.02795354770618257
29.7696,-6.1054,|val|>=0.10,PCMCI,LIN,3,0.8093355519483653,0.6973211137518401,0.4377198454670774,0.026694771841423735
29.7696,-6.1054,|val|>=0.10,LASSO,LIN,3,0.8093355519483653,0.6973211137518401,0.4377198454670774,0.026694771841423735
29.7696,-6.1054,|val|>=0.10,PCMCI,KRR,3,0.8052407406420359,0.7047693555368613,0.43475465677695,0.02795354770618257
29.7696,-6.1054,|val|>=0.10,LASSO,KRR,3,0.8052407406420359,0.7047693555368613,0.43475465677695,0.02795354770618257
29.7696,-6.1054,|val|>=0.15,PCMCI,LIN,1,0.8019483211139969,0.7107014786207736,0.44516064212085044,0.06559282223909248
29.7696,-6.1054,|val|>=0.15,LASSO,LIN,1,0.8019483211139969,0.7107014786207736,0.44516064212085044,0.06559282223909248
29.7696,-6.1054,|val|>=0.15,PCMCI,KRR,1,0.7998200779388498,0.7145098377615231,0.4453055463756194,0.0603276776579798
29.7696,-6.1054,|val|>=0.15,LASSO,KRR,1,0.7998200779388498,0.7145098377615231,0.4453055463756194,0.0603276776579798
29.7696,-6.6054,-,CLIMATOLOGY,-,0,0.7437290098165537,0.8084397857885486,0.5255194787783677,-0.0016940712207341878
29.7696,-6.6054,-,ALL,LIN,56,0.8088911641529705,0.6981332752305264,0.4435832551244218,0.011102632883180533
29.7696,-6.6054,-,ALL,KRR,56,0.8000868031074176,0.7140336629283245,0.4474448964436231,0.016179484462174876
29.7696,-6.6054,fdr<=0.01,PCMCI,LIN,3,0.809187711149712,0.6975914120028912,0.4377973531806908,0.027410762173714694
29.7696,-6.6054,fdr<=0.01,LASSO,LIN,3,0.8076184749849868,0.70045402692686,0.437349595756935,0.039832998558705854
29.7696,-6.6054,fdr<=0.01,PCMCI,KRR,3,0.805888684937102,0.7035960307717279,0.433376628810092,0.03137429218091292
29.7696,-6.6054,fdr<=0.01,LASSO,KRR,3,0.8036988179424559,0.7075537095991469,0.4348483673184993,0.030726978412184178
29.7696,-6.6054,fdr<=0.001,PCMCI,LIN,3,0.809187711149712,0.6975914120028912,0.4377973531806908,0.027410762173714694
29.7696,-6.6054,fdr<=0.001,LASSO,LIN,3,0.8076184749849868,0.70045402692686,0.437349595756935,0.039832998558705854
29.7696,-6.6054,fdr<=0.001,PCMCI,KRR,3,0.805888684937102,0.7035960307717279,0.433376628810092,0.03137429218091292
29.7696,-6.6054,fdr<=0.001,LASSO,KRR,3,0.8036988179424559,0.7075537095991469,0.4348483673184993,0.030726978412184178
29.7696,-6.6054,fdr<=0.0001,PCMCI,LIN,3,0.809187711149712,0.6975914120028912,0.4377973531806908,0.027410762173714694
29.7696,-6.6054,fdr<=0.0001,LASSO,LIN,3,0.8076184749849868,0.70045402692686,0.437349595756935,0.039832998558705854
29.7696,-6.6054,fdr<=0.0001,PCMCI,KRR,3,0.805888684937102,0.7035960307717279,0.433376628810092,0.03137429218091292
29.7696,-6.6054,fdr<=0.0001,LASSO,KRR,3,0.8036988179424559,0.7075537095991469,0.4348483673184993,0.030726978412184178
29.7696,-6.6054,|val|>=0.075,PCMCI,LIN,3,0.809187711149712,0.6975914120028912,0.4377973531806908,0.027410762173714694
29.7696,-6.6054,|val|>=0.075,LASSO,LIN,3,0.8076184749849868,0.70045402692686,0.437349595756935,0.039832998558705854
29.7696,-6.6054,|val|>=0.075,PCMCI,KRR,3,0.805888684937102,0.7035960307717279,0.433376628810092,0.03137429218091292
29.7696,-6.6054,|val|>=0.075,LASSO,KRR,3,0.8036988179424559,0.7075537095991469,0.4348483673184993,0.030726978412184178
29.7696,-6.6054,|val|>=0.10,PCMCI,LIN,3,0.809187711149712,0.6975914120028912,0.4377973531806908,0.027410762173714694
29.7696,-6.6054,|val|>=0.10,LASSO,LIN,3,0.8076184749849868,0.70045402692686,0.437349595756935,0.039832998558705854
29.7696,-6.6054,|val|>=0.10,PCMCI,KRR,3,0.805888684937102,0.7035960307717279,0.433376628810092,0.03137429218091292
29.7696,-6.6054,|val|>=0.10,LASSO,KRR,3,0.8036988179424559,0.7075537095991469,0.4348483673184993,0.030726978412184178
29.7696,-6.6054,|val|>=0.15,PCMCI,LIN,1,0.8019483211139969,0.7107014786207736,0.44516064212085044,0.06559282223909248
29.7696,-6.6054,|val|>=0.15,LASSO,LIN,1,0.8019483211139969,0.7107014786207736,0.44516064212085044,0.06559282223909248
29.7696,-6.6054,|val|>=0.15,PCMCI,KRR,1,0.7998200779388498,0.7145098377615231,0.4453055463756194,0.0603276776579798
29.7696,-6.6054,|val|>=0.15,LASSO,KRR,1,0.7998200779388498,0.7145098377615231,0.4453055463756194,0.0603276776579798
29.7696,-7.1054,-,CLIMATOLOGY,-,0,0.770063364938644,0.780696727958792,0.5322807918353076,-0.01641819027780264
29.7696,-7.1054,-,ALL,LIN,56,0.8319706853570514,0.6673763331290309,0.4310610630492414,0.019331772726316095
29.7696,-7.1054,-,ALL,KRR,56,0.8223027923773316,0.6863072315420575,0.44033507494025065,0.013657620689993813
29.7696,-7.1054,fdr<=0.01,PCMCI,LIN,4,0.8312519328563002,0.6688021752280978,0.43014103472049886,0.02865790731717136
29.7696,-7.1054,fdr<=0.01,LASSO,LIN,4,0.8301802369235965,0.6709225496508103,0.4293042312703658,0.04268098186155558
29.7696,-7.1054,fdr<=0.01,PCMCI,KRR,4,0.8249788072977602,0.6811199374264177,0.433815060778319,0.02024462293624467
29.7696,-7.1054,fdr<=0.01,LASSO,KRR,4,0.8232879479807911,0.6844021393510157,0.4315594222626681,0.04618830981683705
29.7696,-7.1054,fdr<=0.001,PCMCI,LIN,3,0.8307728075798492,0.6697509650395524,0.4302169010206167,0.035322751176322977
29.7696,-7.1054,fdr<=0.001,LASSO,LIN,3,0.8292581953645639,0.6727414811827478,0.4298404248636833,0.05240821477390422
29.7696,-7.1054,fdr<=0.001,PCMCI,KRR,3,0.8269023347699294,0.6773667560613069,0.42908880978045777,0.036596614444938995
29.7696,-7.1054,fdr<=0.001,LASSO,KRR,3,0.8231607887930366,0.6846483375270257,0.43193237186320543,0.04792741789983114
29.7696,-7.1054,fdr<=0.0001,PCMCI,LIN,3,0.8307728075798492,0.6697509650395524,0.4302169010206167,0.035322751176322977
29.7696,-7.1054,fdr<=0.0001,LASSO,LIN,3,0.8292581953645639,0.6727414811827478,0.4298404248636833,0.05240821477390422
29.7696,-7.1054,fdr<=0.0001,PCMCI,KRR,3,0.8269023347699294,0.6773667560613069,0.42908880978045777,0.036596614444938995
29.7696,-7.1054,fdr<=0.0001,LASSO,KRR,3,0.8231607887930366,0.6846483375270257,0.43193237186320543,0.04792741789983114
29.7696,-7.1054,|val|>=0.075,PCMCI,LIN,3,0.8307728075798492,0.6697509650395524,0.4302169010206167,0.035322751176322977
29.7696,-7.1054,|val|>=0.075,LASSO,LIN,3,0.8292581953645639,0.6727414811827478,0.4298404248636833,0.05240821477390422
29.7696,-7.1054,|val|>=0.075,PCMCI,KRR,3,0.8269023347699294,0.6773667560613069,0.42908880978045777,0.036596614444938995
29.7696,-7.1054,|val|>=0.075,LASSO,KRR,3,0.8231607887930366,0.6846483375270257,0.43193237186320543,0.04792741789983114
29.7696,-7.1054,|val|>=0.10,PCMCI,LIN,1,0.8245855047909125,0.6818848043750467,0.43904469952003944,0.0650984253789969
29.7696,-7.1054,|val|>=0.10,LASSO,LIN,1,0.8245855047909125,0.6818848043750467,0.43904469952003944,0.0650984253789969
29.7696,-7.1054,|val|>=0.10,PCMCI,KRR,1,0.8234864527681284,0.6840176288609774,0.4384632294094026,0.06685285034489258
29.7696,-7.1054,|val|>=0.10,LASSO,KRR,1,0.8234864527681284,0.6840176288609774,0.4384632294094026,0.06685285034489258
29.7696,-7.1054,|val|>=0.15,PCMCI,LIN,1,0.8245855047909125,0.6818848043750467,0.43904469952003944,0.0650984253789969
29.7696,-7.1054,|val|>=0.15,LASSO,LIN,1,0.8245855047909125,0.6818848043750467,0.43904469952003944,0.0650984253789969
29.7696,-7.1054,|val|>=0.15,PCMCI,KRR,1,0.8234864527681284,0.6840176288609774,0.4384632294094026,0.06685285034489258
29.7696,-7.1054,|val|>=0.15,LASSO,KRR,1,0.8234864527681284,0.6840176288609774,0.4384632294094026,0.06685285034489258
29.7696,-7.6054,-,CLIMATOLOGY,-,0,0.770063364938644,0.780696727958792,0.5322807918353076,-0.01641819027780264
29.7696,-7.6054,-,ALL,LIN,56,0.833540153903548,0.6642522249573463,0.4295875014843736,0.01595824198302155
29.7696,-7.6054,-,ALL,KRR,56,0.823050766547188,0.68486128474205,0.4385184723230752,0.011210607482306352
29.7696,-7.6054,fdr<=0.01,PCMCI,LIN,4,0.8310856507620379,0.6691316084641218,0.43024664767163345,0.030231161905080184
29.7696,-7.6054,fdr<=0.01,LASSO,LIN,4,0.829538004825988,0.6721900151364758,0.4293218653440246,0.050195643434359706
29.7696,-7.6054,fdr<=0.01,PCMCI,KRR,4,0.824858520828907,0.6813539532013807,0.4329053863302668,0.022853507806016138
29.7696,-7.6054,fdr<=0.01,LASSO,KRR,4,0.8224860403147449,0.6859532675539741,0.43360999387324006,0.047522950267230066
29.7696,-7.6054,fdr<=0.001,PCMCI,LIN,3,0.8306265878496666,0.6700402496958827,0.43027718576042556,0.036627316546981294
29.7696,-7.6054,fdr<=0.001,LASSO,LIN,3,0.8292581953645639,0.6727414811827478,0.4298404248636833,0.05240821477390422
29.7696,-7.6054,fdr<=0.001,PCMCI,KRR,3,0.8265802179809218,0.677996717738418,0.4287596260953961,0.038063503434112154
29.7696,-7.6054,fdr<=0.001,LASSO,KRR,3,0.8231607887930366,0.6846483375270257,0.43193237186320543,0.04792741789983114
29.7696,-7.6054,fdr<=0.0001,PCMCI,LIN,3,0.8306265878496666,0.6700402496958827,0.43027718576042556,0.036627316546981294
29.7696,-7.6054,fdr<=0.0001,LASSO,LIN,3,0.8292581953645639,0.6727414811827478,0.4298404248636833,0.05240821477390422
29.7696,-7.6054,fdr<=0.0001,PCMCI,KRR,3,0.8265802179809218,0.677996717738418,0.4287596260953961,0.038063503434112154
29.7696,-7.6054,fdr<=0.0001,LASSO,KRR,3,0.8231607887930366,0.6846483375270257,0.43193237186320543,0.04792741789983114
29.7696,-7.6054,|val|>=0.075,PCMCI,LIN,3,0.8306265878496666,0.6700402496958827,0.43027718576042556,0.036627316546981294
29.7696,-7.6054,|val|>=0.075,LASSO,LIN,3,0.8292581953645639,0.6727414811827478,0.4298404248636833,0.05240821477390422
29.7696,-7.6054,|val|>=0.075,PCMCI,KRR,3,0.8265802179809218,0.677996717738418,0.4287596260953961,0.038063503434112154
29.7696,-7.6054,|val|>=0.075,LASSO,KRR,3,0.8231607887930366,0.6846483375270257,0.43193237186320543,0.04792741789983114
29.7696,-7.6054,|val|>=0.10,PCMCI,LIN,1,0.8245855047909125,0.6818848043750467,0.43904469952003944,0.0650984253789969
29.7696,-7.6054,|val|>=0.10,LASSO,LIN,1,0.8245855047909125,0.6818848043750467,0.43904469952003944,0.0650984253789969
29.7696,-7.6054,|val|>=0.10,PCMCI,KRR,1,0.8234864527681284,0.6840176288609774,0.4384632294094026,0.06685285034489258
29.7696,-7.6054,|val|>=0.10,LASSO,KRR,1,0.8234864527681284,0.6840176288609774,0.4384632294094026,0.06685285034489258
29.7696,-7.6054,|val|>=0.15,PCMCI,LIN,1,0.8245855047909125,0.6818848043750467,0.43904469952003944,0.0650984253789969
29.7696,-7.6054,|val|>=0.15,LASSO,LIN,1,0.8245855047909125,0.6818848043750467,0.43904469952003944,0.0650984253789969
29.7696,-7.6054,|val|>=0.15,PCMCI,KRR,1,0.8234864527681284,0.6840176288609774,0.4384632294094026,0.06685285034489258
29.7696,-7.6054,|val|>=0.15,LASSO,KRR,1,0.8234864527681284,0.6840176288609774,0.4384632294094026,0.06685285034489258
29.7696,-8.1054,-,CLIMATOLOGY,-,0,0.7776276543791435,0.7832794523684139,0.5643634112003318,-0.022569623054233056
29.7696,-8.1054,-,ALL,LIN,56,0.8400601291941636,0.6642854128520183,0.44570672036221254,0.016055834679671956
29.7696,-8.1054,-,ALL,KRR,56,0.8348770417739999,0.6749631697557891,0.4491615029889101,0.00896183575007678
29.7696,-8.1054,fdr<=0.01,PCMCI,LIN,3,0.834490141696835,0.6757534611629091,0.45148906749260836,0.051215598830344704
29.7696,-8.1054,fdr<=0.01,LASSO,LIN,3,0.8329155415539427,0.6789602874790479,0.4543137582159212,0.0653557594733993
29.7696,-8.1054,fdr<=0.01,PCMCI,KRR,3,0.8313909399240225,0.6820509199918895,0.45038407292230886,0.04297232138347977
29.7696,-8.1054,fdr<=0.01,LASSO,KRR,3,0.830802424662185,0.6832402028361008,0.44970926883193957,0.04308706176526684
29.7696,-8.1054,fdr<=0.001,PCMCI,LIN,3,0.834490141696835,0.6757534611629091,0.45148906749260836,0.051215598830344704
29.7696,-8.1054,fdr<=0.001,LASSO,LIN,3,0.8329155415539427,0.6789602874790479,0.4543137582159212,0.0653557594733993
29.7696,-8.1054,fdr<=0.001,PCMCI,KRR,3,0.8313909399240225,0.6820509199918895,0.45038407292230886,0.04297232138347977
29.7696,-8.1054,fdr<=0.001,LASSO,KRR,3,0.830802424662185,0.6832402028361008,0.44970926883193957,0.04308706176526684
29.7696,-8.1054,fdr<=0.0001,PCMCI,LIN,3,0.834490141696835,0.6757534611629091,0.45148906749260836,0.051215598830344704
29.7696,-8.1054,fdr<=0.0001,LASSO,LIN,3,0.8329155415539427,0.6789602874790479,0.4543137582159212,0.0653557594733993
29.7696,-8.1054,fdr<=0.0001,PCMCI,KRR,3,0.8313909399240225,0.6820509199918895,0.45038407292230886,0.04297232138347977
29.7696,-8.1054,fdr<=0.0001,LASSO,KRR,3,0.830802424662185,0.6832402028361008,0.44970926883193957,0.04308706176526684
29.7696,-8.1054,|val|>=0.075,PCMCI,LIN,3,0.834490141696835,0.6757534611629091,0.45148906749260836,0.051215598830344704
29.7696,-8.1054,|val|>=0.075,LASSO,LIN,3,0.8329155415539427,0.6789602874790479,0.4543137582159212,0.0653557594733993
29.7696,-8.1054,|val|>=0.075,PCMCI,KRR,3,0.8313909399240225,0.6820509199918895,0.45038407292230886,0.04297232138347977
29.7696,-8.1054,|val|>=0.075,LASSO,KRR,3,0.830802424662185,0.6832402028361008,0.44970926883193957,0.04308706176526684
29.7696,-8.1054,|val|>=0.10,PCMCI,LIN,2,0.8300734397592817,0.6847104853181656,0.45752341473594677,0.06980663276679246
29.7696,-8.1054,|val|>=0.10,LASSO,LIN,2,0.8318690618596669,0.6810831931809034,0.4559210537270552,0.07077693289069048
29.7696,-8.1054,|val|>=0.10,PCMCI,KRR,2,0.831141269268105,0.6825557122844451,0.45101032531695,0.05647356889578549
29.7696,-8.1054,|val|>=0.10,LASSO,KRR,2,0.8322042192296939,0.6804040084693294,0.4475675402391014,0.04444328143546747
29.7696,-8.1054,|val|>=0.15,PCMCI,LIN,1,0.8275484327397398,0.6897789203478621,0.462331918138757,0.08314689414903209
29.7696,-8.1054,|val|>=0.15,LASSO,LIN,1,0.8275484327397398,0.6897789203478621,0.462331918138757,0.08314689414903209
29.7696,-8.1054,|val|>=0.15,PCMCI,KRR,1,0.82756274816182,0.6897502900446547,0.4607193553453793,0.07929386313966737
29.7696,-8.1054,|val|>=0.15,LASSO,KRR,1,0.82756274816182,0.6897502900446547,0.4607193553453793,0.07929386313966737
29.7696,-8.6054,-,CLIMATOLOGY,-,0,0.7776276543791435,0.7832794523684139,0.5643634112003318,-0.022569623054233056
29.7696,-8.6054,-,ALL,LIN,56,0.8490114224654494,0.6454288770114858,0.4334292330803068,0.016887721648912862
29.7696,-8.6054,-,ALL,KRR,56,0.8410473618471703,0.6622320806391769,0.43917783709711977,0.015002511482812403
29.7696,-8.6054,fdr<=0.01,PCMCI,LIN,3,0.8375854246915732,0.6694048364173059,0.4476818250020757,0.046664586590322805
29.7696,-8.6054,fdr<=0.01,LASSO,LIN,3,0.8379748777387235,0.668601773563128,0.4443478029161853,0.04583652311713594
29.7696,-8.6054,fdr<=0.01,PCMCI,KRR,3,0.8380620330871553,0.6684219247280465,0.44467383970096125,0.03727426862734344
29.7696,-8.6054,fdr<=0.01,LASSO,KRR,3,0.8365823898242226,0.671468699589153,0.44122957343188085,0.028589017220246652
29.7696,-8.6054,fdr<=0.001,PCMCI,LIN,3,0.8375854246915732,0.6694048364173059,0.4476818250020757,0.046664586590322805
29.7696,-8.6054,fdr<=0.001,LASSO,LIN,3,0.8379748777387235,0.668601773563128,0.4443478029161853,0.04583652311713594
29.7696,-8.6054,fdr<=0.001,PCMCI,KRR,3,0.8380620330871553,0.6684219247280465,0.44467383970096125,0.03727426862734344
29.7696,-8.6054,fdr<=0.001,LASSO,KRR,3,0.8365823898242226,0.671468699589153,0.44122957343188085,0.028589017220246652
29.7696,-8.6054,fdr<=0.0001,PCMCI,LIN,3,0.8375854246915732,0.6694048364173059,0.4476818250020757,0.046664586590322805
29.7696,-8.6054,fdr<=0.0001,LASSO,LIN,3,0.8379748777387235,0.668601773563128,0.4443478029161853,0.04583652311713594
29.7696,-8.6054,fdr<=0.0001,PCMCI,KRR,3,0.8380620330871553,0.6684219247280465,0.44467383970096125,0.03727426862734344
29.7696,-8.6054,fdr<=0.0001,LASSO,KRR,3,0.8365823898242226,0.671468699589153,0.44122957343188085,0.028589017220246652
29.7696,-8.6054,|val|>=0.075,PCMCI,LIN,3,0.8375854246915732,0.6694048364173059,0.4476818250020757,0.046664586590322805
29.7696,-8.6054,|val|>=0.075,LASSO,LIN,3,0.8379748777387235,0.668601773563128,0.4443478029161853,0.04583652311713594
29.7696,-8.6054,|val|>=0.075,PCMCI,KRR,3,0.8380620330871553,0.6684219247280465,0.44467383970096125,0.03727426862734344
29.7696,-8.6054,|val|>=0.075,LASSO,KRR,3,0.8365823898242226,0.671468699589153,0.44122957343188085,0.028589017220246652
29.7696,-8.6054,|val|>=0.10,PCMCI,LIN,3,0.8375854246915732,0.6694048364173059,0.4476818250020757,0.046664586590322805
29.7696,-8.6054,|val|>=0.10,LASSO,LIN,3,0.8379748777387235,0.668601773563128,0.4443478029161853,0.04583652311713594
29.7696,-8.6054,|val|>=0.10,PCMCI,KRR,3,0.8380620330871553,0.6684219247280465,0.44467383970096125,0.03727426862734344
29.7696,-8.6054,|val|>=0.10,LASSO,KRR,3,0.8365823898242226,0.671468699589153,0.44122957343188085,0.028589017220246652
29.7696,-8.6054,|val|>=0.15,PCMCI,LIN,2,0.8339669584289704,0.6768206602941527,0.4498182290392995,0.059058131539811314
29.7696,-8.6054,|val|>=0.15,LASSO,LIN,2,0.8318690618596669,0.6810831931809034,0.4559210537270552,0.07077693289069048
29.7696,-8.6054,|val|>=0.15,PCMCI,KRR,2,0.8339796740977479,0.6767947425851224,0.44714144424714375,0.04875309272047199
29.7696,-8.6054,|val|>=0.15,LASSO,KRR,2,0.8322042192296939,0.6804040084693294,0.4475675402391014,0.04444328143546747
29.7696,-9.1054,-,CLIMATOLOGY,-,0,0.7322498898559697,0.7997490817169445,0.57943518958466,-0.0036534047798025917
29.7696,-9.1054,-,ALL,LIN,56,0.7989983374256058,0.6929290133034347,0.4809236618442574,0.02253202751627897
29.7696,-9.1054,-,ALL,KRR,56,0.7999762293083436,0.6912413759519814,0.47785295704666814,0.02073805126566769
29.7696,-9.1054,fdr<=0.01,PCMCI,LIN,6,0.7972927497154572,0.6958627070919636,0.48258589983360795,0.03801919448096534
29.7696,-9.1054,fdr<=0.01,LASSO,LIN,6,0.7985028654398718,0.6937825276319336,0.482460603541885,0.026975209091504138
29.7696,-9.1054,fdr<=0.01,PCMCI,KRR,6,0.7929265787972327,0.7033169764905057,0.48741857660866383,0.03269605157691362
29.7696,-9.1054,fdr<=0.01,LASSO,KRR,6,0.8018979767268681,0.6879127780390913,0.47950173558361014,0.013212330473188122
29.7696,-9.1054,fdr<=0.001,PCMCI,LIN,4,0.7960833871884925,0.6979353977019367,0.48666491855114685,0.031039391482791102
29.7696,-9.1054,fdr<=0.001,LASSO,LIN,4,0.7940628538341541,0.7013846646375288,0.49025324361489675,0.04715732885700937
29.7696,-9.1054,fdr<=0.001,PCMCI,KRR,4,0.7927724988659083,0.7035785911385178,0.4924557334336268,0.025917725302284124
29.7696,-9.1054,fdr<=0.001,LASSO,KRR,4,0.7979622550973298,0.6947126023328247,0.48343675569556316,0.027353527533326375
29.7696,-9.1054,fdr<=0.0001,PCMCI,LIN,4,0.7960833871884925,0.6979353977019367,0.48666491855114685,0.031039391482791102
29.7696,-9.1054,fdr<=0.0001,LASSO,LIN,4,0.7940628538341541,0.7013846646375288,0.49025324361489675,0.04715732885700937
29.7696,-9.1054,fdr<=0.0001,PCMCI,KRR,4,0.7927724988659083,0.7035785911385178,0.4924557334336268,0.025917725302284124
29.7696,-9.1054,fdr<=0.0001,LASSO,KRR,4,0.7979622550973298,0.6947126023328247,0.48343675569556316,0.027353527533326375
29.7696,-9.1054,|val|>=0.075,PCMCI,LIN,4,0.7960833871884925,0.6979353977019367,0.48666491855114685,0.031039391482791102
29.7696,-9.1054,|val|>=0.075,LASSO,LIN,4,0.7940628538341541,0.7013846646375288,0.49025324361489675,0.04715732885700937
29.7696,-9.1054,|val|>=0.075,PCMCI,KRR,4,0.7927724988659083,0.7035785911385178,0.4924557334336268,0.025917725302284124
29.7696,-9.1054,|val|>=0.075,LASSO,KRR,4,0.7979622550973298,0.6947126023328247,0.48343675569556316,0.027353527533326375
29.7696,-9.1054,|val|>=0.10,PCMCI,LIN,3,0.7954576274945223,0.6990054559273629,0.4868658756881416,0.036488866155186137
29.7696,-9.1054,|val|>=0.10,LASSO,LIN,3,0.7949689495216183,0.6998399646496796,0.4906247490587021,0.04446993594245213
29.7696,-9.1054,|val|>=0.10,PCMCI,KRR,3,0.7921103780575517,0.704701710654725,0.4917186319373888,0.03323458599837577
29.7696,-9.1054,|val|>=0.10,LASSO,KRR,3,0.8013067119923789,0.688938601800469,0.4821337144500388,0.025957225566143393
29.7696,-9.1054,|val|>=0.15,PCMCI,LIN,1,0.7769069252652353,0.7300153053866204,0.5051084585184347,0.07473095152280979
29.7696,-9.1054,|val|>=0.15,LASSO,LIN,1,0.7769069252652353,0.7300153053866204,0.5051084585184347,0.07473095152280979
29.7696,-9.1054,|val|>=0.15,PCMCI,KRR,1,0.7763703568057855,0.7308926700168751,0.5057406458566958,0.07475178887686865
29.7696,-9.1054,|val|>=0.15,LASSO,KRR,1,0.7763703568057855,0.7308926700168751,0.5057406458566958,0.07475178887686865
29.7696,-9.6054,-,CLIMATOLOGY,-,0,0.7322498898559697,0.7997490817169445,0.57943518958466,-0.0036534047798025917
29.7696,-9.6054,-,ALL,LIN,56,0.7989983374256058,0.6929290133034347,0.4809236618442574,0.02253202751627897
29.7696,-9.6054,-,ALL,KRR,56,0.7999762293083436,0.6912413759519814,0.47785295704666814,0.02073805126566769
29.7696,-9.6054,fdr<=0.01,PCMCI,LIN,6,0.7972927497154572,0.6958627070919636,0.48258589983360795,0.03801919448096534
29.7696,-9.6054,fdr<=0.01,LASSO,LIN,6,0.7985028654398718,0.6937825276319336,0.482460603541885,0.026975209091504138
29.7696,-9.6054,fdr<=0.01,PCMCI,KRR,6,0.7929265787972327,0.7033169764905057,0.48741857660866383,0.03269605157691362
29.7696,-9.6054,fdr<=0.01,LASSO,KRR,6,0.8018979767268681,0.6879127780390913,0.47950173558361014,0.013212330473188122
29.7696,-9.6054,fdr<=0.001,PCMCI,LIN,4,0.7960833871884925,0.6979353977019367,0.48666491855114685,0.031039391482791102
29.7696,-9.6054,fdr<=0.001,LASSO,LIN,4,0.7940628538341541,0.7013846646375288,0.49025324361489675,0.04715732885700937
29.7696,-9.6054,fdr<=0.001,PCMCI,KRR,4,0.7927724988659083,0.7035785911385178,0.4924557334336268,0.025917725302284124
29.7696,-9.6054,fdr<=0.001,LASSO,KRR,4,0.7979622550973298,0.6947126023328247,0.48343675569556316,0.027353527533326375
29.7696,-9.6054,fdr<=0.0001,PCMCI,LIN,4,0.7960833871884925,0.6979353977019367,0.48666491855114685,0.031039391482791102
29.7696,-9.6054,fdr<=0.0001,LASSO,LIN,4,0.7940628538341541,0.7013846646375288,0.49025324361489675,0.04715732885700937
29.7696,-9.6054,fdr<=0.0001,PCMCI,KRR,4,0.7927724988659083,0.7035785911385178,0.4924557334336268,0.025917725302284124
29.7696,-9.6054,fdr<=0.0001,LASSO,KRR,4,0.7979622550973298,0.6947126023328247,0.48343675569556316,0.027353527533326375
29.7696,-9.6054,|val|>=0.075,PCMCI,LIN,4,0.7960833871884925,0.6979353977019367,0.48666491855114685,0.031039391482791102
29.7696,-9.6054,|val|>=0.075,LASSO,LIN,4,0.7940628538341541,0.7013846646375288,0.49025324361489675,0.04715732885700937
29.7696,-9.6054,|val|>=0.075,PCMCI,KRR,4,0.7927724988659083,0.7035785911385178,0.4924557334336268,0.025917725302284124
29.7696,-9.6054,|val|>=0.075,LASSO,KRR,4,0.7979622550973298,0.6947126023328247,0.48343675569556316,0.027353527533326375
29.7696,-9.6054,|val|>=0.10,PCMCI,LIN,3,0.7954576274945223,0.6990054559273629,0.4868658756881416,0.036488866155186137
29.7696,-9.6054,|val|>=0.10,LASSO,LIN,3,0.7949689495216183,0.6998399646496796,0.4906247490587021,0.04446993594245213
29.7696,-9.6054,|val|>=0.10,PCMCI,KRR,3,0.7921103780575517,0.704701710654725,0.4917186319373888,0.03323458599837577
29.7696,-9.6054,|val|>=0.10,LASSO,KRR,3,0.8013067119923789,0.688938601800469,0.4821337144500388,0.025957225566143393
29.7696,-9.6054,|val|>=0.15,PCMCI,LIN,1,0.7769069252652353,0.7300153053866204,0.5051084585184347,0.07473095152280979
29.7696,-9.6054,|val|>=0.15,LASSO,LIN,1,0.7769069252652353,0.7300153053866204,0.5051084585184347,0.07473095152280979
29.7696,-9.6054,|val|>=0.15,PCMCI,KRR,1,0.7763703568057855,0.7308926700168751,0.5057406458566958,0.07475178887686865
29.7696,-9.6054,|val|>=0.15,LASSO,KRR,1,0.7763703568057855,0.7308926700168751,0.5057406458566958,0.07475178887686865
30.2696,-5.1054,-,CLIMATOLOGY,-,0,0.7579323972224632,0.8020022870283469,0.5147620888994116,0.03445708574905847
30.2696,-5.1054,-,ALL,LIN,56,0.8068567560431398,0.716385905498475,0.4571512357978919,0.044822121149475314
30.2696,-5.1054,-,ALL,KRR,56,0.7995017610916457,0.7298986379585396,0.4599648531367913,0.037181516307996286
30.2696,-5.1054,fdr<=0.01,PCMCI,LIN,3,0.8015602192526725,0.7261421409263825,0.45178162238623815,0.09999229221101022
30.2696,-5.1054,fdr<=0.01,LASSO,LIN,3,0.803266690734241,0.7230131908065618,0.44891887796048435,0.08866304281962845
30.2696,-5.1054,fdr<=0.01,PCMCI,KRR,3,0.7998296811431427,0.7293015096608398,0.4495553851485092,0.08971979278810499
30.2696,-5.1054,fdr<=0.01,LASSO,KRR,3,0.8045441343776832,0.7206620058265032,0.44401510639585057,0.058751351578696764
30.2696,-5.1054,fdr<=0.001,PCMCI,LIN,2,0.8021027617305976,0.725148810351668,0.45018334698751516,0.09420475855842836
30.2696,-5.1054,fdr<=0.001,LASSO,LIN,2,0.8041005152990375,0.7214793724914911,0.4468329002403149,0.09091843951830461
30.2696,-5.1054,fdr<=0.001,PCMCI,KRR,2,0.8018720059895865,0.7255714627898922,0.4491459200988596,0.08644807408018466
30.2696,-5.1054,fdr<=0.001,LASSO,KRR,2,0.806647995981297,0.7167729559938493,0.4409674787692559,0.05667677870418389
30.2696,-5.1054,fdr<=0.0001,PCMCI,LIN,2,0.8021027617305976,0.725148810351668,0.45018334698751516,0.09420475855842836
30.2696,-5.1054,fdr<=0.0001,LASSO,LIN,2,0.8041005152990375,0.7214793724914911,0.4468329002403149,0.09091843951830461
30.2696,-5.1054,fdr<=0.0001,PCMCI,KRR,2,0.8018720059895865,0.7255714627898922,0.4491459200988596,0.08644807408018466
30.2696,-5.1054,fdr<=0.0001,LASSO,KRR,2,0.806647995981297,0.7167729559938493,0.4409674787692559,0.05667677870418389
30.2696,-5.1054,|val|>=0.075,PCMCI,LIN,2,0.8021027617305976,0.725148810351668,0.45018334698751516,0.09420475855842836
30.2696,-5.1054,|val|>=0.075,LASSO,LIN,2,0.8041005152990375,0.7214793724914911,0.4468329002403149,0.09091843951830461
30.2696,-5.1054,|val|>=0.075,PCMCI,KRR,2,0.8018720059895865,0.7255714627898922,0.4491459200988596,0.08644807408018466
30.2696,-5.1054,|val|>=0.075,LASSO,KRR,2,0.806647995981297,0.7167729559938493,0.4409674787692559,0.05667677870418389
30.2696,-5.1054,|val|>=0.10,PCMCI,LIN,1,0.8008451825749433,0.7274492159970828,0.4507506748442216,0.10349616167440277
30.2696,-5.1054,|val|>=0.10,LASSO,LIN,1,0.8008451825749433,0.7274492159970828,0.4507506748442216,0.10349616167440277
30.2696,-5.1054,|val|>=0.10,PCMCI,KRR,1,0.8005769721655968,0.7279388948512904,0.44941698090634763,0.09849745294644704
30.2696,-5.1054,|val|>=0.10,LASSO,KRR,1,0.8005769721655968,0.7279388948512904,0.44941698090634763,0.09849745294644704
30.2696,-5.1054,|val|>=0.15,PCMCI,LIN,1,0.8008451825749433,0.7274492159970828,0.4507506748442216,0.10349616167440277
30.2696,-5.1054,|val|>=0.15,LASSO,LIN,1,0.8008451825749433,0.7274492159970828,0.4507506748442216,0.10349616167440277
30.2696,-5.1054,|val|>=0.15,PCMCI,KRR,1,0.8005769721655968,0.7279388948512904,0.44941698090634763,0.09849745294644704
30.2696,-5.1054,|val|>=0.15,LASSO,KRR,1,0.8005769721655968,0.7279388948512904,0.44941698090634763,0.09849745294644704
30.2696,-5.6054,-,CLIMATOLOGY,-,0,0.7579323972224632,0.8020022870283469,0.5147620888994116,0.03445708574905847
30.2696,-5.6054,-,ALL,LIN,56,0.8066198308750613,0.7168251593610316,0.4576870999309549,0.040446349400517716
30.2696,-5.6054,-,ALL,KRR,56,0.7988331993716775,0.7311145493147321,0.45889281173416824,0.03618293512473897
30.2696,-5.6054,fdr<=0.01,PCMCI,LIN,2,0.8018686647458007,0.7255775808070165,0.45008663397229665,0.09574496953802102
30.2696,-5.6054,fdr<=0.01,LASSO,LIN,2,0.8041005152990375,0.7214793724914911,0.4468329002403149,0.09091843951830461
30.2696,-5.6054,fdr<=0.01,PCMCI,KRR,2,0.8028140159981969,0.7238445237235316,0.45411674995885726,0.08554395722155056
30.2696,-5.6054,fdr<=0.01,LASSO,KRR,2,0.806647995981297,0.7167729559938493,0.4409674787692559,0.05667677870418389
30.2696,-5.6054,fdr<=0.001,PCMCI,LIN,2,0.8018686647458007,0.7255775808070165,0.45008663397229665,0.09574496953802102
30.2696,-5.6054,fdr<=0.001,LASSO,LIN,2,0.8041005152990375,0.7214793724914911,0.4468329002403149,0.09091843951830461
30.2696,-5.6054,fdr<=0.001,PCMCI,KRR,2,0.8028140159981969,0.7238445237235316,0.45411674995885726,0.08554395722155056
30.2696,-5.6054,fdr<=0.001,LASSO,KRR,2,0.806647995981297,0.7167729559938493,0.4409674787692559,0.05667677870418389
30.2696,-5.6054,fdr<=0.0001,PCMCI,LIN,2,0.8018686647458007,0.7255775808070165,0.45008663397229665,0.09574496953802102
30.2696,-5.6054,fdr<=0.0001,LASSO,LIN,2,0.8041005152990375,0.7214793724914911,0.4468329002403149,0.09091843951830461
30.2696,-5.6054,fdr<=0.0001,PCMCI,KRR,2,0.8028140159981969,0.7238445237235316,0.45411674995885726,0.08554395722155056
30.2696,-5.6054,fdr<=0.0001,LASSO,KRR,2,0.806647995981297,0.7167729559938493,0.4409674787692559,0.05667677870418389
30.2696,-5.6054,|val|>=0.075,PCMCI,LIN,2,0.8018686647458007,0.7255775808070165,0.45008663397229665,0.09574496953802102
30.2696,-5.6054,|val|>=0.075,LASSO,LIN,2,0.8041005152990375,0.7214793724914911,0.4468329002403149,0.09091843951830461
30.2696,-5.6054,|val|>=0.075,PCMCI,KRR,2,0.8028140159981969,0.7238445237235316,0.45411674995885726,0.08554395722155056
30.2696,-5.6054,|val|>=0.075,LASSO,KRR,2,0.806647995981297,0.7167729559938493,0.4409674787692559,0.05667677870418389
30.2696,-5.6054,|val|>=0.10,PCMCI,LIN,1,0.8008451825749433,0.7274492159970828,0.4507506748442216,0.10349616167440277
30.2696,-5.6054,|val|>=0.10,LASSO,LIN,1,0.8008451825749433,0.7274492159970828,0.4507506748442216,0.10349616167440277
30.2696,-5.6054,|val|>=0.10,PCMCI,KRR,1,0.8005769721655968,0.7279388948512904,0.44941698090634763,0.09849745294644704
30.2696,-5.6054,|val|>=0.10,LASSO,KRR,1,0.8005769721655968,0.7279388948512904,0.44941698090634763,0.09849745294644704
30.2696,-5.6054,|val|>=0.15,PCMCI,LIN,1,0.8008451825749433,0.7274492159970828,0.4507506748442216,0.10349616167440277
30.2696,-5.6054,|val|>=0.15,LASSO,LIN,1,0.8008451825749433,0.7274492159970828,0.4507506748442216,0.10349616167440277
30.2696,-5.6054,|val|>=0.15,PCMCI,KRR,1,0.8005769721655968,0.7279388948512904,0.44941698090634763,0.09849745294644704
30.2696,-5.6054,|val|>=0.15,LASSO,KRR,1,0.8005769721655968,0.7279388948512904,0.44941698090634763,0.09849745294644704
30.2696,-6.1054,-,CLIMATOLOGY,-,0,0.7427966507894636,0.8368824269886631,0.5829403709985602,-0.00015519069068719275
30.2696,-6.1054,-,ALL,LIN,56,0.8089450120457596,0.721282389927769,0.4838214277358024,0.019429567539383602
30.2696,-6.1054,-,ALL,KRR,56,0.7972661797345695,0.7430007307519251,0.4939909756258888,0.010747831956835617
30.2696,-6.1054,fdr<=0.01,PCMCI,LIN,3,0.8039042354108639,0.730735565939012,0.48397124751791715,0.057206804270058656
30.2696,-6.1054,fdr<=0.01,LASSO,LIN,3,0.8041850145192617,0.7302122278173718,0.48225728264636814,0.06799964148769413
30.2696,-6.1054,fdr<=0.01,PCMCI,KRR,3,0.8018136264487112,0.7346204845391483,0.4869613485477719,0.049026282815863555
30.2696,-6.1054,fdr<=0.01,LASSO,KRR,3,0.8058296511578875,0.727139260581299,0.4811310698749981,0.03434858402576602
30.2696,-6.1054,fdr<=0.001,PCMCI,LIN,2,0.8013598270065276,0.7354610563294275,0.4835678566839533,0.08020786539712983
30.2696,-6.1054,fdr<=0.001,LASSO,LIN,2,0.8037726938111543,0.7309806146048126,0.4809848720240916,0.07548816598000245
30.2696,-6.1054,fdr<=0.001,PCMCI,KRR,2,0.7999946554492716,0.7379839884523817,0.48272060542615836,0.07039902079880589
30.2696,-6.1054,fdr<=0.001,LASSO,KRR,2,0.8046993206946256,0.729252649627008,0.4807739020972466,0.0322615583988346
30.2696,-6.1054,fdr<=0.0001,PCMCI,LIN,2,0.8013598270065276,0.7354610563294275,0.4835678566839533,0.08020786539712983
30.2696,-6.1054,fdr<=0.0001,LASSO,LIN,2,0.8037726938111543,0.7309806146048126,0.4809848720240916,0.07548816598000245
30.2696,-6.1054,fdr<=0.0001,PCMCI,KRR,2,0.7999946554492716,0.7379839884523817,0.48272060542615836,0.07039902079880589
30.2696,-6.1054,fdr<=0.0001,LASSO,KRR,2,0.8046993206946256,0.729252649627008,0.4807739020972466,0.0322615583988346
30.2696,-6.1054,|val|>=0.075,PCMCI,LIN,2,0.8013598270065276,0.7354610563294275,0.4835678566839533,0.08020786539712983
30.2696,-6.1054,|val|>=0.075,LASSO,LIN,2,0.8037726938111543,0.7309806146048126,0.4809848720240916,0.07548816598000245
30.2696,-6.1054,|val|>=0.075,PCMCI,KRR,2,0.7999946554492716,0.7379839884523817,0.48272060542615836,0.07039902079880589
30.2696,-6.1054,|val|>=0.075,LASSO,KRR,2,0.8046993206946256,0.729252649627008,0.4807739020972466,0.0322615583988346
30.2696,-6.1054,|val|>=0.10,PCMCI,LIN,2,0.8013598270065276,0.7354610563294275,0.4835678566839533,0.08020786539712983
30.2696,-6.1054,|val|>=0.10,LASSO,LIN,2,0.8037726938111543,0.7309806146048126,0.4809848720240916,0.07548816598000245
30.2696,-6.1054,|val|>=0.10,PCMCI,KRR,2,0.7999946554492716,0.7379839884523817,0.48272060542615836,0.07039902079880589
30.2696,-6.1054,|val|>=0.10,LASSO,KRR,2,0.8046993206946256,0.729252649627008,0.4807739020972466,0.0322615583988346
30.2696,-6.1054,|val|>=0.15,PCMCI,LIN,1,0.8003221541667535,0.7373795350321625,0.484857494633055,0.09065808213660478
30.2696,-6.1054,|val|>=0.15,LASSO,LIN,1,0.8003221541667535,0.7373795350321625,0.484857494633055,0.09065808213660478
30.2696,-6.1054,|val|>=0.15,PCMCI,KRR,1,0.7983162920622635,0.7410739500911038,0.4857770283369938,0.08675845470768417
30.2696,-6.1054,|val|>=0.15,LASSO,KRR,1,0.7983162920622635,0.7410739500911038,0.4857770283369938,0.08675845470768417
30.2696,-6.6054,-,CLIMATOLOGY,-,0,0.7427966507894636,0.8368824269886631,0.5829403709985602,-0.00015519069068719275
30.2696,-6.6054,-,ALL,LIN,56,0.809133943912828,0.7209256681890195,0.48138667710853483,0.019785310341718876
30.2696,-6.6054,-,ALL,KRR,56,0.7993957408681558,0.7390881064030501,0.49132056747342495,0.012015430041052986
30.2696,-6.6054,fdr<=0.01,PCMCI,LIN,4,0.8042153297162835,0.7301557015399385,0.48267453097747554,0.053721633357466186
30.2696,-6.6054,fdr<=0.01,LASSO,LIN,4,0.8037615903441366,0.731001295478666,0.48191616211698846,0.07040037849889207
30.2696,-6.6054,fdr<=0.01,PCMCI,KRR,4,0.804527373596249,0.7295736041930656,0.4819245289706364,0.04934187642702064
30.2696,-6.6054,fdr<=0.01,LASSO,KRR,4,0.8068144943885787,0.7252928701792927,0.48048454517892475,0.038802534791440406
30.2696,-6.6054,fdr<=0.001,PCMCI,LIN,3,0.8042218728645897,0.7301435004903062,0.482552466628108,0.05470126631370433
30.2696,-6.6054,fdr<=0.001,LASSO,LIN,3,0.8044828351404496,0.7296567161652802,0.4808645429230468,0.06617154509632883
30.2696,-6.6054,fdr<=0.001,PCMCI,KRR,3,0.80488037246879,0.7289145476281339,0.4833307971752441,0.04446193721407813
30.2696,-6.6054,fdr<=0.001,LASSO,KRR,3,0.8067331800818696,0.7254454967492934,0.48058473311495986,0.030633313568760766
30.2696,-6.6054,fdr<=0.0001,PCMCI,LIN,2,0.8014279296182196,0.7353349712789878,0.48341884404627494,0.0789889438796251
30.2696,-6.6054,fdr<=0.0001,LASSO,LIN,2,0.8037726938111543,0.7309806146048126,0.4809848720240916,0.07548816598000245
30.2696,-6.6054,fdr<=0.0001,PCMCI,KRR,2,0.8013923904268581,0.735400771169737,0.48038320108620053,0.07067254470526423
30.2696,-6.6054,fdr<=0.0001,LASSO,KRR,2,0.8046993206946256,0.729252649627008,0.4807739020972466,0.0322615583988346
30.2696,-6.6054,|val|>=0.075,PCMCI,LIN,2,0.8014279296182196,0.7353349712789878,0.48341884404627494,0.0789889438796251
30.2696,-6.6054,|val|>=0.075,LASSO,LIN,2,0.8037726938111543,0.7309806146048126,0.4809848720240916,0.07548816598000245
30.2696,-6.6054,|val|>=0.075,PCMCI,KRR,2,0.8013923904268581,0.735400771169737,0.48038320108620053,0.07067254470526423
30.2696,-6.6054,|val|>=0.075,LASSO,KRR,2,0.8046993206946256,0.729252649627008,0.4807739020972466,0.0322615583988346
30.2696,-6.6054,|val|>=0.10,PCMCI,LIN,2,0.8014279296182196,0.7353349712789878,0.48341884404627494,0.0789889438796251
30.2696,-6.6054,|val|>=0.10,LASSO,LIN,2,0.8037726938111543,0.7309806146048126,0.4809848720240916,0.07548816598000245
30.2696,-6.6054,|val|>=0.10,PCMCI,KRR,2,0.8013923904268581,0.735400771169737,0.48038320108620053,0.07067254470526423
30.2696,-6.6054,|val|>=0.10,LASSO,KRR,2,0.8046993206946256,0.729252649627008,0.4807739020972466,0.0322615583988346
30.2696,-6.6054,|val|>=0.15,PCMCI,LIN,1,0.8003221541667535,0.7373795350321625,0.484857494633055,0.09065808213660478
30.2696,-6.6054,|val|>=0.15,LASSO,LIN,1,0.8003221541667535,0.7373795350321625,0.484857494633055,0.09065808213660478
30.2696,-6.6054,|val|>=0.15,PCMCI,KRR,1,0.7983162920622635,0.7410739500911038,0.4857770283369938,0.08675845470768417
30.2696,-6.6054,|val|>=0.15,LASSO,KRR,1,0.7983162920622635,0.7410739500911038,0.4857770283369938,0.08675845470768417
30.2696,-7.1054,-,CLIMATOLOGY,-,0,0.7216274899194315,0.9011942337012144,0.6840932647889395,-0.016880069969525967
30.2696,-7.1054,-,ALL,LIN,56,0.8102453809398984,0.7440487813149491,0.5366188327239263,-0.008684711800667945
30.2696,-7.1054,-,ALL,KRR,56,0.8044938843991501,0.7552407328866035,0.5485202120152094,-0.012112054549737922
30.2696,-7.1054,fdr<=0.01,PCMCI,LIN,4,0.80399612316104,0.7562015483188758,0.5459048769019557,0.023648361580378353
30.2696,-7.1054,fdr<=0.01,LASSO,LIN,4,0.8061848297877463,0.751967576431047,0.5416210528630945,0.029865645576101843
30.2696,-7.1054,fdr<=0.01,PCMCI,KRR,4,0.8018715239493273,0.7602889543758506,0.5401772996259003,0.028459623283493204
30.2696,-7.1054,fdr<=0.01,LASSO,KRR,4,0.8092873676941144,0.7459246543956298,0.5338773224382399,0.021660875818218846
30.2696,-7.1054,fdr<=0.001,PCMCI,LIN,2,0.8029580741723896,0.7582013497763286,0.5460017434967448,0.027551353596639707
30.2696,-7.1054,fdr<=0.001,LASSO,LIN,2,0.8068048087838604,0.7507639102645318,0.5402695973266106,0.030431538519519876
30.2696,-7.1054,fdr<=0.001,PCMCI,KRR,2,0.8037108232819075,0.756751705189512,0.5405692524451083,0.023865913208783406
30.2696,-7.1054,fdr<=0.001,LASSO,KRR,2,0.8060161345602995,0.7522947586381049,0.5390235704342817,0.0198863793512256
30.2696,-7.1054,fdr<=0.0001,PCMCI,LIN,2,0.8029580741723896,0.7582013497763286,0.5460017434967448,0.027551353596639707
30.2696,-7.1054,fdr<=0.0001,LASSO,LIN,2,0.8068048087838604,0.7507639102645318,0.5402695973266106,0.030431538519519876
30.2696,-7.1054,fdr<=0.0001,PCMCI,KRR,2,0.8037108232819075,0.756751705189512,0.5405692524451083,0.023865913208783406
30.2696,-7.1054,fdr<=0.0001,LASSO,KRR,2,0.8060161345602995,0.7522947586381049,0.5390235704342817,0.0198863793512256
30.2696,-7.1054,|val|>=0.075,PCMCI,LIN,2,0.8029580741723896,0.7582013497763286,0.5460017434967448,0.027551353596639707
30.2696,-7.1054,|val|>=0.075,LASSO,LIN,2,0.8068048087838604,0.7507639102645318,0.5402695973266106,0.030431538519519876
30.2696,-7.1054,|val|>=0.075,PCMCI,KRR,2,0.8037108232819075,0.756751705189512,0.5405692524451083,0.023865913208783406
30.2696,-7.1054,|val|>=0.075,LASSO,KRR,2,0.8060161345602995,0.7522947586381049,0.5390235704342817,0.0198863793512256
30.2696,-7.1054,|val|>=0.10,PCMCI,LIN,2,0.8029580741723896,0.7582013497763286,0.5460017434967448,0.027551353596639707
30.2696,-7.1054,|val|>=0.10,LASSO,LIN,2,0.8068048087838604,0.7507639102645318,0.5402695973266106,0.030431538519519876
30.2696,-7.1054,|val|>=0.10,PCMCI,KRR,2,0.8037108232819075,0.756751705189512,0.5405692524451083,0.023865913208783406
30.2696,-7.1054,|val|>=0.10,LASSO,KRR,2,0.8060161345602995,0.7522947586381049,0.5390235704342817,0.0198863793512256
30.2696,-7.1054,|val|>=0.15,PCMCI,LIN,1,0.8023830621548655,0.7593068436487744,0.5458483202193287,0.03844419698736091
30.2696,-7.1054,|val|>=0.15,LASSO,LIN,1,0.8023830621548655,0.7593068436487744,0.5458483202193287,0.03844419698736091
30.2696,-7.1054,|val|>=0.15,PCMCI,KRR,1,0.8003825458791671,0.763140474386591,0.5462403796149948,0.03871220203276622
30.2696,-7.1054,|val|>=0.15,LASSO,KRR,1,0.8003825458791671,0.763140474386591,0.5462403796149948,0.03871220203276622
30.2696,-7.6054,-,CLIMATOLOGY,-,0,0.7216274899194315,0.9011942337012144,0.6840932647889395,-0.016880069969525967
30.2696,-7.6054,-,ALL,LIN,56,0.8105102456898564,0.743529318038708,0.5347768821713721,-0.003576339695355799
30.2696,-7.6054,-,ALL,KRR,56,0.8068895809354857,0.7505991782783379,0.5419936525535858,-0.0032680619485543996
30.2696,-7.6054,fdr<=0.01,PCMCI,LIN,7,0.8107197081162271,0.7431182548689617,0.5393455309692946,-0.004350802278375298
30.2696,-7.6054,fdr<=0.01,LASSO,LIN,7,0.8083474465623421,0.7477605281107168,0.5399972680544961,0.009789586917747293
30.2696,-7.6054,fdr<=0.01,PCMCI,KRR,7,0.8110884291842493,0.7423940988441942,0.5323049585637276,0.006244691671943648
30.2696,-7.6054,fdr<=0.01,LASSO,KRR,7,0.8089773630257203,0.7465306610036878,0.5309838405191901,0.019574198934248707
30.2696,-7.6054,fdr<=0.001,PCMCI,LIN,2,0.803220731973022,0.7576958383006948,0.5461031167082839,0.025876698063665302
30.2696,-7.6054,fdr<=0.001,LASSO,LIN,2,0.8068048087838604,0.7507639102645318,0.5402695973266106,0.030431538519519876
30.2696,-7.6054,fdr<=0.001,PCMCI,KRR,2,0.8039963802188873,0.7562010524419344,0.5401186946480411,0.02387306714317525
30.2696,-7.6054,fdr<=0.001,LASSO,KRR,2,0.8060161345602995,0.7522947586381049,0.5390235704342817,0.0198863793512256
30.2696,-7.6054,fdr<=0.0001,PCMCI,LIN,2,0.803220731973022,0.7576958383006948,0.5461031167082839,0.025876698063665302
30.2696,-7.6054,fdr<=0.0001,LASSO,LIN,2,0.8068048087838604,0.7507639102645318,0.5402695973266106,0.030431538519519876
30.2696,-7.6054,fdr<=0.0001,PCMCI,KRR,2,0.8039963802188873,0.7562010524419344,0.5401186946480411,0.02387306714317525
30.2696,-7.6054,fdr<=0.0001,LASSO,KRR,2,0.8060161345602995,0.7522947586381049,0.5390235704342817,0.0198863793512256
30.2696,-7.6054,|val|>=0.075,PCMCI,LIN,2,0.803220731973022,0.7576958383006948,0.5461031167082839,0.025876698063665302
30.2696,-7.6054,|val|>=0.075,LASSO,LIN,2,0.8068048087838604,0.7507639102645318,0.5402695973266106,0.030431538519519876
30.2696,-7.6054,|val|>=0.075,PCMCI,KRR,2,0.8039963802188873,0.7562010524419344,0.5401186946480411,0.02387306714317525
30.2696,-7.6054,|val|>=0.075,LASSO,KRR,2,0.8060161345602995,0.7522947586381049,0.5390235704342817,0.0198863793512256
30.2696,-7.6054,|val|>=0.10,PCMCI,LIN,2,0.803220731973022,0.7576958383006948,0.5461031167082839,0.025876698063665302
30.2696,-7.6054,|val|>=0.10,LASSO,LIN,2,0.8068048087838604,0.7507639102645318,0.5402695973266106,0.030431538519519876
30.2696,-7.6054,|val|>=0.10,PCMCI,KRR,2,0.8039963802188873,0.7562010524419344,0.5401186946480411,0.02387306714317525
30.2696,-7.6054,|val|>=0.10,LASSO,KRR,2,0.8060161345602995,0.7522947586381049,0.5390235704342817,0.0198863793512256
30.2696,-7.6054,|val|>=0.15,PCMCI,LIN,1,0.8023830621548655,0.7593068436487744,0.5458483202193287,0.03844419698736091
30.2696,-7.6054,|val|>=0.15,LASSO,LIN,1,0.8023830621548655,0.7593068436487744,0.5458483202193287,0.03844419698736091
30.2696,-7.6054,|val|>=0.15,PCMCI,KRR,1,0.8003825458791671,0.763140474386591,0.5462403796149948,0.03871220203276622
30.2696,-7.6054,|val|>=0.15,LASSO,KRR,1,0.8003825458791671,0.763140474386591,0.5462403796149948,0.03871220203276622
30.2696,-8.1054,-,CLIMATOLOGY,-,0,0.7051816989333342,0.936631824472239,0.7208752026709113,-0.0118042649946709
30.2696,-8.1054,-,ALL,LIN,56,0.7892029228363755,0.7919978138039028,0.5559199609737396,0.06905543026507519
30.2696,-8.1054,-,ALL,KRR,56,0.7872648862088429,0.7956302383141398,0.5668112836350206,0.04440280106147283
30.2696,-8.1054,fdr<=0.01,PCMCI,LIN,4,0.7784982373926161,0.8118583908310852,0.5658880329021612,0.12163182965806685
30.2696,-8.1054,fdr<=0.01,LASSO,LIN,4,0.7710005882651682,0.8254844063646495,0.5716715872962436,0.16899595566461625
30.2696,-8.1054,fdr<=0.01,PCMCI,KRR,4,0.7874282995555877,0.7953245962988497,0.557797163050166,0.08183400027152038
30.2696,-8.1054,fdr<=0.01,LASSO,KRR,4,0.7822641313032158,0.8049273414335713,0.5585846295132657,0.12922748494880856
30.2696,-8.1054,fdr<=0.001,PCMCI,LIN,3,0.7660771676009228,0.8343110532474932,0.5778585452641627,0.18867965554942032
30.2696,-8.1054,fdr<=0.001,LASSO,LIN,3,0.7717016569552257,0.824219850973605,0.5724069195935315,0.1615210539787591
30.2696,-8.1054,fdr<=0.001,PCMCI,KRR,3,0.7814130138250631,0.8064990152827902,0.5599911919933861,0.12756663420959974
30.2696,-8.1054,fdr<=0.001,LASSO,KRR,3,0.7816905841204465,0.8059867906403906,0.5592599411125407,0.12525338491226531
30.2696,-8.1054,fdr<=0.0001,PCMCI,LIN,3,0.7660771676009228,0.8343110532474932,0.5778585452641627,0.18867965554942032
30.2696,-8.1054,fdr<=0.0001,LASSO,LIN,3,0.7717016569552257,0.824219850973605,0.5724069195935315,0.1615210539787591
30.2696,-8.1054,fdr<=0.0001,PCMCI,KRR,3,0.7814130138250631,0.8064990152827902,0.5599911919933861,0.12756663420959974
30.2696,-8.1054,fdr<=0.0001,LASSO,KRR,3,0.7816905841204465,0.8059867906403906,0.5592599411125407,0.12525338491226531
30.2696,-8.1054,|val|>=0.075,PCMCI,LIN,3,0.7660771676009228,0.8343110532474932,0.5778585452641627,0.18867965554942032
30.2696,-8.1054,|val|>=0.075,LASSO,LIN,3,0.7717016569552257,0.824219850973605,0.5724069195935315,0.1615210539787591
30.2696,-8.1054,|val|>=0.075,PCMCI,KRR,3,0.7814130138250631,0.8064990152827902,0.5599911919933861,0.12756663420959974
30.2696,-8.1054,|val|>=0.075,LASSO,KRR,3,0.7816905841204465,0.8059867906403906,0.5592599411125407,0.12525338491226531
30.2696,-8.1054,|val|>=0.10,PCMCI,LIN,2,0.7631002858144289,0.8396029556468059,0.5809395825092604,0.19709621398047017
30.2696,-8.1054,|val|>=0.10,LASSO,LIN,2,0.7709900595179267,0.8255033828692228,0.5710506257457686,0.1685677790679511
30.2696,-8.1054,|val|>=0.10,PCMCI,KRR,2,0.7758525666776995,0.8166925153436038,0.5639557640625277,0.1489171772824219
30.2696,-8.1054,|val|>=0.10,LASSO,KRR,2,0.779985554569394,0.8091281083867989,0.5583587557479927,0.12401895948885429
30.2696,-8.1054,|val|>=0.15,PCMCI,LIN,2,0.7631002858144289,0.8396029556468059,0.5809395825092604,0.19709621398047017
30.2696,-8.1054,|val|>=0.15,LASSO,LIN,2,0.7709900595179267,0.8255033828692228,0.5710506257457686,0.1685677790679511
30.2696,-8.1054,|val|>=0.15,PCMCI,KRR,2,0.7758525666776995,0.8166925153436038,0.5639557640625277,0.1489171772824219
30.2696,-8.1054,|val|>=0.15,LASSO,KRR,2,0.779985554569394,0.8091281083867989,0.5583587557479927,0.12401895948885429
30.2696,-8.6054,-,CLIMATOLOGY,-,0,0.7051816989333342,0.936631824472239,0.7208752026709113,-0.0118042649946709
30.2696,-8.6054,-,ALL,LIN,56,0.792443065269466,0.7858873794645587,0.5535300488021851,0.06372087794018781
30.2696,-8.6054,-,ALL,KRR,56,0.7912588717004507,0.788126088411734,0.5616088586665063,0.041491650061445534
30.2696,-8.6054,fdr<=0.01,PCMCI,LIN,9,0.791038851363266,0.7885413350375629,0.5581520935451298,0.06514702541766454
30.2696,-8.6054,fdr<=0.01,LASSO,LIN,9,0.7831890511470001,0.8032158972144061,0.5564812374999977,0.12759559552755867
30.2696,-8.6054,fdr<=0.01,PCMCI,KRR,9,0.7943615532642782,0.7822468946862807,0.5531488690419673,0.05263995952428202
30.2696,-8.6054,fdr<=0.01,LASSO,KRR,9,0.7905326376202355,0.789495888086195,0.5495569147533833,0.08547578231512551
30.2696,-8.6054,fdr<=0.001,PCMCI,LIN,8,0.7908732221799414,0.7888537844759981,0.5586720055070454,0.06531110135329163
30.2696,-8.6054,fdr<=0.001,LASSO,LIN,8,0.7835159226261927,0.8026101911807015,0.5581096087503947,0.1257111881040577
30.2696,-8.6054,fdr<=0.001,PCMCI,KRR,8,0.793614775700356,0.7836659752402545,0.5535048895094683,0.06115284889162006
30.2696,-8.6054,fdr<=0.001,LASSO,KRR,8,0.7911939878613514,0.7882485670856599,0.5503915785669423,0.08603989248511175
30.2696,-8.6054,fdr<=0.0001,PCMCI,LIN,4,0.7802804024066897,0.808585758418484,0.5585598927487977,0.14413746054330065
30.2696,-8.6054,fdr<=0.0001,LASSO,LIN,4,0.7720832025680009,0.8235308206304047,0.569547110060691,0.17249308153849396
30.2696,-8.6054,fdr<=0.0001,PCMCI,KRR,4,0.7834386879112816,0.8027533514585241,0.5561732681594506,0.12523935106264078
30.2696,-8.6054,fdr<=0.0001,LASSO,KRR,4,0.7799847607285251,0.8091295681054552,0.557966861701229,0.12641931039940832
30.2696,-8.6054,|val|>=0.075,PCMCI,LIN,5,0.7818346341028265,0.8057208343114214,0.5590351811169145,0.1321225849349159
30.2696,-8.6054,|val|>=0.075,LASSO,LIN,5,0.783528933522375,0.802586072005501,0.5557018936602071,0.12967392473156877
30.2696,-8.6054,|val|>=0.075,PCMCI,KRR,5,0.7860792094528684,0.7978443755609113,0.5558246398951037,0.11612869226595715
30.2696,-8.6054,|val|>=0.075,LASSO,KRR,5,0.7883804148197437,0.7935414555587122,0.5502052333152049,0.10157867154031228
30.2696,-8.6054,|val|>=0.10,PCMCI,LIN,3,0.7738739168466242,0.8202892506754411,0.5630366329874666,0.16152619509915395
30.2696,-8.6054,|val|>=0.10,LASSO,LIN,3,0.7692883776061769,0.8285647004219258,0.5708653448273219,0.17975918772751004
30.2696,-8.6054,|val|>=0.10,PCMCI,KRR,3,0.7785209507952374,0.8118167646628927,0.5582285421526468,0.1455896239402389
30.2696,-8.6054,|val|>=0.10,LASSO,KRR,3,0.780280318185741,0.8085859133883957,0.5555063919310006,0.13130996334928244
30.2696,-8.6054,|val|>=0.15,PCMCI,LIN,1,0.7591580438321214,0.8465600373856988,0.5877449117779129,0.21020063829903604
30.2696,-8.6054,|val|>=0.15,LASSO,LIN,1,0.7591580438321214,0.8465600373856988,0.5877449117779129,0.21020063829903604
30.2696,-8.6054,|val|>=0.15,PCMCI,KRR,1,0.765734021235658,0.8349227632885988,0.5779636463214302,0.17885129249119933
30.2696,-8.6054,|val|>=0.15,LASSO,KRR,1,0.765734021235658,0.8349227632885988,0.5779636463214302,0.17885129249119933
30.2696,-9.1054,-,CLIMATOLOGY,-,0,0.7553480346365713,0.7983174207487362,0.5749820299835839,0.035034852158161045
30.2696,-9.1054,-,ALL,LIN,56,0.8195789308264176,0.6855590654319907,0.47643946896328965,0.017982851885153625
30.2696,-9.1054,-,ALL,KRR,56,0.8236248227243524,0.6778287472281119,0.46924166670407474,0.020564943823246945
30.2696,-9.1054,fdr<=0.01,PCMCI,LIN,7,0.8161880519446773,0.6919713617188172,0.4790433374640253,0.04858921431327543
30.2696,-9.1054,fdr<=0.01,LASSO,LIN,7,0.8202787141347209,0.6842282649844661,0.47290944962977616,0.03433162293977173
30.2696,-9.1054,fdr<=0.01,PCMCI,KRR,7,0.8212071338914102,0.6824586538589521,0.4752560773894642,0.024600146084165674
30.2696,-9.1054,fdr<=0.01,LASSO,KRR,7,0.8247044352027649,0.675751029514032,0.4702247146831818,0.006456574505833961
30.2696,-9.1054,fdr<=0.001,PCMCI,LIN,5,0.8162888374507353,0.6917816290951585,0.4785965624135621,0.05009884823507481
30.2696,-9.1054,fdr<=0.001,LASSO,LIN,5,0.818967879302312,0.6867190126031537,0.4764254593816295,0.028445606083397596
30.2696,-9.1054,fdr<=0.001,PCMCI,KRR,5,0.8193178849997771,0.6860548435768278,0.4790969184802968,0.022327758429795553
30.2696,-9.1054,fdr<=0.001,LASSO,KRR,5,0.8237902873878294,0.6775107233873551,0.47378107473710745,-0.001625535678782057
30.2696,-9.1054,fdr<=0.0001,PCMCI,LIN,4,0.8151161490052596,0.6939860510204996,0.48150096058570446,0.04159517292572522
30.2696,-9.1054,fdr<=0.0001,LASSO,LIN,4,0.8154259783600359,0.6934043144151121,0.48020773864807265,0.050534008024015614
30.2696,-9.1054,fdr<=0.0001,PCMCI,KRR,4,0.8183056759005651,0.6879738522530247,0.4820273522806331,0.013590609875075805
30.2696,-9.1054,fdr<=0.0001,LASSO,KRR,4,0.8220717300683815,0.6808065571626948,0.47492385198558507,0.018606977298851034
30.2696,-9.1054,|val|>=0.075,PCMCI,LIN,5,0.8162888374507353,0.6917816290951585,0.4785965624135621,0.05009884823507481
30.2696,-9.1054,|val|>=0.075,LASSO,LIN,5,0.818967879302312,0.6867190126031537,0.4764254593816295,0.028445606083397596
30.2696,-9.1054,|val|>=0.075,PCMCI,KRR,5,0.8193178849997771,0.6860548435768278,0.4790969184802968,0.022327758429795553
30.2696,-9.1054,|val|>=0.075,LASSO,KRR,5,0.8237902873878294,0.6775107233873551,0.47378107473710745,-0.001625535678782057
30.2696,-9.1054,|val|>=0.10,PCMCI,LIN,4,0.8151161490052596,0.6939860510204996,0.48150096058570446,0.04159517292572522
30.2696,-9.1054,|val|>=0.10,LASSO,LIN,4,0.8154259783600359,0.6934043144151121,0.48020773864807265,0.050534008024015614
30.2696,-9.1054,|val|>=0.10,PCMCI,KRR,4,0.8183056759005651,0.6879738522530247,0.4820273522806331,0.013590609875075805
30.2696,-9.1054,|val|>=0.10,LASSO,KRR,4,0.8220717300683815,0.6808065571626948,0.47492385198558507,0.018606977298851034
30.2696,-9.1054,|val|>=0.15,PCMCI,LIN,1,0.8016648933018324,0.718788382390891,0.4999235901281775,0.0846454443256475
30.2696,-9.1054,|val|>=0.15,LASSO,LIN,1,0.8016648933018324,0.718788382390891,0.4999235901281775,0.0846454443256475
30.2696,-9.1054,|val|>=0.15,PCMCI,KRR,1,0.8023745668345247,0.7175012622589118,0.5003457613520994,0.08015480010767459
30.2696,-9.1054,|val|>=0.15,LASSO,KRR,1,0.8023745668345247,0.7175012622589118,0.5003457613520994,0.08015480010767459
30.2696,-9.6054,-,CLIMATOLOGY,-,0,0.7553480346365713,0.7983174207487362,0.5749820299835839,0.035034852158161045
30.2696,-9.6054,-,ALL,LIN,56,0.8195789308264176,0.6855590654319907,0.47643946896328965,0.017982851885153625
30.2696,-9.6054,-,ALL,KRR,56,0.8236248227243524,0.6778287472281119,0.46924166670407474,0.020564943823246945
30.2696,-9.6054,fdr<=0.01,PCMCI,LIN,7,0.8161880519446773,0.6919713617188172,0.4790433374640253,0.04858921431327543
30.2696,-9.6054,fdr<=0.01,LASSO,LIN,7,0.8202787141347209,0.6842282649844661,0.47290944962977616,0.03433162293977173
30.2696,-9.6054,fdr<=0.01,PCMCI,KRR,7,0.8212071338914102,0.6824586538589521,0.4752560773894642,0.024600146084165674
30.2696,-9.6054,fdr<=0.01,LASSO,KRR,7,0.8247044352027649,0.675751029514032,0.4702247146831818,0.006456574505833961
30.2696,-9.6054,fdr<=0.001,PCMCI,LIN,5,0.8162888374507353,0.6917816290951585,0.4785965624135621,0.05009884823507481
30.2696,-9.6054,fdr<=0.001,LASSO,LIN,5,0.818967879302312,0.6867190126031537,0.4764254593816295,0.028445606083397596
30.2696,-9.6054,fdr<=0.001,PCMCI,KRR,5,0.8193178849997771,0.6860548435768278,0.4790969184802968,0.022327758429795553
30.2696,-9.6054,fdr<=0.001,LASSO,KRR,5,0.8237902873878294,0.6775107233873551,0.47378107473710745,-0.001625535678782057
30.2696,-9.6054,fdr<=0.0001,PCMCI,LIN,4,0.8151161490052596,0.6939860510204996,0.48150096058570446,0.04159517292572522
30.2696,-9.6054,fdr<=0.0001,LASSO,LIN,4,0.8154259783600359,0.6934043144151121,0.48020773864807265,0.050534008024015614
30.2696,-9.6054,fdr<=0.0001,PCMCI,KRR,4,0.8183056759005651,0.6879738522530247,0.4820273522806331,0.013590609875075805
30.2696,-9.6054,fdr<=0.0001,LASSO,KRR,4,0.8220717300683815,0.6808065571626948,0.47492385198558507,0.018606977298851034
30.2696,-9.6054,|val|>=0.075,PCMCI,LIN,5,0.8162888374507353,0.6917816290951585,0.4785965624135621,0.05009884823507481
30.2696,-9.6054,|val|>=0.075,LASSO,LIN,5,0.818967879302312,0.6867190126031537,0.4764254593816295,0.028445606083397596
30.2696,-9.6054,|val|>=0.075,PCMCI,KRR,5,0.8193178849997771,0.6860548435768278,0.4790969184802968,0.022327758429795553
30.2696,-9.6054,|val|>=0.075,LASSO,KRR,5,0.8237902873878294,0.6775107233873551,0.47378107473710745,-0.001625535678782057
30.2696,-9.6054,|val|>=0.10,PCMCI,LIN,4,0.8151161490052596,0.6939860510204996,0.48150096058570446,0.04159517292572522
30.2696,-9.6054,|val|>=0.10,LASSO,LIN,4,0.8154259783600359,0.6934043144151121,0.48020773864807265,0.050534008024015614
30.2696,-9.6054,|val|>=0.10,PCMCI,KRR,4,0.8183056759005651,0.6879738522530247,0.4820273522806331,0.013590609875075805
30.2696,-9.6054,|val|>=0.10,LASSO,KRR,4,0.8220717300683815,0.6808065571626948,0.47492385198558507,0.018606977298851034
30.2696,-9.6054,|val|>=0.15,PCMCI,LIN,1,0.8016648933018324,0.718788382390891,0.4999235901281775,0.0846454443256475
30.2696,-9.6054,|val|>=0.15,LASSO,LIN,1,0.8016648933018324,0.718788382390891,0.4999235901281775,0.0846454443256475
30.2696,-9.6054,|val|>=0.15,PCMCI,KRR,1,0.8023745668345247,0.7175012622589118,0.5003457613520994,0.08015480010767459
30.2696,-9.6054,|val|>=0.15,LASSO,KRR,1,0.8023745668345247,0.7175012622589118,0.5003457613520994,0.08015480010767459
30.7696,-4.1054,-,CLIMATOLOGY,-,0,0.7768240239269876,0.7755820735005824,0.5002551922645114,0.007639202936168862
30.7696,-4.1054,-,ALL,LIN,56,0.8175358539758357,0.7012821913853381,0.44132318910146334,0.03785505113884346
30.7696,-4.1054,-,ALL,KRR,56,0.8138693395770346,0.7082930822058199,0.4406866133532401,0.02645539984317752
30.7696,-4.1054,fdr<=0.01,PCMCI,LIN,4,0.8164520972868321,0.7033617617461947,0.4324877864707643,0.05669395175324302
30.7696,-4.1054,fdr<=0.01,LASSO,LIN,4,0.8164520972868321,0.7033617617461947,0.4324877864707643,0.05669395175324302
30.7696,-4.1054,fdr<=0.01,PCMCI,KRR,4,0.8155525964881242,0.7050831141135893,0.43075658024401536,0.03942193087890626
30.7696,-4.1054,fdr<=0.01,LASSO,KRR,4,0.8155525964881242,0.7050831141135893,0.43075658024401536,0.03942193087890626
30.7696,-4.1054,fdr<=0.001,PCMCI,LIN,4,0.8164520972868321,0.7033617617461947,0.4324877864707643,0.05669395175324302
30.7696,-4.1054,fdr<=0.001,LASSO,LIN,4,0.8164520972868321,0.7033617617461947,0.4324877864707643,0.05669395175324302
30.7696,-4.1054,fdr<=0.001,PCMCI,KRR,4,0.8155525964881242,0.7050831141135893,0.43075658024401536,0.03942193087890626
30.7696,-4.1054,fdr<=0.001,LASSO,KRR,4,0.8155525964881242,0.7050831141135893,0.43075658024401536,0.03942193087890626
30.7696,-4.1054,fdr<=0.0001,PCMCI,LIN,3,0.811360869996039,0.7130499165370215,0.434615138635493,0.08869095682679619
30.7696,-4.1054,fdr<=0.0001,LASSO,LIN,3,0.8149012542118699,0.706326953024611,0.4293651994866667,0.07225585618433901
30.7696,-4.1054,fdr<=0.0001,PCMCI,KRR,3,0.8100377697414602,0.7155461854835488,0.43429775863611036,0.07224089722130912
30.7696,-4.1054,fdr<=0.0001,LASSO,KRR,3,0.8158316956942865,0.7045494589001091,0.4270818196836159,0.04732215602120491
30.7696,-4.1054,|val|>=0.075,PCMCI,LIN,4,0.8164520972868321,0.7033617617461947,0.4324877864707643,0.05669395175324302
30.7696,-4.1054,|val|>=0.075,LASSO,LIN,4,0.8164520972868321,0.7033617617461947,0.4324877864707643,0.05669395175324302
30.7696,-4.1054,|val|>=0.075,PCMCI,KRR,4,0.8155525964881242,0.7050831141135893,0.43075658024401536,0.03942193087890626
30.7696,-4.1054,|val|>=0.075,LASSO,KRR,4,0.8155525964881242,0.7050831141135893,0.43075658024401536,0.03942193087890626
30.7696,-4.1054,|val|>=0.10,PCMCI,LIN,2,0.8134474585223956,0.7090953312839015,0.43043850424269375,0.0902384137244273
30.7696,-4.1054,|val|>=0.10,LASSO,LIN,2,0.8171587416275801,0.7020065136009948,0.42527728524821523,0.07304970162932484
30.7696,-4.1054,|val|>=0.10,PCMCI,KRR,2,0.8134141776905718,0.7091585794976514,0.43093928575717594,0.07240982718357325
30.7696,-4.1054,|val|>=0.10,LASSO,KRR,2,0.8187395411623641,0.6989652399292015,0.4245897994110894,0.04386017654953628
30.7696,-4.1054,|val|>=0.15,PCMCI,LIN,1,0.8121769180208243,0.7115059271125757,0.4286704777200458,0.10262662975743066
30.7696,-4.1054,|val|>=0.15,LASSO,LIN,1,0.8121769180208243,0.7115059271125757,0.4286704777200458,0.10262662975743066
30.7696,-4.1054,|val|>=0.15,PCMCI,KRR,1,0.8127762872003644,0.7103697635429553,0.4282079897281311,0.08728700137001506
30.7696,-4.1054,|val|>=0.15,LASSO,KRR,1,0.8127762872003644,0.7103697635429553,0.4282079897281311,0.08728700137001506
30.7696,-4.6054,-,CLIMATOLOGY,-,0,0.7768240239269876,0.7755820735005824,0.5002551922645114,0.007639202936168862
30.7696,-4.6054,-,ALL,LIN,56,0.8175358539758357,0.7012821913853381,0.44132318910146334,0.03785505113884346
30.7696,-4.6054,-,ALL,KRR,56,0.8138693395770346,0.7082930822058199,0.4406866133532401,0.02645539984317752
30.7696,-4.6054,fdr<=0.01,PCMCI,LIN,4,0.8164520972868321,0.7033617617461947,0.4324877864707643,0.05669395175324302
30.7696,-4.6054,fdr<=0.01,LASSO,LIN,4,0.8164520972868321,0.7033617617461947,0.4324877864707643,0.05669395175324302
30.7696,-4.6054,fdr<=0.01,PCMCI,KRR,4,0.8155525964881242,0.7050831141135893,0.43075658024401536,0.03942193087890626
30.7696,-4.6054,fdr<=0.01,LASSO,KRR,4,0.8155525964881242,0.7050831141135893,0.43075658024401536,0.03942193087890626
30.7696,-4.6054,fdr<=0.001,PCMCI,LIN,4,0.8164520972868321,0.7033617617461947,0.4324877864707643,0.05669395175324302
30.7696,-4.6054,fdr<=0.001,LASSO,LIN,4,0.8164520972868321,0.7033617617461947,0.4324877864707643,0.05669395175324302
30.7696,-4.6054,fdr<=0.001,PCMCI,KRR,4,0.8155525964881242,0.7050831141135893,0.43075658024401536,0.03942193087890626
30.7696,-4.6054,fdr<=0.001,LASSO,KRR,4,0.8155525964881242,0.7050831141135893,0.43075658024401536,0.03942193087890626
30.7696,-4.6054,fdr<=0.0001,PCMCI,LIN,3,0.811360869996039,0.7130499165370215,0.434615138635493,0.08869095682679619
30.7696,-4.6054,fdr<=0.0001,LASSO,LIN,3,0.8149012542118699,0.706326953024611,0.4293651994866667,0.07225585618433901
30.7696,-4.6054,fdr<=0.0001,PCMCI,KRR,3,0.8100377697414602,0.7155461854835488,0.43429775863611036,0.07224089722130912
30.7696,-4.6054,fdr<=0.0001,LASSO,KRR,3,0.8158316956942865,0.7045494589001091,0.4270818196836159,0.04732215602120491
30.7696,-4.6054,|val|>=0.075,PCMCI,LIN,4,0.8164520972868321,0.7033617617461947,0.4324877864707643,0.05669395175324302
30.7696,-4.6054,|val|>=0.075,LASSO,LIN,4,0.8164520972868321,0.7033617617461947,0.4324877864707643,0.05669395175324302
30.7696,-4.6054,|val|>=0.075,PCMCI,KRR,4,0.8155525964881242,0.7050831141135893,0.43075658024401536,0.03942193087890626
30.7696,-4.6054,|val|>=0.075,LASSO,KRR,4,0.8155525964881242,0.7050831141135893,0.43075658024401536,0.03942193087890626
30.7696,-4.6054,|val|>=0.10,PCMCI,LIN,2,0.8134474585223956,0.7090953312839015,0.43043850424269375,0.0902384137244273
30.7696,-4.6054,|val|>=0.10,LASSO,LIN,2,0.8171587416275801,0.7020065136009948,0.42527728524821523,0.07304970162932484
30.7696,-4.6054,|val|>=0.10,PCMCI,KRR,2,0.8134141776905718,0.7091585794976514,0.43093928575717594,0.07240982718357325
30.7696,-4.6054,|val|>=0.10,LASSO,KRR,2,0.8187395411623641,0.6989652399292015,0.4245897994110894,0.04386017654953628
30.7696,-4.6054,|val|>=0.15,PCMCI,LIN,1,0.8121769180208243,0.7115059271125757,0.4286704777200458,0.10262662975743066
30.7696,-4.6054,|val|>=0.15,LASSO,LIN,1,0.8121769180208243,0.7115059271125757,0.4286704777200458,0.10262662975743066
30.7696,-4.6054,|val|>=0.15,PCMCI,KRR,1,0.8127762872003644,0.7103697635429553,0.4282079897281311,0.08728700137001506
30.7696,-4.6054,|val|>=0.15,LASSO,KRR,1,0.8127762872003644,0.7103697635429553,0.4282079897281311,0.08728700137001506
30.7696,-5.1054,-,CLIMATOLOGY,-,0,0.7579323972224632,0.8020022870283469,0.5147620888994116,0.03445708574905847
30.7696,-5.1054,-,ALL,LIN,56,0.8077472001889363,0.7147326285099923,0.45581805843177864,0.04182037626954768
30.7696,-5.1054,-,ALL,KRR,56,0.8005527614887573,0.7279830807175487,0.4569289316148335,0.03687565217539555
30.7696,-5.1054,fdr<=0.01,PCMCI,LIN,2,0.801967574447984,0.7253964493840585,0.4502648532384802,0.09427689714367858
30.7696,-5.1054,fdr<=0.01,LASSO,LIN,2,0.8041005152990375,0.7214793724914911,0.4468329002403149,0.09091843951830461
30.7696,-5.1054,fdr<=0.01,PCMCI,KRR,2,0.8013905659566566,0.7264524771098995,0.44925437772738486,0.08660457549385729
30.7696,-5.1054,fdr<=0.01,LASSO,KRR,2,0.806647995981297,0.7167729559938493,0.4409674787692559,0.05667677870418389
30.7696,-5.1054,fdr<=0.001,PCMCI,LIN,2,0.801967574447984,0.7253964493840585,0.4502648532384802,0.09427689714367858
30.7696,-5.1054,fdr<=0.001,LASSO,LIN,2,0.8041005152990375,0.7214793724914911,0.4468329002403149,0.09091843951830461
30.7696,-5.1054,fdr<=0.001,PCMCI,KRR,2,0.8013905659566566,0.7264524771098995,0.44925437772738486,0.08660457549385729
30.7696,-5.1054,fdr<=0.001,LASSO,KRR,2,0.806647995981297,0.7167729559938493,0.4409674787692559,0.05667677870418389
30.7696,-5.1054,fdr<=0.0001,PCMCI,LIN,2,0.801967574447984,0.7253964493840585,0.4502648532384802,0.09427689714367858
30.7696,-5.1054,fdr<=0.0001,LASSO,LIN,2,0.8041005152990375,0.7214793724914911,0.4468329002403149,0.09091843951830461
30.7696,-5.1054,fdr<=0.0001,PCMCI,KRR,2,0.8013905659566566,0.7264524771098995,0.44925437772738486,0.08660457549385729
30.7696,-5.1054,fdr<=0.0001,LASSO,KRR,2,0.806647995981297,0.7167729559938493,0.4409674787692559,0.05667677870418389
30.7696,-5.1054,|val|>=0.075,PCMCI,LIN,2,0.801967574447984,0.7253964493840585,0.4502648532384802,0.09427689714367858
30.7696,-5.1054,|val|>=0.075,LASSO,LIN,2,0.8041005152990375,0.7214793724914911,0.4468329002403149,0.09091843951830461
30.7696,-5.1054,|val|>=0.075,PCMCI,KRR,2,0.8013905659566566,0.7264524771098995,0.44925437772738486,0.08660457549385729
30.7696,-5.1054,|val|>=0.075,LASSO,KRR,2,0.806647995981297,0.7167729559938493,0.4409674787692559,0.05667677870418389
30.7696,-5.1054,|val|>=0.10,PCMCI,LIN,1,0.8008451825749433,0.7274492159970828,0.4507506748442216,0.10349616167440277
30.7696,-5.1054,|val|>=0.10,LASSO,LIN,1,0.8008451825749433,0.7274492159970828,0.4507506748442216,0.10349616167440277
30.7696,-5.1054,|val|>=0.10,PCMCI,KRR,1,0.8005769721655968,0.7279388948512904,0.44941698090634763,0.09849745294644704
30.7696,-5.1054,|val|>=0.10,LASSO,KRR,1,0.8005769721655968,0.7279388948512904,0.44941698090634763,0.09849745294644704
30.7696,-5.1054,|val|>=0.15,PCMCI,LIN,1,0.8008451825749433,0.7274492159970828,0.4507506748442216,0.10349616167440277
30.7696,-5.1054,|val|>=0.15,LASSO,LIN,1,0.8008451825749433,0.7274492159970828,0.4507506748442216,0.10349616167440277
30.7696,-5.1054,|val|>=0.15,PCMCI,KRR,1,0.8005769721655968,0.7279388948512904,0.44941698090634763,0.09849745294644704
30.7696,-5.1054,|val|>=0.15,LASSO,KRR,1,0.8005769721655968,0.7279388948512904,0.44941698090634763,0.09849745294644704
30.7696,-5.6054,-,CLIMATOLOGY,-,0,0.7579323972224632,0.8020022870283469,0.5147620888994116,0.03445708574905847
30.7696,-5.6054,-,ALL,LIN,56,0.8090673541247273,0.7122744524158116,0.45470879336762987,0.03644310266125415
30.7696,-5.6054,-,ALL,KRR,56,0.8017767232566044,0.725745910934751,0.45368291333176686,0.03900105065932168
30.7696,-5.6054,fdr<=0.01,PCMCI,LIN,2,0.8019100289544427,0.7255018368338925,0.44993739979173936,0.09518633185047952
30.7696,-5.6054,fdr<=0.01,LASSO,LIN,2,0.8041005152990375,0.7214793724914911,0.4468329002403149,0.09091843951830461
30.7696,-5.6054,fdr<=0.01,PCMCI,KRR,2,0.8010419662903201,0.7270897330072562,0.44963458749345736,0.09046516724768068
30.7696,-5.6054,fdr<=0.01,LASSO,KRR,2,0.806647995981297,0.7167729559938493,0.4409674787692559,0.05667677870418389
30.7696,-5.6054,fdr<=0.001,PCMCI,LIN,2,0.8019100289544427,0.7255018368338925,0.44993739979173936,0.09518633185047952
30.7696,-5.6054,fdr<=0.001,LASSO,LIN,2,0.8041005152990375,0.7214793724914911,0.4468329002403149,0.09091843951830461
30.7696,-5.6054,fdr<=0.001,PCMCI,KRR,2,0.8010419662903201,0.7270897330072562,0.44963458749345736,0.09046516724768068
30.7696,-5.6054,fdr<=0.001,LASSO,KRR,2,0.806647995981297,0.7167729559938493,0.4409674787692559,0.05667677870418389
30.7696,-5.6054,fdr<=0.0001,PCMCI,LIN,2,0.8019100289544427,0.7255018368338925,0.44993739979173936,0.09518633185047952
30.7696,-5.6054,fdr<=0.0001,LASSO,LIN,2,0.8041005152990375,0.7214793724914911,0.4468329002403149,0.09091843951830461
30.7696,-5.6054,fdr<=0.0001,PCMCI,KRR,2,0.8010419662903201,0.7270897330072562,0.44963458749345736,0.09046516724768068
30.7696,-5.6054,fdr<=0.0001,LASSO,KRR,2,0.806647995981297,0.7167729559938493,0.4409674787692559,0.05667677870418389
30.7696,-5.6054,|val|>=0.075,PCMCI,LIN,2,0.8019100289544427,0.7255018368338925,0.44993739979173936,0.09518633185047952
30.7696,-5.6054,|val|>=0.075,LASSO,LIN,2,0.8041005152990375,0.7214793724914911,0.4468329002403149,0.09091843951830461
30.7696,-5.6054,|val|>=0.075,PCMCI,KRR,2,0.8010419662903201,0.7270897330072562,0.44963458749345736,0.09046516724768068
30.7696,-5.6054,|val|>=0.075,LASSO,KRR,2,0.806647995981297,0.7167729559938493,0.4409674787692559,0.05667677870418389
30.7696,-5.6054,|val|>=0.10,PCMCI,LIN,1,0.8008451825749433,0.7274492159970828,0.4507506748442216,0.10349616167440277
30.7696,-5.6054,|val|>=0.10,LASSO,LIN,1,0.8008451825749433,0.7274492159970828,0.4507506748442216,0.10349616167440277
30.7696,-5.6054,|val|>=0.10,PCMCI,KRR,1,0.8005769721655968,0.7279388948512904,0.44941698090634763,0.09849745294644704
30.7696,-5.6054,|val|>=0.10,LASSO,KRR,1,0.8005769721655968,0.7279388948512904,0.44941698090634763,0.09849745294644704
30.7696,-5.6054,|val|>=0.15,PCMCI,LIN,1,0.8008451825749433,0.7274492159970828,0.4507506748442216,0.10349616167440277
30.7696,-5.6054,|val|>=0.15,LASSO,LIN,1,0.8008451825749433,0.7274492159970828,0.4507506748442216,0.10349616167440277
30.7696,-5.6054,|val|>=0.15,PCMCI,KRR,1,0.8005769721655968,0.7279388948512904,0.44941698090634763,0.09849745294644704
30.7696,-5.6054,|val|>=0.15,LASSO,KRR,1,0.8005769721655968,0.7279388948512904,0.44941698090634763,0.09849745294644704
30.7696,-6.1054,-,CLIMATOLOGY,-,0,0.7427966507894636,0.8368824269886631,0.5829403709985602,-0.00015519069068719275
30.7696,-6.1054,-,ALL,LIN,56,0.8108176701901346,0.717738798906719,0.4829074471237587,0.017791264783859565
30.7696,-6.1054,-,ALL,KRR,56,0.8001774440741307,0.7376466826828885,0.4890967375123415,0.015689095425493925
30.7696,-6.1054,fdr<=0.01,PCMCI,LIN,2,0.8017850335380218,0.7346734755192365,0.4832820101982939,0.07670234212287098
30.7696,-6.1054,fdr<=0.01,LASSO,LIN,2,0.8037726938111543,0.7309806146048126,0.4809848720240916,0.07548816598000245
30.7696,-6.1054,fdr<=0.01,PCMCI,KRR,2,0.8002911849356582,0.7374367151157933,0.48291756781748496,0.06603715891325507
30.7696,-6.1054,fdr<=0.01,LASSO,KRR,2,0.8046993206946256,0.729252649627008,0.4807739020972466,0.0322615583988346
30.7696,-6.1054,fdr<=0.001,PCMCI,LIN,2,0.8017850335380218,0.7346734755192365,0.4832820101982939,0.07670234212287098
30.7696,-6.1054,fdr<=0.001,LASSO,LIN,2,0.8037726938111543,0.7309806146048126,0.4809848720240916,0.07548816598000245
30.7696,-6.1054,fdr<=0.001,PCMCI,KRR,2,0.8002911849356582,0.7374367151157933,0.48291756781748496,0.06603715891325507
30.7696,-6.1054,fdr<=0.001,LASSO,KRR,2,0.8046993206946256,0.729252649627008,0.4807739020972466,0.0322615583988346
30.7696,-6.1054,fdr<=0.0001,PCMCI,LIN,2,0.8017850335380218,0.7346734755192365,0.4832820101982939,0.07670234212287098
30.7696,-6.1054,fdr<=0.0001,LASSO,LIN,2,0.8037726938111543,0.7309806146048126,0.4809848720240916,0.07548816598000245
30.7696,-6.1054,fdr<=0.0001,PCMCI,KRR,2,0.8002911849356582,0.7374367151157933,0.48291756781748496,0.06603715891325507
30.7696,-6.1054,fdr<=0.0001,LASSO,KRR,2,0.8046993206946256,0.729252649627008,0.4807739020972466,0.0322615583988346
30.7696,-6.1054,|val|>=0.075,PCMCI,LIN,2,0.8017850335380218,0.7346734755192365,0.4832820101982939,0.07670234212287098
30.7696,-6.1054,|val|>=0.075,LASSO,LIN,2,0.8037726938111543,0.7309806146048126,0.4809848720240916,0.07548816598000245
30.7696,-6.1054,|val|>=0.075,PCMCI,KRR,2,0.8002911849356582,0.7374367151157933,0.48291756781748496,0.06603715891325507
30.7696,-6.1054,|val|>=0.075,LASSO,KRR,2,0.8046993206946256,0.729252649627008,0.4807739020972466,0.0322615583988346
30.7696,-6.1054,|val|>=0.10,PCMCI,LIN,2,0.8017850335380218,0.7346734755192365,0.4832820101982939,0.07670234212287098
30.7696,-6.1054,|val|>=0.10,LASSO,LIN,2,0.8037726938111543,0.7309806146048126,0.4809848720240916,0.07548816598000245
30.7696,-6.1054,|val|>=0.10,PCMCI,KRR,2,0.8002911849356582,0.7374367151157933,0.48291756781748496,0.06603715891325507
30.7696,-6.1054,|val|>=0.10,LASSO,KRR,2,0.8046993206946256,0.729252649627008,0.4807739020972466,0.0322615583988346
30.7696,-6.1054,|val|>=0.15,PCMCI,LIN,1,0.8003221541667535,0.7373795350321625,0.484857494633055,0.09065808213660478
30.7696,-6.1054,|val|>=0.15,LASSO,LIN,1,0.8003221541667535,0.7373795350321625,0.484857494633055,0.09065808213660478
30.7696,-6.1054,|val|>=0.15,PCMCI,KRR,1,0.7983162920622635,0.7410739500911038,0.4857770283369938,0.08675845470768417
30.7696,-6.1054,|val|>=0.15,LASSO,KRR,1,0.7983162920622635,0.7410739500911038,0.4857770283369938,0.08675845470768417
30.7696,-6.6054,-,CLIMATOLOGY,-,0,0.7427966507894636,0.8368824269886631,0.5829403709985602,-0.00015519069068719275
30.7696,-6.6054,-,ALL,LIN,56,0.8114440068542872,0.7165496846084368,0.4795141848168555,0.018595435493035904
30.7696,-6.6054,-,ALL,KRR,56,0.8012185475962599,0.735722551861936,0.48624519776775577,0.015498143614327282
30.7696,-6.6054,fdr<=0.01,PCMCI,LIN,3,0.8037511682707876,0.7310207066835924,0.4776727483618935,0.07908644668898815
30.7696,-6.6054,fdr<=0.01,LASSO,LIN,3,0.8062840537362708,0.7262879269605476,0.4796007878670493,0.052578883951873635
30.7696,-6.6054,fdr<=0.01,PCMCI,KRR,3,0.8028498921437978,0.7326973964013871,0.47423344721967176,0.06833024582480994
30.7696,-6.6054,fdr<=0.01,LASSO,KRR,3,0.8075634843295378,0.7238855062446871,0.47800945043347826,0.021454487053704667
30.7696,-6.6054,fdr<=0.001,PCMCI,LIN,2,0.8026010244025737,0.7331597021025615,0.482465249631933,0.07115997856207561
30.7696,-6.6054,fdr<=0.001,LASSO,LIN,2,0.8037726938111543,0.7309806146048126,0.4809848720240916,0.07548816598000245
30.7696,-6.6054,fdr<=0.001,PCMCI,KRR,2,0.8023144553926761,0.733691682201323,0.4792986752803909,0.06027488940134436
30.7696,-6.6054,fdr<=0.001,LASSO,KRR,2,0.8046993206946256,0.729252649627008,0.4807739020972466,0.0322615583988346
30.7696,-6.6054,fdr<=0.0001,PCMCI,LIN,2,0.8026010244025737,0.7331597021025615,0.482465249631933,0.07115997856207561
30.7696,-6.6054,fdr<=0.0001,LASSO,LIN,2,0.8037726938111543,0.7309806146048126,0.4809848720240916,0.07548816598000245
30.7696,-6.6054,fdr<=0.0001,PCMCI,KRR,2,0.8023144553926761,0.733691682201323,0.4792986752803909,0.06027488940134436
30.7696,-6.6054,fdr<=0.0001,LASSO,KRR,2,0.8046993206946256,0.729252649627008,0.4807739020972466,0.0322615583988346
30.7696,-6.6054,|val|>=0.075,PCMCI,LIN,2,0.8026010244025737,0.7331597021025615,0.482465249631933,0.07115997856207561
30.7696,-6.6054,|val|>=0.075,LASSO,LIN,2,0.8037726938111543,0.7309806146048126,0.4809848720240916,0.07548816598000245
30.7696,-6.6054,|val|>=0.075,PCMCI,KRR,2,0.8023144553926761,0.733691682201323,0.4792986752803909,0.06027488940134436
30.7696,-6.6054,|val|>=0.075,LASSO,KRR,2,0.8046993206946256,0.729252649627008,0.4807739020972466,0.0322615583988346
30.7696,-6.6054,|val|>=0.10,PCMCI,LIN,2,0.8026010244025737,0.7331597021025615,0.482465249631933,0.07115997856207561
30.7696,-6.6054,|val|>=0.10,LASSO,LIN,2,0.8037726938111543,0.7309806146048126,0.4809848720240916,0.07548816598000245
30.7696,-6.6054,|val|>=0.10,PCMCI,KRR,2,0.8023144553926761,0.733691682201323,0.4792986752803909,0.06027488940134436
30.7696,-6.6054,|val|>=0.10,LASSO,KRR,2,0.8046993206946256,0.729252649627008,0.4807739020972466,0.0322615583988346
30.7696,-6.6054,|val|>=0.15,PCMCI,LIN,1,0.8003221541667535,0.7373795350321625,0.484857494633055,0.09065808213660478
30.7696,-6.6054,|val|>=0.15,LASSO,LIN,1,0.8003221541667535,0.7373795350321625,0.484857494633055,0.09065808213660478
30.7696,-6.6054,|val|>=0.15,PCMCI,KRR,1,0.7983162920622635,0.7410739500911038,0.4857770283369938,0.08675845470768417
30.7696,-6.6054,|val|>=0.15,LASSO,KRR,1,0.7983162920622635,0.7410739500911038,0.4857770283369938,0.08675845470768417
30.7696,-7.1054,-,CLIMATOLOGY,-,0,0.7216274899194315,0.9011942337012144,0.6840932647889395,-0.016880069969525967
30.7696,-7.1054,-,ALL,LIN,56,0.8114985467171434,0.7415878108513763,0.5375036893326836,-0.010573387183002518
30.7696,-7.1054,-,ALL,KRR,56,0.8051744520285855,0.7539250694790633,0.5452283498516959,-0.009667368610982467
30.7696,-7.1054,fdr<=0.01,PCMCI,LIN,4,0.8077811986121286,0.7488643630637732,0.534999900306707,0.028236310570093463
30.7696,-7.1054,fdr<=0.01,LASSO,LIN,4,0.8072333839089705,0.7499307182566063,0.5427932544074321,0.007962051163217491
30.7696,-7.1054,fdr<=0.01,PCMCI,KRR,4,0.8058252871477282,0.7526647332547609,0.5368226131820193,0.025333586615291472
30.7696,-7.1054,fdr<=0.01,LASSO,KRR,4,0.8101262987109579,0.7442822119719121,0.5328936410579251,0.0021498028558195083
30.7696,-7.1054,fdr<=0.001,PCMCI,LIN,3,0.804169844605084,0.7558663571265267,0.5452204409386983,0.018617860152657546
30.7696,-7.1054,fdr<=0.001,LASSO,LIN,3,0.8089184577269873,0.7466457552739961,0.5404566055088774,0.00853725166278112
30.7696,-7.1054,fdr<=0.001,PCMCI,KRR,3,0.8042105448978728,0.7557878054330868,0.5405995363619304,0.016000396530700595
30.7696,-7.1054,fdr<=0.001,LASSO,KRR,3,0.8082919569612848,0.7478687706822242,0.5365252221330494,0.002062146918064345
30.7696,-7.1054,fdr<=0.0001,PCMCI,LIN,2,0.8040039997163451,0.7561863539174856,0.5453406627904631,0.019914881585207635
30.7696,-7.1054,fdr<=0.0001,LASSO,LIN,2,0.8068048087838604,0.7507639102645318,0.5402695973266106,0.030431538519519876
30.7696,-7.1054,fdr<=0.0001,PCMCI,KRR,2,0.8044225529784423,0.7553784970718266,0.5400085156717264,0.012973102315670122
30.7696,-7.1054,fdr<=0.0001,LASSO,KRR,2,0.8060161345602995,0.7522947586381049,0.5390235704342817,0.0198863793512256
30.7696,-7.1054,|val|>=0.075,PCMCI,LIN,3,0.804169844605084,0.7558663571265267,0.5452204409386983,0.018617860152657546
30.7696,-7.1054,|val|>=0.075,LASSO,LIN,3,0.8089184577269873,0.7466457552739961,0.5404566055088774,0.00853725166278112
30.7696,-7.1054,|val|>=0.075,PCMCI,KRR,3,0.8042105448978728,0.7557878054330868,0.5405995363619304,0.016000396530700595
30.7696,-7.1054,|val|>=0.075,LASSO,KRR,3,0.8082919569612848,0.7478687706822242,0.5365252221330494,0.002062146918064345
30.7696,-7.1054,|val|>=0.10,PCMCI,LIN,2,0.8040039997163451,0.7561863539174856,0.5453406627904631,0.019914881585207635
30.7696,-7.1054,|val|>=0.10,LASSO,LIN,2,0.8068048087838604,0.7507639102645318,0.5402695973266106,0.030431538519519876
30.7696,-7.1054,|val|>=0.10,PCMCI,KRR,2,0.8044225529784423,0.7553784970718266,0.5400085156717264,0.012973102315670122
30.7696,-7.1054,|val|>=0.10,LASSO,KRR,2,0.8060161345602995,0.7522947586381049,0.5390235704342817,0.0198863793512256
30.7696,-7.1054,|val|>=0.15,PCMCI,LIN,1,0.8023830621548655,0.7593068436487744,0.5458483202193287,0.03844419698736091
30.7696,-7.1054,|val|>=0.15,LASSO,LIN,1,0.8023830621548655,0.7593068436487744,0.5458483202193287,0.03844419698736091
30.7696,-7.1054,|val|>=0.15,PCMCI,KRR,1,0.8003825458791671,0.763140474386591,0.5462403796149948,0.03871220203276622
30.7696,-7.1054,|val|>=0.15,LASSO,KRR,1,0.8003825458791671,0.763140474386591,0.5462403796149948,0.03871220203276622
30.7696,-7.6054,-,CLIMATOLOGY,-,0,0.7216274899194315,0.9011942337012144,0.6840932647889395,-0.016880069969525967
30.7696,-7.6054,-,ALL,LIN,56,0.8131551122138824,0.7383220542808742,0.5338113171103736,-0.005016745976059583
30.7696,-7.6054,-,ALL,KRR,56,0.807919678430256,0.7485945630120949,0.5402343583218961,-0.0029120555230219393
30.7696,-7.6054,fdr<=0.01,PCMCI,LIN,8,0.809978470471901,0.7445718901128856,0.534900065401359,0.013460870963238045
30.7696,-7.6054,fdr<=0.01,LASSO,LIN,8,0.8116569528360172,0.7412761508230565,0.5338706720966584,0.006366410874445494
30.7696,-7.6054,fdr<=0.01,PCMCI,KRR,8,0.8109588932234321,0.7426485836617213,0.5297075373238496,0.013843672556281255
30.7696,-7.6054,fdr<=0.01,LASSO,KRR,8,0.8098990298117312,0.7447275122203533,0.5319772167660282,0.0070230072586932
30.7696,-7.6054,fdr<=0.001,PCMCI,LIN,4,0.8051198282423149,0.7540307521169346,0.5443596992074687,0.009709394377812305
30.7696,-7.6054,fdr<=0.001,LASSO,LIN,4,0.8078280621109886,0.7487730698519196,0.5420730479278835,0.004632025091806647
30.7696,-7.6054,fdr<=0.001,PCMCI,KRR,4,0.8081904946051717,0.7480666509822922,0.5331980953277464,0.01636480070373282
30.7696,-7.6054,fdr<=0.001,LASSO,KRR,4,0.812192929679282,0.7402206568215842,0.5295290516166055,0.005941125228393934
30.7696,-7.6054,fdr<=0.0001,PCMCI,LIN,2,0.8048858360046707,0.7544832979329839,0.5445251735051618,0.016293893293104652
30.7696,-7.6054,fdr<=0.0001,LASSO,LIN,2,0.8068048087838604,0.7507639102645318,0.5402695973266106,0.030431538519519876
30.7696,-7.6054,fdr<=0.0001,PCMCI,KRR,2,0.8059283521315482,0.7524649552459761,0.5384092455864835,0.011596012540442999
30.7696,-7.6054,fdr<=0.0001,LASSO,KRR,2,0.8060161345602995,0.7522947586381049,0.5390235704342817,0.0198863793512256
30.7696,-7.6054,|val|>=0.075,PCMCI,LIN,4,0.8051198282423149,0.7540307521169346,0.5443596992074687,0.009709394377812305
30.7696,-7.6054,|val|>=0.075,LASSO,LIN,4,0.8078280621109886,0.7487730698519196,0.5420730479278835,0.004632025091806647
30.7696,-7.6054,|val|>=0.075,PCMCI,KRR,4,0.8081904946051717,0.7480666509822922,0.5331980953277464,0.01636480070373282
30.7696,-7.6054,|val|>=0.075,LASSO,KRR,4,0.812192929679282,0.7402206568215842,0.5295290516166055,0.005941125228393934
30.7696,-7.6054,|val|>=0.10,PCMCI,LIN,2,0.8048858360046707,0.7544832979329839,0.5445251735051618,0.016293893293104652
30.7696,-7.6054,|val|>=0.10,LASSO,LIN,2,0.8068048087838604,0.7507639102645318,0.5402695973266106,0.030431538519519876
30.7696,-7.6054,|val|>=0.10,PCMCI,KRR,2,0.8059283521315482,0.7524649552459761,0.5384092455864835,0.011596012540442999
30.7696,-7.6054,|val|>=0.10,LASSO,KRR,2,0.8060161345602995,0.7522947586381049,0.5390235704342817,0.0198863793512256
30.7696,-7.6054,|val|>=0.15,PCMCI,LIN,2,0.8048858360046707,0.7544832979329839,0.5445251735051618,0.016293893293104652
30.7696,-7.6054,|val|>=0.15,LASSO,LIN,2,0.8068048087838604,0.7507639102645318,0.5402695973266106,0.030431538519519876
30.7696,-7.6054,|val|>=0.15,PCMCI,KRR,2,0.8059283521315482,0.7524649552459761,0.5384092455864835,0.011596012540442999
30.7696,-7.6054,|val|>=0.15,LASSO,KRR,2,0.8060161345602995,0.7522947586381049,0.5390235704342817,0.0198863793512256
30.7696,-8.1054,-,CLIMATOLOGY,-,0,0.7051816989333342,0.936631824472239,0.7208752026709113,-0.0118042649946709
30.7696,-8.1054,-,ALL,LIN,56,0.7980020886520518,0.7752916914788502,0.5461638723000348,0.06140635325036536
30.7696,-8.1054,-,ALL,KRR,56,0.7942583883926332,0.782443089227823,0.5572598654553353,0.03821860610575537
30.7696,-8.1054,fdr<=0.01,PCMCI,LIN,8,0.7962619443539962,0.7786239692796112,0.5407677397554572,0.10442003332504429
30.7696,-8.1054,fdr<=0.01,LASSO,LIN,8,0.7967165692960113,0.7777547660106157,0.5407282537781735,0.10836108666475502
30.7696,-8.1054,fdr<=0.01,PCMCI,KRR,8,0.7975264141356959,0.7762040020172903,0.5447417738568511,0.06959192786147482
30.7696,-8.1054,fdr<=0.01,LASSO,KRR,8,0.7963704376901763,0.7784166276494985,0.5458750556118429,0.06656618383537452
30.7696,-8.1054,fdr<=0.001,PCMCI,LIN,5,0.7844109712073146,0.8009492857068328,0.5545656275875633,0.15352859195441548
30.7696,-8.1054,fdr<=0.001,LASSO,LIN,5,0.7939630069595893,0.7830045611262917,0.5460257081732669,0.10400889060263423
30.7696,-8.1054,fdr<=0.001,PCMCI,KRR,5,0.7897452085654751,0.7909784313391188,0.551591482492987,0.1040030697847094
30.7696,-8.1054,fdr<=0.001,LASSO,KRR,5,0.7970820311832774,0.7770553297856165,0.5469679667421444,0.058997854399104925
30.7696,-8.1054,fdr<=0.0001,PCMCI,LIN,4,0.7829971802285659,0.803571229109139,0.5602788764997891,0.13769711997865336
30.7696,-8.1054,fdr<=0.0001,LASSO,LIN,4,0.7918735141971911,0.7869649063541393,0.5510689955272488,0.09754802646498467
30.7696,-8.1054,fdr<=0.0001,PCMCI,KRR,4,0.7915872850921283,0.7875058631377138,0.5524488147231866,0.09305198124028415
30.7696,-8.1054,fdr<=0.0001,LASSO,KRR,4,0.7969718758994767,0.7772662158331906,0.5474491742544962,0.061546659010169646
30.7696,-8.1054,|val|>=0.075,PCMCI,LIN,5,0.7844109712073146,0.8009492857068328,0.5545656275875633,0.15352859195441548
30.7696,-8.1054,|val|>=0.075,LASSO,LIN,5,0.7939630069595893,0.7830045611262917,0.5460257081732669,0.10400889060263423
30.7696,-8.1054,|val|>=0.075,PCMCI,KRR,5,0.7897452085654751,0.7909784313391188,0.551591482492987,0.1040030697847094
30.7696,-8.1054,|val|>=0.075,LASSO,KRR,5,0.7970820311832774,0.7770553297856165,0.5469679667421444,0.058997854399104925
30.7696,-8.1054,|val|>=0.10,PCMCI,LIN,3,0.7825859930049827,0.804332191220344,0.5606958531982126,0.14183257092041923
30.7696,-8.1054,|val|>=0.10,LASSO,LIN,3,0.7801390848993467,0.8088457465069905,0.5592377148843234,0.13655684853895503
30.7696,-8.1054,|val|>=0.10,PCMCI,KRR,3,0.7898536915839369,0.790774348477618,0.5547779645922744,0.08867010675485976
30.7696,-8.1054,|val|>=0.10,LASSO,KRR,3,0.7906026682954473,0.7893639020063232,0.5475941324051843,0.09821570914967069
30.7696,-8.1054,|val|>=0.15,PCMCI,LIN,2,0.7679448675329725,0.8309737015381915,0.5742767655975373,0.18467362128841777
30.7696,-8.1054,|val|>=0.15,LASSO,LIN,2,0.7709900595179267,0.8255033828692228,0.5710506257457686,0.1685677790679511
30.7696,-8.1054,|val|>=0.15,PCMCI,KRR,2,0.7811568412384052,0.8069714643657937,0.5565878442080727,0.13528273129227822
30.7696,-8.1054,|val|>=0.15,LASSO,KRR,2,0.779985554569394,0.8091281083867989,0.5583587557479927,0.12401895948885429
30.7696,-8.6054,-,CLIMATOLOGY,-,0,0.7051816989333342,0.936631824472239,0.7208752026709113,-0.0118042649946709
30.7696,-8.6054,-,ALL,LIN,56,0.7998990077770853,0.7716428056780744,0.5474990357482536,0.04776424169189764
30.7696,-8.6054,-,ALL,KRR,56,0.7964478860923022,0.7782685822065813,0.5555152796756077,0.028678676017251603
30.7696,-8.6054,fdr<=0.01,PCMCI,LIN,7,0.7997077625933142,0.7720114638364097,0.5409076358178837,0.07876709448300287
30.7696,-8.6054,fdr<=0.01,LASSO,LIN,7,0.7996386937577609,0.772144562695946,0.5352920082607587,0.10293922607514928
30.7696,-8.6054,fdr<=0.01,PCMCI,KRR,7,0.8000656869883914,0.7713213589734531,0.5470737850455993,0.04412858314694413
30.7696,-8.6054,fdr<=0.01,LASSO,KRR,7,0.8015347040232255,0.7684824935136987,0.5367184967211883,0.0721540032545886
30.7696,-8.6054,fdr<=0.001,PCMCI,LIN,6,0.7880271884085911,0.794203452253391,0.5499424844505088,0.1474771806098508
30.7696,-8.6054,fdr<=0.001,LASSO,LIN,6,0.7998295899232806,0.7717766409529601,0.5356966087882844,0.10254793180690186
30.7696,-8.6054,fdr<=0.001,PCMCI,KRR,6,0.7916685727160273,0.7873522719242638,0.5472022620568415,0.10371711278913794
30.7696,-8.6054,fdr<=0.001,LASSO,KRR,6,0.8020847579610577,0.7674168157257464,0.536975179462114,0.07165737570017731
30.7696,-8.6054,fdr<=0.0001,PCMCI,LIN,3,0.7884702862517505,0.7933729355224414,0.5535804283652471,0.12649409736577968
30.7696,-8.6054,fdr<=0.0001,LASSO,LIN,3,0.7741387008658666,0.8198088481013615,0.5702569750440925,0.16299610682587654
30.7696,-8.6054,fdr<=0.0001,PCMCI,KRR,3,0.7920722548289155,0.7865890789887896,0.5520951169490816,0.08440115458701389
30.7696,-8.6054,fdr<=0.0001,LASSO,KRR,3,0.7830535554775355,0.803466842284209,0.5559099364138373,0.11722640114403667
30.7696,-8.6054,|val|>=0.075,PCMCI,LIN,6,0.7880271884085911,0.794203452253391,0.5499424844505088,0.1474771806098508
30.7696,-8.6054,|val|>=0.075,LASSO,LIN,6,0.7998295899232806,0.7717766409529601,0.5356966087882844,0.10254793180690186
30.7696,-8.6054,|val|>=0.075,PCMCI,KRR,6,0.7916685727160273,0.7873522719242638,0.5472022620568415,0.10371711278913794
30.7696,-8.6054,|val|>=0.075,LASSO,KRR,6,0.8020847579610577,0.7674168157257464,0.536975179462114,0.07165737570017731
30.7696,-8.6054,|val|>=0.10,PCMCI,LIN,3,0.7884702862517505,0.7933729355224414,0.5535804283652471,0.12649409736577968
30.7696,-8.6054,|val|>=0.10,LASSO,LIN,3,0.7741387008658666,0.8198088481013615,0.5702569750440925,0.16299610682587654
30.7696,-8.6054,|val|>=0.10,PCMCI,KRR,3,0.7920722548289155,0.7865890789887896,0.5520951169490816,0.08440115458701389
30.7696,-8.6054,|val|>=0.10,LASSO,KRR,3,0.7830535554775355,0.803466842284209,0.5559099364138373,0.11722640114403667
30.7696,-8.6054,|val|>=0.15,PCMCI,LIN,3,0.7884702862517505,0.7933729355224414,0.5535804283652471,0.12649409736577968
30.7696,-8.6054,|val|>=0.15,LASSO,LIN,3,0.7741387008658666,0.8198088481013615,0.5702569750440925,0.16299610682587654
30.7696,-8.6054,|val|>=0.15,PCMCI,KRR,3,0.7920722548289155,0.7865890789887896,0.5520951169490816,0.08440115458701389
30.7696,-8.6054,|val|>=0.15,LASSO,KRR,3,0.7830535554775355,0.803466842284209,0.5559099364138373,0.11722640114403667
30.7696,-9.1054,-,CLIMATOLOGY,-,0,0.7553480346365713,0.7983174207487362,0.5749820299835839,0.035034852158161045
30.7696,-9.1054,-,ALL,LIN,56,0.829464451877449,0.6665131353498128,0.4610027548245896,0.006308591284944904
30.7696,-9.1054,-,ALL,KRR,56,0.8313261900412725,0.6628649862600647,0.45444521489514106,0.015627443134834197
30.7696,-9.1054,fdr<=0.01,PCMCI,LIN,10,0.8280190138761269,0.6693318162902702,0.4567669599837949,0.0389000488105719
30.7696,-9.1054,fdr<=0.01,LASSO,LIN,10,0.8318975401849478,0.6617413700132228,0.4540827699617504,0.01219604396660973
30.7696,-9.1054,fdr<=0.01,PCMCI,KRR,10,0.8295977840782968,0.6662525297424614,0.4558744028501841,0.029348200753019412
30.7696,-9.1054,fdr<=0.01,LASSO,KRR,10,0.8352527116956705,0.6551042086009489,0.4521192167959402,-0.0001031047004837221
30.7696,-9.1054,fdr<=0.001,PCMCI,LIN,9,0.827768909358169,0.6698183296472039,0.45690535851716707,0.039335661472461605
30.7696,-9.1054,fdr<=0.001,LASSO,LIN,9,0.8319675852507826,0.6616034881899792,0.45447340916926593,0.017166446817176512
30.7696,-9.1054,fdr<=0.001,PCMCI,KRR,9,0.8294717859821641,0.6664988030603275,0.4568196214497426,0.028635578735269146
30.7696,-9.1054,fdr<=0.001,LASSO,KRR,9,0.8347519889323706,0.6560989949971668,0.4548293543698178,-0.0047730969194062205
30.7696,-9.1054,fdr<=0.0001,PCMCI,LIN,7,0.8281952876376588,0.6689887089276602,0.4563740971840995,0.03991978258462453
30.7696,-9.1054,fdr<=0.0001,LASSO,LIN,7,0.8327682149286196,0.6600254240254126,0.45373194557779256,0.02177786470149654
30.7696,-9.1054,fdr<=0.0001,PCMCI,KRR,7,0.829865190548609,0.6657295606411942,0.45669523774136955,0.02632165218526655
30.7696,-9.1054,fdr<=0.0001,LASSO,KRR,7,0.8352345782475449,0.6551402607006234,0.454763578585145,0.0008552332335361999
30.7696,-9.1054,|val|>=0.075,PCMCI,LIN,8,0.827922170799367,0.669520241276601,0.45714581188566245,0.038655489620687856
30.7696,-9.1054,|val|>=0.075,LASSO,LIN,8,0.8319558209117028,0.6616266479819624,0.4535274851690721,0.023006745685376997
30.7696,-9.1054,|val|>=0.075,PCMCI,KRR,8,0.8298097521228216,0.6658380157918905,0.4565545288872319,0.0286485815204728
30.7696,-9.1054,|val|>=0.075,LASSO,KRR,8,0.835134429154912,0.6553393368624314,0.4537037501515304,0.0016972415196649592
30.7696,-9.1054,|val|>=0.10,PCMCI,LIN,5,0.8293388025231632,0.6667586311588874,0.45668045053461037,0.030513208218725642
30.7696,-9.1054,|val|>=0.10,LASSO,LIN,5,0.8298002016778647,0.6658566977087167,0.46389005736186734,0.0036419726478711264
30.7696,-9.1054,|val|>=0.10,PCMCI,KRR,5,0.8309416034979326,0.663620242235714,0.4585358858594388,0.016428013937396256
30.7696,-9.1054,|val|>=0.10,LASSO,KRR,5,0.8335737118204218,0.6584339497586872,0.46174852447454834,-0.013664787271481791
30.7696,-9.1054,|val|>=0.15,PCMCI,LIN,3,0.823451641867256,0.6781614418967057,0.474403294805215,0.014454868708776675
30.7696,-9.1054,|val|>=0.15,LASSO,LIN,3,0.8108909341997894,0.7018712069843849,0.491242911774432,0.06420306402157515
30.7696,-9.1054,|val|>=0.15,PCMCI,KRR,3,0.8215361733223623,0.6818303871337024,0.4786835433204511,0.013114020973082471
30.7696,-9.1054,|val|>=0.15,LASSO,KRR,3,0.8153321902305701,0.6935804628074204,0.4879401720405104,0.03767243425580884
30.7696,-9.6054,-,CLIMATOLOGY,-,0,0.7553480346365713,0.7983174207487362,0.5749820299835839,0.035034852158161045
30.7696,-9.6054,-,ALL,LIN,56,0.829464451877449,0.6665131353498128,0.4610027548245896,0.006308591284944904
30.7696,-9.6054,-,ALL,KRR,56,0.8313261900412725,0.6628649862600647,0.45444521489514106,0.015627443134834197
30.7696,-9.6054,fdr<=0.01,PCMCI,LIN,10,0.8280190138761269,0.6693318162902702,0.4567669599837949,0.0389000488105719
30.7696,-9.6054,fdr<=0.01,LASSO,LIN,10,0.8318975401849478,0.6617413700132228,0.4540827699617504,0.01219604396660973
30.7696,-9.6054,fdr<=0.01,PCMCI,KRR,10,0.8295977840782968,0.6662525297424614,0.4558744028501841,0.029348200753019412
30.7696,-9.6054,fdr<=0.01,LASSO,KRR,10,0.8352527116956705,0.6551042086009489,0.4521192167959402,-0.0001031047004837221
30.7696,-9.6054,fdr<=0.001,PCMCI,LIN,9,0.827768909358169,0.6698183296472039,0.45690535851716707,0.039335661472461605
30.7696,-9.6054,fdr<=0.001,LASSO,LIN,9,0.8319675852507826,0.6616034881899792,0.45447340916926593,0.017166446817176512
30.7696,-9.6054,fdr<=0.001,PCMCI,KRR,9,0.8294717859821641,0.6664988030603275,0.4568196214497426,0.028635578735269146
30.7696,-9.6054,fdr<=0.001,LASSO,KRR,9,0.8347519889323706,0.6560989949971668,0.4548293543698178,-0.0047730969194062205
30.7696,-9.6054,fdr<=0.0001,PCMCI,LIN,7,0.8281952876376588,0.6689887089276602,0.4563740971840995,0.03991978258462453
30.7696,-9.6054,fdr<=0.0001,LASSO,LIN,7,0.8327682149286196,0.6600254240254126,0.45373194557779256,0.02177786470149654
30.7696,-9.6054,fdr<=0.0001,PCMCI,KRR,7,0.829865190548609,0.6657295606411942,0.45669523774136955,0.02632165218526655
30.7696,-9.6054,fdr<=0.0001,LASSO,KRR,7,0.8352345782475449,0.6551402607006234,0.454763578585145,0.0008552332335361999
30.7696,-9.6054,|val|>=0.075,PCMCI,LIN,8,0.827922170799367,0.669520241276601,0.45714581188566245,0.038655489620687856
30.7696,-9.6054,|val|>=0.075,LASSO,LIN,8,0.8319558209117028,0.6616266479819624,0.4535274851690721,0.023006745685376997
30.7696,-9.6054,|val|>=0.075,PCMCI,KRR,8,0.8298097521228216,0.6658380157918905,0.4565545288872319,0.0286485815204728
30.7696,-9.6054,|val|>=0.075,LASSO,KRR,8,0.835134429154912,0.6553393368624314,0.4537037501515304,0.0016972415196649592
30.7696,-9.6054,|val|>=0.10,PCMCI,LIN,5,0.8293388025231632,0.6667586311588874,0.45668045053461037,0.030513208218725642
30.7696,-9.6054,|val|>=0.10,LASSO,LIN,5,0.8298002016778647,0.6658566977087167,0.46389005736186734,0.0036419726478711264
30.7696,-9.6054,|val|>=0.10,PCMCI,KRR,5,0.8309416034979326,0.663620242235714,0.4585358858594388,0.016428013937396256
30.7696,-9.6054,|val|>=0.10,LASSO,KRR,5,0.8335737118204218,0.6584339497586872,0.46174852447454834,-0.013664787271481791
30.7696,-9.6054,|val|>=0.15,PCMCI,LIN,3,0.823451641867256,0.6781614418967057,0.474403294805215,0.014454868708776675
30.7696,-9.6054,|val|>=0.15,LASSO,LIN,3,0.8108909341997894,0.7018712069843849,0.491242911774432,0.06420306402157515
30.7696,-9.6054,|val|>=0.15,PCMCI,KRR,3,0.8215361733223623,0.6818303871337024,0.4786835433204511,0.013114020973082471
30.7696,-9.6054,|val|>=0.15,LASSO,KRR,3,0.8153321902305701,0.6935804628074204,0.4879401720405104,0.03767243425580884
31.2696,-4.1054,-,CLIMATOLOGY,-,0,0.75879462231081,0.8257719926881397,0.575541659154493,-0.0014276686313609644
31.2696,-4.1054,-,ALL,LIN,56,0.8036522368249155,0.7450400772433672,0.5067828432231903,0.00394559502786575
31.2696,-4.1054,-,ALL,KRR,56,0.7996427444147094,0.752608628423744,0.5078436872432415,0.002869184295223916
31.2696,-4.1054,fdr<=0.01,PCMCI,LIN,5,0.8008632028919871,0.7503129026291763,0.4971830873250693,0.03919763142001851
31.2696,-4.1054,fdr<=0.01,LASSO,LIN,5,0.8020610585646035,0.74805284262446,0.49516115216751866,0.043693802467218386
31.2696,-4.1054,fdr<=0.01,PCMCI,KRR,5,0.7930890580592711,0.7648185006954461,0.5017932695423231,0.03455063256216914
31.2696,-4.1054,fdr<=0.01,LASSO,KRR,5,0.8048638094358141,0.7427378688009778,0.4922078022028912,0.032615739565576625
31.2696,-4.1054,fdr<=0.001,PCMCI,LIN,2,0.8008651762504951,0.7503091849837191,0.4946827006069444,0.05180790951232381
31.2696,-4.1054,fdr<=0.001,LASSO,LIN,2,0.8042888278255111,0.7438313268793806,0.49111700893389937,0.04303193936221316
31.2696,-4.1054,fdr<=0.001,PCMCI,KRR,2,0.8000656733193827,0.7518138778363065,0.4968402443645048,0.050821463425266084
31.2696,-4.1054,fdr<=0.001,LASSO,KRR,2,0.8068366846516123,0.7389736985542333,0.48561203870215075,0.03836045718480724
31.2696,-4.1054,fdr<=0.0001,PCMCI,LIN,1,0.8003649881713455,0.7512509096176504,0.4939741343898154,0.056442992573941725
31.2696,-4.1054,fdr<=0.0001,LASSO,LIN,1,0.8003649881713455,0.7512509096176504,0.4939741343898154,0.056442992573941725
31.2696,-4.1054,fdr<=0.0001,PCMCI,KRR,1,0.8018088512162526,0.7485292631894046,0.49229505699906023,0.05506240585438291
31.2696,-4.1054,fdr<=0.0001,LASSO,KRR,1,0.8018088512162526,0.7485292631894046,0.49229505699906023,0.05506240585438291
31.2696,-4.1054,|val|>=0.075,PCMCI,LIN,1,0.8003649881713455,0.7512509096176504,0.4939741343898154,0.056442992573941725
31.2696,-4.1054,|val|>=0.075,LASSO,LIN,1,0.8003649881713455,0.7512509096176504,0.4939741343898154,0.056442992573941725
31.2696,-4.1054,|val|>=0.075,PCMCI,KRR,1,0.8018088512162526,0.7485292631894046,0.49229505699906023,0.05506240585438291
31.2696,-4.1054,|val|>=0.075,LASSO,KRR,1,0.8018088512162526,0.7485292631894046,0.49229505699906023,0.05506240585438291
31.2696,-4.1054,|val|>=0.10,PCMCI,LIN,1,0.8003649881713455,0.7512509096176504,0.4939741343898154,0.056442992573941725
31.2696,-4.1054,|val|>=0.10,LASSO,LIN,1,0.8003649881713455,0.7512509096176504,0.4939741343898154,0.056442992573941725
31.2696,-4.1054,|val|>=0.10,PCMCI,KRR,1,0.8018088512162526,0.7485292631894046,0.49229505699906023,0.05506240585438291
31.2696,-4.1054,|val|>=0.10,LASSO,KRR,1,0.8018088512162526,0.7485292631894046,0.49229505699906023,0.05506240585438291
31.2696,-4.1054,|val|>=0.15,PCMCI,LIN,1,0.8003649881713455,0.7512509096176504,0.4939741343898154,0.056442992573941725
31.2696,-4.1054,|val|>=0.15,LASSO,LIN,1,0.8003649881713455,0.7512509096176504,0.4939741343898154,0.056442992573941725
31.2696,-4.1054,|val|>=0.15,PCMCI,KRR,1,0.8018088512162526,0.7485292631894046,0.49229505699906023,0.05506240585438291
31.2696,-4.1054,|val|>=0.15,LASSO,KRR,1,0.8018088512162526,0.7485292631894046,0.49229505699906023,0.05506240585438291
31.2696,-4.6054,-,CLIMATOLOGY,-,0,0.75879462231081,0.8257719926881397,0.575541659154493,-0.0014276686313609644
31.2696,-4.6054,-,ALL,LIN,56,0.8036522368249155,0.7450400772433672,0.5067828432231903,0.00394559502786575
31.2696,-4.6054,-,ALL,KRR,56,0.7996427444147094,0.752608628423744,0.5078436872432415,0.002869184295223916
31.2696,-4.6054,fdr<=0.01,PCMCI,LIN,5,0.8008632028919871,0.7503129026291763,0.4971830873250693,0.03919763142001851
31.2696,-4.6054,fdr<=0.01,LASSO,LIN,5,0.8020610585646035,0.74805284262446,0.49516115216751866,0.043693802467218386
31.2696,-4.6054,fdr<=0.01,PCMCI,KRR,5,0.7930890580592711,0.7648185006954461,0.5017932695423231,0.03455063256216914
31.2696,-4.6054,fdr<=0.01,LASSO,KRR,5,0.8048638094358141,0.7427378688009778,0.4922078022028912,0.032615739565576625
31.2696,-4.6054,fdr<=0.001,PCMCI,LIN,2,0.8008651762504951,0.7503091849837191,0.4946827006069444,0.05180790951232381
31.2696,-4.6054,fdr<=0.001,LASSO,LIN,2,0.8042888278255111,0.7438313268793806,0.49111700893389937,0.04303193936221316
31.2696,-4.6054,fdr<=0.001,PCMCI,KRR,2,0.8000656733193827,0.7518138778363065,0.4968402443645048,0.050821463425266084
31.2696,-4.6054,fdr<=0.001,LASSO,KRR,2,0.8068366846516123,0.7389736985542333,0.48561203870215075,0.03836045718480724
31.2696,-4.6054,fdr<=0.0001,PCMCI,LIN,1,0.8003649881713455,0.7512509096176504,0.4939741343898154,0.056442992573941725
31.2696,-4.6054,fdr<=0.0001,LASSO,LIN,1,0.8003649881713455,0.7512509096176504,0.4939741343898154,0.056442992573941725
31.2696,-4.6054,fdr<=0.0001,PCMCI,KRR,1,0.8018088512162526,0.7485292631894046,0.49229505699906023,0.05506240585438291
31.2696,-4.6054,fdr<=0.0001,LASSO,KRR,1,0.8018088512162526,0.7485292631894046,0.49229505699906023,0.05506240585438291
31.2696,-4.6054,|val|>=0.075,PCMCI,LIN,1,0.8003649881713455,0.7512509096176504,0.4939741343898154,0.056442992573941725
31.2696,-4.6054,|val|>=0.075,LASSO,LIN,1,0.8003649881713455,0.7512509096176504,0.4939741343898154,0.056442992573941725
31.2696,-4.6054,|val|>=0.075,PCMCI,KRR,1,0.8018088512162526,0.7485292631894046,0.49229505699906023,0.05506240585438291
31.2696,-4.6054,|val|>=0.075,LASSO,KRR,1,0.8018088512162526,0.7485292631894046,0.49229505699906023,0.05506240585438291
31.2696,-4.6054,|val|>=0.10,PCMCI,LIN,1,0.8003649881713455,0.7512509096176504,0.4939741343898154,0.056442992573941725
31.2696,-4.6054,|val|>=0.10,LASSO,LIN,1,0.8003649881713455,0.7512509096176504,0.4939741343898154,0.056442992573941725
31.2696,-4.6054,|val|>=0.10,PCMCI,KRR,1,0.8018088512162526,0.7485292631894046,0.49229505699906023,0.05506240585438291
31.2696,-4.6054,|val|>=0.10,LASSO,KRR,1,0.8018088512162526,0.7485292631894046,0.49229505699906023,0.05506240585438291
31.2696,-4.6054,|val|>=0.15,PCMCI,LIN,1,0.8003649881713455,0.7512509096176504,0.4939741343898154,0.056442992573941725
31.2696,-4.6054,|val|>=0.15,LASSO,LIN,1,0.8003649881713455,0.7512509096176504,0.4939741343898154,0.056442992573941725
31.2696,-4.6054,|val|>=0.15,PCMCI,KRR,1,0.8018088512162526,0.7485292631894046,0.49229505699906023,0.05506240585438291
31.2696,-4.6054,|val|>=0.15,LASSO,KRR,1,0.8018088512162526,0.7485292631894046,0.49229505699906023,0.05506240585438291
31.2696,-5.1054,-,CLIMATOLOGY,-,0,0.6920498075426589,0.9389396520331589,0.7066651267399728,-0.01663788241879394
31.2696,-5.1054,-,ALL,LIN,56,0.7817166887154919,0.7905106162165904,0.567050854660081,0.013643772603828187
31.2696,-5.1054,-,ALL,KRR,56,0.773237557667437,0.8057178830777618,0.5781403603183668,0.009750044077229151
31.2696,-5.1054,fdr<=0.01,PCMCI,LIN,4,0.7708828083458779,0.8098904515825578,0.563853180747012,0.11102197040178638
31.2696,-5.1054,fdr<=0.01,LASSO,LIN,4,0.774182839278586,0.804036772038687,0.5604007117173918,0.09528551728301086
31.2696,-5.1054,fdr<=0.01,PCMCI,KRR,4,0.7658679191341932,0.8187058668317574,0.5703442157334616,0.07921627949706385
31.2696,-5.1054,fdr<=0.01,LASSO,KRR,4,0.778261468167699,0.7967425731790653,0.5533886747399309,0.07713022937019243
31.2696,-5.1054,fdr<=0.001,PCMCI,LIN,2,0.766722775016881,0.8172098831677292,0.5621395348358977,0.1374984360423657
31.2696,-5.1054,fdr<=0.001,LASSO,LIN,2,0.7754318701439625,0.801810060645593,0.5585251003243213,0.08984114044114398
31.2696,-5.1054,fdr<=0.001,PCMCI,KRR,2,0.7676480693463296,0.8155875409336771,0.5602434800358551,0.12046931456980302
31.2696,-5.1054,fdr<=0.001,LASSO,KRR,2,0.7790924659042022,0.7952482168405367,0.5550237301195314,0.06871649477816481
31.2696,-5.1054,fdr<=0.0001,PCMCI,LIN,2,0.766722775016881,0.8172098831677292,0.5621395348358977,0.1374984360423657
31.2696,-5.1054,fdr<=0.0001,LASSO,LIN,2,0.7754318701439625,0.801810060645593,0.5585251003243213,0.08984114044114398
31.2696,-5.1054,fdr<=0.0001,PCMCI,KRR,2,0.7676480693463296,0.8155875409336771,0.5602434800358551,0.12046931456980302
31.2696,-5.1054,fdr<=0.0001,LASSO,KRR,2,0.7790924659042022,0.7952482168405367,0.5550237301195314,0.06871649477816481
31.2696,-5.1054,|val|>=0.075,PCMCI,LIN,2,0.766722775016881,0.8172098831677292,0.5621395348358977,0.1374984360423657
31.2696,-5.1054,|val|>=0.075,LASSO,LIN,2,0.7754318701439625,0.801810060645593,0.5585251003243213,0.08984114044114398
31.2696,-5.1054,|val|>=0.075,PCMCI,KRR,2,0.7676480693463296,0.8155875409336771,0.5602434800358551,0.12046931456980302
31.2696,-5.1054,|val|>=0.075,LASSO,KRR,2,0.7790924659042022,0.7952482168405367,0.5550237301195314,0.06871649477816481
31.2696,-5.1054,|val|>=0.10,PCMCI,LIN,1,0.7670822507485047,0.8165799880283285,0.5617744387352461,0.13502448952641782
31.2696,-5.1054,|val|>=0.10,LASSO,LIN,1,0.7670822507485047,0.8165799880283285,0.5617744387352461,0.13502448952641782
31.2696,-5.1054,|val|>=0.10,PCMCI,KRR,1,0.7679000119834789,0.8151452441833824,0.5611182640486704,0.12942179658753447
31.2696,-5.1054,|val|>=0.10,LASSO,KRR,1,0.7679000119834789,0.8151452441833824,0.5611182640486704,0.12942179658753447
31.2696,-5.1054,|val|>=0.15,PCMCI,LIN,1,0.7670822507485047,0.8165799880283285,0.5617744387352461,0.13502448952641782
31.2696,-5.1054,|val|>=0.15,LASSO,LIN,1,0.7670822507485047,0.8165799880283285,0.5617744387352461,0.13502448952641782
31.2696,-5.1054,|val|>=0.15,PCMCI,KRR,1,0.7679000119834789,0.8151452441833824,0.5611182640486704,0.12942179658753447
31.2696,-5.1054,|val|>=0.15,LASSO,KRR,1,0.7679000119834789,0.8151452441833824,0.5611182640486704,0.12942179658753447
31.2696,-5.6054,-,CLIMATOLOGY,-,0,0.6920498075426589,0.9389396520331589,0.7066651267399728,-0.01663788241879394
31.2696,-5.6054,-,ALL,LIN,56,0.7822637737967271,0.7895193634220896,0.5643153095496263,0.018148080782355788
31.2696,-5.6054,-,ALL,KRR,56,0.7738778226864663,0.8045796045604416,0.5747843179813894,0.021147034281967937
31.2696,-5.6054,fdr<=0.01,PCMCI,LIN,4,0.7707250914555197,0.8101691548703933,0.5633968632840786,0.10888176740191943
31.2696,-5.6054,fdr<=0.01,LASSO,LIN,4,0.7748743641790561,0.8028047182577634,0.5585601538802716,0.09246893149270663
31.2696,-5.6054,fdr<=0.01,PCMCI,KRR,4,0.7682191607871672,0.8145846191615664,0.5659979892172613,0.08361405586099721
31.2696,-5.6054,fdr<=0.01,LASSO,KRR,4,0.7795413515446321,0.7944398310260037,0.5532950626137877,0.07771823539923954
31.2696,-5.6054,fdr<=0.001,PCMCI,LIN,3,0.7680205048157178,0.8149336286836839,0.562751588634666,0.12970040673756886
31.2696,-5.6054,fdr<=0.001,LASSO,LIN,3,0.7764929009125452,0.7999136374569676,0.5569003880148268,0.08404507417437361
31.2696,-5.6054,fdr<=0.001,PCMCI,KRR,3,0.7654477198227664,0.819440207518153,0.5686417121506042,0.09987386156943455
31.2696,-5.6054,fdr<=0.001,LASSO,KRR,3,0.778927718232457,0.7955447003325766,0.5538614610410786,0.07137603452856592
31.2696,-5.6054,fdr<=0.0001,PCMCI,LIN,2,0.7666967597514939,0.8172554498519414,0.5622483758771445,0.1374807338239775
31.2696,-5.6054,fdr<=0.0001,LASSO,LIN,2,0.7754318701439625,0.801810060645593,0.5585251003243213,0.08984114044114398
31.2696,-5.6054,fdr<=0.0001,PCMCI,KRR,2,0.7669746396168786,0.8167686017118353,0.5607106783433002,0.12199509681352108
31.2696,-5.6054,fdr<=0.0001,LASSO,KRR,2,0.7790924659042022,0.7952482168405367,0.5550237301195314,0.06871649477816481
31.2696,-5.6054,|val|>=0.075,PCMCI,LIN,3,0.7680205048157178,0.8149336286836839,0.562751588634666,0.12970040673756886
31.2696,-5.6054,|val|>=0.075,LASSO,LIN,3,0.7764929009125452,0.7999136374569676,0.5569003880148268,0.08404507417437361
31.2696,-5.6054,|val|>=0.075,PCMCI,KRR,3,0.7654477198227664,0.819440207518153,0.5686417121506042,0.09987386156943455
31.2696,-5.6054,|val|>=0.075,LASSO,KRR,3,0.778927718232457,0.7955447003325766,0.5538614610410786,0.07137603452856592
31.2696,-5.6054,|val|>=0.10,PCMCI,LIN,2,0.7666967597514939,0.8172554498519414,0.5622483758771445,0.1374807338239775
31.2696,-5.6054,|val|>=0.10,LASSO,LIN,2,0.7754318701439625,0.801810060645593,0.5585251003243213,0.08984114044114398
31.2696,-5.6054,|val|>=0.10,PCMCI,KRR,2,0.7669746396168786,0.8167686017118353,0.5607106783433002,0.12199509681352108
31.2696,-5.6054,|val|>=0.10,LASSO,KRR,2,0.7790924659042022,0.7952482168405367,0.5550237301195314,0.06871649477816481
31.2696,-5.6054,|val|>=0.15,PCMCI,LIN,1,0.7670822507485047,0.8165799880283285,0.5617744387352461,0.13502448952641782
31.2696,-5.6054,|val|>=0.15,LASSO,LIN,1,0.7670822507485047,0.8165799880283285,0.5617744387352461,0.13502448952641782
31.2696,-5.6054,|val|>=0.15,PCMCI,KRR,1,0.7679000119834789,0.8151452441833824,0.5611182640486704,0.12942179658753447
31.2696,-5.6054,|val|>=0.15,LASSO,KRR,1,0.7679000119834789,0.8151452441833824,0.5611182640486704,0.12942179658753447
31.2696,-6.1054,-,CLIMATOLOGY,-,0,0.6795472242515916,0.9682651817470276,0.7587997881439738,-0.01944156885567956
31.2696,-6.1054,-,ALL,LIN,56,0.7781078926626939,0.8057182923887866,0.5992098165509079,-0.015621634003318983
31.2696,-6.1054,-,ALL,KRR,56,0.772875628474407,0.8151624493106209,0.6099653561858294,-0.010694291979858597
31.2696,-6.1054,fdr<=0.01,PCMCI,LIN,7,0.7728446277686114,0.8152180790716314,0.6035346552616817,0.00039400086144387433
31.2696,-6.1054,fdr<=0.01,LASSO,LIN,7,0.7696979301493118,0.8208451129520629,0.6104596610827344,-0.011099648330769967
31.2696,-6.1054,fdr<=0.01,PCMCI,KRR,7,0.7696827679636149,0.8208721331199667,0.6056689408940158,0.008737764319715196
31.2696,-6.1054,fdr<=0.01,LASSO,KRR,7,0.7672359531066466,0.8252209519035087,0.6106007347543195,-0.0031728219542860214
31.2696,-6.1054,fdr<=0.001,PCMCI,LIN,4,0.7706473359916561,0.8191514243637581,0.6102656204894769,-0.009129346355283695
31.2696,-6.1054,fdr<=0.001,LASSO,LIN,4,0.7687583714201414,0.8225178013412697,0.6122910132769069,0.00558438336185354
31.2696,-6.1054,fdr<=0.001,PCMCI,KRR,4,0.7709776527790517,0.8185613353815339,0.6039737135311818,0.0021996166683528307
31.2696,-6.1054,fdr<=0.001,LASSO,KRR,4,0.7668559704479867,0.8258942555897352,0.6074734526174831,0.0088388111880037
31.2696,-6.1054,fdr<=0.0001,PCMCI,LIN,2,0.7702391310388492,0.8198800686504503,0.6071170789242895,0.011354006212269209
31.2696,-6.1054,fdr<=0.0001,LASSO,LIN,2,0.7691804418828428,0.8217668140984539,0.6068852214933561,0.02891351361608505
31.2696,-6.1054,fdr<=0.0001,PCMCI,KRR,2,0.7692138921337094,0.8217072669303551,0.6031865325100353,0.015702926249472896
31.2696,-6.1054,fdr<=0.0001,LASSO,KRR,2,0.7682781924296026,0.8233713477998119,0.6018839104085623,0.044833109017216224
31.2696,-6.1054,|val|>=0.075,PCMCI,LIN,2,0.7702391310388492,0.8198800686504503,0.6071170789242895,0.011354006212269209
31.2696,-6.1054,|val|>=0.075,LASSO,LIN,2,0.7691804418828428,0.8217668140984539,0.6068852214933561,0.02891351361608505
31.2696,-6.1054,|val|>=0.075,PCMCI,KRR,2,0.7692138921337094,0.8217072669303551,0.6031865325100353,0.015702926249472896
31.2696,-6.1054,|val|>=0.075,LASSO,KRR,2,0.7682781924296026,0.8233713477998119,0.6018839104085623,0.044833109017216224
31.2696,-6.1054,|val|>=0.10,PCMCI,LIN,2,0.7702391310388492,0.8198800686504503,0.6071170789242895,0.011354006212269209
31.2696,-6.1054,|val|>=0.10,LASSO,LIN,2,0.7691804418828428,0.8217668140984539,0.6068852214933561,0.02891351361608505
31.2696,-6.1054,|val|>=0.10,PCMCI,KRR,2,0.7692138921337094,0.8217072669303551,0.6031865325100353,0.015702926249472896
31.2696,-6.1054,|val|>=0.10,LASSO,KRR,2,0.7682781924296026,0.8233713477998119,0.6018839104085623,0.044833109017216224
31.2696,-6.1054,|val|>=0.15,PCMCI,LIN,1,0.7694404865964708,0.8213037763476428,0.6055707489929296,0.028084857229752364
31.2696,-6.1054,|val|>=0.15,LASSO,LIN,1,0.7694404865964708,0.8213037763476428,0.6055707489929296,0.028084857229752364
31.2696,-6.1054,|val|>=0.15,PCMCI,KRR,1,0.7700625782175194,0.8201950142349612,0.6014838352703654,0.035447311716834275
31.2696,-6.1054,|val|>=0.15,LASSO,KRR,1,0.7700625782175194,0.8201950142349612,0.6014838352703654,0.035447311716834275
31.2696,-6.6054,-,CLIMATOLOGY,-,0,0.6795472242515916,0.9682651817470276,0.7587997881439738,-0.01944156885567956
31.2696,-6.6054,-,ALL,LIN,56,0.7855742560596287,0.7920466456011626,0.5876568511641994,-0.017002906146630702
31.2696,-6.6054,-,ALL,KRR,56,0.7777587128038392,0.8063520012829178,0.6016608764700859,-0.010007792521332796
31.2696,-6.6054,fdr<=0.01,PCMCI,LIN,7,0.7783288766503742,0.805316982049358,0.598793595435405,-0.024256345762396093
31.2696,-6.6054,fdr<=0.01,LASSO,LIN,7,0.7760301769683786,0.8094817272335397,0.6013718397844584,-0.03240736535152345
31.2696,-6.6054,fdr<=0.01,PCMCI,KRR,7,0.7801726027218886,0.8019609197373403,0.5912554081250969,-0.013010111436752177
31.2696,-6.6054,fdr<=0.01,LASSO,KRR,7,0.773343043293686,0.8143232279632451,0.5998435325314194,-0.01996725792295402
31.2696,-6.6054,fdr<=0.001,PCMCI,LIN,6,0.7773184357196685,0.8071503287600571,0.6011314503824158,-0.031140805224688567
31.2696,-6.6054,fdr<=0.001,LASSO,LIN,6,0.7755301892847287,0.81038476243019,0.6035465499524953,-0.03119078034201188
31.2696,-6.6054,fdr<=0.001,PCMCI,KRR,6,0.77887228418204,0.8043292940049372,0.5934000479366826,-0.015490892207855924
31.2696,-6.6054,fdr<=0.001,LASSO,KRR,6,0.7713155809731982,0.8179572085994987,0.6035460655704923,-0.020192089674777237
31.2696,-6.6054,fdr<=0.0001,PCMCI,LIN,5,0.7778192026813582,0.8062422569283758,0.6003425692413876,-0.03326424837002693
31.2696,-6.6054,fdr<=0.0001,LASSO,LIN,5,0.7756363895672567,0.8101930367092134,0.6040995493106794,-0.030144264660105512
31.2696,-6.6054,fdr<=0.0001,PCMCI,KRR,5,0.7778331559436948,0.8062169399647058,0.5943924828703091,-0.016799790008410774
31.2696,-6.6054,fdr<=0.0001,LASSO,KRR,5,0.7745909607180017,0.8120784021880709,0.601385289641477,-0.016278804305737492
31.2696,-6.6054,|val|>=0.075,PCMCI,LIN,6,0.7773184357196685,0.8071503287600571,0.6011314503824158,-0.031140805224688567
31.2696,-6.6054,|val|>=0.075,LASSO,LIN,6,0.7755301892847287,0.81038476243019,0.6035465499524953,-0.03119078034201188
31.2696,-6.6054,|val|>=0.075,PCMCI,KRR,6,0.77887228418204,0.8043292940049372,0.5934000479366826,-0.015490892207855924
31.2696,-6.6054,|val|>=0.075,LASSO,KRR,6,0.7713155809731982,0.8179572085994987,0.6035460655704923,-0.020192089674777237
31.2696,-6.6054,|val|>=0.10,PCMCI,LIN,4,0.778138292653896,0.8056630973926996,0.597447647000211,-0.030099235260736417
31.2696,-6.6054,|val|>=0.10,LASSO,LIN,4,0.7770426347213817,0.8076500198342449,0.6015626177930813,-0.03273017441870121
31.2696,-6.6054,|val|>=0.10,PCMCI,KRR,4,0.7756087249976564,0.8102429845388527,0.5967515770373788,-0.016710360334248275
31.2696,-6.6054,|val|>=0.10,LASSO,KRR,4,0.778027161814953,0.8058648510163158,0.5952593365513917,-0.017245581675214595
31.2696,-6.6054,|val|>=0.15,PCMCI,LIN,1,0.7694404865964708,0.8213037763476428,0.6055707489929296,0.028084857229752364
31.2696,-6.6054,|val|>=0.15,LASSO,LIN,1,0.7694404865964708,0.8213037763476428,0.6055707489929296,0.028084857229752364
31.2696,-6.6054,|val|>=0.15,PCMCI,KRR,1,0.7700625782175194,0.8201950142349612,0.6014838352703654,0.035447311716834275
31.2696,-6.6054,|val|>=0.15,LASSO,KRR,1,0.7700625782175194,0.8201950142349612,0.6014838352703654,0.035447311716834275
31.2696,-7.1054,-,CLIMATOLOGY,-,0,0.7151387069344777,0.9309146075467714,0.7393688715476537,-0.058501665960785085
31.2696,-7.1054,-,ALL,LIN,56,0.7960297101212452,0.7877285408094941,0.6014193836681684,-0.06681572110600663
31.2696,-7.1054,-,ALL,KRR,56,0.7923585483885127,0.7947858977855928,0.6077715442388645,-0.05611187087617717
31.2696,-7.1054,fdr<=0.01,PCMCI,LIN,7,0.7915291762561703,0.7963716032289326,0.6058210500320544,-0.0674537026913891
31.2696,-7.1054,fdr<=0.01,LASSO,LIN,7,0.7890964479289833,0.8010047133207854,0.6141516064751276,-0.08161602375591133
31.2696,-7.1054,fdr<=0.01,PCMCI,KRR,7,0.7910698204701151,0.7972485043780801,0.60388782892181,-0.05570604377754876
31.2696,-7.1054,fdr<=0.01,LASSO,KRR,7,0.7887142898498455,0.8017300967407962,0.6104317505382307,-0.06632543077516397
31.2696,-7.1054,fdr<=0.001,PCMCI,LIN,6,0.7920776904890462,0.7953232338136612,0.6057496519999771,-0.06963527376960973
31.2696,-7.1054,fdr<=0.001,LASSO,LIN,6,0.7893416273565459,0.8005389862500251,0.6139996074069539,-0.0811697298084955
31.2696,-7.1054,fdr<=0.001,PCMCI,KRR,6,0.7927006388907643,0.7941309207043185,0.6018958045941449,-0.05540791285706524
31.2696,-7.1054,fdr<=0.001,LASSO,KRR,6,0.7911571098263694,0.797081944958397,0.6079172197960657,-0.06433260414588086
31.2696,-7.1054,fdr<=0.0001,PCMCI,LIN,6,0.7920776904890462,0.7953232338136612,0.6057496519999771,-0.06963527376960973
31.2696,-7.1054,fdr<=0.0001,LASSO,LIN,6,0.7893416273565459,0.8005389862500251,0.6139996074069539,-0.0811697298084955
31.2696,-7.1054,fdr<=0.0001,PCMCI,KRR,6,0.7927006388907643,0.7941309207043185,0.6018958045941449,-0.05540791285706524
31.2696,-7.1054,fdr<=0.0001,LASSO,KRR,6,0.7911571098263694,0.797081944958397,0.6079172197960657,-0.06433260414588086
31.2696,-7.1054,|val|>=0.075,PCMCI,LIN,6,0.7920776904890462,0.7953232338136612,0.6057496519999771,-0.06963527376960973
31.2696,-7.1054,|val|>=0.075,LASSO,LIN,6,0.7893416273565459,0.8005389862500251,0.6139996074069539,-0.0811697298084955
31.2696,-7.1054,|val|>=0.075,PCMCI,KRR,6,0.7927006388907643,0.7941309207043185,0.6018958045941449,-0.05540791285706524
31.2696,-7.1054,|val|>=0.075,LASSO,KRR,6,0.7911571098263694,0.797081944958397,0.6079172197960657,-0.06433260414588086
31.2696,-7.1054,|val|>=0.10,PCMCI,LIN,3,0.7877489006285261,0.8035596087889362,0.6171810634103221,-0.09003184102153829
31.2696,-7.1054,|val|>=0.10,LASSO,LIN,3,0.7877489006285261,0.8035596087889362,0.6171810634103221,-0.09003184102153829
31.2696,-7.1054,|val|>=0.10,PCMCI,KRR,3,0.7886211295198828,0.8019068271242119,0.6102623442067114,-0.07721147109090977
31.2696,-7.1054,|val|>=0.10,LASSO,KRR,3,0.7886211295198828,0.8019068271242119,0.6102623442067114,-0.07721147109090977
31.2696,-7.1054,|val|>=0.15,PCMCI,LIN,3,0.7877489006285261,0.8035596087889362,0.6171810634103221,-0.09003184102153829
31.2696,-7.1054,|val|>=0.15,LASSO,LIN,3,0.7877489006285261,0.8035596087889362,0.6171810634103221,-0.09003184102153829
31.2696,-7.1054,|val|>=0.15,PCMCI,KRR,3,0.7886211295198828,0.8019068271242119,0.6102623442067114,-0.07721147109090977
31.2696,-7.1054,|val|>=0.15,LASSO,KRR,3,0.7886211295198828,0.8019068271242119,0.6102623442067114,-0.07721147109090977
31.2696,-7.6054,-,CLIMATOLOGY,-,0,0.7151387069344777,0.9309146075467714,0.7393688715476537,-0.058501665960785085
31.2696,-7.6054,-,ALL,LIN,56,0.8011021655894521,0.7778720227280247,0.5939426516324737,-0.06810250675621395
31.2696,-7.6054,-,ALL,KRR,56,0.7976515065105021,0.7845906207824153,0.6009997378702253,-0.05653991598076825
31.2696,-7.6054,fdr<=0.01,PCMCI,LIN,5,0.7940065341151581,0.7916256303380452,0.6094701423709958,-0.09234880832177118
31.2696,-7.6054,fdr<=0.01,LASSO,LIN,5,0.7936436278598317,0.7923226414609453,0.6080722784780817,-0.08456033094583333
31.2696,-7.6054,fdr<=0.01,PCMCI,KRR,5,0.7966906144620856,0.7864513067094605,0.6004912022876512,-0.08359912116271312
31.2696,-7.6054,fdr<=0.01,LASSO,KRR,5,0.799071881351097,0.7818320746388621,0.5962547475554577,-0.06529792796369728
31.2696,-7.6054,fdr<=0.001,PCMCI,LIN,4,0.7931970324390486,0.7931795484172106,0.6102449919982176,-0.09043783168822425
31.2696,-7.6054,fdr<=0.001,LASSO,LIN,4,0.7934702431882491,0.7926554340833406,0.6104316745525427,-0.09546024748103842
31.2696,-7.6054,fdr<=0.001,PCMCI,KRR,4,0.7954240729508824,0.7888971523503158,0.6001544513013959,-0.07642680639241038
31.2696,-7.6054,fdr<=0.001,LASSO,KRR,4,0.7981238341201672,0.7836743789175271,0.5983076529199031,-0.07691626914203643
31.2696,-7.6054,fdr<=0.0001,PCMCI,LIN,4,0.7931970324390486,0.7931795484172106,0.6102449919982176,-0.09043783168822425
31.2696,-7.6054,fdr<=0.0001,LASSO,LIN,4,0.7934702431882491,0.7926554340833406,0.6104316745525427,-0.09546024748103842
31.2696,-7.6054,fdr<=0.0001,PCMCI,KRR,4,0.7954240729508824,0.7888971523503158,0.6001544513013959,-0.07642680639241038
31.2696,-7.6054,fdr<=0.0001,LASSO,KRR,4,0.7981238341201672,0.7836743789175271,0.5983076529199031,-0.07691626914203643
31.2696,-7.6054,|val|>=0.075,PCMCI,LIN,4,0.7931970324390486,0.7931795484172106,0.6102449919982176,-0.09043783168822425
31.2696,-7.6054,|val|>=0.075,LASSO,LIN,4,0.7934702431882491,0.7926554340833406,0.6104316745525427,-0.09546024748103842
31.2696,-7.6054,|val|>=0.075,PCMCI,KRR,4,0.7954240729508824,0.7888971523503158,0.6001544513013959,-0.07642680639241038
31.2696,-7.6054,|val|>=0.075,LASSO,KRR,4,0.7981238341201672,0.7836743789175271,0.5983076529199031,-0.07691626914203643
31.2696,-7.6054,|val|>=0.10,PCMCI,LIN,3,0.7938749270257878,0.7918784706635845,0.6094657216799131,-0.09580327467335638
31.2696,-7.6054,|val|>=0.10,LASSO,LIN,3,0.7938749270257878,0.7918784706635845,0.6094657216799131,-0.09580327467335638
31.2696,-7.6054,|val|>=0.10,PCMCI,KRR,3,0.7952953640305798,0.7891452806040262,0.6012611816734754,-0.08269061257506723
31.2696,-7.6054,|val|>=0.10,LASSO,KRR,3,0.7952953640305798,0.7891452806040262,0.6012611816734754,-0.08269061257506723
31.2696,-7.6054,|val|>=0.15,PCMCI,LIN,2,0.7864550282366174,0.8060051176971844,0.6070468247208878,-0.03327440905392341
31.2696,-7.6054,|val|>=0.15,LASSO,LIN,2,0.7864550282366174,0.8060051176971844,0.6070468247208878,-0.03327440905392341
31.2696,-7.6054,|val|>=0.15,PCMCI,KRR,2,0.7885313213990229,0.8020771613141919,0.6010861544292969,-0.03569633161289762
31.2696,-7.6054,|val|>=0.15,LASSO,KRR,2,0.7885313213990229,0.8020771613141919,0.6010861544292969,-0.03569633161289762
31.2696,-8.1054,-,CLIMATOLOGY,-,0,0.7648790323162956,0.8667583991905811,0.6562442463927639,-0.006758373454286238
31.2696,-8.1054,-,ALL,LIN,56,0.8270870268403699,0.7433034828377693,0.5361968175342401,-0.004843733823860462
31.2696,-8.1054,-,ALL,KRR,56,0.8237269664375277,0.75049070511603,0.54554233417279,-0.014958335600898652
31.2696,-8.1054,fdr<=0.01,PCMCI,LIN,4,0.8222503325944676,0.753627568374568,0.5506245541207837,-0.019675372529336956
31.2696,-8.1054,fdr<=0.01,LASSO,LIN,4,0.823885287036787,0.750153600718805,0.5470903858041448,-0.02401144451529722
31.2696,-8.1054,fdr<=0.01,PCMCI,KRR,4,0.8219429822827589,0.7542788428043867,0.5437647730121276,-0.008514368997173564
31.2696,-8.1054,fdr<=0.01,LASSO,KRR,4,0.8240995417542885,0.7496971571384374,0.5428940424835349,-0.021496330015069013
31.2696,-8.1054,fdr<=0.001,PCMCI,LIN,4,0.8222503325944676,0.753627568374568,0.5506245541207837,-0.019675372529336956
31.2696,-8.1054,fdr<=0.001,LASSO,LIN,4,0.823885287036787,0.750153600718805,0.5470903858041448,-0.02401144451529722
31.2696,-8.1054,fdr<=0.001,PCMCI,KRR,4,0.8219429822827589,0.7542788428043867,0.5437647730121276,-0.008514368997173564
31.2696,-8.1054,fdr<=0.001,LASSO,KRR,4,0.8240995417542885,0.7496971571384374,0.5428940424835349,-0.021496330015069013
31.2696,-8.1054,fdr<=0.0001,PCMCI,LIN,4,0.8222503325944676,0.753627568374568,0.5506245541207837,-0.019675372529336956
31.2696,-8.1054,fdr<=0.0001,LASSO,LIN,4,0.823885287036787,0.750153600718805,0.5470903858041448,-0.02401144451529722
31.2696,-8.1054,fdr<=0.0001,PCMCI,KRR,4,0.8219429822827589,0.7542788428043867,0.5437647730121276,-0.008514368997173564
31.2696,-8.1054,fdr<=0.0001,LASSO,KRR,4,0.8240995417542885,0.7496971571384374,0.5428940424835349,-0.021496330015069013
31.2696,-8.1054,|val|>=0.075,PCMCI,LIN,4,0.8222503325944676,0.753627568374568,0.5506245541207837,-0.019675372529336956
31.2696,-8.1054,|val|>=0.075,LASSO,LIN,4,0.823885287036787,0.750153600718805,0.5470903858041448,-0.02401144451529722
31.2696,-8.1054,|val|>=0.075,PCMCI,KRR,4,0.8219429822827589,0.7542788428043867,0.5437647730121276,-0.008514368997173564
31.2696,-8.1054,|val|>=0.075,LASSO,KRR,4,0.8240995417542885,0.7496971571384374,0.5428940424835349,-0.021496330015069013
31.2696,-8.1054,|val|>=0.10,PCMCI,LIN,3,0.8234093411944754,0.7511665529837986,0.5484223269022779,-0.026349003039961804
31.2696,-8.1054,|val|>=0.10,LASSO,LIN,3,0.8234093411944754,0.7511665529837986,0.5484223269022779,-0.026349003039961804
31.2696,-8.1054,|val|>=0.10,PCMCI,KRR,3,0.8229992746119922,0.7520382006977013,0.5437571558377686,-0.016545868389839978
31.2696,-8.1054,|val|>=0.10,LASSO,KRR,3,0.8229992746119922,0.7520382006977013,0.5437571558377686,-0.016545868389839978
31.2696,-8.1054,|val|>=0.15,PCMCI,LIN,3,0.8234093411944754,0.7511665529837986,0.5484223269022779,-0.026349003039961804
31.2696,-8.1054,|val|>=0.15,LASSO,LIN,3,0.8234093411944754,0.7511665529837986,0.5484223269022779,-0.026349003039961804
31.2696,-8.1054,|val|>=0.15,PCMCI,KRR,3,0.8229992746119922,0.7520382006977013,0.5437571558377686,-0.016545868389839978
31.2696,-8.1054,|val|>=0.15,LASSO,KRR,3,0.8229992746119922,0.7520382006977013,0.5437571558377686,-0.016545868389839978
31.2696,-8.6054,-,CLIMATOLOGY,-,0,0.7648790323162956,0.8667583991905811,0.6562442463927639,-0.006758373454286238
31.2696,-8.6054,-,ALL,LIN,56,0.8285724146358789,0.7401039678242176,0.5347595333875198,-0.003064027073172985
31.2696,-8.6054,-,ALL,KRR,56,0.8264019255862964,0.7447745544427796,0.540762349226194,-0.014584335639849944
31.2696,-8.6054,fdr<=0.01,PCMCI,LIN,8,0.827020729130308,0.7434459666409522,0.5355889671382411,-0.0017068960571287835
31.2696,-8.6054,fdr<=0.01,LASSO,LIN,8,0.8275549547644464,0.7422970572464435,0.5368133059025398,-0.012363027753323435
31.2696,-8.6054,fdr<=0.01,PCMCI,KRR,8,0.8263137410654585,0.7449636960816316,0.5371778976198277,-0.005237065606057711
31.2696,-8.6054,fdr<=0.01,LASSO,KRR,8,0.8274472788927564,0.7425287687741918,0.5384986197549709,-0.01601687313594034
31.2696,-8.6054,fdr<=0.001,PCMCI,LIN,4,0.8230698030422796,0.7518883556663066,0.548193407215253,-0.01653560999045346
31.2696,-8.6054,fdr<=0.001,LASSO,LIN,4,0.8261790455257584,0.7452525037309374,0.5394703176116509,-0.018498086842830254
31.2696,-8.6054,fdr<=0.001,PCMCI,KRR,4,0.8227440540904707,0.752580194077568,0.542053184096831,-0.006951801817691984
31.2696,-8.6054,fdr<=0.001,LASSO,KRR,4,0.8270355134856762,0.7434141951917554,0.5352588135671674,-0.0135073275767405
31.2696,-8.6054,fdr<=0.0001,PCMCI,LIN,4,0.8230698030422796,0.7518883556663066,0.548193407215253,-0.01653560999045346
31.2696,-8.6054,fdr<=0.0001,LASSO,LIN,4,0.8261790455257584,0.7452525037309374,0.5394703176116509,-0.018498086842830254
31.2696,-8.6054,fdr<=0.0001,PCMCI,KRR,4,0.8227440540904707,0.752580194077568,0.542053184096831,-0.006951801817691984
31.2696,-8.6054,fdr<=0.0001,LASSO,KRR,4,0.8270355134856762,0.7434141951917554,0.5352588135671674,-0.0135073275767405
31.2696,-8.6054,|val|>=0.075,PCMCI,LIN,4,0.8230698030422796,0.7518883556663066,0.548193407215253,-0.01653560999045346
31.2696,-8.6054,|val|>=0.075,LASSO,LIN,4,0.8261790455257584,0.7452525037309374,0.5394703176116509,-0.018498086842830254
31.2696,-8.6054,|val|>=0.075,PCMCI,KRR,4,0.8227440540904707,0.752580194077568,0.542053184096831,-0.006951801817691984
31.2696,-8.6054,|val|>=0.075,LASSO,KRR,4,0.8270355134856762,0.7434141951917554,0.5352588135671674,-0.0135073275767405
31.2696,-8.6054,|val|>=0.10,PCMCI,LIN,4,0.8230698030422796,0.7518883556663066,0.548193407215253,-0.01653560999045346
31.2696,-8.6054,|val|>=0.10,LASSO,LIN,4,0.8261790455257584,0.7452525037309374,0.5394703176116509,-0.018498086842830254
31.2696,-8.6054,|val|>=0.10,PCMCI,KRR,4,0.8227440540904707,0.752580194077568,0.542053184096831,-0.006951801817691984
31.2696,-8.6054,|val|>=0.10,LASSO,KRR,4,0.8270355134856762,0.7434141951917554,0.5352588135671674,-0.0135073275767405
31.2696,-8.6054,|val|>=0.15,PCMCI,LIN,2,0.81833526628097,0.7618819626190575,0.5443338741516351,0.019854672042423086
31.2696,-8.6054,|val|>=0.15,LASSO,LIN,2,0.81833526628097,0.7618819626190575,0.5443338741516351,0.019854672042423086
31.2696,-8.6054,|val|>=0.15,PCMCI,KRR,2,0.8195248692512459,0.7593833332576563,0.5426147225324963,0.00766580769220127
31.2696,-8.6054,|val|>=0.15,LASSO,KRR,2,0.8195248692512459,0.7593833332576563,0.5426147225324963,0.00766580769220127
31.2696,-9.1054,-,CLIMATOLOGY,-,0,0.7998880562858934,0.7974586636515688,0.5950353152554055,-0.004931407591409434
31.2696,-9.1054,-,ALL,LIN,56,0.8596041446219419,0.6679574822368392,0.47411650023444946,-0.0322644670054726
31.2696,-9.1054,-,ALL,KRR,56,0.8565392826576577,0.675208925423319,0.47232953116972265,-0.014678441163463639
31.2696,-9.1054,fdr<=0.01,PCMCI,LIN,10,0.8595683796523679,0.6680425558230016,0.4680853859508661,-0.017137109505543313
31.2696,-9.1054,fdr<=0.01,LASSO,LIN,10,0.8605429629759558,0.6657204411528655,0.46663334574440357,-0.014743227576334138
31.2696,-9.1054,fdr<=0.01,PCMCI,KRR,10,0.8584165957051724,0.6707765178691287,0.46992775402369674,-0.01644396176838825
31.2696,-9.1054,fdr<=0.01,LASSO,KRR,10,0.8591610181771545,0.6690107769941923,0.4712031519355065,-0.02209872219250221
31.2696,-9.1054,fdr<=0.001,PCMCI,LIN,9,0.8597409225497346,0.6676320306672501,0.466790356786585,-0.015171903713215881
31.2696,-9.1054,fdr<=0.001,LASSO,LIN,9,0.8605814679408297,0.6656285300080811,0.46739271492893425,-0.017236658246624948
31.2696,-9.1054,fdr<=0.001,PCMCI,KRR,9,0.8580197840141612,0.6717158430974418,0.47034905488909523,-0.014810918604206663
31.2696,-9.1054,fdr<=0.001,LASSO,KRR,9,0.8587660306622378,0.6699482514246435,0.47229496593404524,-0.02108930845328855
31.2696,-9.1054,fdr<=0.0001,PCMCI,LIN,8,0.8597598977229235,0.6675868683072269,0.46712988944448874,-0.01632831486384712
31.2696,-9.1054,fdr<=0.0001,LASSO,LIN,8,0.8613110744897109,0.6638845582111048,0.46694966488005346,-0.014503288209124825
31.2696,-9.1054,fdr<=0.0001,PCMCI,KRR,8,0.857895360051174,0.6720101067872843,0.4710277994546801,-0.014548954139086152
31.2696,-9.1054,fdr<=0.0001,LASSO,KRR,8,0.8604524456892366,0.6659364554695445,0.4667535919495564,-0.01704779078498832
31.2696,-9.1054,|val|>=0.075,PCMCI,LIN,9,0.8597409225497346,0.6676320306672501,0.466790356786585,-0.015171903713215881
31.2696,-9.1054,|val|>=0.075,LASSO,LIN,9,0.8605814679408297,0.6656285300080811,0.46739271492893425,-0.017236658246624948
31.2696,-9.1054,|val|>=0.075,PCMCI,KRR,9,0.8580197840141612,0.6717158430974418,0.47034905488909523,-0.014810918604206663
31.2696,-9.1054,|val|>=0.075,LASSO,KRR,9,0.8587660306622378,0.6699482514246435,0.47229496593404524,-0.02108930845328855
31.2696,-9.1054,|val|>=0.10,PCMCI,LIN,5,0.8579862248132009,0.6717952235763213,0.47746159693874146,-0.027198686251434238
31.2696,-9.1054,|val|>=0.10,LASSO,LIN,5,0.8561015099357356,0.6762383462295193,0.4819343861397436,-0.03770866675144871
31.2696,-9.1054,|val|>=0.10,PCMCI,KRR,5,0.8577769407414173,0.6722900497966987,0.47479506810116123,-0.022115370989860075
31.2696,-9.1054,|val|>=0.10,LASSO,KRR,5,0.8584088209606655,0.6707949347326069,0.47953964544158584,-0.041051590953449076
31.2696,-9.1054,|val|>=0.15,PCMCI,LIN,3,0.8532272722330093,0.6829585687346915,0.4906353299265203,-0.04293992311443749
31.2696,-9.1054,|val|>=0.15,LASSO,LIN,3,0.8532272722330093,0.6829585687346915,0.4906353299265203,-0.04293992311443749
31.2696,-9.1054,|val|>=0.15,PCMCI,KRR,3,0.853265348755968,0.682869974706347,0.48853761645468113,-0.03975717049341143
31.2696,-9.1054,|val|>=0.15,LASSO,KRR,3,0.853265348755968,0.682869974706347,0.48853761645468113,-0.03975717049341143
31.2696,-9.6054,-,CLIMATOLOGY,-,0,0.7998880562858934,0.7974586636515688,0.5950353152554055,-0.004931407591409434
31.2696,-9.6054,-,ALL,LIN,56,0.8596041446219419,0.6679574822368392,0.47411650023444946,-0.0322644670054726
31.2696,-9.6054,-,ALL,KRR,56,0.8565392826576577,0.675208925423319,0.47232953116972265,-0.014678441163463639
31.2696,-9.6054,fdr<=0.01,PCMCI,LIN,10,0.8595683796523679,0.6680425558230016,0.4680853859508661,-0.017137109505543313
31.2696,-9.6054,fdr<=0.01,LASSO,LIN,10,0.8605429629759558,0.6657204411528655,0.46663334574440357,-0.014743227576334138
31.2696,-9.6054,fdr<=0.01,PCMCI,KRR,10,0.8584165957051724,0.6707765178691287,0.46992775402369674,-0.01644396176838825
31.2696,-9.6054,fdr<=0.01,LASSO,KRR,10,0.8591610181771545,0.6690107769941923,0.4712031519355065,-0.02209872219250221
31.2696,-9.6054,fdr<=0.001,PCMCI,LIN,9,0.8597409225497346,0.6676320306672501,0.466790356786585,-0.015171903713215881
31.2696,-9.6054,fdr<=0.001,LASSO,LIN,9,0.8605814679408297,0.6656285300080811,0.46739271492893425,-0.017236658246624948
31.2696,-9.6054,fdr<=0.001,PCMCI,KRR,9,0.8580197840141612,0.6717158430974418,0.47034905488909523,-0.014810918604206663
31.2696,-9.6054,fdr<=0.001,LASSO,KRR,9,0.8587660306622378,0.6699482514246435,0.47229496593404524,-0.02108930845328855
31.2696,-9.6054,fdr<=0.0001,PCMCI,LIN,8,0.8597598977229235,0.6675868683072269,0.46712988944448874,-0.01632831486384712
31.2696,-9.6054,fdr<=0.0001,LASSO,LIN,8,0.8613110744897109,0.6638845582111048,0.46694966488005346,-0.014503288209124825
31.2696,-9.6054,fdr<=0.0001,PCMCI,KRR,8,0.857895360051174,0.6720101067872843,0.4710277994546801,-0.014548954139086152
31.2696,-9.6054,fdr<=0.0001,LASSO,KRR,8,0.8604524456892366,0.6659364554695445,0.4667535919495564,-0.01704779078498832
31.2696,-9.6054,|val|>=0.075,PCMCI,LIN,9,0.8597409225497346,0.6676320306672501,0.466790356786585,-0.015171903713215881
31.2696,-9.6054,|val|>=0.075,LASSO,LIN,9,0.8605814679408297,0.6656285300080811,0.46739271492893425,-0.017236658246624948
31.2696,-9.6054,|val|>=0.075,PCMCI,KRR,9,0.8580197840141612,0.6717158430974418,0.47034905488909523,-0.014810918604206663
31.2696,-9.6054,|val|>=0.075,LASSO,KRR,9,0.8587660306622378,0.6699482514246435,0.47229496593404524,-0.02108930845328855
31.2696,-9.6054,|val|>=0.10,PCMCI,LIN,5,0.8579862248132009,0.6717952235763213,0.47746159693874146,-0.027198686251434238
31.2696,-9.6054,|val|>=0.10,LASSO,LIN,5,0.8561015099357356,0.6762383462295193,0.4819343861397436,-0.03770866675144871
31.2696,-9.6054,|val|>=0.10,PCMCI,KRR,5,0.8577769407414173,0.6722900497966987,0.47479506810116123,-0.022115370989860075
31.2696,-9.6054,|val|>=0.10,LASSO,KRR,5,0.8584088209606655,0.6707949347326069,0.47953964544158584,-0.041051590953449076
31.2696,-9.6054,|val|>=0.15,PCMCI,LIN,3,0.8532272722330093,0.6829585687346915,0.4906353299265203,-0.04293992311443749
31.2696,-9.6054,|val|>=0.15,LASSO,LIN,3,0.8532272722330093,0.6829585687346915,0.4906353299265203,-0.04293992311443749
31.2696,-9.6054,|val|>=0.15,PCMCI,KRR,3,0.853265348755968,0.682869974706347,0.48853761645468113,-0.03975717049341143
31.2696,-9.6054,|val|>=0.15,LASSO,KRR,3,0.853265348755968,0.682869974706347,0.48853761645468113,-0.03975717049341143
31.7696,-3.1054,-,CLIMATOLOGY,-,0,0.7789648023527114,0.7927980199899654,0.5451891287769834,0.02246215204193123
31.7696,-3.1054,-,ALL,LIN,56,0.8163192047789163,0.7227094178410385,0.4844331541895949,0.032011654566939725
31.7696,-3.1054,-,ALL,KRR,56,0.811518940219837,0.7320920592294257,0.4847707337495535,0.023570232831913458
31.7696,-3.1054,fdr<=0.01,PCMCI,LIN,3,0.8151983772523168,0.7249110651371891,0.47092498407447675,0.05671862351590014
31.7696,-3.1054,fdr<=0.01,LASSO,LIN,3,0.8151983772523168,0.7249110651371891,0.47092498407447675,0.05671862351590014
31.7696,-3.1054,fdr<=0.01,PCMCI,KRR,3,0.8177448382168859,0.7198993099455727,0.4667079960086799,0.05127668841740082
31.7696,-3.1054,fdr<=0.01,LASSO,KRR,3,0.8177448382168859,0.7198993099455727,0.4667079960086799,0.05127668841740082
31.7696,-3.1054,fdr<=0.001,PCMCI,LIN,3,0.8151983772523168,0.7249110651371891,0.47092498407447675,0.05671862351590014
31.7696,-3.1054,fdr<=0.001,LASSO,LIN,3,0.8151983772523168,0.7249110651371891,0.47092498407447675,0.05671862351590014
31.7696,-3.1054,fdr<=0.001,PCMCI,KRR,3,0.8177448382168859,0.7198993099455727,0.4667079960086799,0.05127668841740082
31.7696,-3.1054,fdr<=0.001,LASSO,KRR,3,0.8177448382168859,0.7198993099455727,0.4667079960086799,0.05127668841740082
31.7696,-3.1054,fdr<=0.0001,PCMCI,LIN,1,0.8134784077121318,0.7282766667756435,0.47090315516353715,0.07519132148357448
31.7696,-3.1054,fdr<=0.0001,LASSO,LIN,1,0.8134784077121318,0.7282766667756435,0.47090315516353715,0.07519132148357448
31.7696,-3.1054,fdr<=0.0001,PCMCI,KRR,1,0.8151410788001011,0.7250234371561329,0.4696280922511509,0.07041535877253516
31.7696,-3.1054,fdr<=0.0001,LASSO,KRR,1,0.8151410788001011,0.7250234371561329,0.4696280922511509,0.07041535877253516
31.7696,-3.1054,|val|>=0.075,PCMCI,LIN,2,0.8171922757253824,0.7209897819615287,0.46900426127144607,0.05780219168265225
31.7696,-3.1054,|val|>=0.075,LASSO,LIN,2,0.8171922757253824,0.7209897819615287,0.46900426127144607,0.05780219168265225
31.7696,-3.1054,|val|>=0.075,PCMCI,KRR,2,0.8200254101157638,0.7153810553150016,0.4629634978859979,0.05107359020759303
31.7696,-3.1054,|val|>=0.075,LASSO,KRR,2,0.8200254101157638,0.7153810553150016,0.4629634978859979,0.05107359020759303
31.7696,-3.1054,|val|>=0.10,PCMCI,LIN,1,0.8134784077121318,0.7282766667756435,0.47090315516353715,0.07519132148357448
31.7696,-3.1054,|val|>=0.10,LASSO,LIN,1,0.8134784077121318,0.7282766667756435,0.47090315516353715,0.07519132148357448
31.7696,-3.1054,|val|>=0.10,PCMCI,KRR,1,0.8151410788001011,0.7250234371561329,0.4696280922511509,0.07041535877253516
31.7696,-3.1054,|val|>=0.10,LASSO,KRR,1,0.8151410788001011,0.7250234371561329,0.4696280922511509,0.07041535877253516
31.7696,-3.1054,|val|>=0.15,PCMCI,LIN,1,0.8134784077121318,0.7282766667756435,0.47090315516353715,0.07519132148357448
31.7696,-3.1054,|val|>=0.15,LASSO,LIN,1,0.8134784077121318,0.7282766667756435,0.47090315516353715,0.07519132148357448
31.7696,-3.1054,|val|>=0.15,PCMCI,KRR,1,0.8151410788001011,0.7250234371561329,0.4696280922511509,0.07041535877253516
31.7696,-3.1054,|val|>=0.15,LASSO,KRR,1,0.8151410788001011,0.7250234371561329,0.4696280922511509,0.07041535877253516
31.7696,-3.6054,-,CLIMATOLOGY,-,0,0.7789648023527114,0.7927980199899654,0.5451891287769834,0.02246215204193123
31.7696,-3.6054,-,ALL,LIN,56,0.8153870374994032,0.7245409471132653,0.4858449587855452,0.03128003412903481
31.7696,-3.6054,-,ALL,KRR,56,0.8128303741147384,0.7295406988107431,0.4835476748801139,0.024636051633705247
31.7696,-3.6054,fdr<=0.01,PCMCI,LIN,4,0.816650746110219,0.7220568829305434,0.4730372182192993,0.0451981921924207
31.7696,-3.6054,fdr<=0.01,LASSO,LIN,4,0.8154245195981307,0.7244673913522668,0.4716594793235938,0.055218712472402356
31.7696,-3.6054,fdr<=0.01,PCMCI,KRR,4,0.8173438223895663,0.7206908715874415,0.4687173666272974,0.04594623304457615
31.7696,-3.6054,fdr<=0.01,LASSO,KRR,4,0.8190728797103476,0.7172716637734576,0.467164584500282,0.05040219570170144
31.7696,-3.6054,fdr<=0.001,PCMCI,LIN,2,0.8171922757253824,0.7209897819615287,0.46900426127144607,0.05780219168265225
31.7696,-3.6054,fdr<=0.001,LASSO,LIN,2,0.8171922757253824,0.7209897819615287,0.46900426127144607,0.05780219168265225
31.7696,-3.6054,fdr<=0.001,PCMCI,KRR,2,0.8200254101157638,0.7153810553150016,0.4629634978859979,0.05107359020759303
31.7696,-3.6054,fdr<=0.001,LASSO,KRR,2,0.8200254101157638,0.7153810553150016,0.4629634978859979,0.05107359020759303
31.7696,-3.6054,fdr<=0.0001,PCMCI,LIN,1,0.8134784077121318,0.7282766667756435,0.47090315516353715,0.07519132148357448
31.7696,-3.6054,fdr<=0.0001,LASSO,LIN,1,0.8134784077121318,0.7282766667756435,0.47090315516353715,0.07519132148357448
31.7696,-3.6054,fdr<=0.0001,PCMCI,KRR,1,0.8151410788001011,0.7250234371561329,0.4696280922511509,0.07041535877253516
31.7696,-3.6054,fdr<=0.0001,LASSO,KRR,1,0.8151410788001011,0.7250234371561329,0.4696280922511509,0.07041535877253516
31.7696,-3.6054,|val|>=0.075,PCMCI,LIN,2,0.8171922757253824,0.7209897819615287,0.46900426127144607,0.05780219168265225
31.7696,-3.6054,|val|>=0.075,LASSO,LIN,2,0.8171922757253824,0.7209897819615287,0.46900426127144607,0.05780219168265225
31.7696,-3.6054,|val|>=0.075,PCMCI,KRR,2,0.8200254101157638,0.7153810553150016,0.4629634978859979,0.05107359020759303
31.7696,-3.6054,|val|>=0.075,LASSO,KRR,2,0.8200254101157638,0.7153810553150016,0.4629634978859979,0.05107359020759303
31.7696,-3.6054,|val|>=0.10,PCMCI,LIN,1,0.8134784077121318,0.7282766667756435,0.47090315516353715,0.07519132148357448
31.7696,-3.6054,|val|>=0.10,LASSO,LIN,1,0.8134784077121318,0.7282766667756435,0.47090315516353715,0.07519132148357448
31.7696,-3.6054,|val|>=0.10,PCMCI,KRR,1,0.8151410788001011,0.7250234371561329,0.4696280922511509,0.07041535877253516
31.7696,-3.6054,|val|>=0.10,LASSO,KRR,1,0.8151410788001011,0.7250234371561329,0.4696280922511509,0.07041535877253516
31.7696,-3.6054,|val|>=0.15,PCMCI,LIN,1,0.8134784077121318,0.7282766667756435,0.47090315516353715,0.07519132148357448
31.7696,-3.6054,|val|>=0.15,LASSO,LIN,1,0.8134784077121318,0.7282766667756435,0.47090315516353715,0.07519132148357448
31.7696,-3.6054,|val|>=0.15,PCMCI,KRR,1,0.8151410788001011,0.7250234371561329,0.4696280922511509,0.07041535877253516
31.7696,-3.6054,|val|>=0.15,LASSO,KRR,1,0.8151410788001011,0.7250234371561329,0.4696280922511509,0.07041535877253516
31.7696,-4.1054,-,CLIMATOLOGY,-,0,0.75879462231081,0.8257719926881397,0.575541659154493,-0.0014276686313609644
31.7696,-4.1054,-,ALL,LIN,56,0.8059317697471658,0.7407026162965143,0.5049297339470694,0.0035495006122819753
31.7696,-4.1054,-,ALL,KRR,56,0.8012414002084669,0.7496000730828811,0.5073488448129321,0.002649089546027352
31.7696,-4.1054,fdr<=0.01,PCMCI,LIN,4,0.7994613597388235,0.7529492220036886,0.49837071149849443,0.04504500197960105
31.7696,-4.1054,fdr<=0.01,LASSO,LIN,4,0.8028477758754463,0.7465647775613266,0.49565482340229416,0.041508737540861124
31.7696,-4.1054,fdr<=0.01,PCMCI,KRR,4,0.7960591586063027,0.7593093702115867,0.5015764382275205,0.0384454418043736
31.7696,-4.1054,fdr<=0.01,LASSO,KRR,4,0.8044365469365374,0.7435505589435276,0.49250100641184424,0.03461882086342281
31.7696,-4.1054,fdr<=0.001,PCMCI,LIN,2,0.8011261163075114,0.7498174329692976,0.4953447183038538,0.04862051573212405
31.7696,-4.1054,fdr<=0.001,LASSO,LIN,2,0.8042888278255111,0.7438313268793806,0.49111700893389937,0.04303193936221316
31.7696,-4.1054,fdr<=0.001,PCMCI,KRR,2,0.8002276241196595,0.7515093240171596,0.496141420416839,0.052324570737269836
31.7696,-4.1054,fdr<=0.001,LASSO,KRR,2,0.8068366846516123,0.7389736985542333,0.48561203870215075,0.03836045718480724
31.7696,-4.1054,fdr<=0.0001,PCMCI,LIN,1,0.8003649881713455,0.7512509096176504,0.4939741343898154,0.056442992573941725
31.7696,-4.1054,fdr<=0.0001,LASSO,LIN,1,0.8003649881713455,0.7512509096176504,0.4939741343898154,0.056442992573941725
31.7696,-4.1054,fdr<=0.0001,PCMCI,KRR,1,0.8018088512162526,0.7485292631894046,0.49229505699906023,0.05506240585438291
31.7696,-4.1054,fdr<=0.0001,LASSO,KRR,1,0.8018088512162526,0.7485292631894046,0.49229505699906023,0.05506240585438291
31.7696,-4.1054,|val|>=0.075,PCMCI,LIN,2,0.8011261163075114,0.7498174329692976,0.4953447183038538,0.04862051573212405
31.7696,-4.1054,|val|>=0.075,LASSO,LIN,2,0.8042888278255111,0.7438313268793806,0.49111700893389937,0.04303193936221316
31.7696,-4.1054,|val|>=0.075,PCMCI,KRR,2,0.8002276241196595,0.7515093240171596,0.496141420416839,0.052324570737269836
31.7696,-4.1054,|val|>=0.075,LASSO,KRR,2,0.8068366846516123,0.7389736985542333,0.48561203870215075,0.03836045718480724
31.7696,-4.1054,|val|>=0.10,PCMCI,LIN,1,0.8003649881713455,0.7512509096176504,0.4939741343898154,0.056442992573941725
31.7696,-4.1054,|val|>=0.10,LASSO,LIN,1,0.8003649881713455,0.7512509096176504,0.4939741343898154,0.056442992573941725
31.7696,-4.1054,|val|>=0.10,PCMCI,KRR,1,0.8018088512162526,0.7485292631894046,0.49229505699906023,0.05506240585438291
31.7696,-4.1054,|val|>=0.10,LASSO,KRR,1,0.8018088512162526,0.7485292631894046,0.49229505699906023,0.05506240585438291
31.7696,-4.1054,|val|>=0.15,PCMCI,LIN,1,0.8003649881713455,0.7512509096176504,0.4939741343898154,0.056442992573941725
31.7696,-4.1054,|val|>=0.15,LASSO,LIN,1,0.8003649881713455,0.7512509096176504,0.4939741343898154,0.056442992573941725
31.7696,-4.1054,|val|>=0.15,PCMCI,KRR,1,0.8018088512162526,0.7485292631894046,0.49229505699906023,0.05506240585438291
31.7696,-4.1054,|val|>=0.15,LASSO,KRR,1,0.8018088512162526,0.7485292631894046,0.49229505699906023,0.05506240585438291
31.7696,-4.6054,-,CLIMATOLOGY,-,0,0.75879462231081,0.8257719926881397,0.575541659154493,-0.0014276686313609644
31.7696,-4.6054,-,ALL,LIN,56,0.8059317697471658,0.7407026162965143,0.5049297339470694,0.0035495006122819753
31.7696,-4.6054,-,ALL,KRR,56,0.8012414002084669,0.7496000730828811,0.5073488448129321,0.002649089546027352
31.7696,-4.6054,fdr<=0.01,PCMCI,LIN,4,0.7994613597388235,0.7529492220036886,0.49837071149849443,0.04504500197960105
31.7696,-4.6054,fdr<=0.01,LASSO,LIN,4,0.8028477758754463,0.7465647775613266,0.49565482340229416,0.041508737540861124
31.7696,-4.6054,fdr<=0.01,PCMCI,KRR,4,0.7960591586063027,0.7593093702115867,0.5015764382275205,0.0384454418043736
31.7696,-4.6054,fdr<=0.01,LASSO,KRR,4,0.8044365469365374,0.7435505589435276,0.49250100641184424,0.03461882086342281
31.7696,-4.6054,fdr<=0.001,PCMCI,LIN,2,0.8011261163075114,0.7498174329692976,0.4953447183038538,0.04862051573212405
31.7696,-4.6054,fdr<=0.001,LASSO,LIN,2,0.8042888278255111,0.7438313268793806,0.49111700893389937,0.04303193936221316
31.7696,-4.6054,fdr<=0.001,PCMCI,KRR,2,0.8002276241196595,0.7515093240171596,0.496141420416839,0.052324570737269836
31.7696,-4.6054,fdr<=0.001,LASSO,KRR,2,0.8068366846516123,0.7389736985542333,0.48561203870215075,0.03836045718480724
31.7696,-4.6054,fdr<=0.0001,PCMCI,LIN,1,0.8003649881713455,0.7512509096176504,0.4939741343898154,0.056442992573941725
31.7696,-4.6054,fdr<=0.0001,LASSO,LIN,1,0.8003649881713455,0.7512509096176504,0.4939741343898154,0.056442992573941725
31.7696,-4.6054,fdr<=0.0001,PCMCI,KRR,1,0.8018088512162526,0.7485292631894046,0.49229505699906023,0.05506240585438291
31.7696,-4.6054,fdr<=0.0001,LASSO,KRR,1,0.8018088512162526,0.7485292631894046,0.49229505699906023,0.05506240585438291
31.7696,-4.6054,|val|>=0.075,PCMCI,LIN,2,0.8011261163075114,0.7498174329692976,0.4953447183038538,0.04862051573212405
31.7696,-4.6054,|val|>=0.075,LASSO,LIN,2,0.8042888278255111,0.7438313268793806,0.49111700893389937,0.04303193936221316
31.7696,-4.6054,|val|>=0.075,PCMCI,KRR,2,0.8002276241196595,0.7515093240171596,0.496141420416839,0.052324570737269836
31.7696,-4.6054,|val|>=0.075,LASSO,KRR,2,0.8068366846516123,0.7389736985542333,0.48561203870215075,0.03836045718480724
31.7696,-4.6054,|val|>=0.10,PCMCI,LIN,1,0.8003649881713455,0.7512509096176504,0.4939741343898154,0.056442992573941725
31.7696,-4.6054,|val|>=0.10,LASSO,LIN,1,0.8003649881713455,0.7512509096176504,0.4939741343898154,0.056442992573941725
31.7696,-4.6054,|val|>=0.10,PCMCI,KRR,1,0.8018088512162526,0.7485292631894046,0.49229505699906023,0.05506240585438291
31.7696,-4.6054,|val|>=0.10,LASSO,KRR,1,0.8018088512162526,0.7485292631894046,0.49229505699906023,0.05506240585438291
31.7696,-4.6054,|val|>=0.15,PCMCI,LIN,1,0.8003649881713455,0.7512509096176504,0.4939741343898154,0.056442992573941725
31.7696,-4.6054,|val|>=0.15,LASSO,LIN,1,0.8003649881713455,0.7512509096176504,0.4939741343898154,0.056442992573941725
31.7696,-4.6054,|val|>=0.15,PCMCI,KRR,1,0.8018088512162526,0.7485292631894046,0.49229505699906023,0.05506240585438291
31.7696,-4.6054,|val|>=0.15,LASSO,KRR,1,0.8018088512162526,0.7485292631894046,0.49229505699906023,0.05506240585438291
31.7696,-5.1054,-,CLIMATOLOGY,-,0,0.6920498075426589,0.9389396520331589,0.7066651267399728,-0.01663788241879394
31.7696,-5.1054,-,ALL,LIN,56,0.7828530912989362,0.7884501962921514,0.5646789170445696,0.017666302995208168
31.7696,-5.1054,-,ALL,KRR,56,0.7748774547312678,0.8027992077382621,0.5745262844775996,0.01823486051004421
31.7696,-5.1054,fdr<=0.01,PCMCI,LIN,4,0.7700189534226125,0.8114158055432213,0.5607948815898691,0.11870288809677203
31.7696,-5.1054,fdr<=0.01,LASSO,LIN,4,0.7750503261199544,0.8024909141677559,0.5589258213108137,0.0929069683001956
31.7696,-5.1054,fdr<=0.01,PCMCI,KRR,4,0.7667899432535539,0.8170922238063869,0.5679651938822985,0.08804955036070551
31.7696,-5.1054,fdr<=0.01,LASSO,KRR,4,0.7774992039306148,0.7981108678796824,0.5548574894380006,0.07894042084187887
31.7696,-5.1054,fdr<=0.001,PCMCI,LIN,2,0.7678166821718387,0.815291560011637,0.5611266448478487,0.13026872146750693
31.7696,-5.1054,fdr<=0.001,LASSO,LIN,2,0.7754318701439625,0.801810060645593,0.5585251003243213,0.08984114044114398
31.7696,-5.1054,fdr<=0.001,PCMCI,KRR,2,0.7683766131364376,0.8143078921211334,0.5596520058230495,0.10851156266503681
31.7696,-5.1054,fdr<=0.001,LASSO,KRR,2,0.7790924659042022,0.7952482168405367,0.5550237301195314,0.06871649477816481
31.7696,-5.1054,fdr<=0.0001,PCMCI,LIN,2,0.7678166821718387,0.815291560011637,0.5611266448478487,0.13026872146750693
31.7696,-5.1054,fdr<=0.0001,LASSO,LIN,2,0.7754318701439625,0.801810060645593,0.5585251003243213,0.08984114044114398
31.7696,-5.1054,fdr<=0.0001,PCMCI,KRR,2,0.7683766131364376,0.8143078921211334,0.5596520058230495,0.10851156266503681
31.7696,-5.1054,fdr<=0.0001,LASSO,KRR,2,0.7790924659042022,0.7952482168405367,0.5550237301195314,0.06871649477816481
31.7696,-5.1054,|val|>=0.075,PCMCI,LIN,2,0.7678166821718387,0.815291560011637,0.5611266448478487,0.13026872146750693
31.7696,-5.1054,|val|>=0.075,LASSO,LIN,2,0.7754318701439625,0.801810060645593,0.5585251003243213,0.08984114044114398
31.7696,-5.1054,|val|>=0.075,PCMCI,KRR,2,0.7683766131364376,0.8143078921211334,0.5596520058230495,0.10851156266503681
31.7696,-5.1054,|val|>=0.075,LASSO,KRR,2,0.7790924659042022,0.7952482168405367,0.5550237301195314,0.06871649477816481
31.7696,-5.1054,|val|>=0.10,PCMCI,LIN,2,0.7678166821718387,0.815291560011637,0.5611266448478487,0.13026872146750693
31.7696,-5.1054,|val|>=0.10,LASSO,LIN,2,0.7754318701439625,0.801810060645593,0.5585251003243213,0.08984114044114398
31.7696,-5.1054,|val|>=0.10,PCMCI,KRR,2,0.7683766131364376,0.8143078921211334,0.5596520058230495,0.10851156266503681
31.7696,-5.1054,|val|>=0.10,LASSO,KRR,2,0.7790924659042022,0.7952482168405367,0.5550237301195314,0.06871649477816481
31.7696,-5.1054,|val|>=0.15,PCMCI,LIN,1,0.7670822507485047,0.8165799880283285,0.5617744387352461,0.13502448952641782
31.7696,-5.1054,|val|>=0.15,LASSO,LIN,1,0.7670822507485047,0.8165799880283285,0.5617744387352461,0.13502448952641782
31.7696,-5.1054,|val|>=0.15,PCMCI,KRR,1,0.7679000119834789,0.8151452441833824,0.5611182640486704,0.12942179658753447
31.7696,-5.1054,|val|>=0.15,LASSO,KRR,1,0.7679000119834789,0.8151452441833824,0.5611182640486704,0.12942179658753447
31.7696,-5.6054,-,CLIMATOLOGY,-,0,0.6920498075426589,0.9389396520331589,0.7066651267399728,-0.01663788241879394
31.7696,-5.6054,-,ALL,LIN,56,0.7823805758996334,0.7893075707082229,0.560701438471003,0.02885616160422834
31.7696,-5.6054,-,ALL,KRR,56,0.774529616278326,0.8034191737477046,0.5714880712808265,0.031364925419699236
31.7696,-5.6054,fdr<=0.01,PCMCI,LIN,7,0.7820945763977224,0.7898260617695373,0.5540136043779814,0.05015564126635766
31.7696,-5.6054,fdr<=0.01,LASSO,LIN,7,0.7785734601399683,0.7961818569494298,0.5589856525987439,0.0606856602050976
31.7696,-5.6054,fdr<=0.01,PCMCI,KRR,7,0.7785980796882146,0.7961375935505165,0.5615649366345687,0.023921148672019513
31.7696,-5.6054,fdr<=0.01,LASSO,KRR,7,0.7778490440060786,0.7974831824755665,0.5635591723268062,0.02720628274086498
31.7696,-5.6054,fdr<=0.001,PCMCI,LIN,2,0.7685822207258572,0.8139463892152015,0.5599355828557243,0.12697673300960569
31.7696,-5.6054,fdr<=0.001,LASSO,LIN,2,0.7754318701439625,0.801810060645593,0.5585251003243213,0.08984114044114398
31.7696,-5.6054,fdr<=0.001,PCMCI,KRR,2,0.768785402543663,0.8135889935483696,0.5583259361604131,0.10637244807111125
31.7696,-5.6054,fdr<=0.001,LASSO,KRR,2,0.7790924659042022,0.7952482168405367,0.5550237301195314,0.06871649477816481
31.7696,-5.6054,fdr<=0.0001,PCMCI,LIN,2,0.7685822207258572,0.8139463892152015,0.5599355828557243,0.12697673300960569
31.7696,-5.6054,fdr<=0.0001,LASSO,LIN,2,0.7754318701439625,0.801810060645593,0.5585251003243213,0.08984114044114398
31.7696,-5.6054,fdr<=0.0001,PCMCI,KRR,2,0.768785402543663,0.8135889935483696,0.5583259361604131,0.10637244807111125
31.7696,-5.6054,fdr<=0.0001,LASSO,KRR,2,0.7790924659042022,0.7952482168405367,0.5550237301195314,0.06871649477816481
31.7696,-5.6054,|val|>=0.075,PCMCI,LIN,2,0.7685822207258572,0.8139463892152015,0.5599355828557243,0.12697673300960569
31.7696,-5.6054,|val|>=0.075,LASSO,LIN,2,0.7754318701439625,0.801810060645593,0.5585251003243213,0.08984114044114398
31.7696,-5.6054,|val|>=0.075,PCMCI,KRR,2,0.768785402543663,0.8135889935483696,0.5583259361604131,0.10637244807111125
31.7696,-5.6054,|val|>=0.075,LASSO,KRR,2,0.7790924659042022,0.7952482168405367,0.5550237301195314,0.06871649477816481
31.7696,-5.6054,|val|>=0.10,PCMCI,LIN,2,0.7685822207258572,0.8139463892152015,0.5599355828557243,0.12697673300960569
31.7696,-5.6054,|val|>=0.10,LASSO,LIN,2,0.7754318701439625,0.801810060645593,0.5585251003243213,0.08984114044114398
31.7696,-5.6054,|val|>=0.10,PCMCI,KRR,2,0.768785402543663,0.8135889935483696,0.5583259361604131,0.10637244807111125
31.7696,-5.6054,|val|>=0.10,LASSO,KRR,2,0.7790924659042022,0.7952482168405367,0.5550237301195314,0.06871649477816481
31.7696,-5.6054,|val|>=0.15,PCMCI,LIN,1,0.7670822507485047,0.8165799880283285,0.5617744387352461,0.13502448952641782
31.7696,-5.6054,|val|>=0.15,LASSO,LIN,1,0.7670822507485047,0.8165799880283285,0.5617744387352461,0.13502448952641782
31.7696,-5.6054,|val|>=0.15,PCMCI,KRR,1,0.7679000119834789,0.8151452441833824,0.5611182640486704,0.12942179658753447
31.7696,-5.6054,|val|>=0.15,LASSO,KRR,1,0.7679000119834789,0.8151452441833824,0.5611182640486704,0.12942179658753447
31.7696,-6.1054,-,CLIMATOLOGY,-,0,0.6795472242515916,0.9682651817470276,0.7587997881439738,-0.01944156885567956
31.7696,-6.1054,-,ALL,LIN,56,0.7895291954043538,0.7847082650823237,0.5809650121199623,-0.01421710183960611
31.7696,-6.1054,-,ALL,KRR,56,0.781214265406451,0.8000585983250593,0.5980199896720759,-0.004637381738711609
31.7696,-6.1054,fdr<=0.01,PCMCI,LIN,8,0.7865895195412916,0.7901693286880003,0.5815061686230906,-0.007473636246217696
31.7696,-6.1054,fdr<=0.01,LASSO,LIN,8,0.7852689174208028,0.7926103755119623,0.5842949619717334,-0.01410071558872362
31.7696,-6.1054,fdr<=0.01,PCMCI,KRR,8,0.785868026478371,0.7915038944839226,0.5803547623295263,0.001589028693847818
31.7696,-6.1054,fdr<=0.01,LASSO,KRR,8,0.7827149265484727,0.7973100582653765,0.5845479155644608,-0.0022403767650734235
31.7696,-6.1054,fdr<=0.001,PCMCI,LIN,7,0.7834050649605958,0.7960428476098586,0.589416233080174,-0.01883184568324195
31.7696,-6.1054,fdr<=0.001,LASSO,LIN,7,0.7825771816463849,0.7975627401318824,0.5898329894464285,-0.0219495759376335
31.7696,-6.1054,fdr<=0.001,PCMCI,KRR,7,0.7833783190206105,0.7960919952434227,0.5850884063387234,-0.007233481787936284
31.7696,-6.1054,fdr<=0.001,LASSO,KRR,7,0.7799607343668746,0.8023472892778782,0.589555101958868,-0.011468969616554458
31.7696,-6.1054,fdr<=0.0001,PCMCI,LIN,5,0.7823948785568393,0.7978970373491898,0.5882418438381232,-0.017255138242769693
31.7696,-6.1054,fdr<=0.0001,LASSO,LIN,5,0.7778150040167482,0.806249874879341,0.6003792235429286,-0.03418178621709084
31.7696,-6.1054,fdr<=0.0001,PCMCI,KRR,5,0.7821060271456993,0.7984264303410787,0.5871181861147439,-0.004856792139591721
31.7696,-6.1054,fdr<=0.0001,LASSO,KRR,5,0.7771023882523745,0.807541785745785,0.5980749375844976,-0.019076022060515285
31.7696,-6.1054,|val|>=0.075,PCMCI,LIN,7,0.7834050649605958,0.7960428476098586,0.589416233080174,-0.01883184568324195
31.7696,-6.1054,|val|>=0.075,LASSO,LIN,7,0.7825771816463849,0.7975627401318824,0.5898329894464285,-0.0219495759376335
31.7696,-6.1054,|val|>=0.075,PCMCI,KRR,7,0.7833783190206105,0.7960919952434227,0.5850884063387234,-0.007233481787936284
31.7696,-6.1054,|val|>=0.075,LASSO,KRR,7,0.7799607343668746,0.8023472892778782,0.589555101958868,-0.011468969616554458
31.7696,-6.1054,|val|>=0.10,PCMCI,LIN,4,0.7831307471767306,0.7965467827837336,0.587285872276486,-0.021970642306369827
31.7696,-6.1054,|val|>=0.10,LASSO,LIN,4,0.7791550710992188,0.8038148253269978,0.5980542345601775,-0.03654442746250248
31.7696,-6.1054,|val|>=0.10,PCMCI,KRR,4,0.7821021666706083,0.7984335032574464,0.5877772724367688,-0.006804906694256371
31.7696,-6.1054,|val|>=0.10,LASSO,KRR,4,0.7800859970677209,0.8021188789169631,0.5930370152477303,-0.01976341394304623
31.7696,-6.1054,|val|>=0.15,PCMCI,LIN,2,0.7748789128349061,0.8115595356333353,0.5962226378193608,0.026283830769006217
31.7696,-6.1054,|val|>=0.15,LASSO,LIN,2,0.7710156910141456,0.8184933552873053,0.6034712974989471,0.029510296805449275
31.7696,-6.1054,|val|>=0.15,PCMCI,KRR,2,0.7758454274485602,0.809815523390541,0.5926059571147994,0.03966608255141254
31.7696,-6.1054,|val|>=0.15,LASSO,KRR,2,0.7709746501136803,0.8185667013594612,0.6005107707845209,0.03796556847182117
31.7696,-6.6054,-,CLIMATOLOGY,-,0,0.6795472242515916,0.9682651817470276,0.7587997881439738,-0.01944156885567956
31.7696,-6.6054,-,ALL,LIN,56,0.7943012579992597,0.7757613066501616,0.5775886057426444,-0.0163882009047244
31.7696,-6.6054,-,ALL,KRR,56,0.7879618576271618,0.7876246355513562,0.5898008072302781,-0.014936787907853253
31.7696,-6.6054,fdr<=0.01,PCMCI,LIN,6,0.7855161881118229,0.7921538841469665,0.5894365896965847,-0.03841493804686914
31.7696,-6.6054,fdr<=0.01,LASSO,LIN,6,0.7903115581684841,0.7832484471428367,0.5813641044273845,-0.02793753894832014
31.7696,-6.6054,fdr<=0.01,PCMCI,KRR,6,0.7892788498213844,0.7851748140333319,0.5825224538238606,-0.019769474618982527
31.7696,-6.6054,fdr<=0.01,LASSO,KRR,6,0.790615107487696,0.7826813185072379,0.5793956218830869,-0.014887190129893988
31.7696,-6.6054,fdr<=0.001,PCMCI,LIN,5,0.785589428560575,0.7920186229839865,0.5914174385392583,-0.03781415068332838
31.7696,-6.6054,fdr<=0.001,LASSO,LIN,5,0.7916587527886405,0.7807283073110759,0.579630523846398,-0.03155517273613188
31.7696,-6.6054,fdr<=0.001,PCMCI,KRR,5,0.7889098171288103,0.7858620455370088,0.5837061750136426,-0.01715300119914822
31.7696,-6.6054,fdr<=0.001,LASSO,KRR,5,0.79421286262324,0.7759279735588533,0.5737263967346199,-0.01734528638642356
31.7696,-6.6054,fdr<=0.0001,PCMCI,LIN,5,0.785589428560575,0.7920186229839865,0.5914174385392583,-0.03781415068332838
31.7696,-6.6054,fdr<=0.0001,LASSO,LIN,5,0.7916587527886405,0.7807283073110759,0.579630523846398,-0.03155517273613188
31.7696,-6.6054,fdr<=0.0001,PCMCI,KRR,5,0.7889098171288103,0.7858620455370088,0.5837061750136426,-0.01715300119914822
31.7696,-6.6054,fdr<=0.0001,LASSO,KRR,5,0.79421286262324,0.7759279735588533,0.5737263967346199,-0.01734528638642356
31.7696,-6.6054,|val|>=0.075,PCMCI,LIN,5,0.785589428560575,0.7920186229839865,0.5914174385392583,-0.03781415068332838
31.7696,-6.6054,|val|>=0.075,LASSO,LIN,5,0.7916587527886405,0.7807283073110759,0.579630523846398,-0.03155517273613188
31.7696,-6.6054,|val|>=0.075,PCMCI,KRR,5,0.7889098171288103,0.7858620455370088,0.5837061750136426,-0.01715300119914822
31.7696,-6.6054,|val|>=0.075,LASSO,KRR,5,0.79421286262324,0.7759279735588533,0.5737263967346199,-0.01734528638642356
31.7696,-6.6054,|val|>=0.10,PCMCI,LIN,3,0.7782427020747825,0.8054735001939167,0.5946392754292037,0.018950172873227075
31.7696,-6.6054,|val|>=0.10,LASSO,LIN,3,0.786320715753355,0.7906668058207501,0.5885252857553729,-0.044067615657977705
31.7696,-6.6054,|val|>=0.10,PCMCI,KRR,3,0.7792828440008359,0.8035822625670895,0.5881978500120224,0.02917181976857594
31.7696,-6.6054,|val|>=0.10,LASSO,KRR,3,0.7858681907958427,0.7915035907975051,0.5852099995652306,-0.02236638454303941
31.7696,-6.6054,|val|>=0.15,PCMCI,LIN,2,0.7771046446253869,0.8075376983980366,0.5960679927375936,0.01693357092522981
31.7696,-6.6054,|val|>=0.15,LASSO,LIN,2,0.7771046446253869,0.8075376983980366,0.5960679927375936,0.01693357092522981
31.7696,-6.6054,|val|>=0.15,PCMCI,KRR,2,0.7779970137089679,0.8059195749957281,0.5907572275714824,0.02342629379299089
31.7696,-6.6054,|val|>=0.15,LASSO,KRR,2,0.7779970137089679,0.8059195749957281,0.5907572275714824,0.02342629379299089
31.7696,-7.1054,-,CLIMATOLOGY,-,0,0.7151387069344777,0.9309146075467714,0.7393688715476537,-0.058501665960785085
31.7696,-7.1054,-,ALL,LIN,56,0.8051637011482058,0.7698889032282572,0.5867775311472051,-0.06997994656673609
31.7696,-7.1054,-,ALL,KRR,56,0.8016340291597854,0.7768312905814853,0.5942232947763679,-0.061636357523760454
31.7696,-7.1054,fdr<=0.01,PCMCI,LIN,6,0.7960807101061894,0.7876300542718021,0.6075648800438269,-0.09777781267655414
31.7696,-7.1054,fdr<=0.01,LASSO,LIN,6,0.7997366957021537,0.7805375722933725,0.5950639133363819,-0.08346793822867227
31.7696,-7.1054,fdr<=0.01,PCMCI,KRR,6,0.8018018507193001,0.7765026136832165,0.5942914051205123,-0.08204614819176649
31.7696,-7.1054,fdr<=0.01,LASSO,KRR,6,0.8046945056998276,0.7708153506087585,0.5854553382422811,-0.07044377996905551
31.7696,-7.1054,fdr<=0.001,PCMCI,LIN,4,0.7954307742320098,0.788884231316622,0.6071606320651752,-0.0930677335452879
31.7696,-7.1054,fdr<=0.001,LASSO,LIN,4,0.7955376567561501,0.7886781178262249,0.6079548759351565,-0.10346959254351304
31.7696,-7.1054,fdr<=0.001,PCMCI,KRR,4,0.7980789354355836,0.7837615214299147,0.5953576165839921,-0.07546349867519474
31.7696,-7.1054,fdr<=0.001,LASSO,KRR,4,0.7997042997571426,0.7806007022557578,0.5958314943089521,-0.08459351397336634
31.7696,-7.1054,fdr<=0.0001,PCMCI,LIN,4,0.7954307742320098,0.788884231316622,0.6071606320651752,-0.0930677335452879
31.7696,-7.1054,fdr<=0.0001,LASSO,LIN,4,0.7955376567561501,0.7886781178262249,0.6079548759351565,-0.10346959254351304
31.7696,-7.1054,fdr<=0.0001,PCMCI,KRR,4,0.7980789354355836,0.7837615214299147,0.5953576165839921,-0.07546349867519474
31.7696,-7.1054,fdr<=0.0001,LASSO,KRR,4,0.7997042997571426,0.7806007022557578,0.5958314943089521,-0.08459351397336634
31.7696,-7.1054,|val|>=0.075,PCMCI,LIN,4,0.7954307742320098,0.788884231316622,0.6071606320651752,-0.0930677335452879
31.7696,-7.1054,|val|>=0.075,LASSO,LIN,4,0.7955376567561501,0.7886781178262249,0.6079548759351565,-0.10346959254351304
31.7696,-7.1054,|val|>=0.075,PCMCI,KRR,4,0.7980789354355836,0.7837615214299147,0.5953576165839921,-0.07546349867519474
31.7696,-7.1054,|val|>=0.075,LASSO,KRR,4,0.7997042997571426,0.7806007022557578,0.5958314943089521,-0.08459351397336634
31.7696,-7.1054,|val|>=0.10,PCMCI,LIN,4,0.7954307742320098,0.788884231316622,0.6071606320651752,-0.0930677335452879
31.7696,-7.1054,|val|>=0.10,LASSO,LIN,4,0.7955376567561501,0.7886781178262249,0.6079548759351565,-0.10346959254351304
31.7696,-7.1054,|val|>=0.10,PCMCI,KRR,4,0.7980789354355836,0.7837615214299147,0.5953576165839921,-0.07546349867519474
31.7696,-7.1054,|val|>=0.10,LASSO,KRR,4,0.7997042997571426,0.7806007022557578,0.5958314943089521,-0.08459351397336634
31.7696,-7.1054,|val|>=0.15,PCMCI,LIN,2,0.7894813686082195,0.8002734214951049,0.604398796483788,-0.04215485187762628
31.7696,-7.1054,|val|>=0.15,LASSO,LIN,2,0.7894813686082195,0.8002734214951049,0.604398796483788,-0.04215485187762628
31.7696,-7.1054,|val|>=0.15,PCMCI,KRR,2,0.7915400383009087,0.7963508561130848,0.5984238599883468,-0.046876064089736144
31.7696,-7.1054,|val|>=0.15,LASSO,KRR,2,0.7915400383009087,0.7963508561130848,0.5984238599883468,-0.046876064089736144
31.7696,-7.6054,-,CLIMATOLOGY,-,0,0.7151387069344777,0.9309146075467714,0.7393688715476537,-0.058501665960785085
31.7696,-7.6054,-,ALL,LIN,56,0.8040506076717867,0.7720849464213057,0.5870488431333273,-0.063249619297541
31.7696,-7.6054,-,ALL,KRR,56,0.8023464970066373,0.7754349694811216,0.5940218003451295,-0.061190901623924515
31.7696,-7.6054,fdr<=0.01,PCMCI,LIN,4,0.7966228149833049,0.7865824284083415,0.6039087596361283,-0.08555060164566466
31.7696,-7.6054,fdr<=0.01,LASSO,LIN,4,0.795463687852277,0.7888207660510018,0.6062779487682619,-0.09660789674351655
31.7696,-7.6054,fdr<=0.01,PCMCI,KRR,4,0.7996525812410596,0.7807014755229108,0.5923532351058168,-0.0665701095976402
31.7696,-7.6054,fdr<=0.01,LASSO,KRR,4,0.8016814924821118,0.7767383482295528,0.5913575374562261,-0.07389514004100042
31.7696,-7.6054,fdr<=0.001,PCMCI,LIN,4,0.7966228149833049,0.7865824284083415,0.6039087596361283,-0.08555060164566466
31.7696,-7.6054,fdr<=0.001,LASSO,LIN,4,0.795463687852277,0.7888207660510018,0.6062779487682619,-0.09660789674351655
31.7696,-7.6054,fdr<=0.001,PCMCI,KRR,4,0.7996525812410596,0.7807014755229108,0.5923532351058168,-0.0665701095976402
31.7696,-7.6054,fdr<=0.001,LASSO,KRR,4,0.8016814924821118,0.7767383482295528,0.5913575374562261,-0.07389514004100042
31.7696,-7.6054,fdr<=0.0001,PCMCI,LIN,4,0.7966228149833049,0.7865824284083415,0.6039087596361283,-0.08555060164566466
31.7696,-7.6054,fdr<=0.0001,LASSO,LIN,4,0.795463687852277,0.7888207660510018,0.6062779487682619,-0.09660789674351655
31.7696,-7.6054,fdr<=0.0001,PCMCI,KRR,4,0.7996525812410596,0.7807014755229108,0.5923532351058168,-0.0665701095976402
31.7696,-7.6054,fdr<=0.0001,LASSO,KRR,4,0.8016814924821118,0.7767383482295528,0.5913575374562261,-0.07389514004100042
31.7696,-7.6054,|val|>=0.075,PCMCI,LIN,4,0.7966228149833049,0.7865824284083415,0.6039087596361283,-0.08555060164566466
31.7696,-7.6054,|val|>=0.075,LASSO,LIN,4,0.795463687852277,0.7888207660510018,0.6062779487682619,-0.09660789674351655
31.7696,-7.6054,|val|>=0.075,PCMCI,KRR,4,0.7996525812410596,0.7807014755229108,0.5923532351058168,-0.0665701095976402
31.7696,-7.6054,|val|>=0.075,LASSO,KRR,4,0.8016814924821118,0.7767383482295528,0.5913575374562261,-0.07389514004100042
31.7696,-7.6054,|val|>=0.10,PCMCI,LIN,3,0.7935442282434325,0.7925134450790922,0.601072502322074,-0.04810278126671996
31.7696,-7.6054,|val|>=0.10,LASSO,LIN,3,0.7961776843741227,0.7874427523967169,0.6055251292375247,-0.09702808575129496
31.7696,-7.6054,|val|>=0.10,PCMCI,KRR,3,0.7956976748434388,0.7883694363740801,0.5945682539688765,-0.047802680432631105
31.7696,-7.6054,|val|>=0.10,LASSO,KRR,3,0.7993993919325239,0.7811946260148916,0.5945520037296701,-0.07924869897709265
31.7696,-7.6054,|val|>=0.15,PCMCI,LIN,2,0.7926933589917065,0.7941448646503001,0.6013804221245882,-0.05290625844314959
31.7696,-7.6054,|val|>=0.15,LASSO,LIN,2,0.7926933589917065,0.7941448646503001,0.6013804221245882,-0.05290625844314959
31.7696,-7.6054,|val|>=0.15,PCMCI,KRR,2,0.7948260246290514,0.7900494245630773,0.59515599899924,-0.057429125789402694
31.7696,-7.6054,|val|>=0.15,LASSO,KRR,2,0.7948260246290514,0.7900494245630773,0.59515599899924,-0.057429125789402694
31.7696,-8.1054,-,CLIMATOLOGY,-,0,0.7648790323162956,0.8667583991905811,0.6562442463927639,-0.006758373454286238
31.7696,-8.1054,-,ALL,LIN,56,0.8242230671434683,0.7494338750017783,0.5445757224870459,-0.010906618754634213
31.7696,-8.1054,-,ALL,KRR,56,0.8235402900347825,0.7508879917289869,0.550948757910203,-0.021321578640415638
31.7696,-8.1054,fdr<=0.01,PCMCI,LIN,7,0.8204290118389239,0.7574787692079763,0.5555947218721404,-0.023558107855516118
31.7696,-8.1054,fdr<=0.01,LASSO,LIN,7,0.8238526111557879,0.7502231882975791,0.5494604013043239,-0.02104931201368593
31.7696,-8.1054,fdr<=0.01,PCMCI,KRR,7,0.8200868987417622,0.7581999884312298,0.5521488898278046,-0.027738081902140464
31.7696,-8.1054,fdr<=0.01,LASSO,KRR,7,0.824231637877554,0.7494156038991585,0.5505474567536582,-0.025942767647152247
31.7696,-8.1054,fdr<=0.001,PCMCI,LIN,4,0.8210838032809435,0.7560964646537173,0.5529644005660465,-0.016804802092412523
31.7696,-8.1054,fdr<=0.001,LASSO,LIN,4,0.8215138913616089,0.7551871458091917,0.5537257243346673,-0.028027201030447625
31.7696,-8.1054,fdr<=0.001,PCMCI,KRR,4,0.8224034184780086,0.7533029697552432,0.5449562578173179,-0.007103960304477812
31.7696,-8.1054,fdr<=0.001,LASSO,KRR,4,0.8209911667503856,0.7562921794367854,0.5528917721308155,-0.0268131455756689
31.7696,-8.1054,fdr<=0.0001,PCMCI,LIN,4,0.8210838032809435,0.7560964646537173,0.5529644005660465,-0.016804802092412523
31.7696,-8.1054,fdr<=0.0001,LASSO,LIN,4,0.8215138913616089,0.7551871458091917,0.5537257243346673,-0.028027201030447625
31.7696,-8.1054,fdr<=0.0001,PCMCI,KRR,4,0.8224034184780086,0.7533029697552432,0.5449562578173179,-0.007103960304477812
31.7696,-8.1054,fdr<=0.0001,LASSO,KRR,4,0.8209911667503856,0.7562921794367854,0.5528917721308155,-0.0268131455756689
31.7696,-8.1054,|val|>=0.075,PCMCI,LIN,4,0.8210838032809435,0.7560964646537173,0.5529644005660465,-0.016804802092412523
31.7696,-8.1054,|val|>=0.075,LASSO,LIN,4,0.8215138913616089,0.7551871458091917,0.5537257243346673,-0.028027201030447625
31.7696,-8.1054,|val|>=0.075,PCMCI,KRR,4,0.8224034184780086,0.7533029697552432,0.5449562578173179,-0.007103960304477812
31.7696,-8.1054,|val|>=0.075,LASSO,KRR,4,0.8209911667503856,0.7562921794367854,0.5528917721308155,-0.0268131455756689
31.7696,-8.1054,|val|>=0.10,PCMCI,LIN,4,0.8210838032809435,0.7560964646537173,0.5529644005660465,-0.016804802092412523
31.7696,-8.1054,|val|>=0.10,LASSO,LIN,4,0.8215138913616089,0.7551871458091917,0.5537257243346673,-0.028027201030447625
31.7696,-8.1054,|val|>=0.10,PCMCI,KRR,4,0.8224034184780086,0.7533029697552432,0.5449562578173179,-0.007103960304477812
31.7696,-8.1054,|val|>=0.10,LASSO,KRR,4,0.8209911667503856,0.7562921794367854,0.5528917721308155,-0.0268131455756689
31.7696,-8.1054,|val|>=0.15,PCMCI,LIN,2,0.8178658025508051,0.7628657671240223,0.5462312385859305,0.016161429734525456
31.7696,-8.1054,|val|>=0.15,LASSO,LIN,2,0.8178658025508051,0.7628657671240223,0.5462312385859305,0.016161429734525456
31.7696,-8.1054,|val|>=0.15,PCMCI,KRR,2,0.8186525259274737,0.7612163958299903,0.546225485205658,0.002334309415962906
31.7696,-8.1054,|val|>=0.15,LASSO,KRR,2,0.8186525259274737,0.7612163958299903,0.546225485205658,0.002334309415962906
31.7696,-8.6054,-,CLIMATOLOGY,-,0,0.7648790323162956,0.8667583991905811,0.6562442463927639,-0.006758373454286238
31.7696,-8.6054,-,ALL,LIN,56,0.8216014868399908,0.7550018117851123,0.5479393230027192,-0.007467402683838225
31.7696,-8.6054,-,ALL,KRR,56,0.8212448476543814,0.7557561028069635,0.5510096074917394,-0.01186553191619156
31.7696,-8.6054,fdr<=0.01,PCMCI,LIN,7,0.8202519891790363,0.7578520418540385,0.5517542517147337,-0.008168289271247778
31.7696,-8.6054,fdr<=0.01,LASSO,LIN,7,0.8217815168219743,0.7546207624451383,0.5492203733869211,-0.0071866618841411566
31.7696,-8.6054,fdr<=0.01,PCMCI,KRR,7,0.8214044383732266,0.7554186619266183,0.5504683121698908,-0.01475566360638012
31.7696,-8.6054,fdr<=0.01,LASSO,KRR,7,0.822961402676543,0.7521186512687421,0.5473888972088,-0.016016998738238964
31.7696,-8.6054,fdr<=0.001,PCMCI,LIN,5,0.8182630300381899,0.7620334230026282,0.5574286780647764,-0.016245778374282732
31.7696,-8.6054,fdr<=0.001,LASSO,LIN,5,0.8217796869983522,0.7546246363961671,0.5510265239107295,-0.01707680269503204
31.7696,-8.6054,fdr<=0.001,PCMCI,KRR,5,0.818452623670594,0.7616358308533375,0.554281266186285,-0.014327933663886745
31.7696,-8.6054,fdr<=0.001,LASSO,KRR,5,0.8223416609500602,0.7534339353546519,0.5502189408632182,-0.023041829583602267
31.7696,-8.6054,fdr<=0.0001,PCMCI,LIN,4,0.8193374142376169,0.7597776071605924,0.5543900974211637,-0.014196797696009565
31.7696,-8.6054,fdr<=0.0001,LASSO,LIN,4,0.8222759168396783,0.7535733300554859,0.5497946205732274,-0.015083581782539901
31.7696,-8.6054,fdr<=0.0001,PCMCI,KRR,4,0.8205387008689612,0.7572473849392374,0.5484316073395946,-0.007097909484549321
31.7696,-8.6054,fdr<=0.0001,LASSO,KRR,4,0.8243353183558626,0.7491945424154636,0.5457789045771753,-0.018164719818825482
31.7696,-8.6054,|val|>=0.075,PCMCI,LIN,5,0.8182630300381899,0.7620334230026282,0.5574286780647764,-0.016245778374282732
31.7696,-8.6054,|val|>=0.075,LASSO,LIN,5,0.8217796869983522,0.7546246363961671,0.5510265239107295,-0.01707680269503204
31.7696,-8.6054,|val|>=0.075,PCMCI,KRR,5,0.818452623670594,0.7616358308533375,0.554281266186285,-0.014327933663886745
31.7696,-8.6054,|val|>=0.075,LASSO,KRR,5,0.8223416609500602,0.7534339353546519,0.5502189408632182,-0.023041829583602267
31.7696,-8.6054,|val|>=0.10,PCMCI,LIN,4,0.8193374142376169,0.7597776071605924,0.5543900974211637,-0.014196797696009565
31.7696,-8.6054,|val|>=0.10,LASSO,LIN,4,0.8222759168396783,0.7535733300554859,0.5497946205732274,-0.015083581782539901
31.7696,-8.6054,|val|>=0.10,PCMCI,KRR,4,0.8205387008689612,0.7572473849392374,0.5484316073395946,-0.007097909484549321
31.7696,-8.6054,|val|>=0.10,LASSO,KRR,4,0.8243353183558626,0.7491945424154636,0.5457789045771753,-0.018164719818825482
31.7696,-8.6054,|val|>=0.15,PCMCI,LIN,2,0.818526444497729,0.7614809668590968,0.54625070688158,0.011574513866452918
31.7696,-8.6054,|val|>=0.15,LASSO,LIN,2,0.818526444497729,0.7614809668590968,0.54625070688158,0.011574513866452918
31.7696,-8.6054,|val|>=0.15,PCMCI,KRR,2,0.8192754391526286,0.7599079142854073,0.5461427797391404,-0.0004861914173454003
31.7696,-8.6054,|val|>=0.15,LASSO,KRR,2,0.8192754391526286,0.7599079142854073,0.5461427797391404,-0.0004861914173454003
31.7696,-9.1054,-,CLIMATOLOGY,-,0,0.7998880562858934,0.7974586636515688,0.5950353152554055,-0.004931407591409434
31.7696,-9.1054,-,ALL,LIN,56,0.8553088105462557,0.6780983987749571,0.4842787237131668,-0.03567055973754543
31.7696,-9.1054,-,ALL,KRR,56,0.8517234553130172,0.6864484108609464,0.4821042889024424,-0.009986288835017955
31.7696,-9.1054,fdr<=0.01,PCMCI,LIN,10,0.8562101966240534,0.6759829162042418,0.4814942636545519,-0.02798067554036944
31.7696,-9.1054,fdr<=0.01,LASSO,LIN,10,0.8571406724208896,0.6737921954844348,0.47948588721351293,-0.02730271592198191
31.7696,-9.1054,fdr<=0.01,PCMCI,KRR,10,0.8553137601624673,0.6780868004338826,0.4796283110449297,-0.02240942632427933
31.7696,-9.1054,fdr<=0.01,LASSO,KRR,10,0.8562559797751848,0.6758752900332029,0.47936800478754926,-0.025561465506497894
31.7696,-9.1054,fdr<=0.001,PCMCI,LIN,5,0.8559888732205612,0.6765029576455079,0.4847199285918117,-0.03181435606418944
31.7696,-9.1054,fdr<=0.001,LASSO,LIN,5,0.8531462785492749,0.6831469814667194,0.4905872417497819,-0.043590620572864544
31.7696,-9.1054,fdr<=0.001,PCMCI,KRR,5,0.8557355847550248,0.6770976169708467,0.48219940706611597,-0.02272284314204579
31.7696,-9.1054,fdr<=0.001,LASSO,KRR,5,0.8556570237458969,0.6772819529075843,0.4877121078899637,-0.04577532648030418
31.7696,-9.1054,fdr<=0.0001,PCMCI,LIN,5,0.8559888732205612,0.6765029576455079,0.4847199285918117,-0.03181435606418944
31.7696,-9.1054,fdr<=0.0001,LASSO,LIN,5,0.8531462785492749,0.6831469814667194,0.4905872417497819,-0.043590620572864544
31.7696,-9.1054,fdr<=0.0001,PCMCI,KRR,5,0.8557355847550248,0.6770976169708467,0.48219940706611597,-0.02272284314204579
31.7696,-9.1054,fdr<=0.0001,LASSO,KRR,5,0.8556570237458969,0.6772819529075843,0.4877121078899637,-0.04577532648030418
31.7696,-9.1054,|val|>=0.075,PCMCI,LIN,5,0.8559888732205612,0.6765029576455079,0.4847199285918117,-0.03181435606418944
31.7696,-9.1054,|val|>=0.075,LASSO,LIN,5,0.8531462785492749,0.6831469814667194,0.4905872417497819,-0.043590620572864544
31.7696,-9.1054,|val|>=0.075,PCMCI,KRR,5,0.8557355847550248,0.6770976169708467,0.48219940706611597,-0.02272284314204579
31.7696,-9.1054,|val|>=0.075,LASSO,KRR,5,0.8556570237458969,0.6772819529075843,0.4877121078899637,-0.04577532648030418
31.7696,-9.1054,|val|>=0.10,PCMCI,LIN,5,0.8559888732205612,0.6765029576455079,0.4847199285918117,-0.03181435606418944
31.7696,-9.1054,|val|>=0.10,LASSO,LIN,5,0.8531462785492749,0.6831469814667194,0.4905872417497819,-0.043590620572864544
31.7696,-9.1054,|val|>=0.10,PCMCI,KRR,5,0.8557355847550248,0.6770976169708467,0.48219940706611597,-0.02272284314204579
31.7696,-9.1054,|val|>=0.10,LASSO,KRR,5,0.8556570237458969,0.6772819529075843,0.4877121078899637,-0.04577532648030418
31.7696,-9.1054,|val|>=0.15,PCMCI,LIN,2,0.850123990484286,0.6901408527354906,0.4869742506178845,-0.0008797408427290154
31.7696,-9.1054,|val|>=0.15,LASSO,LIN,2,0.850123990484286,0.6901408527354906,0.4869742506178845,-0.0008797408427290154
31.7696,-9.1054,|val|>=0.15,PCMCI,KRR,2,0.8504787427117766,0.6893235970148883,0.4875209473237999,-0.011867004337383852
31.7696,-9.1054,|val|>=0.15,LASSO,KRR,2,0.8504787427117766,0.6893235970148883,0.4875209473237999,-0.011867004337383852
31.7696,-9.6054,-,CLIMATOLOGY,-,0,0.7998880562858934,0.7974586636515688,0.5950353152554055,-0.004931407591409434
31.7696,-9.6054,-,ALL,LIN,56,0.8553088105462557,0.6780983987749571,0.4842787237131668,-0.03567055973754543
31.7696,-9.6054,-,ALL,KRR,56,0.8517234553130172,0.6864484108609464,0.4821042889024424,-0.009986288835017955
31.7696,-9.6054,fdr<=0.01,PCMCI,LIN,10,0.8562101966240534,0.6759829162042418,0.4814942636545519,-0.02798067554036944
31.7696,-9.6054,fdr<=0.01,LASSO,LIN,10,0.8571406724208896,0.6737921954844348,0.47948588721351293,-0.02730271592198191
31.7696,-9.6054,fdr<=0.01,PCMCI,KRR,10,0.8553137601624673,0.6780868004338826,0.4796283110449297,-0.02240942632427933
31.7696,-9.6054,fdr<=0.01,LASSO,KRR,10,0.8562559797751848,0.6758752900332029,0.47936800478754926,-0.025561465506497894
31.7696,-9.6054,fdr<=0.001,PCMCI,LIN,5,0.8559888732205612,0.6765029576455079,0.4847199285918117,-0.03181435606418944
31.7696,-9.6054,fdr<=0.001,LASSO,LIN,5,0.8531462785492749,0.6831469814667194,0.4905872417497819,-0.043590620572864544
31.7696,-9.6054,fdr<=0.001,PCMCI,KRR,5,0.8557355847550248,0.6770976169708467,0.48219940706611597,-0.02272284314204579
31.7696,-9.6054,fdr<=0.001,LASSO,KRR,5,0.8556570237458969,0.6772819529075843,0.4877121078899637,-0.04577532648030418
31.7696,-9.6054,fdr<=0.0001,PCMCI,LIN,5,0.8559888732205612,0.6765029576455079,0.4847199285918117,-0.03181435606418944
31.7696,-9.6054,fdr<=0.0001,LASSO,LIN,5,0.8531462785492749,0.6831469814667194,0.4905872417497819,-0.043590620572864544
31.7696,-9.6054,fdr<=0.0001,PCMCI,KRR,5,0.8557355847550248,0.6770976169708467,0.48219940706611597,-0.02272284314204579
31.7696,-9.6054,fdr<=0.0001,LASSO,KRR,5,0.8556570237458969,0.6772819529075843,0.4877121078899637,-0.04577532648030418
31.7696,-9.6054,|val|>=0.075,PCMCI,LIN,5,0.8559888732205612,0.6765029576455079,0.4847199285918117,-0.03181435606418944
31.7696,-9.6054,|val|>=0.075,LASSO,LIN,5,0.8531462785492749,0.6831469814667194,0.4905872417497819,-0.043590620572864544
31.7696,-9.6054,|val|>=0.075,PCMCI,KRR,5,0.8557355847550248,0.6770976169708467,0.48219940706611597,-0.02272284314204579
31.7696,-9.6054,|val|>=0.075,LASSO,KRR,5,0.8556570237458969,0.6772819529075843,0.4877121078899637,-0.04577532648030418
31.7696,-9.6054,|val|>=0.10,PCMCI,LIN,5,0.8559888732205612,0.6765029576455079,0.4847199285918117,-0.03181435606418944
31.7696,-9.6054,|val|>=0.10,LASSO,LIN,5,0.8531462785492749,0.6831469814667194,0.4905872417497819,-0.043590620572864544
31.7696,-9.6054,|val|>=0.10,PCMCI,KRR,5,0.8557355847550248,0.6770976169708467,0.48219940706611597,-0.02272284314204579
31.7696,-9.6054,|val|>=0.10,LASSO,KRR,5,0.8556570237458969,0.6772819529075843,0.4877121078899637,-0.04577532648030418
31.7696,-9.6054,|val|>=0.15,PCMCI,LIN,2,0.850123990484286,0.6901408527354906,0.4869742506178845,-0.0008797408427290154
31.7696,-9.6054,|val|>=0.15,LASSO,LIN,2,0.850123990484286,0.6901408527354906,0.4869742506178845,-0.0008797408427290154
31.7696,-9.6054,|val|>=0.15,PCMCI,KRR,2,0.8504787427117766,0.6893235970148883,0.4875209473237999,-0.011867004337383852
31.7696,-9.6054,|val|>=0.15,LASSO,KRR,2,0.8504787427117766,0.6893235970148883,0.4875209473237999,-0.011867004337383852
32.2696,-1.6054,-,CLIMATOLOGY,-,0,0.7523066663694287,0.8900633074585446,0.6524046817372618,0.0028279401084244688
32.2696,-1.6054,-,ALL,LIN,56,0.7943081049202763,0.8110961283715512,0.5714978057986814,0.02179530853529937
32.2696,-1.6054,-,ALL,KRR,56,0.7936661006105767,0.8123609363991198,0.5788654339900902,-0.001300142921535316
32.2696,-1.6054,fdr<=0.01,PCMCI,LIN,6,0.792277294878906,0.8150902974744473,0.5712584415877366,0.03654187711370768
32.2696,-1.6054,fdr<=0.01,LASSO,LIN,6,0.7945977052073799,0.8105249429867016,0.5719287876615915,0.017240169090269646
32.2696,-1.6054,fdr<=0.01,PCMCI,KRR,6,0.7941111273854555,0.8114844020183206,0.5704098151053322,0.014496220666496388
32.2696,-1.6054,fdr<=0.01,LASSO,KRR,6,0.7983031153985151,0.8031808288694307,0.5694401127857719,0.006981498808490257
32.2696,-1.6054,fdr<=0.001,PCMCI,LIN,4,0.7919174087490285,0.8157960767183864,0.569769127912777,0.04570304801063847
32.2696,-1.6054,fdr<=0.001,LASSO,LIN,4,0.7924645150929133,0.8147228947386657,0.5692857660432128,0.0375913991721313
32.2696,-1.6054,fdr<=0.001,PCMCI,KRR,4,0.7936282186677404,0.8124355058186233,0.5705214293181913,0.026320718434597015
32.2696,-1.6054,fdr<=0.001,LASSO,KRR,4,0.7968158191368618,0.8061366845518888,0.5647099097679662,0.025810897282904914
32.2696,-1.6054,fdr<=0.0001,PCMCI,LIN,3,0.7926375799211899,0.8143831232405189,0.5696775008288077,0.04191972836219619
32.2696,-1.6054,fdr<=0.0001,LASSO,LIN,3,0.7920901922833063,0.8154573040181136,0.5697012225453058,0.03960217560392875
32.2696,-1.6054,fdr<=0.0001,PCMCI,KRR,3,0.7956504037873998,0.8084452814817369,0.566563217155754,0.03263225046138552
32.2696,-1.6054,fdr<=0.0001,LASSO,KRR,3,0.7962330529408386,0.8072919241745301,0.5655726207052195,0.025791482164541357
32.2696,-1.6054,|val|>=0.075,PCMCI,LIN,3,0.7926375799211899,0.8143831232405189,0.5696775008288077,0.04191972836219619
32.2696,-1.6054,|val|>=0.075,LASSO,LIN,3,0.7920901922833063,0.8154573040181136,0.5697012225453058,0.03960217560392875
32.2696,-1.6054,|val|>=0.075,PCMCI,KRR,3,0.7956504037873998,0.8084452814817369,0.566563217155754,0.03263225046138552
32.2696,-1.6054,|val|>=0.075,LASSO,KRR,3,0.7962330529408386,0.8072919241745301,0.5655726207052195,0.025791482164541357
32.2696,-1.6054,|val|>=0.10,PCMCI,LIN,2,0.791714510414517,0.8161937153050596,0.5696575909924396,0.043755234298478544
32.2696,-1.6054,|val|>=0.10,LASSO,LIN,2,0.7917091861361764,0.8162041471761369,0.572204544564998,0.036640430964605133
32.2696,-1.6054,|val|>=0.10,PCMCI,KRR,2,0.7941037306483592,0.8114989785294124,0.5673024432380182,0.03788457428413671
32.2696,-1.6054,|val|>=0.10,LASSO,KRR,2,0.7964460198984833,0.8068699434430432,0.567623486577435,0.02535588427151525
32.2696,-1.6054,|val|>=0.15,PCMCI,LIN,1,0.7912145782505793,0.8171726527639144,0.5724002462596621,0.04209205587464541
32.2696,-1.6054,|val|>=0.15,LASSO,LIN,1,0.7912145782505793,0.8171726527639144,0.5724002462596621,0.04209205587464541
32.2696,-1.6054,|val|>=0.15,PCMCI,KRR,1,0.7943208907891317,0.8110709189925259,0.5685273455790534,0.03957720344776411
32.2696,-1.6054,|val|>=0.15,LASSO,KRR,1,0.7943208907891317,0.8110709189925259,0.5685273455790534,0.03957720344776411
32.2696,-2.1054,-,CLIMATOLOGY,-,0,0.764763584926199,0.8608679341329438,0.6327437765172568,-0.01116206414068607
32.2696,-2.1054,-,ALL,LIN,56,0.8076499828746456,0.7784493671360643,0.5517549940185507,0.0109462979841138
32.2696,-2.1054,-,ALL,KRR,56,0.8032114487296063,0.7873796198118618,0.5605125727494276,-0.010634148605971143
32.2696,-2.1054,fdr<=0.01,PCMCI,LIN,5,0.8067893084610634,0.7801890177525733,0.5458695205260204,0.02667634399694523
32.2696,-2.1054,fdr<=0.01,LASSO,LIN,5,0.8054963950193674,0.7827950717136574,0.5516517459930217,0.008343447810504535
32.2696,-2.1054,fdr<=0.01,PCMCI,KRR,5,0.8090027307137603,0.7757072210641344,0.5471244784014043,0.011534604172352077
32.2696,-2.1054,fdr<=0.01,LASSO,KRR,5,0.8102438089520145,0.7731828856200519,0.5459918941653393,-0.0035726816349476707
32.2696,-2.1054,fdr<=0.001,PCMCI,LIN,3,0.8051599336212724,0.783471836858442,0.5495536289288375,0.020149402342849128
32.2696,-2.1054,fdr<=0.001,LASSO,LIN,3,0.8042515682838928,0.7852960281553579,0.5442479078587962,0.03535267444631095
32.2696,-2.1054,fdr<=0.001,PCMCI,KRR,3,0.8090842169329518,0.7755417312847047,0.547305588686378,0.00917233293391403
32.2696,-2.1054,fdr<=0.001,LASSO,KRR,3,0.8098738129339401,0.7739363136703619,0.5398184170882452,0.022263154671117166
32.2696,-2.1054,fdr<=0.0001,PCMCI,LIN,2,0.8036065577339608,0.7865887783517906,0.5446352028976836,0.041088313834872506
32.2696,-2.1054,fdr<=0.0001,LASSO,LIN,2,0.8037544157929654,0.7862926243988979,0.5455338446357105,0.03324737681810579
32.2696,-2.1054,fdr<=0.0001,PCMCI,KRR,2,0.8068347099762205,0.7800973462090153,0.5430613605453191,0.03268709272143337
32.2696,-2.1054,fdr<=0.0001,LASSO,KRR,2,0.8090526876775519,0.7756057680119275,0.5404640217822737,0.02423959781354837
32.2696,-2.1054,|val|>=0.075,PCMCI,LIN,2,0.8036065577339608,0.7865887783517906,0.5446352028976836,0.041088313834872506
32.2696,-2.1054,|val|>=0.075,LASSO,LIN,2,0.8037544157929654,0.7862926243988979,0.5455338446357105,0.03324737681810579
32.2696,-2.1054,|val|>=0.075,PCMCI,KRR,2,0.8068347099762205,0.7800973462090153,0.5430613605453191,0.03268709272143337
32.2696,-2.1054,|val|>=0.075,LASSO,KRR,2,0.8090526876775519,0.7756057680119275,0.5404640217822737,0.02423959781354837
32.2696,-2.1054,|val|>=0.10,PCMCI,LIN,2,0.8036065577339608,0.7865887783517906,0.5446352028976836,0.041088313834872506
32.2696,-2.1054,|val|>=0.10,LASSO,LIN,2,0.8037544157929654,0.7862926243988979,0.5455338446357105,0.03324737681810579
32.2696,-2.1054,|val|>=0.10,PCMCI,KRR,2,0.8068347099762205,0.7800973462090153,0.5430613605453191,0.03268709272143337
32.2696,-2.1054,|val|>=0.10,LASSO,KRR,2,0.8090526876775519,0.7756057680119275,0.5404640217822737,0.02423959781354837
32.2696,-2.1054,|val|>=0.15,PCMCI,LIN,1,0.8029187800089853,0.7879649073416256,0.5463905256908786,0.04013775992848534
32.2696,-2.1054,|val|>=0.15,LASSO,LIN,1,0.8029187800089853,0.7879649073416256,0.5463905256908786,0.04013775992848534
32.2696,-2.1054,|val|>=0.15,PCMCI,KRR,1,0.8064966923433216,0.7807795893895837,0.5424204596400672,0.03697683306364073
32.2696,-2.1054,|val|>=0.15,LASSO,KRR,1,0.8064966923433216,0.7807795893895837,0.5424204596400672,0.03697683306364073
32.2696,-2.6054,-,CLIMATOLOGY,-,0,0.764763584926199,0.8608679341329438,0.6327437765172568,-0.01116206414068607
32.2696,-2.6054,-,ALL,LIN,56,0.8083123799464651,0.7771078354700722,0.5517625369203651,0.006569122748023943
32.2696,-2.6054,-,ALL,KRR,56,0.8047062383695105,0.7843834839702004,0.5570003351939855,-0.01145263505276573
32.2696,-2.6054,fdr<=0.01,PCMCI,LIN,5,0.8066389801085637,0.7804924733330832,0.5459108706072847,0.02806969856150537
32.2696,-2.6054,fdr<=0.01,LASSO,LIN,5,0.806377012591747,0.7810210040311082,0.5498779284020593,0.011590310671059055
32.2696,-2.6054,fdr<=0.01,PCMCI,KRR,5,0.8089877610968961,0.7757376189133388,0.5474758060853405,0.01276281800418953
32.2696,-2.6054,fdr<=0.01,LASSO,KRR,5,0.8083878366618285,0.7769548684279265,0.5475279112380829,0.0037853563710353597
32.2696,-2.6054,fdr<=0.001,PCMCI,LIN,2,0.8039498467011565,0.7859010126376343,0.5445251943791728,0.04071841364473997
32.2696,-2.6054,fdr<=0.001,LASSO,LIN,2,0.8037544157929654,0.7862926243988979,0.5455338446357105,0.03324737681810579
32.2696,-2.6054,fdr<=0.001,PCMCI,KRR,2,0.8068016425799955,0.7801641146334983,0.5433311129666551,0.03277316650483366
32.2696,-2.6054,fdr<=0.001,LASSO,KRR,2,0.8090526876775519,0.7756057680119275,0.5404640217822737,0.02423959781354837
32.2696,-2.6054,fdr<=0.0001,PCMCI,LIN,2,0.8039498467011565,0.7859010126376343,0.5445251943791728,0.04071841364473997
32.2696,-2.6054,fdr<=0.0001,LASSO,LIN,2,0.8037544157929654,0.7862926243988979,0.5455338446357105,0.03324737681810579
32.2696,-2.6054,fdr<=0.0001,PCMCI,KRR,2,0.8068016425799955,0.7801641146334983,0.5433311129666551,0.03277316650483366
32.2696,-2.6054,fdr<=0.0001,LASSO,KRR,2,0.8090526876775519,0.7756057680119275,0.5404640217822737,0.02423959781354837
32.2696,-2.6054,|val|>=0.075,PCMCI,LIN,2,0.8039498467011565,0.7859010126376343,0.5445251943791728,0.04071841364473997
32.2696,-2.6054,|val|>=0.075,LASSO,LIN,2,0.8037544157929654,0.7862926243988979,0.5455338446357105,0.03324737681810579
32.2696,-2.6054,|val|>=0.075,PCMCI,KRR,2,0.8068016425799955,0.7801641146334983,0.5433311129666551,0.03277316650483366
32.2696,-2.6054,|val|>=0.075,LASSO,KRR,2,0.8090526876775519,0.7756057680119275,0.5404640217822737,0.02423959781354837
32.2696,-2.6054,|val|>=0.10,PCMCI,LIN,2,0.8039498467011565,0.7859010126376343,0.5445251943791728,0.04071841364473997
32.2696,-2.6054,|val|>=0.10,LASSO,LIN,2,0.8037544157929654,0.7862926243988979,0.5455338446357105,0.03324737681810579
32.2696,-2.6054,|val|>=0.10,PCMCI,KRR,2,0.8068016425799955,0.7801641146334983,0.5433311129666551,0.03277316650483366
32.2696,-2.6054,|val|>=0.10,LASSO,KRR,2,0.8090526876775519,0.7756057680119275,0.5404640217822737,0.02423959781354837
32.2696,-2.6054,|val|>=0.15,PCMCI,LIN,1,0.8029187800089853,0.7879649073416256,0.5463905256908786,0.04013775992848534
32.2696,-2.6054,|val|>=0.15,LASSO,LIN,1,0.8029187800089853,0.7879649073416256,0.5463905256908786,0.04013775992848534
32.2696,-2.6054,|val|>=0.15,PCMCI,KRR,1,0.8064966923433216,0.7807795893895837,0.5424204596400672,0.03697683306364073
32.2696,-2.6054,|val|>=0.15,LASSO,KRR,1,0.8064966923433216,0.7807795893895837,0.5424204596400672,0.03697683306364073
32.2696,-3.1054,-,CLIMATOLOGY,-,0,0.7446991169765693,0.8891984963757842,0.6397275869604699,0.00633162432815137
32.2696,-3.1054,-,ALL,LIN,56,0.7946461718455877,0.7974876437120396,0.5501543962638784,0.02705167986783942
32.2696,-3.1054,-,ALL,KRR,56,0.7910060901847588,0.8045246897728751,0.5517100334961338,0.023030200912125837
32.2696,-3.1054,fdr<=0.01,PCMCI,LIN,6,0.790384519468808,0.8057201737101818,0.540676366589584,0.0814360176849752
32.2696,-3.1054,fdr<=0.01,LASSO,LIN,6,0.792534075557448,0.8015782950368743,0.5422013044648076,0.049460824327806255
32.2696,-3.1054,fdr<=0.01,PCMCI,KRR,6,0.7887011643750913,0.8089489452798585,0.5446645922231903,0.05513378504557883
32.2696,-3.1054,fdr<=0.01,LASSO,KRR,6,0.7958453362625713,0.7951557684995614,0.5378214312387098,0.03600633357869488
32.2696,-3.1054,fdr<=0.001,PCMCI,LIN,4,0.7900564237797816,0.8063504944111253,0.5404996588941501,0.08470946760392939
32.2696,-3.1054,fdr<=0.001,LASSO,LIN,4,0.7896599786596326,0.8071114677960755,0.538123119346857,0.07922613063284556
32.2696,-3.1054,fdr<=0.001,PCMCI,KRR,4,0.793729499732105,0.7992656010450655,0.5370964397719334,0.06412322289343592
32.2696,-3.1054,fdr<=0.001,LASSO,KRR,4,0.7964922488050522,0.7938949489473246,0.5315893468710695,0.05749870787782915
32.2696,-3.1054,fdr<=0.0001,PCMCI,LIN,3,0.7899185816728169,0.8066151626969535,0.5409183749322009,0.08012547176866976
32.2696,-3.1054,fdr<=0.0001,LASSO,LIN,3,0.7894187326359791,0.8075741867604697,0.5377901726338147,0.07869927798388025
32.2696,-3.1054,fdr<=0.0001,PCMCI,KRR,3,0.7926278188566701,0.8013971783441914,0.5396022019624941,0.06246228171040042
32.2696,-3.1054,fdr<=0.0001,LASSO,KRR,3,0.7944159582789481,0.7979345334798725,0.5350016633597706,0.06114535535945001
32.2696,-3.1054,|val|>=0.075,PCMCI,LIN,4,0.7900564237797816,0.8063504944111253,0.5404996588941501,0.08470946760392939
32.2696,-3.1054,|val|>=0.075,LASSO,LIN,4,0.7896599786596326,0.8071114677960755,0.538123119346857,0.07922613063284556
32.2696,-3.1054,|val|>=0.075,PCMCI,KRR,4,0.793729499732105,0.7992656010450655,0.5370964397719334,0.06412322289343592
32.2696,-3.1054,|val|>=0.075,LASSO,KRR,4,0.7964922488050522,0.7938949489473246,0.5315893468710695,0.05749870787782915
32.2696,-3.1054,|val|>=0.10,PCMCI,LIN,2,0.7876901356545876,0.8108819767743758,0.5400138251247142,0.098284477106564
32.2696,-3.1054,|val|>=0.10,LASSO,LIN,2,0.7898334262290347,0.8067786248287969,0.5382942380846796,0.07617902159172794
32.2696,-3.1054,|val|>=0.10,PCMCI,KRR,2,0.7918104736706099,0.8029749549829605,0.5351375717165608,0.08288648888248831
32.2696,-3.1054,|val|>=0.10,LASSO,KRR,2,0.7947774156240313,0.7972327616358682,0.535114420746557,0.056777237867602866
32.2696,-3.1054,|val|>=0.15,PCMCI,LIN,1,0.7873486020515981,0.8115339298919799,0.5393422805855793,0.09897144404666211
32.2696,-3.1054,|val|>=0.15,LASSO,LIN,1,0.7873486020515981,0.8115339298919799,0.5393422805855793,0.09897144404666211
32.2696,-3.1054,|val|>=0.15,PCMCI,KRR,1,0.7899673405584213,0.8065215515173481,0.5380349499945956,0.08829512085253925
32.2696,-3.1054,|val|>=0.15,LASSO,KRR,1,0.7899673405584213,0.8065215515173481,0.5380349499945956,0.08829512085253925
32.2696,-3.6054,-,CLIMATOLOGY,-,0,0.7446991169765693,0.8891984963757842,0.6397275869604699,0.00633162432815137
32.2696,-3.6054,-,ALL,LIN,56,0.7958635459689799,0.795120305493914,0.5473518650760165,0.028080463269829825
32.2696,-3.6054,-,ALL,KRR,56,0.7917975320877608,0.8029999120631731,0.5492511680622726,0.02277600428507438
32.2696,-3.6054,fdr<=0.01,PCMCI,LIN,5,0.7913674019478414,0.8038289518495052,0.5412014660708849,0.07749991651292268
32.2696,-3.6054,fdr<=0.01,LASSO,LIN,5,0.7940586074354326,0.7986277263305288,0.540862283617494,0.04449389073141013
32.2696,-3.6054,fdr<=0.01,PCMCI,KRR,5,0.7903841150697634,0.8057209509245137,0.5431081674343645,0.05178124850092396
32.2696,-3.6054,fdr<=0.01,LASSO,KRR,5,0.7962423473400742,0.7943822390899267,0.5367011271333679,0.030113502825464475
32.2696,-3.6054,fdr<=0.001,PCMCI,LIN,4,0.7909931114049676,0.8045496703732379,0.5409376820280004,0.08068326149067369
32.2696,-3.6054,fdr<=0.001,LASSO,LIN,4,0.7899288533893727,0.8065954431433041,0.5377429484657548,0.08074544670147742
32.2696,-3.6054,fdr<=0.001,PCMCI,KRR,4,0.7945883559841125,0.7975998992046832,0.5378003352606878,0.05868562674264613
32.2696,-3.6054,fdr<=0.001,LASSO,KRR,4,0.7952387851664668,0.796336111114742,0.5315678030758695,0.05997124998058319
32.2696,-3.6054,fdr<=0.0001,PCMCI,LIN,4,0.7909931114049676,0.8045496703732379,0.5409376820280004,0.08068326149067369
32.2696,-3.6054,fdr<=0.0001,LASSO,LIN,4,0.7899288533893727,0.8065954431433041,0.5377429484657548,0.08074544670147742
32.2696,-3.6054,fdr<=0.0001,PCMCI,KRR,4,0.7945883559841125,0.7975998992046832,0.5378003352606878,0.05868562674264613
32.2696,-3.6054,fdr<=0.0001,LASSO,KRR,4,0.7952387851664668,0.796336111114742,0.5315678030758695,0.05997124998058319
32.2696,-3.6054,|val|>=0.075,PCMCI,LIN,4,0.7909931114049676,0.8045496703732379,0.5409376820280004,0.08068326149067369
32.2696,-3.6054,|val|>=0.075,LASSO,LIN,4,0.7899288533893727,0.8065954431433041,0.5377429484657548,0.08074544670147742
32.2696,-3.6054,|val|>=0.075,PCMCI,KRR,4,0.7945883559841125,0.7975998992046832,0.5378003352606878,0.05868562674264613
32.2696,-3.6054,|val|>=0.075,LASSO,KRR,4,0.7952387851664668,0.796336111114742,0.5315678030758695,0.05997124998058319
32.2696,-3.6054,|val|>=0.10,PCMCI,LIN,2,0.7879842659769701,0.8103200913424631,0.5401322823548382,0.0979868173851626
32.2696,-3.6054,|val|>=0.10,LASSO,LIN,2,0.7898334262290347,0.8067786248287969,0.5382942380846796,0.07617902159172794
32.2696,-3.6054,|val|>=0.10,PCMCI,KRR,2,0.7917547273750659,0.8030824529052604,0.5348127487654206,0.0833964415133145
32.2696,-3.6054,|val|>=0.10,LASSO,KRR,2,0.7947774156240313,0.7972327616358682,0.535114420746557,0.056777237867602866
32.2696,-3.6054,|val|>=0.15,PCMCI,LIN,1,0.7873486020515981,0.8115339298919799,0.5393422805855793,0.09897144404666211
32.2696,-3.6054,|val|>=0.15,LASSO,LIN,1,0.7873486020515981,0.8115339298919799,0.5393422805855793,0.09897144404666211
32.2696,-3.6054,|val|>=0.15,PCMCI,KRR,1,0.7899673405584213,0.8065215515173481,0.5380349499945956,0.08829512085253925
32.2696,-3.6054,|val|>=0.15,LASSO,KRR,1,0.7899673405584213,0.8065215515173481,0.5380349499945956,0.08829512085253925
32.2696,-4.1054,-,CLIMATOLOGY,-,0,0.7042014044375473,0.951329971604388,0.7087871380361785,0.010423315216832853
32.2696,-4.1054,-,ALL,LIN,56,0.7780058634320447,0.8241454730787438,0.5923366998643514,0.009682819906957744
32.2696,-4.1054,-,ALL,KRR,56,0.7735579770136292,0.8323608377279543,0.5992953062841156,0.009057543772215312
32.2696,-4.1054,fdr<=0.01,PCMCI,LIN,7,0.776240008269983,0.8274168182607298,0.5914019010483541,0.021240217965308523
32.2696,-4.1054,fdr<=0.01,LASSO,LIN,7,0.7755295222158489,0.8287293902564865,0.5964289599980643,-0.0014288885693203948
32.2696,-4.1054,fdr<=0.01,PCMCI,KRR,7,0.77087147758878,0.8372838276739326,0.5960604314963454,0.013972068742926362
32.2696,-4.1054,fdr<=0.01,LASSO,KRR,7,0.774436553176578,0.8307445230988276,0.5913866622945364,-0.0011258381176516422
32.2696,-4.1054,fdr<=0.001,PCMCI,LIN,5,0.7766810311726043,0.8266010116737976,0.5928166676038311,0.017081522671114936
32.2696,-4.1054,fdr<=0.001,LASSO,LIN,5,0.7768504973021848,0.8262873180808273,0.5945051269272611,0.0014674783239205782
32.2696,-4.1054,fdr<=0.001,PCMCI,KRR,5,0.7727611335098226,0.8338240794934582,0.5940440843860408,0.011672673555504231
32.2696,-4.1054,fdr<=0.001,LASSO,KRR,5,0.7740677467086493,0.8314233982046856,0.5897024437383613,0.005117511043077758
32.2696,-4.1054,fdr<=0.0001,PCMCI,LIN,4,0.7766578591545202,0.8266438954396788,0.5920423783032556,0.010770443175296823
32.2696,-4.1054,fdr<=0.0001,LASSO,LIN,4,0.7746187519268496,0.8304089386019828,0.5889724596089103,0.03492285670438958
32.2696,-4.1054,fdr<=0.0001,PCMCI,KRR,4,0.7716959397305054,0.8357760910846317,0.5946676747052225,0.009175110148771733
32.2696,-4.1054,fdr<=0.0001,LASSO,KRR,4,0.7749801196123925,0.8297429485502851,0.5823141486466558,0.036985572658812124
32.2696,-4.1054,|val|>=0.075,PCMCI,LIN,5,0.7766810311726043,0.8266010116737976,0.5928166676038311,0.017081522671114936
32.2696,-4.1054,|val|>=0.075,LASSO,LIN,5,0.7768504973021848,0.8262873180808273,0.5945051269272611,0.0014674783239205782
32.2696,-4.1054,|val|>=0.075,PCMCI,KRR,5,0.7727611335098226,0.8338240794934582,0.5940440843860408,0.011672673555504231
32.2696,-4.1054,|val|>=0.075,LASSO,KRR,5,0.7740677467086493,0.8314233982046856,0.5897024437383613,0.005117511043077758
32.2696,-4.1054,|val|>=0.10,PCMCI,LIN,3,0.775929988292417,0.8279898137997538,0.5936062556017795,0.009865386358746158
32.2696,-4.1054,|val|>=0.10,LASSO,LIN,3,0.7743415448915403,0.8309194612462617,0.5883885739533765,0.03387345885691083
32.2696,-4.1054,|val|>=0.10,PCMCI,KRR,3,0.7737990637527843,0.8319176236145318,0.5927804174749111,0.010739008730992436
32.2696,-4.1054,|val|>=0.10,LASSO,KRR,3,0.7729393121764425,0.8334971134249411,0.5871408610386895,0.0355097902134622
32.2696,-4.1054,|val|>=0.15,PCMCI,LIN,1,0.7739995087010788,0.8315489455581231,0.588683493501819,0.03395466142067089
32.2696,-4.1054,|val|>=0.15,LASSO,LIN,1,0.7739995087010788,0.8315489455581231,0.588683493501819,0.03395466142067089
32.2696,-4.1054,|val|>=0.15,PCMCI,KRR,1,0.7740197719982083,0.8315116662120153,0.5876305761056211,0.03823978656267025
32.2696,-4.1054,|val|>=0.15,LASSO,KRR,1,0.7740197719982083,0.8315116662120153,0.5876305761056211,0.03823978656267025
32.2696,-4.6054,-,CLIMATOLOGY,-,0,0.7042014044375473,0.951329971604388,0.7087871380361785,0.010423315216832853
32.2696,-4.6054,-,ALL,LIN,56,0.7780058634320447,0.8241454730787438,0.5923366998643514,0.009682819906957744
32.2696,-4.6054,-,ALL,KRR,56,0.7735579770136292,0.8323608377279543,0.5992953062841156,0.009057543772215312
32.2696,-4.6054,fdr<=0.01,PCMCI,LIN,7,0.776240008269983,0.8274168182607298,0.5914019010483541,0.021240217965308523
32.2696,-4.6054,fdr<=0.01,LASSO,LIN,7,0.7755295222158489,0.8287293902564865,0.5964289599980643,-0.0014288885693203948
32.2696,-4.6054,fdr<=0.01,PCMCI,KRR,7,0.77087147758878,0.8372838276739326,0.5960604314963454,0.013972068742926362
32.2696,-4.6054,fdr<=0.01,LASSO,KRR,7,0.774436553176578,0.8307445230988276,0.5913866622945364,-0.0011258381176516422
32.2696,-4.6054,fdr<=0.001,PCMCI,LIN,5,0.7766810311726043,0.8266010116737976,0.5928166676038311,0.017081522671114936
32.2696,-4.6054,fdr<=0.001,LASSO,LIN,5,0.7768504973021848,0.8262873180808273,0.5945051269272611,0.0014674783239205782
32.2696,-4.6054,fdr<=0.001,PCMCI,KRR,5,0.7727611335098226,0.8338240794934582,0.5940440843860408,0.011672673555504231
32.2696,-4.6054,fdr<=0.001,LASSO,KRR,5,0.7740677467086493,0.8314233982046856,0.5897024437383613,0.005117511043077758
32.2696,-4.6054,fdr<=0.0001,PCMCI,LIN,4,0.7766578591545202,0.8266438954396788,0.5920423783032556,0.010770443175296823
32.2696,-4.6054,fdr<=0.0001,LASSO,LIN,4,0.7746187519268496,0.8304089386019828,0.5889724596089103,0.03492285670438958
32.2696,-4.6054,fdr<=0.0001,PCMCI,KRR,4,0.7716959397305054,0.8357760910846317,0.5946676747052225,0.009175110148771733
32.2696,-4.6054,fdr<=0.0001,LASSO,KRR,4,0.7749801196123925,0.8297429485502851,0.5823141486466558,0.036985572658812124
32.2696,-4.6054,|val|>=0.075,PCMCI,LIN,5,0.7766810311726043,0.8266010116737976,0.5928166676038311,0.017081522671114936
32.2696,-4.6054,|val|>=0.075,LASSO,LIN,5,0.7768504973021848,0.8262873180808273,0.5945051269272611,0.0014674783239205782
32.2696,-4.6054,|val|>=0.075,PCMCI,KRR,5,0.7727611335098226,0.8338240794934582,0.5940440843860408,0.011672673555504231
32.2696,-4.6054,|val|>=0.075,LASSO,KRR,5,0.7740677467086493,0.8314233982046856,0.5897024437383613,0.005117511043077758
32.2696,-4.6054,|val|>=0.10,PCMCI,LIN,3,0.775929988292417,0.8279898137997538,0.5936062556017795,0.009865386358746158
32.2696,-4.6054,|val|>=0.10,LASSO,LIN,3,0.7743415448915403,0.8309194612462617,0.5883885739533765,0.03387345885691083
32.2696,-4.6054,|val|>=0.10,PCMCI,KRR,3,0.7737990637527843,0.8319176236145318,0.5927804174749111,0.010739008730992436
32.2696,-4.6054,|val|>=0.10,LASSO,KRR,3,0.7729393121764425,0.8334971134249411,0.5871408610386895,0.0355097902134622
32.2696,-4.6054,|val|>=0.15,PCMCI,LIN,1,0.7739995087010788,0.8315489455581231,0.588683493501819,0.03395466142067089
32.2696,-4.6054,|val|>=0.15,LASSO,LIN,1,0.7739995087010788,0.8315489455581231,0.588683493501819,0.03395466142067089
32.2696,-4.6054,|val|>=0.15,PCMCI,KRR,1,0.7740197719982083,0.8315116662120153,0.5876305761056211,0.03823978656267025
32.2696,-4.6054,|val|>=0.15,LASSO,KRR,1,0.7740197719982083,0.8315116662120153,0.5876305761056211,0.03823978656267025
32.2696,-5.1054,-,CLIMATOLOGY,-,0,0.6506137877795886,1.0657944444203475,0.8358926956752086,-0.038728684759265664
32.2696,-5.1054,-,ALL,LIN,56,0.7615342804702422,0.8805084921974613,0.6554819306863393,-0.022620846784918578
32.2696,-5.1054,-,ALL,KRR,56,0.7491322828333076,0.9031148007340847,0.6733515060834401,-0.015892232287788497
32.2696,-5.1054,fdr<=0.01,PCMCI,LIN,10,0.7579538950592797,0.8870939553833403,0.6677498315005134,-0.051254298717149045
32.2696,-5.1054,fdr<=0.01,LASSO,LIN,10,0.7572505670158025,0.8883818618223842,0.6632732814621768,-0.030304864457682046
32.2696,-5.1054,fdr<=0.01,PCMCI,KRR,10,0.7566945130099592,0.8893987658000214,0.6656080019685199,-0.05025403599111785
32.2696,-5.1054,fdr<=0.01,LASSO,KRR,10,0.7546339275404037,0.8931570415293093,0.667574718778993,-0.03364951349876083
32.2696,-5.1054,fdr<=0.001,PCMCI,LIN,9,0.7570339811775566,0.8887780893826056,0.6664394026565468,-0.04151418749706395
32.2696,-5.1054,fdr<=0.001,LASSO,LIN,9,0.7573969023943047,0.8881140521464254,0.6631574331803907,-0.03253035927238634
32.2696,-5.1054,fdr<=0.001,PCMCI,KRR,9,0.7571950179542964,0.888483501515716,0.6635888939822662,-0.045094747915885386
32.2696,-5.1054,fdr<=0.001,LASSO,KRR,9,0.7520207351780871,0.8979005858464408,0.6703689663636337,-0.032352459319182326
32.2696,-5.1054,fdr<=0.0001,PCMCI,LIN,5,0.7536153816408474,0.8950089261341887,0.6711329804703963,-0.04012351601727881
32.2696,-5.1054,fdr<=0.0001,LASSO,LIN,5,0.7545251886833516,0.8933549297642474,0.6703070066437147,-0.048572593442565586
32.2696,-5.1054,fdr<=0.0001,PCMCI,KRR,5,0.7530613557478992,0.8960146295063813,0.6672711970305722,-0.04010723827615617
32.2696,-5.1054,fdr<=0.0001,LASSO,KRR,5,0.7525856674781587,0.8968772295753265,0.668521404462223,-0.05048882309487347
32.2696,-5.1054,|val|>=0.075,PCMCI,LIN,5,0.7536153816408474,0.8950089261341887,0.6711329804703963,-0.04012351601727881
32.2696,-5.1054,|val|>=0.075,LASSO,LIN,5,0.7545251886833516,0.8933549297642474,0.6703070066437147,-0.048572593442565586
32.2696,-5.1054,|val|>=0.075,PCMCI,KRR,5,0.7530613557478992,0.8960146295063813,0.6672711970305722,-0.04010723827615617
32.2696,-5.1054,|val|>=0.075,LASSO,KRR,5,0.7525856674781587,0.8968772295753265,0.668521404462223,-0.05048882309487347
32.2696,-5.1054,|val|>=0.10,PCMCI,LIN,4,0.7534079003311502,0.8953856918343491,0.6711038235968437,-0.038765617005496085
32.2696,-5.1054,|val|>=0.10,LASSO,LIN,4,0.7531794463548003,0.8958003585385498,0.6718020975626232,-0.052903382188135686
32.2696,-5.1054,|val|>=0.10,PCMCI,KRR,4,0.7549115481537824,0.8926516151240257,0.664759597600334,-0.04374168757872026
32.2696,-5.1054,|val|>=0.10,LASSO,KRR,4,0.7515716075272333,0.8987133343433052,0.6690982323992317,-0.05355176879728926
32.2696,-5.1054,|val|>=0.15,PCMCI,LIN,2,0.7500459116375231,0.901468785227919,0.6688846222209293,-0.0011178165793362007
32.2696,-5.1054,|val|>=0.15,LASSO,LIN,2,0.7500459116375231,0.901468785227919,0.6688846222209293,-0.0011178165793362007
32.2696,-5.1054,|val|>=0.15,PCMCI,KRR,2,0.7508391383512769,0.9000372476506838,0.6608479664050931,0.004874310159006502
32.2696,-5.1054,|val|>=0.15,LASSO,KRR,2,0.7508391383512769,0.9000372476506838,0.6608479664050931,0.004874310159006502
32.2696,-5.6054,-,CLIMATOLOGY,-,0,0.6506137877795886,1.0657944444203475,0.8358926956752086,-0.038728684759265664
32.2696,-5.6054,-,ALL,LIN,56,0.769136142115473,0.866360304410222,0.6455397441232963,-0.032134643523425536
32.2696,-5.6054,-,ALL,KRR,56,0.7578776286395025,0.8872337017995032,0.6562240593187905,-0.021199821444947045
32.2696,-5.6054,fdr<=0.01,PCMCI,LIN,10,0.766350635084252,0.8715712044674877,0.6522848150140862,-0.03730000650161853
32.2696,-5.6054,fdr<=0.01,LASSO,LIN,10,0.7639465756864573,0.8760436042665881,0.6548524162086832,-0.050326357783205315
32.2696,-5.6054,fdr<=0.01,PCMCI,KRR,10,0.7643889328350415,0.8752223794221231,0.6544518698174224,-0.04696910783938978
32.2696,-5.6054,fdr<=0.01,LASSO,KRR,10,0.7652891232373564,0.8735488146365544,0.6522143043134996,-0.04410714309850287
32.2696,-5.6054,fdr<=0.001,PCMCI,LIN,7,0.7670130961528642,0.8703347537871693,0.6495225871910504,-0.03246227759143363
32.2696,-5.6054,fdr<=0.001,LASSO,LIN,7,0.7628396311868565,0.8780952530605384,0.6573626648436227,-0.05153256673497048
32.2696,-5.6054,fdr<=0.001,PCMCI,KRR,7,0.7664005975366319,0.8714780131956619,0.6471708709767107,-0.033906419209188514
32.2696,-5.6054,fdr<=0.001,LASSO,KRR,7,0.7615276123622663,0.880520802739764,0.6578563190751004,-0.04633369023030956
32.2696,-5.6054,fdr<=0.0001,PCMCI,LIN,6,0.7648099300350086,0.8744400924959421,0.6557937698296598,-0.04521968858846909
32.2696,-5.6054,fdr<=0.0001,LASSO,LIN,6,0.7591019196740084,0.884987711733236,0.6634868845460824,-0.05969577065636355
32.2696,-5.6054,fdr<=0.0001,PCMCI,KRR,6,0.7654048115992105,0.8733335031673768,0.6486149577124152,-0.04220151383213877
32.2696,-5.6054,fdr<=0.0001,LASSO,KRR,6,0.7575166419579819,0.8878948556171615,0.6629368178049776,-0.05634071211068092
32.2696,-5.6054,|val|>=0.075,PCMCI,LIN,7,0.7670130961528642,0.8703347537871693,0.6495225871910504,-0.03246227759143363
32.2696,-5.6054,|val|>=0.075,LASSO,LIN,7,0.7628396311868565,0.8780952530605384,0.6573626648436227,-0.05153256673497048
32.2696,-5.6054,|val|>=0.075,PCMCI,KRR,7,0.7664005975366319,0.8714780131956619,0.6471708709767107,-0.033906419209188514
32.2696,-5.6054,|val|>=0.075,LASSO,KRR,7,0.7615276123622663,0.880520802739764,0.6578563190751004,-0.04633369023030956
32.2696,-5.6054,|val|>=0.10,PCMCI,LIN,5,0.7626159900439962,0.878509175405133,0.6566823375080484,-0.012075590491674545
32.2696,-5.6054,|val|>=0.10,LASSO,LIN,5,0.7576449405094154,0.8876599308434184,0.6672389853944581,-0.06755173891874787
32.2696,-5.6054,|val|>=0.10,PCMCI,KRR,5,0.7642797357170473,0.8754251727196697,0.6433126730071564,0.0029062344141895556
32.2696,-5.6054,|val|>=0.10,LASSO,KRR,5,0.7571503032995247,0.8885653087418265,0.6643045328881523,-0.06728154659530276
32.2696,-5.6054,|val|>=0.15,PCMCI,LIN,2,0.7531549330702271,0.8958448411871601,0.6654441748239498,-0.004472571311175733
32.2696,-5.6054,|val|>=0.15,LASSO,LIN,2,0.7531549330702271,0.8958448411871601,0.6654441748239498,-0.004472571311175733
32.2696,-5.6054,|val|>=0.15,PCMCI,KRR,2,0.7541562364898352,0.8940260403799882,0.657338267547517,0.000826524597830483
32.2696,-5.6054,|val|>=0.15,LASSO,KRR,2,0.7541562364898352,0.8940260403799882,0.657338267547517,0.000826524597830483
32.2696,-6.1054,-,CLIMATOLOGY,-,0,0.7336248189239858,0.949493095818324,0.7188921076013903,-0.02016184314697258
32.2696,-6.1054,-,ALL,LIN,56,0.8118151782826601,0.7980630950603383,0.5807039963005808,-0.0021964064948592
32.2696,-6.1054,-,ALL,KRR,56,0.8094008150114536,0.8031662521673076,0.5881579629158298,-0.0070161829310499265
32.2696,-6.1054,fdr<=0.01,PCMCI,LIN,5,0.8116523199635322,0.7984083490116788,0.5800470405752557,0.0034258669541974486
32.2696,-6.1054,fdr<=0.01,LASSO,LIN,5,0.8083285471780752,0.805422299301259,0.5918268343202948,-0.02977621872133527
32.2696,-6.1054,fdr<=0.01,PCMCI,KRR,5,0.8161171286264394,0.7888884007191187,0.5663460320484551,0.003265261677733333
32.2696,-6.1054,fdr<=0.01,LASSO,KRR,5,0.8116776650180336,0.7983546281909133,0.5827721695545149,-0.014687541614206427
32.2696,-6.1054,fdr<=0.001,PCMCI,LIN,5,0.8116523199635322,0.7984083490116788,0.5800470405752557,0.0034258669541974486
32.2696,-6.1054,fdr<=0.001,LASSO,LIN,5,0.8083285471780752,0.805422299301259,0.5918268343202948,-0.02977621872133527
32.2696,-6.1054,fdr<=0.001,PCMCI,KRR,5,0.8161171286264394,0.7888884007191187,0.5663460320484551,0.003265261677733333
32.2696,-6.1054,fdr<=0.001,LASSO,KRR,5,0.8116776650180336,0.7983546281909133,0.5827721695545149,-0.014687541614206427
32.2696,-6.1054,fdr<=0.0001,PCMCI,LIN,3,0.8062842628850274,0.8097060492894878,0.5874177178549812,0.012205745060986031
32.2696,-6.1054,fdr<=0.0001,LASSO,LIN,3,0.8085729370889909,0.8049086602976631,0.592259039875987,-0.037457948658575345
32.2696,-6.1054,fdr<=0.0001,PCMCI,KRR,3,0.8095248941632873,0.8029047809244941,0.5795252077741616,0.003738506460475011
32.2696,-6.1054,fdr<=0.0001,LASSO,KRR,3,0.8087129979834776,0.8046141438010852,0.5875778731329836,-0.028102789137800267
32.2696,-6.1054,|val|>=0.075,PCMCI,LIN,4,0.8063348791767613,0.8096002576904568,0.5872646881614243,0.013002833793560455
32.2696,-6.1054,|val|>=0.075,LASSO,LIN,4,0.8085933203132414,0.8048658056713531,0.5928016766439052,-0.03966230742127024
32.2696,-6.1054,|val|>=0.075,PCMCI,KRR,4,0.8091940176115086,0.8036018460158708,0.5795109143742073,0.005532850687895335
32.2696,-6.1054,|val|>=0.075,LASSO,KRR,4,0.8103921480286582,0.8010748391873823,0.5850872962914657,-0.028459480656857158
32.2696,-6.1054,|val|>=0.10,PCMCI,LIN,3,0.8062842628850274,0.8097060492894878,0.5874177178549812,0.012205745060986031
32.2696,-6.1054,|val|>=0.10,LASSO,LIN,3,0.8085729370889909,0.8049086602976631,0.592259039875987,-0.037457948658575345
32.2696,-6.1054,|val|>=0.10,PCMCI,KRR,3,0.8095248941632873,0.8029047809244941,0.5795252077741616,0.003738506460475011
32.2696,-6.1054,|val|>=0.10,LASSO,KRR,3,0.8087129979834776,0.8046141438010852,0.5875778731329836,-0.028102789137800267
32.2696,-6.1054,|val|>=0.15,PCMCI,LIN,2,0.8061749312797039,0.8099345128519865,0.5868486036275437,0.009518024288263902
32.2696,-6.1054,|val|>=0.15,LASSO,LIN,2,0.8061749312797039,0.8099345128519865,0.5868486036275437,0.009518024288263902
32.2696,-6.1054,|val|>=0.15,PCMCI,KRR,2,0.8065263023170255,0.8092000448449617,0.5851850225614883,-0.003101033050170853
32.2696,-6.1054,|val|>=0.15,LASSO,KRR,2,0.8065263023170255,0.8092000448449617,0.5851850225614883,-0.003101033050170853
32.2696,-6.6054,-,CLIMATOLOGY,-,0,0.7336248189239858,0.949493095818324,0.7188921076013903,-0.02016184314697258
32.2696,-6.6054,-,ALL,LIN,56,0.8103646400372342,0.8011329463817842,0.5821236932879362,0.010276608769965077
32.2696,-6.6054,-,ALL,KRR,56,0.8086445292314137,0.8047581316226469,0.591598900102598,-0.011984475662088994
32.2696,-6.6054,fdr<=0.01,PCMCI,LIN,6,0.8105918424200147,0.8006528833111126,0.5822115374124819,-0.0015874239838298992
32.2696,-6.6054,fdr<=0.01,LASSO,LIN,6,0.8087502905995378,0.8045357076589513,0.5903629461555248,-0.012559004786110045
32.2696,-6.6054,fdr<=0.01,PCMCI,KRR,6,0.8168674705655183,0.787277208936614,0.5696394098741181,0.0017080896229552205
32.2696,-6.6054,fdr<=0.01,LASSO,KRR,6,0.8116916914466067,0.7983248965271472,0.5850728037529013,-0.009881550346785081
32.2696,-6.6054,fdr<=0.001,PCMCI,LIN,4,0.8086470559089579,0.8047528185500608,0.5842486187903652,0.0038521358945567373
32.2696,-6.6054,fdr<=0.001,LASSO,LIN,4,0.8093296760882164,0.8033161244030824,0.5853169172929273,0.003836567434050966
32.2696,-6.6054,fdr<=0.001,PCMCI,KRR,4,0.8122974719949637,0.7970397719816987,0.5781127515711725,-0.003645807092685585
32.2696,-6.6054,fdr<=0.001,LASSO,KRR,4,0.8076633061299215,0.8068187927974387,0.5857981153627755,-0.007371040557586067
32.2696,-6.6054,fdr<=0.0001,PCMCI,LIN,4,0.8086470559089579,0.8047528185500608,0.5842486187903652,0.0038521358945567373
32.2696,-6.6054,fdr<=0.0001,LASSO,LIN,4,0.8093296760882164,0.8033161244030824,0.5853169172929273,0.003836567434050966
32.2696,-6.6054,fdr<=0.0001,PCMCI,KRR,4,0.8122974719949637,0.7970397719816987,0.5781127515711725,-0.003645807092685585
32.2696,-6.6054,fdr<=0.0001,LASSO,KRR,4,0.8076633061299215,0.8068187927974387,0.5857981153627755,-0.007371040557586067
32.2696,-6.6054,|val|>=0.075,PCMCI,LIN,4,0.8086470559089579,0.8047528185500608,0.5842486187903652,0.0038521358945567373
32.2696,-6.6054,|val|>=0.075,LASSO,LIN,4,0.8093296760882164,0.8033161244030824,0.5853169172929273,0.003836567434050966
32.2696,-6.6054,|val|>=0.075,PCMCI,KRR,4,0.8122974719949637,0.7970397719816987,0.5781127515711725,-0.003645807092685585
32.2696,-6.6054,|val|>=0.075,LASSO,KRR,4,0.8076633061299215,0.8068187927974387,0.5857981153627755,-0.007371040557586067
32.2696,-6.6054,|val|>=0.10,PCMCI,LIN,2,0.8083995620938408,0.8052730796475238,0.5870119783046238,-0.005633531009255754
32.2696,-6.6054,|val|>=0.10,LASSO,LIN,2,0.8083995620938408,0.8052730796475238,0.5870119783046238,-0.005633531009255754
32.2696,-6.6054,|val|>=0.10,PCMCI,KRR,2,0.8089331138676157,0.8041510717386524,0.5846627794382269,-0.016747256387334562
32.2696,-6.6054,|val|>=0.10,LASSO,KRR,2,0.8089331138676157,0.8041510717386524,0.5846627794382269,-0.016747256387334562
32.2696,-6.6054,|val|>=0.15,PCMCI,LIN,2,0.8083995620938408,0.8052730796475238,0.5870119783046238,-0.005633531009255754
32.2696,-6.6054,|val|>=0.15,LASSO,LIN,2,0.8083995620938408,0.8052730796475238,0.5870119783046238,-0.005633531009255754
32.2696,-6.6054,|val|>=0.15,PCMCI,KRR,2,0.8089331138676157,0.8041510717386524,0.5846627794382269,-0.016747256387334562
32.2696,-6.6054,|val|>=0.15,LASSO,KRR,2,0.8089331138676157,0.8041510717386524,0.5846627794382269,-0.016747256387334562
32.2696,-7.1054,-,CLIMATOLOGY,-,0,0.7902696273058454,0.8514825900836169,0.6414232008570403,-0.011590652314022898
32.2696,-7.1054,-,ALL,LIN,56,0.8461356594025933,0.7293132406450633,0.5440498431082078,-0.019641257115735826
32.2696,-7.1054,-,ALL,KRR,56,0.8426981457426543,0.7374151049302573,0.5488482412052217,-0.028872111607824106
32.2696,-7.1054,fdr<=0.01,PCMCI,LIN,3,0.841712225699554,0.7397224416346008,0.5440007534010992,-0.01034942230770316
32.2696,-7.1054,fdr<=0.01,LASSO,LIN,3,0.8419171721874184,0.739243400780536,0.5524134585150199,-0.04896217429601099
32.2696,-7.1054,fdr<=0.01,PCMCI,KRR,3,0.8423034321553765,0.73833971385883,0.5409720184054378,-0.01233825572413944
32.2696,-7.1054,fdr<=0.01,LASSO,KRR,3,0.8419509073406686,0.7391645186515251,0.5479597335543269,-0.04374399275838289
32.2696,-7.1054,fdr<=0.001,PCMCI,LIN,3,0.841712225699554,0.7397224416346008,0.5440007534010992,-0.01034942230770316
32.2696,-7.1054,fdr<=0.001,LASSO,LIN,3,0.8419171721874184,0.739243400780536,0.5524134585150199,-0.04896217429601099
32.2696,-7.1054,fdr<=0.001,PCMCI,KRR,3,0.8423034321553765,0.73833971385883,0.5409720184054378,-0.01233825572413944
32.2696,-7.1054,fdr<=0.001,LASSO,KRR,3,0.8419509073406686,0.7391645186515251,0.5479597335543269,-0.04374399275838289
32.2696,-7.1054,fdr<=0.0001,PCMCI,LIN,3,0.841712225699554,0.7397224416346008,0.5440007534010992,-0.01034942230770316
32.2696,-7.1054,fdr<=0.0001,LASSO,LIN,3,0.8419171721874184,0.739243400780536,0.5524134585150199,-0.04896217429601099
32.2696,-7.1054,fdr<=0.0001,PCMCI,KRR,3,0.8423034321553765,0.73833971385883,0.5409720184054378,-0.01233825572413944
32.2696,-7.1054,fdr<=0.0001,LASSO,KRR,3,0.8419509073406686,0.7391645186515251,0.5479597335543269,-0.04374399275838289
32.2696,-7.1054,|val|>=0.075,PCMCI,LIN,3,0.841712225699554,0.7397224416346008,0.5440007534010992,-0.01034942230770316
32.2696,-7.1054,|val|>=0.075,LASSO,LIN,3,0.8419171721874184,0.739243400780536,0.5524134585150199,-0.04896217429601099
32.2696,-7.1054,|val|>=0.075,PCMCI,KRR,3,0.8423034321553765,0.73833971385883,0.5409720184054378,-0.01233825572413944
32.2696,-7.1054,|val|>=0.075,LASSO,KRR,3,0.8419509073406686,0.7391645186515251,0.5479597335543269,-0.04374399275838289
32.2696,-7.1054,|val|>=0.10,PCMCI,LIN,2,0.8420031210625577,0.7390424119122685,0.542956570622064,-0.0143206713919401
32.2696,-7.1054,|val|>=0.10,LASSO,LIN,2,0.8420031210625577,0.7390424119122685,0.542956570622064,-0.0143206713919401
32.2696,-7.1054,|val|>=0.10,PCMCI,KRR,2,0.8411057792799532,0.7411381326701451,0.5438903365985462,-0.021421829344450104
32.2696,-7.1054,|val|>=0.10,LASSO,KRR,2,0.8411057792799532,0.7411381326701451,0.5438903365985462,-0.021421829344450104
32.2696,-7.1054,|val|>=0.15,PCMCI,LIN,2,0.8420031210625577,0.7390424119122685,0.542956570622064,-0.0143206713919401
32.2696,-7.1054,|val|>=0.15,LASSO,LIN,2,0.8420031210625577,0.7390424119122685,0.542956570622064,-0.0143206713919401
32.2696,-7.1054,|val|>=0.15,PCMCI,KRR,2,0.8411057792799532,0.7411381326701451,0.5438903365985462,-0.021421829344450104
32.2696,-7.1054,|val|>=0.15,LASSO,KRR,2,0.8411057792799532,0.7411381326701451,0.5438903365985462,-0.021421829344450104
32.2696,-7.6054,-,CLIMATOLOGY,-,0,0.7902696273058454,0.8514825900836169,0.6414232008570403,-0.011590652314022898
32.2696,-7.6054,-,ALL,LIN,56,0.8434627240261632,0.7356207892790719,0.5500587302247124,-0.015707243377892418
32.2696,-7.6054,-,ALL,KRR,56,0.8425467862822118,0.7377697985105426,0.5482060488567732,-0.023154974880307818
32.2696,-7.6054,fdr<=0.01,PCMCI,LIN,6,0.8428972781396116,0.7369482008982862,0.5491348351053672,-0.02279910837136543
32.2696,-7.6054,fdr<=0.01,LASSO,LIN,6,0.8430258805737807,0.7366465105952957,0.547236337506778,-0.026239242430638174
32.2696,-7.6054,fdr<=0.01,PCMCI,KRR,6,0.844970062441105,0.7320704792985829,0.544338656950059,-0.021792809749182646
32.2696,-7.6054,fdr<=0.01,LASSO,KRR,6,0.8445932795164647,0.7329595471438864,0.5432450470865111,-0.03195324817908889
32.2696,-7.6054,fdr<=0.001,PCMCI,LIN,3,0.842458515932825,0.7379765712771019,0.5441222223331993,-0.0140916929214427
32.2696,-7.6054,fdr<=0.001,LASSO,LIN,3,0.8420436231703656,0.7389476799967163,0.5516496436426551,-0.04424534420367084
32.2696,-7.6054,fdr<=0.001,PCMCI,KRR,3,0.843224609159229,0.736180067203043,0.5406861273363383,-0.01492180738931225
32.2696,-7.6054,fdr<=0.001,LASSO,KRR,3,0.8416239733210058,0.73992862675639,0.5481314037958696,-0.04205817598160831
32.2696,-7.6054,fdr<=0.0001,PCMCI,LIN,3,0.842458515932825,0.7379765712771019,0.5441222223331993,-0.0140916929214427
32.2696,-7.6054,fdr<=0.0001,LASSO,LIN,3,0.8420436231703656,0.7389476799967163,0.5516496436426551,-0.04424534420367084
32.2696,-7.6054,fdr<=0.0001,PCMCI,KRR,3,0.843224609159229,0.736180067203043,0.5406861273363383,-0.01492180738931225
32.2696,-7.6054,fdr<=0.0001,LASSO,KRR,3,0.8416239733210058,0.73992862675639,0.5481314037958696,-0.04205817598160831
32.2696,-7.6054,|val|>=0.075,PCMCI,LIN,3,0.842458515932825,0.7379765712771019,0.5441222223331993,-0.0140916929214427
32.2696,-7.6054,|val|>=0.075,LASSO,LIN,3,0.8420436231703656,0.7389476799967163,0.5516496436426551,-0.04424534420367084
32.2696,-7.6054,|val|>=0.075,PCMCI,KRR,3,0.843224609159229,0.736180067203043,0.5406861273363383,-0.01492180738931225
32.2696,-7.6054,|val|>=0.075,LASSO,KRR,3,0.8416239733210058,0.73992862675639,0.5481314037958696,-0.04205817598160831
32.2696,-7.6054,|val|>=0.10,PCMCI,LIN,3,0.842458515932825,0.7379765712771019,0.5441222223331993,-0.0140916929214427
32.2696,-7.6054,|val|>=0.10,LASSO,LIN,3,0.8420436231703656,0.7389476799967163,0.5516496436426551,-0.04424534420367084
32.2696,-7.6054,|val|>=0.10,PCMCI,KRR,3,0.843224609159229,0.736180067203043,0.5406861273363383,-0.01492180738931225
32.2696,-7.6054,|val|>=0.10,LASSO,KRR,3,0.8416239733210058,0.73992862675639,0.5481314037958696,-0.04205817598160831
32.2696,-7.6054,|val|>=0.15,PCMCI,LIN,2,0.8426469259672288,0.7375351517094703,0.5434925787311677,-0.0190435081697718
32.2696,-7.6054,|val|>=0.15,LASSO,LIN,2,0.8426469259672288,0.7375351517094703,0.5434925787311677,-0.0190435081697718
32.2696,-7.6054,|val|>=0.15,PCMCI,KRR,2,0.8418825350966577,0.739324383132325,0.544015649999659,-0.024993281071290247
32.2696,-7.6054,|val|>=0.15,LASSO,KRR,2,0.8418825350966577,0.739324383132325,0.544015649999659,-0.024993281071290247
32.2696,-8.1054,-,CLIMATOLOGY,-,0,0.7911084291434534,0.8297073890836043,0.6070383158527456,-0.025651743685912012
32.2696,-8.1054,-,ALL,LIN,56,0.8292610943595483,0.750120002886775,0.5419091071594887,-0.04327429646483376
32.2696,-8.1054,-,ALL,KRR,56,0.829035423960757,0.7506155665106671,0.5393635135763342,-0.03521858625800909
32.2696,-8.1054,fdr<=0.01,PCMCI,LIN,5,0.8302597955278834,0.7479229511118173,0.5449178106964372,-0.053806684541886765
32.2696,-8.1054,fdr<=0.01,LASSO,LIN,5,0.8308366824159327,0.7466509066652046,0.5434073080024542,-0.058293088615399224
32.2696,-8.1054,fdr<=0.01,PCMCI,KRR,5,0.8295347227225441,0.7495186858953439,0.5384264687942537,-0.04247750113051114
32.2696,-8.1054,fdr<=0.01,LASSO,KRR,5,0.8325457221837169,0.7428696630103186,0.5355218201730108,-0.060153417133369066
32.2696,-8.1054,fdr<=0.001,PCMCI,LIN,4,0.8300080571536781,0.7484773605727792,0.5454436479795661,-0.05004373389960822
32.2696,-8.1054,fdr<=0.001,LASSO,LIN,4,0.8297560295507226,0.7490319959456927,0.5451802515037099,-0.05733485952175337
32.2696,-8.1054,fdr<=0.001,PCMCI,KRR,4,0.8299448105314888,0.7486165855904541,0.538185865339359,-0.040858431798669576
32.2696,-8.1054,fdr<=0.001,LASSO,KRR,4,0.8326095271447275,0.7427281220283829,0.5307298980087066,-0.0581170027636502
32.2696,-8.1054,fdr<=0.0001,PCMCI,LIN,4,0.8300080571536781,0.7484773605727792,0.5454436479795661,-0.05004373389960822
32.2696,-8.1054,fdr<=0.0001,LASSO,LIN,4,0.8297560295507226,0.7490319959456927,0.5451802515037099,-0.05733485952175337
32.2696,-8.1054,fdr<=0.0001,PCMCI,KRR,4,0.8299448105314888,0.7486165855904541,0.538185865339359,-0.040858431798669576
32.2696,-8.1054,fdr<=0.0001,LASSO,KRR,4,0.8326095271447275,0.7427281220283829,0.5307298980087066,-0.0581170027636502
32.2696,-8.1054,|val|>=0.075,PCMCI,LIN,4,0.8300080571536781,0.7484773605727792,0.5454436479795661,-0.05004373389960822
32.2696,-8.1054,|val|>=0.075,LASSO,LIN,4,0.8297560295507226,0.7490319959456927,0.5451802515037099,-0.05733485952175337
32.2696,-8.1054,|val|>=0.075,PCMCI,KRR,4,0.8299448105314888,0.7486165855904541,0.538185865339359,-0.040858431798669576
32.2696,-8.1054,|val|>=0.075,LASSO,KRR,4,0.8326095271447275,0.7427281220283829,0.5307298980087066,-0.0581170027636502
32.2696,-8.1054,|val|>=0.10,PCMCI,LIN,4,0.8300080571536781,0.7484773605727792,0.5454436479795661,-0.05004373389960822
32.2696,-8.1054,|val|>=0.10,LASSO,LIN,4,0.8297560295507226,0.7490319959456927,0.5451802515037099,-0.05733485952175337
32.2696,-8.1054,|val|>=0.10,PCMCI,KRR,4,0.8299448105314888,0.7486165855904541,0.538185865339359,-0.040858431798669576
32.2696,-8.1054,|val|>=0.10,LASSO,KRR,4,0.8326095271447275,0.7427281220283829,0.5307298980087066,-0.0581170027636502
32.2696,-8.1054,|val|>=0.15,PCMCI,LIN,2,0.8288605248299435,0.7509994134295221,0.5392069873898159,-0.022247884441547544
32.2696,-8.1054,|val|>=0.15,LASSO,LIN,2,0.8288605248299435,0.7509994134295221,0.5392069873898159,-0.022247884441547544
32.2696,-8.1054,|val|>=0.15,PCMCI,KRR,2,0.827354207686881,0.7542972059769092,0.5388357873182146,-0.02614012430841314
32.2696,-8.1054,|val|>=0.15,LASSO,KRR,2,0.827354207686881,0.7542972059769092,0.5388357873182146,-0.02614012430841314
32.2696,-8.6054,-,CLIMATOLOGY,-,0,0.7911084291434534,0.8297073890836043,0.6070383158527456,-0.025651743685912012
32.2696,-8.6054,-,ALL,LIN,56,0.8296900647268439,0.7491770964689592,0.5430883831873924,-0.04599889833330651
32.2696,-8.6054,-,ALL,KRR,56,0.8289276851480168,0.7508520415017802,0.5399604072821143,-0.030686035156299644
32.2696,-8.6054,fdr<=0.01,PCMCI,LIN,6,0.8326456236784792,0.7426480357613332,0.5417079777283836,-0.046683852735056916
32.2696,-8.6054,fdr<=0.01,LASSO,LIN,6,0.8310053464719109,0.7462785902015949,0.5424145123018211,-0.04636673756208035
32.2696,-8.6054,fdr<=0.01,PCMCI,KRR,6,0.8323811256928423,0.7432346692356269,0.533453898982466,-0.032976469730551364
32.2696,-8.6054,fdr<=0.01,LASSO,KRR,6,0.8337717993716782,0.7401450718337821,0.5244272397975428,-0.04295695406567377
32.2696,-8.6054,fdr<=0.001,PCMCI,LIN,6,0.8326456236784792,0.7426480357613332,0.5417079777283836,-0.046683852735056916
32.2696,-8.6054,fdr<=0.001,LASSO,LIN,6,0.8310053464719109,0.7462785902015949,0.5424145123018211,-0.04636673756208035
32.2696,-8.6054,fdr<=0.001,PCMCI,KRR,6,0.8323811256928423,0.7432346692356269,0.533453898982466,-0.032976469730551364
32.2696,-8.6054,fdr<=0.001,LASSO,KRR,6,0.8337717993716782,0.7401450718337821,0.5244272397975428,-0.04295695406567377
32.2696,-8.6054,fdr<=0.0001,PCMCI,LIN,5,0.8324307423018379,0.7431246592099298,0.5411298848685406,-0.04312817562910329
32.2696,-8.6054,fdr<=0.0001,LASSO,LIN,5,0.8316359975154809,0.7448848145237779,0.5422984969195013,-0.05092263135005661
32.2696,-8.6054,fdr<=0.0001,PCMCI,KRR,5,0.8330343711809132,0.7417849856659126,0.5325225955655366,-0.0327007331092605
32.2696,-8.6054,fdr<=0.0001,LASSO,KRR,5,0.8340889136423333,0.7394387458005284,0.5260614705624054,-0.04920802585141764
32.2696,-8.6054,|val|>=0.075,PCMCI,LIN,6,0.8326456236784792,0.7426480357613332,0.5417079777283836,-0.046683852735056916
32.2696,-8.6054,|val|>=0.075,LASSO,LIN,6,0.8310053464719109,0.7462785902015949,0.5424145123018211,-0.04636673756208035
32.2696,-8.6054,|val|>=0.075,PCMCI,KRR,6,0.8323811256928423,0.7432346692356269,0.533453898982466,-0.032976469730551364
32.2696,-8.6054,|val|>=0.075,LASSO,KRR,6,0.8337717993716782,0.7401450718337821,0.5244272397975428,-0.04295695406567377
32.2696,-8.6054,|val|>=0.10,PCMCI,LIN,3,0.8298815651796311,0.74875578192477,0.5387052723709669,-0.022766856288485078
32.2696,-8.6054,|val|>=0.10,LASSO,LIN,3,0.8295858000621286,0.7494063865190504,0.5384103967638578,-0.027696500915555988
32.2696,-8.6054,|val|>=0.10,PCMCI,KRR,3,0.8278493612032684,0.7532147553391628,0.5377837851320314,-0.02248106383923945
32.2696,-8.6054,|val|>=0.10,LASSO,KRR,3,0.8317704945535239,0.7445872306702531,0.5291270336742642,-0.0413734541285941
32.2696,-8.6054,|val|>=0.15,PCMCI,LIN,2,0.8291511755717016,0.7503614212532433,0.5397029229659175,-0.0266369889728948
32.2696,-8.6054,|val|>=0.15,LASSO,LIN,2,0.8291511755717016,0.7503614212532433,0.5397029229659175,-0.0266369889728948
32.2696,-8.6054,|val|>=0.15,PCMCI,KRR,2,0.8274679075826044,0.7540487850986627,0.5389552249440515,-0.029339502547215252
32.2696,-8.6054,|val|>=0.15,LASSO,KRR,2,0.8274679075826044,0.7540487850986627,0.5389552249440515,-0.029339502547215252
32.2696,-9.1054,-,CLIMATOLOGY,-,0,0.7585084073652404,0.8650332976986933,0.6603454351403231,-0.08161937625279521
32.2696,-9.1054,-,ALL,LIN,56,0.8145749532257266,0.7579944326972501,0.5714512150973908,-0.06300486481547456
32.2696,-9.1054,-,ALL,KRR,56,0.8111916034303909,0.7648785277698485,0.5751139032407938,-0.05118630124533354
32.2696,-9.1054,fdr<=0.01,PCMCI,LIN,7,0.8170867678091898,0.7528429351870102,0.5603431383821346,-0.05249055387781546
32.2696,-9.1054,fdr<=0.01,LASSO,LIN,7,0.8141964604496041,0.7587676539189198,0.5697621146811571,-0.05993132577343361
32.2696,-9.1054,fdr<=0.01,PCMCI,KRR,7,0.8158626615999687,0.7553578516989646,0.5655089522795467,-0.06402837769162228
32.2696,-9.1054,fdr<=0.01,LASSO,KRR,7,0.8142027174894886,0.7587548778451818,0.5696981750516709,-0.061559275763928986
32.2696,-9.1054,fdr<=0.001,PCMCI,LIN,5,0.8156408259712971,0.7558127155740447,0.5663233115453403,-0.05853814839782266
32.2696,-9.1054,fdr<=0.001,LASSO,LIN,5,0.8096245741731126,0.768046052042132,0.5813266901958182,-0.08454795117845879
32.2696,-9.1054,fdr<=0.001,PCMCI,KRR,5,0.8106021168482038,0.766071626841224,0.5752054976534278,-0.06564522220087415
32.2696,-9.1054,fdr<=0.001,LASSO,KRR,5,0.8055349587694038,0.7762517410164311,0.5876318138129973,-0.08699789296346017
32.2696,-9.1054,fdr<=0.0001,PCMCI,LIN,4,0.8150634772111603,0.756995261635623,0.5662904859482333,-0.055406427307144
32.2696,-9.1054,fdr<=0.0001,LASSO,LIN,4,0.8106693406948903,0.7659356621430524,0.572784085102144,-0.06033810347377477
32.2696,-9.1054,fdr<=0.0001,PCMCI,KRR,4,0.8108492838138339,0.7655715963974101,0.575285595373022,-0.06815292157947492
32.2696,-9.1054,fdr<=0.0001,LASSO,KRR,4,0.808221365181149,0.7708713917362328,0.5805553265405365,-0.07854081699293056
32.2696,-9.1054,|val|>=0.075,PCMCI,LIN,4,0.8150634772111603,0.756995261635623,0.5662904859482333,-0.055406427307144
32.2696,-9.1054,|val|>=0.075,LASSO,LIN,4,0.8106693406948903,0.7659356621430524,0.572784085102144,-0.06033810347377477
32.2696,-9.1054,|val|>=0.075,PCMCI,KRR,4,0.8108492838138339,0.7655715963974101,0.575285595373022,-0.06815292157947492
32.2696,-9.1054,|val|>=0.075,LASSO,KRR,4,0.808221365181149,0.7708713917362328,0.5805553265405365,-0.07854081699293056
32.2696,-9.1054,|val|>=0.10,PCMCI,LIN,4,0.8150634772111603,0.756995261635623,0.5662904859482333,-0.055406427307144
32.2696,-9.1054,|val|>=0.10,LASSO,LIN,4,0.8106693406948903,0.7659356621430524,0.572784085102144,-0.06033810347377477
32.2696,-9.1054,|val|>=0.10,PCMCI,KRR,4,0.8108492838138339,0.7655715963974101,0.575285595373022,-0.06815292157947492
32.2696,-9.1054,|val|>=0.10,LASSO,KRR,4,0.808221365181149,0.7708713917362328,0.5805553265405365,-0.07854081699293056
32.2696,-9.1054,|val|>=0.15,PCMCI,LIN,2,0.8065611860556918,0.7742008210678866,0.5806559943747129,-0.06068372813239131
32.2696,-9.1054,|val|>=0.15,LASSO,LIN,2,0.8065611860556918,0.7742008210678866,0.5806559943747129,-0.06068372813239131
32.2696,-9.1054,|val|>=0.15,PCMCI,KRR,2,0.8067419330715763,0.7738390343384646,0.5841887362777718,-0.07519209140020836
32.2696,-9.1054,|val|>=0.15,LASSO,KRR,2,0.8067419330715763,0.7738390343384646,0.5841887362777718,-0.07519209140020836
32.7696,-1.6054,-,CLIMATOLOGY,-,0,0.7523066663694287,0.8900633074585446,0.6524046817372618,0.0028279401084244688
32.7696,-1.6054,-,ALL,LIN,56,0.7978899336555942,0.8040030772479951,0.5673511105370753,0.017831733787400054
32.7696,-1.6054,-,ALL,KRR,56,0.798529945597599,0.8027290694919343,0.5717019594703258,0.0021284607587074337
32.7696,-1.6054,fdr<=0.01,PCMCI,LIN,8,0.7968410503194819,0.8060866304253808,0.5655341333175012,0.03541576133099838
32.7696,-1.6054,fdr<=0.01,LASSO,LIN,8,0.7937001128169031,0.8122939786025575,0.5752601402607066,0.0019241264711853815
32.7696,-1.6054,fdr<=0.01,PCMCI,KRR,8,0.8001752822963221,0.7994445436204785,0.5664710501425241,0.005443474700299361
32.7696,-1.6054,fdr<=0.01,LASSO,KRR,8,0.7967316864893048,0.8063035661317146,0.574681293750895,-0.009058941308845771
32.7696,-1.6054,fdr<=0.001,PCMCI,LIN,6,0.7971932754682559,0.8053875542751971,0.5638540895101414,0.03899094275534132
32.7696,-1.6054,fdr<=0.001,LASSO,LIN,6,0.7955185272120499,0.8087061036259044,0.572128623257296,0.0075053787562980165
32.7696,-1.6054,fdr<=0.001,PCMCI,KRR,6,0.8008368626955298,0.798120044476991,0.5617882299538957,0.014340303060160937
32.7696,-1.6054,fdr<=0.001,LASSO,KRR,6,0.7984875465130782,0.8028135316401703,0.5715550900859209,-0.005067333785882126
32.7696,-1.6054,fdr<=0.0001,PCMCI,LIN,4,0.795442700096955,0.8088560344877966,0.5697564275835897,0.023308319513286754
32.7696,-1.6054,fdr<=0.0001,LASSO,LIN,4,0.7956734632917541,0.808399666335487,0.5724417953105803,0.009209446362641932
32.7696,-1.6054,fdr<=0.0001,PCMCI,KRR,4,0.7998405724763149,0.8001138051238573,0.56613067830613,0.009928013368532189
32.7696,-1.6054,fdr<=0.0001,LASSO,KRR,4,0.800456558268468,0.7988816910111972,0.5664414417622005,0.0004045131801861636
32.7696,-1.6054,|val|>=0.075,PCMCI,LIN,4,0.795442700096955,0.8088560344877966,0.5697564275835897,0.023308319513286754
32.7696,-1.6054,|val|>=0.075,LASSO,LIN,4,0.7956734632917541,0.808399666335487,0.5724417953105803,0.009209446362641932
32.7696,-1.6054,|val|>=0.075,PCMCI,KRR,4,0.7998405724763149,0.8001138051238573,0.56613067830613,0.009928013368532189
32.7696,-1.6054,|val|>=0.075,LASSO,KRR,4,0.800456558268468,0.7988816910111972,0.5664414417622005,0.0004045131801861636
32.7696,-1.6054,|val|>=0.10,PCMCI,LIN,3,0.7951221097653438,0.8094896220038386,0.57184840342065,0.016886784000872013
32.7696,-1.6054,|val|>=0.10,LASSO,LIN,3,0.7925951765225931,0.8144663853064349,0.5686471540815917,0.039688448845021054
32.7696,-1.6054,|val|>=0.10,PCMCI,KRR,3,0.7990428181473204,0.8017066841811903,0.5676682408466774,0.010986054135036364
32.7696,-1.6054,|val|>=0.10,LASSO,KRR,3,0.7966254149720432,0.8065143119808567,0.5649425400843723,0.025705581844344943
32.7696,-1.6054,|val|>=0.15,PCMCI,LIN,2,0.792247291379105,0.8151491612335542,0.5685866090444575,0.043661080028370304
32.7696,-1.6054,|val|>=0.15,LASSO,LIN,2,0.7917091861361764,0.8162041471761369,0.572204544564998,0.036640430964605133
32.7696,-1.6054,|val|>=0.15,PCMCI,KRR,2,0.7944823074756964,0.8107525928449802,0.5666675874880432,0.038061561907287114
32.7696,-1.6054,|val|>=0.15,LASSO,KRR,2,0.7964460198984833,0.8068699434430432,0.567623486577435,0.02535588427151525
32.7696,-2.1054,-,CLIMATOLOGY,-,0,0.764763584926199,0.8608679341329438,0.6327437765172568,-0.01116206414068607
32.7696,-2.1054,-,ALL,LIN,56,0.8101080278667937,0.7734594637833787,0.5493352780893104,0.010002539133071654
32.7696,-2.1054,-,ALL,KRR,56,0.8077179241342364,0.7783118742924132,0.5541224183884632,-0.005747644928428775
32.7696,-2.1054,fdr<=0.01,PCMCI,LIN,8,0.8095462691581086,0.7746026840966624,0.5456584570185555,0.022912363375610253
32.7696,-2.1054,fdr<=0.01,LASSO,LIN,8,0.806938227381035,0.7798882908589159,0.5526612805925288,-0.0021947728752748797
32.7696,-2.1054,fdr<=0.01,PCMCI,KRR,8,0.8097515909194066,0.7741850349529763,0.5467978141654771,0.006378907527077886
32.7696,-2.1054,fdr<=0.01,LASSO,KRR,8,0.8091980372175557,0.7753105153536488,0.5529622132676424,-0.011851619822291047
32.7696,-2.1054,fdr<=0.001,PCMCI,LIN,4,0.8104842024293943,0.772692975315201,0.5424805913960096,0.022011478463046727
32.7696,-2.1054,fdr<=0.001,LASSO,LIN,4,0.8084092096475686,0.7769115353009309,0.5490726278614343,0.0016407525070072026
32.7696,-2.1054,fdr<=0.001,PCMCI,KRR,4,0.81413320533679,0.7652179695456526,0.5405806140795696,0.0100444934925617
32.7696,-2.1054,fdr<=0.001,LASSO,KRR,4,0.813616291985978,0.7662813029685168,0.543632723133906,-0.005944882441706367
32.7696,-2.1054,fdr<=0.0001,PCMCI,LIN,4,0.8104842024293943,0.772692975315201,0.5424805913960096,0.022011478463046727
32.7696,-2.1054,fdr<=0.0001,LASSO,LIN,4,0.8084092096475686,0.7769115353009309,0.5490726278614343,0.0016407525070072026
32.7696,-2.1054,fdr<=0.0001,PCMCI,KRR,4,0.81413320533679,0.7652179695456526,0.5405806140795696,0.0100444934925617
32.7696,-2.1054,fdr<=0.0001,LASSO,KRR,4,0.813616291985978,0.7662813029685168,0.543632723133906,-0.005944882441706367
32.7696,-2.1054,|val|>=0.075,PCMCI,LIN,4,0.8104842024293943,0.772692975315201,0.5424805913960096,0.022011478463046727
32.7696,-2.1054,|val|>=0.075,LASSO,LIN,4,0.8084092096475686,0.7769115353009309,0.5490726278614343,0.0016407525070072026
32.7696,-2.1054,|val|>=0.075,PCMCI,KRR,4,0.81413320533679,0.7652179695456526,0.5405806140795696,0.0100444934925617
32.7696,-2.1054,|val|>=0.075,LASSO,KRR,4,0.813616291985978,0.7662813029685168,0.543632723133906,-0.005944882441706367
32.7696,-2.1054,|val|>=0.10,PCMCI,LIN,3,0.8076565436565109,0.7784360911298592,0.5484874898309647,0.01085516500730643
32.7696,-2.1054,|val|>=0.10,LASSO,LIN,3,0.8047132253060479,0.7843694525782182,0.5438350318302733,0.03547508546621425
32.7696,-2.1054,|val|>=0.10,PCMCI,KRR,3,0.8112936895571033,0.7710409907026482,0.5467938465328896,0.0015635900386075706
32.7696,-2.1054,|val|>=0.10,LASSO,KRR,3,0.8100954068813738,0.7734851669721667,0.5396983377587956,0.022278818221498672
32.7696,-2.1054,|val|>=0.15,PCMCI,LIN,1,0.8029187800089853,0.7879649073416256,0.5463905256908786,0.04013775992848534
32.7696,-2.1054,|val|>=0.15,LASSO,LIN,1,0.8029187800089853,0.7879649073416256,0.5463905256908786,0.04013775992848534
32.7696,-2.1054,|val|>=0.15,PCMCI,KRR,1,0.8064966923433216,0.7807795893895837,0.5424204596400672,0.03697683306364073
32.7696,-2.1054,|val|>=0.15,LASSO,KRR,1,0.8064966923433216,0.7807795893895837,0.5424204596400672,0.03697683306364073
32.7696,-2.6054,-,CLIMATOLOGY,-,0,0.764763584926199,0.8608679341329438,0.6327437765172568,-0.01116206414068607
32.7696,-2.6054,-,ALL,LIN,56,0.8120964047435386,0.7693993235296589,0.5464895699142424,0.011694417045044533
32.7696,-2.6054,-,ALL,KRR,56,0.8094822117931122,0.7747329383981144,0.5529656018724204,-0.006106048047569085
32.7696,-2.6054,fdr<=0.01,PCMCI,LIN,6,0.8102353095488173,0.7732002013120146,0.5430949521574262,0.02840413518849378
32.7696,-2.6054,fdr<=0.01,LASSO,LIN,6,0.8077934635960127,0.7781589764331309,0.5512654754132326,-0.0002963301945361822
32.7696,-2.6054,fdr<=0.01,PCMCI,KRR,6,0.8131165238031526,0.7673079663054198,0.5441741538263491,0.005206523144177455
32.7696,-2.6054,fdr<=0.01,LASSO,KRR,6,0.812735375589578,0.7680900287478325,0.5466654017452169,-0.00977607088112673
32.7696,-2.6054,fdr<=0.001,PCMCI,LIN,6,0.8102353095488173,0.7732002013120146,0.5430949521574262,0.02840413518849378
32.7696,-2.6054,fdr<=0.001,LASSO,LIN,6,0.8077934635960127,0.7781589764331309,0.5512654754132326,-0.0002963301945361822
32.7696,-2.6054,fdr<=0.001,PCMCI,KRR,6,0.8131165238031526,0.7673079663054198,0.5441741538263491,0.005206523144177455
32.7696,-2.6054,fdr<=0.001,LASSO,KRR,6,0.812735375589578,0.7680900287478325,0.5466654017452169,-0.00977607088112673
32.7696,-2.6054,fdr<=0.0001,PCMCI,LIN,3,0.8077606217032237,0.7782254547188466,0.5484345482285347,0.011980018143379376
32.7696,-2.6054,fdr<=0.0001,LASSO,LIN,3,0.8051032639095267,0.7835857659287088,0.5436559793358052,0.03546497517046206
32.7696,-2.6054,fdr<=0.0001,PCMCI,KRR,3,0.8113430161134941,0.7709402116600125,0.547360775525616,0.0009263046716961561
32.7696,-2.6054,fdr<=0.0001,LASSO,KRR,3,0.8102594223419575,0.7731510757113499,0.5395109485370281,0.022510591203089826
32.7696,-2.6054,|val|>=0.075,PCMCI,LIN,4,0.8082594244567832,0.7772151696948372,0.5482296431324875,0.01818976275105927
32.7696,-2.6054,|val|>=0.075,LASSO,LIN,4,0.8085223370088607,0.7766821324951714,0.5490658018888244,0.002653858662920988
32.7696,-2.6054,|val|>=0.075,PCMCI,KRR,4,0.8118275817608968,0.7699494947432758,0.5468034321319181,0.0019616448276334147
32.7696,-2.6054,|val|>=0.075,LASSO,KRR,4,0.8137914036244529,0.765921249216676,0.5436803747908447,-0.0065802812126462265
32.7696,-2.6054,|val|>=0.10,PCMCI,LIN,3,0.8077606217032237,0.7782254547188466,0.5484345482285347,0.011980018143379376
32.7696,-2.6054,|val|>=0.10,LASSO,LIN,3,0.8051032639095267,0.7835857659287088,0.5436559793358052,0.03546497517046206
32.7696,-2.6054,|val|>=0.10,PCMCI,KRR,3,0.8113430161134941,0.7709402116600125,0.547360775525616,0.0009263046716961561
32.7696,-2.6054,|val|>=0.10,LASSO,KRR,3,0.8102594223419575,0.7731510757113499,0.5395109485370281,0.022510591203089826
32.7696,-2.6054,|val|>=0.15,PCMCI,LIN,1,0.8029187800089853,0.7879649073416256,0.5463905256908786,0.04013775992848534
32.7696,-2.6054,|val|>=0.15,LASSO,LIN,1,0.8029187800089853,0.7879649073416256,0.5463905256908786,0.04013775992848534
32.7696,-2.6054,|val|>=0.15,PCMCI,KRR,1,0.8064966923433216,0.7807795893895837,0.5424204596400672,0.03697683306364073
32.7696,-2.6054,|val|>=0.15,LASSO,KRR,1,0.8064966923433216,0.7807795893895837,0.5424204596400672,0.03697683306364073
32.7696,-3.1054,-,CLIMATOLOGY,-,0,0.7446991169765693,0.8891984963757842,0.6397275869604699,0.00633162432815137
32.7696,-3.1054,-,ALL,LIN,56,0.7996731487225619,0.7876660803084922,0.547736499496671,0.01113773103467434
32.7696,-3.1054,-,ALL,KRR,56,0.7958851306787134,0.795078267694302,0.5489454826195196,0.013191877452623494
32.7696,-3.1054,fdr<=0.01,PCMCI,LIN,9,0.8002615713523421,0.7865084187393697,0.5372973020278389,0.040152295200943516
32.7696,-3.1054,fdr<=0.01,LASSO,LIN,9,0.7953846154667605,0.796052486555951,0.5490241897023176,0.019198868897727473
32.7696,-3.1054,fdr<=0.01,PCMCI,KRR,9,0.8028672886864895,0.7813613206317719,0.5327800637825216,0.030798442325035476
32.7696,-3.1054,fdr<=0.01,LASSO,KRR,9,0.7978340196689767,0.7912734597591835,0.5460267515554379,0.005544413710885424
32.7696,-3.1054,fdr<=0.001,PCMCI,LIN,5,0.7966148097996355,0.7936558543477112,0.5343761602479544,0.06956029792471789
32.7696,-3.1054,fdr<=0.001,LASSO,LIN,5,0.7967944816464667,0.7933052164281075,0.5417347842030881,0.0301346527979346
32.7696,-3.1054,fdr<=0.001,PCMCI,KRR,5,0.7973146985061714,0.7922891140653762,0.5353788466116761,0.054952155122216295
32.7696,-3.1054,fdr<=0.001,LASSO,KRR,5,0.803160662178759,0.7807796920253274,0.5340277526444678,0.015796613420323496
32.7696,-3.1054,fdr<=0.0001,PCMCI,LIN,4,0.7963601867030762,0.7941524979389921,0.5344723144300881,0.07055056396451415
32.7696,-3.1054,fdr<=0.0001,LASSO,LIN,4,0.7963120212486796,0.7942464099638074,0.5420108106743492,0.03133556756813246
32.7696,-3.1054,fdr<=0.0001,PCMCI,KRR,4,0.7991752719456351,0.7886442749134174,0.5360779117795195,0.048267592127490634
32.7696,-3.1054,fdr<=0.0001,LASSO,KRR,4,0.8007515350274612,0.7855431633971937,0.5375180095364908,0.01641025475957887
32.7696,-3.1054,|val|>=0.075,PCMCI,LIN,4,0.7963601867030762,0.7941524979389921,0.5344723144300881,0.07055056396451415
32.7696,-3.1054,|val|>=0.075,LASSO,LIN,4,0.7963120212486796,0.7942464099638074,0.5420108106743492,0.03133556756813246
32.7696,-3.1054,|val|>=0.075,PCMCI,KRR,4,0.7991752719456351,0.7886442749134174,0.5360779117795195,0.048267592127490634
32.7696,-3.1054,|val|>=0.075,LASSO,KRR,4,0.8007515350274612,0.7855431633971937,0.5375180095364908,0.01641025475957887
32.7696,-3.1054,|val|>=0.10,PCMCI,LIN,3,0.7939955235472262,0.798750034633956,0.5406841679791929,0.05893383233516558
32.7696,-3.1054,|val|>=0.10,LASSO,LIN,3,0.7903885634226604,0.8057124015959577,0.538570656886732,0.07804388706091606
32.7696,-3.1054,|val|>=0.10,PCMCI,KRR,3,0.7965368366521361,0.7938079743591638,0.540986089977769,0.03833170553041788
32.7696,-3.1054,|val|>=0.10,LASSO,KRR,3,0.7966942005852764,0.7935009386633829,0.5311687048210401,0.0556497547181048
32.7696,-3.1054,|val|>=0.15,PCMCI,LIN,1,0.7873486020515981,0.8115339298919799,0.5393422805855793,0.09897144404666211
32.7696,-3.1054,|val|>=0.15,LASSO,LIN,1,0.7873486020515981,0.8115339298919799,0.5393422805855793,0.09897144404666211
32.7696,-3.1054,|val|>=0.15,PCMCI,KRR,1,0.7899673405584213,0.8065215515173481,0.5380349499945956,0.08829512085253925
32.7696,-3.1054,|val|>=0.15,LASSO,KRR,1,0.7899673405584213,0.8065215515173481,0.5380349499945956,0.08829512085253925
32.7696,-3.6054,-,CLIMATOLOGY,-,0,0.7446991169765693,0.8891984963757842,0.6397275869604699,0.00633162432815137
32.7696,-3.6054,-,ALL,LIN,56,0.7998818814870196,0.7872556146935737,0.545003038281951,0.011920741543528578
32.7696,-3.6054,-,ALL,KRR,56,0.797284197518027,0.7923487254225604,0.5469750805916742,0.010615071717964213
32.7696,-3.6054,fdr<=0.01,PCMCI,LIN,7,0.7993599146599711,0.7882816430120955,0.5352264050993993,0.04846519466121818
32.7696,-3.6054,fdr<=0.01,LASSO,LIN,7,0.7978794226111751,0.791184601682221,0.5414291001009702,0.017991609907561733
32.7696,-3.6054,fdr<=0.01,PCMCI,KRR,7,0.8056744503435631,0.7757780966977416,0.5312621163069443,0.024225520225933033
32.7696,-3.6054,fdr<=0.01,LASSO,KRR,7,0.8013494375391262,0.7843636534034671,0.537235216819467,0.005579506585709928
32.7696,-3.6054,fdr<=0.001,PCMCI,LIN,4,0.7947273461417195,0.7973300087233937,0.540309871316206,0.06439747267551775
32.7696,-3.6054,fdr<=0.001,LASSO,LIN,4,0.7924358896510745,0.8017679511983846,0.5372609582897404,0.07490819627356925
32.7696,-3.6054,fdr<=0.001,PCMCI,KRR,4,0.7985705182874381,0.7898308244969463,0.5382014836802828,0.03901079529382941
32.7696,-3.6054,fdr<=0.001,LASSO,KRR,4,0.8005258633631382,0.7859878962223837,0.526078197033015,0.05526400015880438
32.7696,-3.6054,fdr<=0.0001,PCMCI,LIN,3,0.7946590159385899,0.7974627034279307,0.5408877831770434,0.05546557164717907
32.7696,-3.6054,fdr<=0.0001,LASSO,LIN,3,0.7912269249692043,0.8040995242867696,0.5390559559703193,0.07600902712477073
32.7696,-3.6054,fdr<=0.0001,PCMCI,KRR,3,0.7974193855309495,0.7920844788446331,0.5411662691423241,0.03432172722357451
32.7696,-3.6054,fdr<=0.0001,LASSO,KRR,3,0.7970922562396663,0.7927237540147705,0.5304664912907562,0.05514730009827282
32.7696,-3.6054,|val|>=0.075,PCMCI,LIN,4,0.7947273461417195,0.7973300087233937,0.540309871316206,0.06439747267551775
32.7696,-3.6054,|val|>=0.075,LASSO,LIN,4,0.7924358896510745,0.8017679511983846,0.5372609582897404,0.07490819627356925
32.7696,-3.6054,|val|>=0.075,PCMCI,KRR,4,0.7985705182874381,0.7898308244969463,0.5382014836802828,0.03901079529382941
32.7696,-3.6054,|val|>=0.075,LASSO,KRR,4,0.8005258633631382,0.7859878962223837,0.526078197033015,0.05526400015880438
32.7696,-3.6054,|val|>=0.10,PCMCI,LIN,3,0.7946590159385899,0.7974627034279307,0.5408877831770434,0.05546557164717907
32.7696,-3.6054,|val|>=0.10,LASSO,LIN,3,0.7912269249692043,0.8040995242867696,0.5390559559703193,0.07600902712477073
32.7696,-3.6054,|val|>=0.10,PCMCI,KRR,3,0.7974193855309495,0.7920844788446331,0.5411662691423241,0.03432172722357451
32.7696,-3.6054,|val|>=0.10,LASSO,KRR,3,0.7970922562396663,0.7927237540147705,0.5304664912907562,0.05514730009827282
32.7696,-3.6054,|val|>=0.15,PCMCI,LIN,1,0.7873486020515981,0.8115339298919799,0.5393422805855793,0.09897144404666211
32.7696,-3.6054,|val|>=0.15,LASSO,LIN,1,0.7873486020515981,0.8115339298919799,0.5393422805855793,0.09897144404666211
32.7696,-3.6054,|val|>=0.15,PCMCI,KRR,1,0.7899673405584213,0.8065215515173481,0.5380349499945956,0.08829512085253925
32.7696,-3.6054,|val|>=0.15,LASSO,KRR,1,0.7899673405584213,0.8065215515173481,0.5380349499945956,0.08829512085253925
32.7696,-4.1054,-,CLIMATOLOGY,-,0,0.7042014044375473,0.951329971604388,0.7087871380361785,0.010423315216832853
32.7696,-4.1054,-,ALL,LIN,56,0.7805433634966068,0.8194217455108979,0.5897233618490608,0.004562046121432707
32.7696,-4.1054,-,ALL,KRR,56,0.7771044435891628,0.8258170227726632,0.5963519533017866,0.002266952012218292
32.7696,-4.1054,fdr<=0.01,PCMCI,LIN,5,0.7787402863681532,0.8227810839514316,0.591990049793032,0.0031942772968360693
32.7696,-4.1054,fdr<=0.01,LASSO,LIN,5,0.7785366833268677,0.8231595582065513,0.5947392144674819,-0.013993544178122503
32.7696,-4.1054,fdr<=0.01,PCMCI,KRR,5,0.7756491118788258,0.828508602487011,0.5939099941045657,-0.007742449701161963
32.7696,-4.1054,fdr<=0.01,LASSO,KRR,5,0.7805990621356587,0.8193177532756698,0.5887724431686121,-0.012247457072314064
32.7696,-4.1054,fdr<=0.001,PCMCI,LIN,4,0.7780579510160858,0.824048780738942,0.5935923797474347,0.0033648347843796365
32.7696,-4.1054,fdr<=0.001,LASSO,LIN,4,0.7788975362460807,0.8224886556120486,0.5946961167183255,-0.014013845425581544
32.7696,-4.1054,fdr<=0.001,PCMCI,KRR,4,0.7779100609015471,0.824323285669901,0.592455997679424,-0.007331073604774865
32.7696,-4.1054,fdr<=0.001,LASSO,KRR,4,0.7789596030744544,0.8223732049643271,0.5916444144112166,-0.015295204152502394
32.7696,-4.1054,fdr<=0.0001,PCMCI,LIN,4,0.7780579510160858,0.824048780738942,0.5935923797474347,0.0033648347843796365
32.7696,-4.1054,fdr<=0.0001,LASSO,LIN,4,0.7788975362460807,0.8224886556120486,0.5946961167183255,-0.014013845425581544
32.7696,-4.1054,fdr<=0.0001,PCMCI,KRR,4,0.7779100609015471,0.824323285669901,0.592455997679424,-0.007331073604774865
32.7696,-4.1054,fdr<=0.0001,LASSO,KRR,4,0.7789596030744544,0.8223732049643271,0.5916444144112166,-0.015295204152502394
32.7696,-4.1054,|val|>=0.075,PCMCI,LIN,4,0.7780579510160858,0.824048780738942,0.5935923797474347,0.0033648347843796365
32.7696,-4.1054,|val|>=0.075,LASSO,LIN,4,0.7788975362460807,0.8224886556120486,0.5946961167183255,-0.014013845425581544
32.7696,-4.1054,|val|>=0.075,PCMCI,KRR,4,0.7779100609015471,0.824323285669901,0.592455997679424,-0.007331073604774865
32.7696,-4.1054,|val|>=0.075,LASSO,KRR,4,0.7789596030744544,0.8223732049643271,0.5916444144112166,-0.015295204152502394
32.7696,-4.1054,|val|>=0.10,PCMCI,LIN,3,0.7780612491650438,0.8240426578664689,0.5928346335605559,-0.0053430128011128595
32.7696,-4.1054,|val|>=0.10,LASSO,LIN,3,0.7752653044725858,0.8292169835804967,0.5896067314161445,0.031231629347161352
32.7696,-4.1054,|val|>=0.10,PCMCI,KRR,3,0.7765481472442375,0.8268469058200485,0.5936825751584401,-0.010871746491758818
32.7696,-4.1054,|val|>=0.10,LASSO,KRR,3,0.7770965091854056,0.8258317209287943,0.5816549825837142,0.032967802484196125
32.7696,-4.1054,|val|>=0.15,PCMCI,LIN,1,0.7739995087010788,0.8315489455581231,0.588683493501819,0.03395466142067089
32.7696,-4.1054,|val|>=0.15,LASSO,LIN,1,0.7739995087010788,0.8315489455581231,0.588683493501819,0.03395466142067089
32.7696,-4.1054,|val|>=0.15,PCMCI,KRR,1,0.7740197719982083,0.8315116662120153,0.5876305761056211,0.03823978656267025
32.7696,-4.1054,|val|>=0.15,LASSO,KRR,1,0.7740197719982083,0.8315116662120153,0.5876305761056211,0.03823978656267025
32.7696,-4.6054,-,CLIMATOLOGY,-,0,0.7042014044375473,0.951329971604388,0.7087871380361785,0.010423315216832853
32.7696,-4.6054,-,ALL,LIN,56,0.7805433634966068,0.8194217455108979,0.5897233618490608,0.004562046121432707
32.7696,-4.6054,-,ALL,KRR,56,0.7771044435891628,0.8258170227726632,0.5963519533017866,0.002266952012218292
32.7696,-4.6054,fdr<=0.01,PCMCI,LIN,5,0.7787402863681532,0.8227810839514316,0.591990049793032,0.0031942772968360693
32.7696,-4.6054,fdr<=0.01,LASSO,LIN,5,0.7785366833268677,0.8231595582065513,0.5947392144674819,-0.013993544178122503
32.7696,-4.6054,fdr<=0.01,PCMCI,KRR,5,0.7756491118788258,0.828508602487011,0.5939099941045657,-0.007742449701161963
32.7696,-4.6054,fdr<=0.01,LASSO,KRR,5,0.7805990621356587,0.8193177532756698,0.5887724431686121,-0.012247457072314064
32.7696,-4.6054,fdr<=0.001,PCMCI,LIN,4,0.7780579510160858,0.824048780738942,0.5935923797474347,0.0033648347843796365
32.7696,-4.6054,fdr<=0.001,LASSO,LIN,4,0.7788975362460807,0.8224886556120486,0.5946961167183255,-0.014013845425581544
32.7696,-4.6054,fdr<=0.001,PCMCI,KRR,4,0.7779100609015471,0.824323285669901,0.592455997679424,-0.007331073604774865
32.7696,-4.6054,fdr<=0.001,LASSO,KRR,4,0.7789596030744544,0.8223732049643271,0.5916444144112166,-0.015295204152502394
32.7696,-4.6054,fdr<=0.0001,PCMCI,LIN,4,0.7780579510160858,0.824048780738942,0.5935923797474347,0.0033648347843796365
32.7696,-4.6054,fdr<=0.0001,LASSO,LIN,4,0.7788975362460807,0.8224886556120486,0.5946961167183255,-0.014013845425581544
32.7696,-4.6054,fdr<=0.0001,PCMCI,KRR,4,0.7779100609015471,0.824323285669901,0.592455997679424,-0.007331073604774865
32.7696,-4.6054,fdr<=0.0001,LASSO,KRR,4,0.7789596030744544,0.8223732049643271,0.5916444144112166,-0.015295204152502394
32.7696,-4.6054,|val|>=0.075,PCMCI,LIN,4,0.7780579510160858,0.824048780738942,0.5935923797474347,0.0033648347843796365
32.7696,-4.6054,|val|>=0.075,LASSO,LIN,4,0.7788975362460807,0.8224886556120486,0.5946961167183255,-0.014013845425581544
32.7696,-4.6054,|val|>=0.075,PCMCI,KRR,4,0.7779100609015471,0.824323285669901,0.592455997679424,-0.007331073604774865
32.7696,-4.6054,|val|>=0.075,LASSO,KRR,4,0.7789596030744544,0.8223732049643271,0.5916444144112166,-0.015295204152502394
32.7696,-4.6054,|val|>=0.10,PCMCI,LIN,3,0.7780612491650438,0.8240426578664689,0.5928346335605559,-0.0053430128011128595
32.7696,-4.6054,|val|>=0.10,LASSO,LIN,3,0.7752653044725858,0.8292169835804967,0.5896067314161445,0.031231629347161352
32.7696,-4.6054,|val|>=0.10,PCMCI,KRR,3,0.7765481472442375,0.8268469058200485,0.5936825751584401,-0.010871746491758818
32.7696,-4.6054,|val|>=0.10,LASSO,KRR,3,0.7770965091854056,0.8258317209287943,0.5816549825837142,0.032967802484196125
32.7696,-4.6054,|val|>=0.15,PCMCI,LIN,1,0.7739995087010788,0.8315489455581231,0.588683493501819,0.03395466142067089
32.7696,-4.6054,|val|>=0.15,LASSO,LIN,1,0.7739995087010788,0.8315489455581231,0.588683493501819,0.03395466142067089
32.7696,-4.6054,|val|>=0.15,PCMCI,KRR,1,0.7740197719982083,0.8315116662120153,0.5876305761056211,0.03823978656267025
32.7696,-4.6054,|val|>=0.15,LASSO,KRR,1,0.7740197719982083,0.8315116662120153,0.5876305761056211,0.03823978656267025
32.7696,-5.1054,-,CLIMATOLOGY,-,0,0.6506137877795886,1.0657944444203475,0.8358926956752086,-0.038728684759265664
32.7696,-5.1054,-,ALL,LIN,56,0.7650943842573174,0.8739111300442822,0.6513771034738985,-0.03386211913001845
32.7696,-5.1054,-,ALL,KRR,56,0.7555756611015242,0.8914413915779528,0.6647110815892506,-0.03190371317445118
32.7696,-5.1054,fdr<=0.01,PCMCI,LIN,9,0.7626240741313364,0.8784942165092716,0.6598161970983532,-0.04588049813997066
32.7696,-5.1054,fdr<=0.01,LASSO,LIN,9,0.7586946569560497,0.8857354767138781,0.6628730516320156,-0.04899640407826225
32.7696,-5.1054,fdr<=0.01,PCMCI,KRR,9,0.7628758939438389,0.8780281183781725,0.6589562392720282,-0.05357147159079373
32.7696,-5.1054,fdr<=0.01,LASSO,KRR,9,0.7558461750730633,0.8909479584954193,0.6682721935272659,-0.06449512595579289
32.7696,-5.1054,fdr<=0.001,PCMCI,LIN,7,0.7624009169286483,0.8789070558863008,0.6606784259587323,-0.055805292912569006
32.7696,-5.1054,fdr<=0.001,LASSO,LIN,7,0.7573286547176784,0.8882389628732515,0.6637405035620179,-0.050625072405036234
32.7696,-5.1054,fdr<=0.001,PCMCI,KRR,7,0.7622665342475692,0.8791555694526486,0.6592489150539195,-0.06357054806195853
32.7696,-5.1054,fdr<=0.001,LASSO,KRR,7,0.7532113937553563,0.8957423823721128,0.667735963546408,-0.06419813713307652
32.7696,-5.1054,fdr<=0.0001,PCMCI,LIN,5,0.7588548564487769,0.8854414137425612,0.6661115121167065,-0.05237752352965745
32.7696,-5.1054,fdr<=0.0001,LASSO,LIN,5,0.7551922078937006,0.8921403647315601,0.669898277795033,-0.07113127392145857
32.7696,-5.1054,fdr<=0.0001,PCMCI,KRR,5,0.7603395775992976,0.882711391139889,0.6615921142950114,-0.05465722549471942
32.7696,-5.1054,fdr<=0.0001,LASSO,KRR,5,0.7534709563141055,0.89527120512783,0.6699280783198174,-0.07743791542306676
32.7696,-5.1054,|val|>=0.075,PCMCI,LIN,6,0.7602788340251168,0.882823248674047,0.6652522171985952,-0.05363943718158786
32.7696,-5.1054,|val|>=0.075,LASSO,LIN,6,0.755757642906729,0.891109476349513,0.6690985900880606,-0.06369130308110871
32.7696,-5.1054,|val|>=0.075,PCMCI,KRR,6,0.7605923403936776,0.882245783478661,0.659800183882501,-0.05755671028124203
32.7696,-5.1054,|val|>=0.075,LASSO,KRR,6,0.754823411852968,0.8928121039982837,0.6671794478348311,-0.07547248052300981
32.7696,-5.1054,|val|>=0.10,PCMCI,LIN,4,0.7570824431132407,0.8886894472448988,0.6669286500829457,-0.05636147417863432
32.7696,-5.1054,|val|>=0.10,LASSO,LIN,4,0.7569745450411877,0.8888867924550156,0.6677273235991336,-0.07072576263634099
32.7696,-5.1054,|val|>=0.10,PCMCI,KRR,4,0.7569901002138105,0.8888583447996891,0.6644529212226421,-0.06617614086802658
32.7696,-5.1054,|val|>=0.10,LASSO,KRR,4,0.7533885776507132,0.8954207718565823,0.6681811092354488,-0.07410940817194892
32.7696,-5.1054,|val|>=0.15,PCMCI,LIN,2,0.7512775714026865,0.8992450288845256,0.6673949980035282,-0.0031292186938322343
32.7696,-5.1054,|val|>=0.15,LASSO,LIN,2,0.7512775714026865,0.8992450288845256,0.6673949980035282,-0.0031292186938322343
32.7696,-5.1054,|val|>=0.15,PCMCI,KRR,2,0.7518379469290133,0.8982314510953511,0.659678168655881,0.002773716235970925
32.7696,-5.1054,|val|>=0.15,LASSO,KRR,2,0.7518379469290133,0.8982314510953511,0.659678168655881,0.002773716235970925
32.7696,-5.6054,-,CLIMATOLOGY,-,0,0.6506137877795886,1.0657944444203475,0.8358926956752086,-0.038728684759265664
32.7696,-5.6054,-,ALL,LIN,56,0.7701138098404537,0.8645239166002198,0.647980690075734,-0.04265769044022647
32.7696,-5.6054,-,ALL,KRR,56,0.7607843707386269,0.8818918851346454,0.6591350977771195,-0.03322585431928664
32.7696,-5.6054,fdr<=0.01,PCMCI,LIN,8,0.7714935069071982,0.8619257262386703,0.6416139102311119,-0.04037223048796988
32.7696,-5.6054,fdr<=0.01,LASSO,LIN,8,0.7661573400086321,0.8719316496863211,0.652659724338118,-0.06546493673939023
32.7696,-5.6054,fdr<=0.01,PCMCI,KRR,8,0.7715578416695844,0.8618043824430771,0.6400023372813969,-0.03804290315732244
32.7696,-5.6054,fdr<=0.01,LASSO,KRR,8,0.7629580568650037,0.877875987904063,0.656747851303546,-0.05772162628432228
32.7696,-5.6054,fdr<=0.001,PCMCI,LIN,6,0.7682326970863464,0.8680538234043201,0.651615610520374,-0.05760532257450199
32.7696,-5.6054,fdr<=0.001,LASSO,LIN,6,0.7614191123952028,0.8807210892692378,0.6626164619144548,-0.08184072351388796
32.7696,-5.6054,fdr<=0.001,PCMCI,KRR,6,0.7675641904444059,0.86930482363026,0.6441820671187946,-0.05134657487387179
32.7696,-5.6054,fdr<=0.001,LASSO,KRR,6,0.7592738817384919,0.8846717866703246,0.6643874991465648,-0.07723333486453998
32.7696,-5.6054,fdr<=0.0001,PCMCI,LIN,6,0.7682326970863464,0.8680538234043201,0.651615610520374,-0.05760532257450199
32.7696,-5.6054,fdr<=0.0001,LASSO,LIN,6,0.7614191123952028,0.8807210892692378,0.6626164619144548,-0.08184072351388796
32.7696,-5.6054,fdr<=0.0001,PCMCI,KRR,6,0.7675641904444059,0.86930482363026,0.6441820671187946,-0.05134657487387179
32.7696,-5.6054,fdr<=0.0001,LASSO,KRR,6,0.7592738817384919,0.8846717866703246,0.6643874991465648,-0.07723333486453998
32.7696,-5.6054,|val|>=0.075,PCMCI,LIN,6,0.7682326970863464,0.8680538234043201,0.651615610520374,-0.05760532257450199
32.7696,-5.6054,|val|>=0.075,LASSO,LIN,6,0.7614191123952028,0.8807210892692378,0.6626164619144548,-0.08184072351388796
32.7696,-5.6054,|val|>=0.075,PCMCI,KRR,6,0.7675641904444059,0.86930482363026,0.6441820671187946,-0.05134657487387179
32.7696,-5.6054,|val|>=0.075,LASSO,KRR,6,0.7592738817384919,0.8846717866703246,0.6643874991465648,-0.07723333486453998
32.7696,-5.6054,|val|>=0.10,PCMCI,LIN,4,0.7588979894826042,0.8853622218462239,0.6588603415518112,-0.008446885326305163
32.7696,-5.6054,|val|>=0.10,LASSO,LIN,4,0.7624558305226329,0.8788054840839379,0.6613201629363965,-0.08011065698771876
32.7696,-5.6054,|val|>=0.10,PCMCI,KRR,4,0.7602956865186036,0.8827922167155728,0.6480110840512877,0.0006878222855886978
32.7696,-5.6054,|val|>=0.10,LASSO,KRR,4,0.7590678507310978,0.8850502890892953,0.6591776854175185,-0.07578696852699691
32.7696,-5.6054,|val|>=0.15,PCMCI,LIN,2,0.7558287093565229,0.8909798252216876,0.6622760655333456,-0.011835293536237957
32.7696,-5.6054,|val|>=0.15,LASSO,LIN,2,0.7558287093565229,0.8909798252216876,0.6622760655333456,-0.011835293536237957
32.7696,-5.6054,|val|>=0.15,PCMCI,KRR,2,0.7563945440062104,0.8899468625246777,0.654742609631651,-0.006329828144147414
32.7696,-5.6054,|val|>=0.15,LASSO,KRR,2,0.7563945440062104,0.8899468625246777,0.654742609631651,-0.006329828144147414
32.7696,-6.1054,-,CLIMATOLOGY,-,0,0.7336248189239858,0.949493095818324,0.7188921076013903,-0.02016184314697258
32.7696,-6.1054,-,ALL,LIN,56,0.8113781031270371,0.7989893420496376,0.583152503405856,-0.0027262886163327365
32.7696,-6.1054,-,ALL,KRR,56,0.8097502227994541,0.8024297294061974,0.5912188414721603,-0.01754355283955667
32.7696,-6.1054,fdr<=0.01,PCMCI,LIN,7,0.8107643733346932,0.8002881449398781,0.5838620934357031,-0.0065256017319165905
32.7696,-6.1054,fdr<=0.01,LASSO,LIN,7,0.8095236256354104,0.8029074545163971,0.5869478158478523,-0.011078766849843451
32.7696,-6.1054,fdr<=0.01,PCMCI,KRR,7,0.813716728080452,0.7940207663375565,0.5769202061851126,-0.007575312060435561
32.7696,-6.1054,fdr<=0.01,LASSO,KRR,7,0.8110583864513268,0.799666204238887,0.5859481506408246,-0.011379607392479502
32.7696,-6.1054,fdr<=0.001,PCMCI,LIN,4,0.8081484494244272,0.8058006046950194,0.5865200294225826,-0.0006625892550968536
32.7696,-6.1054,fdr<=0.001,LASSO,LIN,4,0.8106008274606668,0.8006338926189647,0.5896977902174076,-0.03268069563662714
32.7696,-6.1054,fdr<=0.001,PCMCI,KRR,4,0.8129346026533942,0.7956859006641447,0.5762876878490364,0.0009422423564719917
32.7696,-6.1054,fdr<=0.001,LASSO,KRR,4,0.8088850690972085,0.8042521693855088,0.590305759171282,-0.030526285834219825
32.7696,-6.1054,fdr<=0.0001,PCMCI,LIN,4,0.8081484494244272,0.8058006046950194,0.5865200294225826,-0.0006625892550968536
32.7696,-6.1054,fdr<=0.0001,LASSO,LIN,4,0.8106008274606668,0.8006338926189647,0.5896977902174076,-0.03268069563662714
32.7696,-6.1054,fdr<=0.0001,PCMCI,KRR,4,0.8129346026533942,0.7956859006641447,0.5762876878490364,0.0009422423564719917
32.7696,-6.1054,fdr<=0.0001,LASSO,KRR,4,0.8088850690972085,0.8042521693855088,0.590305759171282,-0.030526285834219825
32.7696,-6.1054,|val|>=0.075,PCMCI,LIN,4,0.8081484494244272,0.8058006046950194,0.5865200294225826,-0.0006625892550968536
32.7696,-6.1054,|val|>=0.075,LASSO,LIN,4,0.8106008274606668,0.8006338926189647,0.5896977902174076,-0.03268069563662714
32.7696,-6.1054,|val|>=0.075,PCMCI,KRR,4,0.8129346026533942,0.7956859006641447,0.5762876878490364,0.0009422423564719917
32.7696,-6.1054,|val|>=0.075,LASSO,KRR,4,0.8088850690972085,0.8042521693855088,0.590305759171282,-0.030526285834219825
32.7696,-6.1054,|val|>=0.10,PCMCI,LIN,3,0.8078937283434058,0.8063353575200093,0.5847482805638615,0.007483168155522447
32.7696,-6.1054,|val|>=0.10,LASSO,LIN,3,0.8090786189966115,0.8038448167070323,0.5927316487122224,-0.040937276513955935
32.7696,-6.1054,|val|>=0.10,PCMCI,KRR,3,0.8111530253340179,0.7994659069252948,0.5773161719158056,-0.0007221015113271112
32.7696,-6.1054,|val|>=0.10,LASSO,KRR,3,0.8097470678330647,0.8024363828392992,0.5875911522128344,-0.03325278036361576
32.7696,-6.1054,|val|>=0.15,PCMCI,LIN,2,0.8075259927796962,0.8071067441575753,0.5860379602740983,0.003119243893354427
32.7696,-6.1054,|val|>=0.15,LASSO,LIN,2,0.8075259927796962,0.8071067441575753,0.5860379602740983,0.003119243893354427
32.7696,-6.1054,|val|>=0.15,PCMCI,KRR,2,0.8077267425919499,0.8066857293929292,0.5842031137348448,-0.00907995829622703
32.7696,-6.1054,|val|>=0.15,LASSO,KRR,2,0.8077267425919499,0.8066857293929292,0.5842031137348448,-0.00907995829622703
32.7696,-6.6054,-,CLIMATOLOGY,-,0,0.7336248189239858,0.949493095818324,0.7188921076013903,-0.02016184314697258
32.7696,-6.6054,-,ALL,LIN,56,0.8085714308365695,0.8049118270213627,0.589871536688319,0.007758231249840384
32.7696,-6.6054,-,ALL,KRR,56,0.8086343368184437,0.804779563771841,0.5937760410971555,-0.01377353428016403
32.7696,-6.6054,fdr<=0.01,PCMCI,LIN,9,0.810783669424702,0.8002473417728669,0.582421456271015,-0.002278251843203319
32.7696,-6.6054,fdr<=0.01,LASSO,LIN,9,0.8084365645740363,0.8051953174558666,0.5880527971924198,-0.0030561271274497054
32.7696,-6.6054,fdr<=0.01,PCMCI,KRR,9,0.8142563779861128,0.7928698202369074,0.5786331023979544,-0.007441847191416125
32.7696,-6.6054,fdr<=0.01,LASSO,KRR,9,0.8125068069814088,0.7965951992395698,0.5834903601765069,-0.01133067887553692
32.7696,-6.6054,fdr<=0.001,PCMCI,LIN,5,0.8101756806215008,0.8015319856795544,0.5826166666510006,-0.000908210369216999
32.7696,-6.6054,fdr<=0.001,LASSO,LIN,5,0.8091703879640872,0.8036516039956451,0.5912349600551605,-0.025863217269836272
32.7696,-6.6054,fdr<=0.001,PCMCI,KRR,5,0.8140292128482461,0.7933545134505803,0.5764101693165913,-0.003496199813125218
32.7696,-6.6054,fdr<=0.001,LASSO,KRR,5,0.8097502545784889,0.8024296623878708,0.5872523952577932,-0.02901001805254358
32.7696,-6.6054,fdr<=0.0001,PCMCI,LIN,4,0.809699082405491,0.8025375713593882,0.5838817025247187,-0.0013208020146762056
32.7696,-6.6054,fdr<=0.0001,LASSO,LIN,4,0.8079439252332563,0.806230003928065,0.59321338898364,-0.03636557496921701
32.7696,-6.6054,fdr<=0.0001,PCMCI,KRR,4,0.8148835591015464,0.7915300879341135,0.5737852760733896,-0.0026365049050492153
32.7696,-6.6054,fdr<=0.0001,LASSO,KRR,4,0.8092123150518796,0.8035633141805454,0.5876171316272857,-0.03460700518232386
32.7696,-6.6054,|val|>=0.075,PCMCI,LIN,5,0.8101756806215008,0.8015319856795544,0.5826166666510006,-0.000908210369216999
32.7696,-6.6054,|val|>=0.075,LASSO,LIN,5,0.8091703879640872,0.8036516039956451,0.5912349600551605,-0.025863217269836272
32.7696,-6.6054,|val|>=0.075,PCMCI,KRR,5,0.8140292128482461,0.7933545134505803,0.5764101693165913,-0.003496199813125218
32.7696,-6.6054,|val|>=0.075,LASSO,KRR,5,0.8097502545784889,0.8024296623878708,0.5872523952577932,-0.02901001805254358
32.7696,-6.6054,|val|>=0.10,PCMCI,LIN,3,0.8096949196059637,0.8025463489963939,0.583157174713845,0.001436630255685862
32.7696,-6.6054,|val|>=0.10,LASSO,LIN,3,0.8083268109054699,0.8054259472871391,0.5852620693638085,-0.0022247338327624293
32.7696,-6.6054,|val|>=0.10,PCMCI,KRR,3,0.8130775198246828,0.7953818922587101,0.5761888540187419,-0.005905228079258287
32.7696,-6.6054,|val|>=0.10,LASSO,KRR,3,0.8068776921415853,0.8084648702699858,0.5868165286340711,-0.012280107909734507
32.7696,-6.6054,|val|>=0.15,PCMCI,LIN,2,0.8090043108827488,0.8040012328740539,0.585569337082937,-0.00505123378107575
32.7696,-6.6054,|val|>=0.15,LASSO,LIN,2,0.8090043108827488,0.8040012328740539,0.585569337082937,-0.00505123378107575
32.7696,-6.6054,|val|>=0.15,PCMCI,KRR,2,0.8092430841508977,0.8034985146203949,0.5836378991786958,-0.016499515637444243
32.7696,-6.6054,|val|>=0.15,LASSO,KRR,2,0.8092430841508977,0.8034985146203949,0.5836378991786958,-0.016499515637444243
32.7696,-7.1054,-,CLIMATOLOGY,-,0,0.7902696273058454,0.8514825900836169,0.6414232008570403,-0.011590652314022898
32.7696,-7.1054,-,ALL,LIN,56,0.8461108837133081,0.7293719563645072,0.5451278808502933,-0.019483721272009924
32.7696,-7.1054,-,ALL,KRR,56,0.8437278794332503,0.734997498442689,0.5483484394440282,-0.03029860330707558
32.7696,-7.1054,fdr<=0.01,PCMCI,LIN,5,0.8436314931748885,0.7352241311205749,0.5498413052411162,-0.04526923464454518
32.7696,-7.1054,fdr<=0.01,LASSO,LIN,5,0.8426865439095652,0.737442298536017,0.550579089743336,-0.04006734369182779
32.7696,-7.1054,fdr<=0.01,PCMCI,KRR,5,0.8451333045522864,0.7316849530969991,0.541753174890075,-0.03559118867114333
32.7696,-7.1054,fdr<=0.01,LASSO,KRR,5,0.8416451334618817,0.7398791952947148,0.5529862837941052,-0.042476396605470645
32.7696,-7.1054,fdr<=0.001,PCMCI,LIN,4,0.8429764773933607,0.7367624208410726,0.5506933883489147,-0.041390891117333434
32.7696,-7.1054,fdr<=0.001,LASSO,LIN,4,0.843702195388599,0.7350578960776101,0.5486033913848106,-0.04350540310752893
32.7696,-7.1054,fdr<=0.001,PCMCI,KRR,4,0.8448856350701446,0.7322697903941919,0.5419176807556247,-0.03373619258274378
32.7696,-7.1054,fdr<=0.001,LASSO,KRR,4,0.8433399864018489,0.7359091252557315,0.5454842642475325,-0.04084637080199704
32.7696,-7.1054,fdr<=0.0001,PCMCI,LIN,4,0.8429764773933607,0.7367624208410726,0.5506933883489147,-0.041390891117333434
32.7696,-7.1054,fdr<=0.0001,LASSO,LIN,4,0.843702195388599,0.7350578960776101,0.5486033913848106,-0.04350540310752893
32.7696,-7.1054,fdr<=0.0001,PCMCI,KRR,4,0.8448856350701446,0.7322697903941919,0.5419176807556247,-0.03373619258274378
32.7696,-7.1054,fdr<=0.0001,LASSO,KRR,4,0.8433399864018489,0.7359091252557315,0.5454842642475325,-0.04084637080199704
32.7696,-7.1054,|val|>=0.075,PCMCI,LIN,4,0.8429764773933607,0.7367624208410726,0.5506933883489147,-0.041390891117333434
32.7696,-7.1054,|val|>=0.075,LASSO,LIN,4,0.843702195388599,0.7350578960776101,0.5486033913848106,-0.04350540310752893
32.7696,-7.1054,|val|>=0.075,PCMCI,KRR,4,0.8448856350701446,0.7322697903941919,0.5419176807556247,-0.03373619258274378
32.7696,-7.1054,|val|>=0.075,LASSO,KRR,4,0.8433399864018489,0.7359091252557315,0.5454842642475325,-0.04084637080199704
32.7696,-7.1054,|val|>=0.10,PCMCI,LIN,4,0.8429764773933607,0.7367624208410726,0.5506933883489147,-0.041390891117333434
32.7696,-7.1054,|val|>=0.10,LASSO,LIN,4,0.843702195388599,0.7350578960776101,0.5486033913848106,-0.04350540310752893
32.7696,-7.1054,|val|>=0.10,PCMCI,KRR,4,0.8448856350701446,0.7322697903941919,0.5419176807556247,-0.03373619258274378
32.7696,-7.1054,|val|>=0.10,LASSO,KRR,4,0.8433399864018489,0.7359091252557315,0.5454842642475325,-0.04084637080199704
32.7696,-7.1054,|val|>=0.15,PCMCI,LIN,2,0.8427476183098849,0.7372991346277216,0.5411396819559137,-0.013333268564403453
32.7696,-7.1054,|val|>=0.15,LASSO,LIN,2,0.8427476183098849,0.7372991346277216,0.5411396819559137,-0.013333268564403453
32.7696,-7.1054,|val|>=0.15,PCMCI,KRR,2,0.8417560748586981,0.7396199749282992,0.5421849305272154,-0.020603161471926153
32.7696,-7.1054,|val|>=0.15,LASSO,KRR,2,0.8417560748586981,0.7396199749282992,0.5421849305272154,-0.020603161471926153
32.7696,-7.6054,-,CLIMATOLOGY,-,0,0.7902696273058454,0.8514825900836169,0.6414232008570403,-0.011590652314022898
32.7696,-7.6054,-,ALL,LIN,56,0.842310866808526,0.7383223090273417,0.5547705720463615,-0.027831272389277222
32.7696,-7.6054,-,ALL,KRR,56,0.8427933041897375,0.7371920246233988,0.5503924762273078,-0.033128989934669
32.7696,-7.6054,fdr<=0.01,PCMCI,LIN,5,0.8436872426802235,0.7350930560196344,0.5483366510802405,-0.04051981558932603
32.7696,-7.6054,fdr<=0.01,LASSO,LIN,5,0.8431341435816471,0.7363924390231432,0.5482577571108684,-0.03857564417713223
32.7696,-7.6054,fdr<=0.01,PCMCI,KRR,5,0.8451166290505214,0.7317243446694197,0.5398065410218218,-0.03307571702723845
32.7696,-7.6054,fdr<=0.01,LASSO,KRR,5,0.8446464604318195,0.7328341252997621,0.5432095709706751,-0.03893827987316382
32.7696,-7.6054,fdr<=0.001,PCMCI,LIN,4,0.8431662362866932,0.736317107033286,0.5493531923576515,-0.03647863573925203
32.7696,-7.6054,fdr<=0.001,LASSO,LIN,4,0.8424613973862308,0.7379698224044454,0.5510500788953213,-0.04570833643824054
32.7696,-7.6054,fdr<=0.001,PCMCI,KRR,4,0.8447726964138473,0.7325363244381273,0.540873765334701,-0.032166407025169846
32.7696,-7.6054,fdr<=0.001,LASSO,KRR,4,0.8430523145300759,0.7365844834866785,0.5453834412399413,-0.04587119438725047
32.7696,-7.6054,fdr<=0.0001,PCMCI,LIN,4,0.8431662362866932,0.736317107033286,0.5493531923576515,-0.03647863573925203
32.7696,-7.6054,fdr<=0.0001,LASSO,LIN,4,0.8424613973862308,0.7379698224044454,0.5510500788953213,-0.04570833643824054
32.7696,-7.6054,fdr<=0.0001,PCMCI,KRR,4,0.8447726964138473,0.7325363244381273,0.540873765334701,-0.032166407025169846
32.7696,-7.6054,fdr<=0.0001,LASSO,KRR,4,0.8430523145300759,0.7365844834866785,0.5453834412399413,-0.04587119438725047
32.7696,-7.6054,|val|>=0.075,PCMCI,LIN,4,0.8431662362866932,0.736317107033286,0.5493531923576515,-0.03647863573925203
32.7696,-7.6054,|val|>=0.075,LASSO,LIN,4,0.8424613973862308,0.7379698224044454,0.5510500788953213,-0.04570833643824054
32.7696,-7.6054,|val|>=0.075,PCMCI,KRR,4,0.8447726964138473,0.7325363244381273,0.540873765334701,-0.032166407025169846
32.7696,-7.6054,|val|>=0.075,LASSO,KRR,4,0.8430523145300759,0.7365844834866785,0.5453834412399413,-0.04587119438725047
32.7696,-7.6054,|val|>=0.10,PCMCI,LIN,3,0.8437724166320334,0.7348927546718944,0.54223459995731,-0.0154059878280252
32.7696,-7.6054,|val|>=0.10,LASSO,LIN,3,0.843524171296288,0.7354763945148395,0.5412123006254931,-0.017394463298011587
32.7696,-7.6054,|val|>=0.10,PCMCI,KRR,3,0.8444737509259437,0.7332413650147527,0.538071094493076,-0.01630408965073676
32.7696,-7.6054,|val|>=0.10,LASSO,KRR,3,0.8428839997733194,0.736979343774982,0.5423995853141116,-0.022355350426267996
32.7696,-7.6054,|val|>=0.15,PCMCI,LIN,2,0.8435249084515393,0.7354746621037396,0.5422095219695944,-0.02077791929830676
32.7696,-7.6054,|val|>=0.15,LASSO,LIN,2,0.8435249084515393,0.7354746621037396,0.5422095219695944,-0.02077791929830676
32.7696,-7.6054,|val|>=0.15,PCMCI,KRR,2,0.8425543907234456,0.7377519824409755,0.54297617855071,-0.026700104319544206
32.7696,-7.6054,|val|>=0.15,LASSO,KRR,2,0.8425543907234456,0.7377519824409755,0.54297617855071,-0.026700104319544206
32.7696,-8.1054,-,CLIMATOLOGY,-,0,0.7911084291434534,0.8297073890836043,0.6070383158527456,-0.025651743685912012
32.7696,-8.1054,-,ALL,LIN,56,0.829037768060692,0.7506104206378419,0.5455275707291096,-0.05257002994334528
32.7696,-8.1054,-,ALL,KRR,56,0.8277929845058787,0.753338078391111,0.5452339677221529,-0.04157086443326244
32.7696,-8.1054,fdr<=0.01,PCMCI,LIN,5,0.8303340404985801,0.7477593611382692,0.546087130554625,-0.060409070919682555
32.7696,-8.1054,fdr<=0.01,LASSO,LIN,5,0.8283936890915973,0.7520230072057488,0.5488947850121314,-0.062432274444726286
32.7696,-8.1054,fdr<=0.01,PCMCI,KRR,5,0.8302843592668784,0.7478688317918628,0.5383941319978772,-0.04739978073259192
32.7696,-8.1054,fdr<=0.01,LASSO,KRR,5,0.8318020869528219,0.7445173130849727,0.5324467982722326,-0.061544460039331034
32.7696,-8.1054,fdr<=0.001,PCMCI,LIN,4,0.8300948533857431,0.748286253546353,0.5466162059542328,-0.05611430662073348
32.7696,-8.1054,fdr<=0.001,LASSO,LIN,4,0.8292860196293844,0.7500652478623474,0.5475126548337615,-0.06333655669654296
32.7696,-8.1054,fdr<=0.001,PCMCI,KRR,4,0.8304942556681995,0.7474062240420811,0.5379064714836213,-0.045683738345615406
32.7696,-8.1054,fdr<=0.001,LASSO,KRR,4,0.8325462305294364,0.7428685354341682,0.5310607675118938,-0.06196607105109071
32.7696,-8.1054,fdr<=0.0001,PCMCI,LIN,4,0.8300948533857431,0.748286253546353,0.5466162059542328,-0.05611430662073348
32.7696,-8.1054,fdr<=0.0001,LASSO,LIN,4,0.8292860196293844,0.7500652478623474,0.5475126548337615,-0.06333655669654296
32.7696,-8.1054,fdr<=0.0001,PCMCI,KRR,4,0.8304942556681995,0.7474062240420811,0.5379064714836213,-0.045683738345615406
32.7696,-8.1054,fdr<=0.0001,LASSO,KRR,4,0.8325462305294364,0.7428685354341682,0.5310607675118938,-0.06196607105109071
32.7696,-8.1054,|val|>=0.075,PCMCI,LIN,4,0.8300948533857431,0.748286253546353,0.5466162059542328,-0.05611430662073348
32.7696,-8.1054,|val|>=0.075,LASSO,LIN,4,0.8292860196293844,0.7500652478623474,0.5475126548337615,-0.06333655669654296
32.7696,-8.1054,|val|>=0.075,PCMCI,KRR,4,0.8304942556681995,0.7474062240420811,0.5379064714836213,-0.045683738345615406
32.7696,-8.1054,|val|>=0.075,LASSO,KRR,4,0.8325462305294364,0.7428685354341682,0.5310607675118938,-0.06196607105109071
32.7696,-8.1054,|val|>=0.10,PCMCI,LIN,4,0.8300948533857431,0.748286253546353,0.5466162059542328,-0.05611430662073348
32.7696,-8.1054,|val|>=0.10,LASSO,LIN,4,0.8292860196293844,0.7500652478623474,0.5475126548337615,-0.06333655669654296
32.7696,-8.1054,|val|>=0.10,PCMCI,KRR,4,0.8304942556681995,0.7474062240420811,0.5379064714836213,-0.045683738345615406
32.7696,-8.1054,|val|>=0.10,LASSO,KRR,4,0.8325462305294364,0.7428685354341682,0.5310607675118938,-0.06196607105109071
32.7696,-8.1054,|val|>=0.15,PCMCI,LIN,2,0.829380339025167,0.7498580138816727,0.5394917565423127,-0.027557463579270903
32.7696,-8.1054,|val|>=0.15,LASSO,LIN,2,0.829380339025167,0.7498580138816727,0.5394917565423127,-0.027557463579270903
32.7696,-8.1054,|val|>=0.15,PCMCI,KRR,2,0.8277659444837937,0.7533972208094498,0.5390456857999489,-0.030453513449219913
32.7696,-8.1054,|val|>=0.15,LASSO,KRR,2,0.8277659444837937,0.7533972208094498,0.5390456857999489,-0.030453513449219913
32.7696,-8.6054,-,CLIMATOLOGY,-,0,0.7911084291434534,0.8297073890836043,0.6070383158527456,-0.025651743685912012
32.7696,-8.6054,-,ALL,LIN,56,0.8292532170325503,0.750137306712096,0.5470958843013741,-0.05443089291349988
32.7696,-8.6054,-,ALL,KRR,56,0.8274517586135246,0.7540840736800913,0.545596870945591,-0.040376630652835636
32.7696,-8.6054,fdr<=0.01,PCMCI,LIN,6,0.8323579444121287,0.7432860612281138,0.5443217938023592,-0.05880927067707189
32.7696,-8.6054,fdr<=0.01,LASSO,LIN,6,0.829709544230286,0.749134251008646,0.5462523680252855,-0.057448997631632706
32.7696,-8.6054,fdr<=0.01,PCMCI,KRR,6,0.8328559007866345,0.7421813286183587,0.5350315753173897,-0.04308901750121104
32.7696,-8.6054,fdr<=0.01,LASSO,KRR,6,0.8314025293637599,0.7454010966015792,0.537885035375316,-0.04771048096282005
32.7696,-8.6054,fdr<=0.001,PCMCI,LIN,5,0.8320531102800703,0.7439615362853255,0.5442712123207415,-0.054536933861053266
32.7696,-8.6054,fdr<=0.001,LASSO,LIN,5,0.8304764067111551,0.7474455739486937,0.5469193578354197,-0.06134393403846134
32.7696,-8.6054,fdr<=0.001,PCMCI,KRR,5,0.8333426942204465,0.7410997695353508,0.5338701077833368,-0.04221664505128471
32.7696,-8.6054,fdr<=0.001,LASSO,KRR,5,0.8333264478402589,0.7411358912497279,0.5274840558822463,-0.05586067362305758
32.7696,-8.6054,fdr<=0.0001,PCMCI,LIN,4,0.8339323534329774,0.7397875452381397,0.5340220706460976,-0.024851260998336927
32.7696,-8.6054,fdr<=0.0001,LASSO,LIN,4,0.8278378224903693,0.7532399977177101,0.5509912780879807,-0.06733266983560633
32.7696,-8.6054,fdr<=0.0001,PCMCI,KRR,4,0.8325577558537728,0.7428429703239803,0.531058341266104,-0.02311287891684453
32.7696,-8.6054,fdr<=0.0001,LASSO,KRR,4,0.8310339485803322,0.7462154342261277,0.5335023005035225,-0.0633003447792426
32.7696,-8.6054,|val|>=0.075,PCMCI,LIN,5,0.8320531102800703,0.7439615362853255,0.5442712123207415,-0.054536933861053266
32.7696,-8.6054,|val|>=0.075,LASSO,LIN,5,0.8304764067111551,0.7474455739486937,0.5469193578354197,-0.06134393403846134
32.7696,-8.6054,|val|>=0.075,PCMCI,KRR,5,0.8333426942204465,0.7410997695353508,0.5338701077833368,-0.04221664505128471
32.7696,-8.6054,|val|>=0.075,LASSO,KRR,5,0.8333264478402589,0.7411358912497279,0.5274840558822463,-0.05586067362305758
32.7696,-8.6054,|val|>=0.10,PCMCI,LIN,3,0.8311146561977869,0.7460371958677298,0.5375303196104463,-0.02663797846534907
32.7696,-8.6054,|val|>=0.10,LASSO,LIN,3,0.8299672494555016,0.7485671936698066,0.5389752617758107,-0.03177555186564266
32.7696,-8.6054,|val|>=0.10,PCMCI,KRR,3,0.8290534504432964,0.7505759930639,0.5362829533728367,-0.024830739862914477
32.7696,-8.6054,|val|>=0.10,LASSO,KRR,3,0.8321125776619158,0.7438298120187257,0.5297797659652455,-0.044493334860293006
32.7696,-8.6054,|val|>=0.15,PCMCI,LIN,2,0.8296866972339475,0.7491845030717381,0.539829331109898,-0.031142266697907057
32.7696,-8.6054,|val|>=0.15,LASSO,LIN,2,0.8296866972339475,0.7491845030717381,0.539829331109898,-0.031142266697907057
32.7696,-8.6054,|val|>=0.15,PCMCI,KRR,2,0.8280360049828493,0.7528063311386767,0.5393650493994864,-0.032910053472063654
32.7696,-8.6054,|val|>=0.15,LASSO,KRR,2,0.8280360049828493,0.7528063311386767,0.5393650493994864,-0.032910053472063654
33.2696,-2.1054,-,CLIMATOLOGY,-,0,0.7509632104452656,0.9319910267196346,0.6798910349128559,-0.0037535447961313936
33.2696,-2.1054,-,ALL,LIN,56,0.7998516261183733,0.8355183826148682,0.5910979857823926,-0.011364532790027589
33.2696,-2.1054,-,ALL,KRR,56,0.8007221342149645,0.8336994368272191,0.5921141714553003,-0.022781473726041432
33.2696,-2.1054,fdr<=0.01,PCMCI,LIN,6,0.7984907777873411,0.838353998067952,0.5927965067697949,-0.0151762027120465
33.2696,-2.1054,fdr<=0.01,LASSO,LIN,6,0.7957357622508819,0.8440654919300883,0.5954543904878299,-0.03519454849096239
33.2696,-2.1054,fdr<=0.01,PCMCI,KRR,6,0.8004680358119829,0.8342307908941309,0.5917724264089123,-0.02803152651900513
33.2696,-2.1054,fdr<=0.01,LASSO,KRR,6,0.797969939820356,0.8394367395988129,0.5939014820124844,-0.04055983678920834
33.2696,-2.1054,fdr<=0.001,PCMCI,LIN,4,0.7985587148019242,0.8382126644146705,0.5917596353101444,-0.02080756143976039
33.2696,-2.1054,fdr<=0.001,LASSO,LIN,4,0.7967174237698684,0.8420348268088348,0.5937411871307495,-0.03464251763270981
33.2696,-2.1054,fdr<=0.001,PCMCI,KRR,4,0.8002152796385239,0.8347590026272345,0.5917329120228343,-0.03204074509250348
33.2696,-2.1054,fdr<=0.001,LASSO,KRR,4,0.8002849369230594,0.8346134656848814,0.5893493997048014,-0.04230914373243304
33.2696,-2.1054,fdr<=0.0001,PCMCI,LIN,3,0.796877127973154,0.8417039993318606,0.5905816681887351,0.004788267733822808
33.2696,-2.1054,fdr<=0.0001,LASSO,LIN,3,0.7968548811444196,0.8417500914628047,0.5927550192242449,-0.03254304561539649
33.2696,-2.1054,fdr<=0.0001,PCMCI,KRR,3,0.7986877193701605,0.8379442224697922,0.5884770358084065,-0.002948055377515259
33.2696,-2.1054,fdr<=0.0001,LASSO,KRR,3,0.7981906732115558,0.8389780396481771,0.5939704278141782,-0.039466296312261145
33.2696,-2.1054,|val|>=0.075,PCMCI,LIN,4,0.7985587148019242,0.8382126644146705,0.5917596353101444,-0.02080756143976039
33.2696,-2.1054,|val|>=0.075,LASSO,LIN,4,0.7967174237698684,0.8420348268088348,0.5937411871307495,-0.03464251763270981
33.2696,-2.1054,|val|>=0.075,PCMCI,KRR,4,0.8002152796385239,0.8347590026272345,0.5917329120228343,-0.03204074509250348
33.2696,-2.1054,|val|>=0.075,LASSO,KRR,4,0.8002849369230594,0.8346134656848814,0.5893493997048014,-0.04230914373243304
33.2696,-2.1054,|val|>=0.10,PCMCI,LIN,2,0.7937650912001575,0.8481273452595115,0.5904931268551431,0.005568280203403456
33.2696,-2.1054,|val|>=0.10,LASSO,LIN,2,0.7937650912001575,0.8481273452595115,0.5904931268551431,0.005568280203403456
33.2696,-2.1054,|val|>=0.10,PCMCI,KRR,2,0.795358764133273,0.844844053108259,0.588567955602929,-0.002437455856555545
33.2696,-2.1054,|val|>=0.10,LASSO,KRR,2,0.795358764133273,0.844844053108259,0.588567955602929,-0.002437455856555545
33.2696,-2.1054,|val|>=0.15,PCMCI,LIN,2,0.7937650912001575,0.8481273452595115,0.5904931268551431,0.005568280203403456
33.2696,-2.1054,|val|>=0.15,LASSO,LIN,2,0.7937650912001575,0.8481273452595115,0.5904931268551431,0.005568280203403456
33.2696,-2.1054,|val|>=0.15,PCMCI,KRR,2,0.795358764133273,0.844844053108259,0.588567955602929,-0.002437455856555545
33.2696,-2.1054,|val|>=0.15,LASSO,KRR,2,0.795358764133273,0.844844053108259,0.588567955602929,-0.002437455856555545
33.2696,-2.6054,-,CLIMATOLOGY,-,0,0.7509632104452656,0.9319910267196346,0.6798910349128559,-0.0037535447961313936
33.2696,-2.6054,-,ALL,LIN,56,0.802360545272224,0.8302651327265066,0.5862812628659113,-0.010060615834392448
33.2696,-2.6054,-,ALL,KRR,56,0.8020551596785144,0.8309063334976162,0.5900085144653172,-0.023194065525246662
33.2696,-2.6054,fdr<=0.01,PCMCI,LIN,6,0.7981930987420718,0.8389729978273051,0.593972147775596,-0.022762673359121473
33.2696,-2.6054,fdr<=0.01,LASSO,LIN,6,0.7967392277400174,0.8419896675165146,0.5945328235513717,-0.03673662685459194
33.2696,-2.6054,fdr<=0.01,PCMCI,KRR,6,0.8015892514031875,0.8318836224395105,0.5944205190846273,-0.03767564027541123
33.2696,-2.6054,fdr<=0.01,LASSO,KRR,6,0.7981901300427394,0.8389791687000634,0.5936679122760811,-0.045650931465807294
33.2696,-2.6054,fdr<=0.001,PCMCI,LIN,4,0.7987634561376005,0.8377865839079881,0.591447108346829,-0.020301159843290457
33.2696,-2.6054,fdr<=0.001,LASSO,LIN,4,0.7970664498653586,0.8413116502550871,0.593353209758257,-0.03632879112701463
33.2696,-2.6054,fdr<=0.001,PCMCI,KRR,4,0.8011335225501504,0.832838449548057,0.5906304647753577,-0.03338799835727251
33.2696,-2.6054,fdr<=0.001,LASSO,KRR,4,0.8009267076552019,0.8332713999376845,0.5890899864815036,-0.04583988429352074
33.2696,-2.6054,fdr<=0.0001,PCMCI,LIN,4,0.7987634561376005,0.8377865839079881,0.591447108346829,-0.020301159843290457
33.2696,-2.6054,fdr<=0.0001,LASSO,LIN,4,0.7970664498653586,0.8413116502550871,0.593353209758257,-0.03632879112701463
33.2696,-2.6054,fdr<=0.0001,PCMCI,KRR,4,0.8011335225501504,0.832838449548057,0.5906304647753577,-0.03338799835727251
33.2696,-2.6054,fdr<=0.0001,LASSO,KRR,4,0.8009267076552019,0.8332713999376845,0.5890899864815036,-0.04583988429352074
33.2696,-2.6054,|val|>=0.075,PCMCI,LIN,4,0.7987634561376005,0.8377865839079881,0.591447108346829,-0.020301159843290457
33.2696,-2.6054,|val|>=0.075,LASSO,LIN,4,0.7970664498653586,0.8413116502550871,0.593353209758257,-0.03632879112701463
33.2696,-2.6054,|val|>=0.075,PCMCI,KRR,4,0.8011335225501504,0.832838449548057,0.5906304647753577,-0.03338799835727251
33.2696,-2.6054,|val|>=0.075,LASSO,KRR,4,0.8009267076552019,0.8332713999376845,0.5890899864815036,-0.04583988429352074
33.2696,-2.6054,|val|>=0.10,PCMCI,LIN,3,0.797068975972185,0.841306413935821,0.5907751612993765,0.00453746191558217
33.2696,-2.6054,|val|>=0.10,LASSO,LIN,3,0.7972251299123675,0.8409826620735923,0.5923391640355834,-0.033843237787240944
33.2696,-2.6054,|val|>=0.10,PCMCI,KRR,3,0.7994727134949515,0.8363088930740769,0.5875389795513503,-0.0026353076477535994
33.2696,-2.6054,|val|>=0.10,LASSO,KRR,3,0.7987904296276803,0.8377304341029383,0.5939773085614414,-0.04211189423473361
33.2696,-2.6054,|val|>=0.15,PCMCI,LIN,2,0.7940351473172129,0.8475718694471158,0.5901555166933645,0.005276753398214353
33.2696,-2.6054,|val|>=0.15,LASSO,LIN,2,0.7940351473172129,0.8475718694471158,0.5901555166933645,0.005276753398214353
33.2696,-2.6054,|val|>=0.15,PCMCI,KRR,2,0.7958680892461867,0.8437920452740884,0.5876054219928708,-0.0024298182626342974
33.2696,-2.6054,|val|>=0.15,LASSO,KRR,2,0.7958680892461867,0.8437920452740884,0.5876054219928708,-0.0024298182626342974
33.2696,-3.1054,-,CLIMATOLOGY,-,0,0.7486085925050943,0.9267746137930074,0.6763229853016233,0.0016099467988945904
33.2696,-3.1054,-,ALL,LIN,56,0.8121137137322024,0.8012101740583115,0.5690067134559614,-0.01561970864696084
33.2696,-3.1054,-,ALL,KRR,56,0.8075740099907633,0.8108318115848394,0.5789077839811532,-0.029214060808263442
33.2696,-3.1054,fdr<=0.01,PCMCI,LIN,9,0.8094719957543354,0.8068230991916183,0.5676304142109913,-0.006547790241157372
33.2696,-3.1054,fdr<=0.01,LASSO,LIN,9,0.8082246196992489,0.8094599030528362,0.5752853202033196,-0.021183934472161787
33.2696,-3.1054,fdr<=0.01,PCMCI,KRR,9,0.8082708117458913,0.8093624117551127,0.5719052379937428,-0.010449377182018382
33.2696,-3.1054,fdr<=0.01,LASSO,KRR,9,0.8122193064478404,0.8009850010301387,0.5699829835600173,-0.030341636890905514
33.2696,-3.1054,fdr<=0.001,PCMCI,LIN,5,0.8100077505552907,0.8056879284032189,0.565795251247003,-0.0016866805146871912
33.2696,-3.1054,fdr<=0.001,LASSO,LIN,5,0.8062490589501777,0.8136185180339702,0.5786950398762643,-0.041730309135489224
33.2696,-3.1054,fdr<=0.001,PCMCI,KRR,5,0.8107418151441527,0.8041299718196663,0.5668583127998242,-0.010655433844344923
33.2696,-3.1054,fdr<=0.001,LASSO,KRR,5,0.8104142774376333,0.8048255006027479,0.5762596470890068,-0.039170081723261516
33.2696,-3.1054,fdr<=0.0001,PCMCI,LIN,5,0.8100077505552907,0.8056879284032189,0.565795251247003,-0.0016866805146871912
33.2696,-3.1054,fdr<=0.0001,LASSO,LIN,5,0.8062490589501777,0.8136185180339702,0.5786950398762643,-0.041730309135489224
33.2696,-3.1054,fdr<=0.0001,PCMCI,KRR,5,0.8107418151441527,0.8041299718196663,0.5668583127998242,-0.010655433844344923
33.2696,-3.1054,fdr<=0.0001,LASSO,KRR,5,0.8104142774376333,0.8048255006027479,0.5762596470890068,-0.039170081723261516
33.2696,-3.1054,|val|>=0.075,PCMCI,LIN,5,0.8100077505552907,0.8056879284032189,0.565795251247003,-0.0016866805146871912
33.2696,-3.1054,|val|>=0.075,LASSO,LIN,5,0.8062490589501777,0.8136185180339702,0.5786950398762643,-0.041730309135489224
33.2696,-3.1054,|val|>=0.075,PCMCI,KRR,5,0.8107418151441527,0.8041299718196663,0.5668583127998242,-0.010655433844344923
33.2696,-3.1054,|val|>=0.075,LASSO,KRR,5,0.8104142774376333,0.8048255006027479,0.5762596470890068,-0.039170081723261516
33.2696,-3.1054,|val|>=0.10,PCMCI,LIN,3,0.8058431397626706,0.8144703605252768,0.5779345995876327,-0.035661701559308735
33.2696,-3.1054,|val|>=0.10,LASSO,LIN,3,0.8058431397626706,0.8144703605252768,0.5779345995876327,-0.035661701559308735
33.2696,-3.1054,|val|>=0.10,PCMCI,KRR,3,0.8047554130037565,0.8167486314728858,0.5812814769282221,-0.035387493426213446
33.2696,-3.1054,|val|>=0.10,LASSO,KRR,3,0.8047554130037565,0.8167486314728858,0.5812814769282221,-0.035387493426213446
33.2696,-3.1054,|val|>=0.15,PCMCI,LIN,2,0.8018305669952887,0.8228435093263774,0.5729293452155564,0.020200880285477348
33.2696,-3.1054,|val|>=0.15,LASSO,LIN,2,0.8018305669952887,0.8228435093263774,0.5729293452155564,0.020200880285477348
33.2696,-3.1054,|val|>=0.15,PCMCI,KRR,2,0.8027923865673099,0.8208442362310487,0.5705861188732151,0.019061599818961678
33.2696,-3.1054,|val|>=0.15,LASSO,KRR,2,0.8027923865673099,0.8208442362310487,0.5705861188732151,0.019061599818961678
33.2696,-3.6054,-,CLIMATOLOGY,-,0,0.7486085925050943,0.9267746137930074,0.6763229853016233,0.0016099467988945904
33.2696,-3.6054,-,ALL,LIN,56,0.8110430736282851,0.8034897156102532,0.5660609519379326,0.005931659810626278
33.2696,-3.6054,-,ALL,KRR,56,0.8071052434403387,0.8118188394524629,0.5769517082767628,-0.0144755555085703
33.2696,-3.6054,fdr<=0.01,PCMCI,LIN,8,0.808455091915751,0.8089733596238516,0.5707868914335582,-0.007482527935589116
33.2696,-3.6054,fdr<=0.01,LASSO,LIN,8,0.8074158624343774,0.8111649389690487,0.5739552851878286,-0.016214937055140263
33.2696,-3.6054,fdr<=0.01,PCMCI,KRR,8,0.811731457528055,0.8020247942954554,0.5697095389338274,-0.021449740907338564
33.2696,-3.6054,fdr<=0.01,LASSO,KRR,8,0.8104568800540328,0.8047350676364464,0.567501206369619,-0.027869857159626737
33.2696,-3.6054,fdr<=0.001,PCMCI,LIN,5,0.8073161950665343,0.8113748114383236,0.5689655811226988,0.0100249340293946
33.2696,-3.6054,fdr<=0.001,LASSO,LIN,5,0.8056048411043722,0.814970027848723,0.5791617956611806,-0.03465006080926411
33.2696,-3.6054,fdr<=0.001,PCMCI,KRR,5,0.808968568454755,0.8078883200811127,0.5656545923476825,0.008994147791092229
33.2696,-3.6054,fdr<=0.001,LASSO,KRR,5,0.8085172942104376,0.8088419959512149,0.5765101023692246,-0.042534191959874
33.2696,-3.6054,fdr<=0.0001,PCMCI,LIN,4,0.8062310545344993,0.813656320136062,0.5716235264702233,0.009232729435077872
33.2696,-3.6054,fdr<=0.0001,LASSO,LIN,4,0.8019797859541515,0.8225336558533505,0.5725494758724797,0.0201752723397444
33.2696,-3.6054,fdr<=0.0001,PCMCI,KRR,4,0.8083486895124568,0.8091980191045729,0.5658113539005097,0.00965991387370385
33.2696,-3.6054,fdr<=0.0001,LASSO,KRR,4,0.8041954932372244,0.8179189233356909,0.5680367676593511,0.014627057304274965
33.2696,-3.6054,|val|>=0.075,PCMCI,LIN,5,0.8073161950665343,0.8113748114383236,0.5689655811226988,0.0100249340293946
33.2696,-3.6054,|val|>=0.075,LASSO,LIN,5,0.8056048411043722,0.814970027848723,0.5791617956611806,-0.03465006080926411
33.2696,-3.6054,|val|>=0.075,PCMCI,KRR,5,0.808968568454755,0.8078883200811127,0.5656545923476825,0.008994147791092229
33.2696,-3.6054,|val|>=0.075,LASSO,KRR,5,0.8085172942104376,0.8088419959512149,0.5765101023692246,-0.042534191959874
33.2696,-3.6054,|val|>=0.10,PCMCI,LIN,3,0.8042694876444346,0.8177643631937608,0.573070821541934,0.018308194552013424
33.2696,-3.6054,|val|>=0.10,LASSO,LIN,3,0.802000179135427,0.8224913003041376,0.5734760718412286,0.017541270396870482
33.2696,-3.6054,|val|>=0.10,PCMCI,KRR,3,0.8064840478996713,0.8131249736771442,0.5672665204291832,0.0195013204693556
33.2696,-3.6054,|val|>=0.10,LASSO,KRR,3,0.8052045210553138,0.8158087345689996,0.5671241152934104,0.013928674616614086
33.2696,-3.6054,|val|>=0.15,PCMCI,LIN,2,0.8018266767602993,0.8228515858466878,0.5732143767130234,0.018671150622226386
33.2696,-3.6054,|val|>=0.15,LASSO,LIN,2,0.8018266767602993,0.8228515858466878,0.5732143767130234,0.018671150622226386
33.2696,-3.6054,|val|>=0.15,PCMCI,KRR,2,0.8031068443971637,0.8201895356553273,0.5701764354501356,0.01833070913365123
33.2696,-3.6054,|val|>=0.15,LASSO,KRR,2,0.8031068443971637,0.8201895356553273,0.5701764354501356,0.01833070913365123
33.2696,-4.1054,-,CLIMATOLOGY,-,0,0.6900188686400367,1.0293917780726451,0.7988782707326196,-0.03858704282464696
33.2696,-4.1054,-,ALL,LIN,56,0.78804783202179,0.851200749231251,0.6334545616308708,-0.025066069133904252
33.2696,-4.1054,-,ALL,KRR,56,0.7807684000643242,0.8656944680412207,0.6474197092227026,-0.04010853986853674
33.2696,-4.1054,fdr<=0.01,PCMCI,LIN,8,0.7894458347801813,0.8483889126359349,0.6362545406782133,-0.0559581920104138
33.2696,-4.1054,fdr<=0.01,LASSO,LIN,8,0.7872129658854979,0.8528755145147542,0.632986835946513,-0.02165985574999822
33.2696,-4.1054,fdr<=0.01,PCMCI,KRR,8,0.789449386978954,0.8483817561430631,0.636358663991048,-0.08011808485262757
33.2696,-4.1054,fdr<=0.01,LASSO,KRR,8,0.78571972993145,0.8558628156780702,0.6372023788635774,-0.05388274125795141
33.2696,-4.1054,fdr<=0.001,PCMCI,LIN,6,0.786297604565657,0.8547079839461669,0.6415482774810884,-0.053844382195871704
33.2696,-4.1054,fdr<=0.001,LASSO,LIN,6,0.7847448142008724,0.8578075752432724,0.6426030371437249,-0.06116213569353461
33.2696,-4.1054,fdr<=0.001,PCMCI,KRR,6,0.7868364790122732,0.8536296829548731,0.6376441221218703,-0.07227534501420159
33.2696,-4.1054,fdr<=0.001,LASSO,KRR,6,0.7830633478149005,0.8611514407304824,0.6436157741873765,-0.08125407194415174
33.2696,-4.1054,fdr<=0.0001,PCMCI,LIN,6,0.786297604565657,0.8547079839461669,0.6415482774810884,-0.053844382195871704
33.2696,-4.1054,fdr<=0.0001,LASSO,LIN,6,0.7847448142008724,0.8578075752432724,0.6426030371437249,-0.06116213569353461
33.2696,-4.1054,fdr<=0.0001,PCMCI,KRR,6,0.7868364790122732,0.8536296829548731,0.6376441221218703,-0.07227534501420159
33.2696,-4.1054,fdr<=0.0001,LASSO,KRR,6,0.7830633478149005,0.8611514407304824,0.6436157741873765,-0.08125407194415174
33.2696,-4.1054,|val|>=0.075,PCMCI,LIN,6,0.786297604565657,0.8547079839461669,0.6415482774810884,-0.053844382195871704
33.2696,-4.1054,|val|>=0.075,LASSO,LIN,6,0.7847448142008724,0.8578075752432724,0.6426030371437249,-0.06116213569353461
33.2696,-4.1054,|val|>=0.075,PCMCI,KRR,6,0.7868364790122732,0.8536296829548731,0.6376441221218703,-0.07227534501420159
33.2696,-4.1054,|val|>=0.075,LASSO,KRR,6,0.7830633478149005,0.8611514407304824,0.6436157741873765,-0.08125407194415174
33.2696,-4.1054,|val|>=0.10,PCMCI,LIN,6,0.786297604565657,0.8547079839461669,0.6415482774810884,-0.053844382195871704
33.2696,-4.1054,|val|>=0.10,LASSO,LIN,6,0.7847448142008724,0.8578075752432724,0.6426030371437249,-0.06116213569353461
33.2696,-4.1054,|val|>=0.10,PCMCI,KRR,6,0.7868364790122732,0.8536296829548731,0.6376441221218703,-0.07227534501420159
33.2696,-4.1054,|val|>=0.10,LASSO,KRR,6,0.7830633478149005,0.8611514407304824,0.6436157741873765,-0.08125407194415174
33.2696,-4.1054,|val|>=0.15,PCMCI,LIN,2,0.7748728923454665,0.8772572407604167,0.6443450892991983,-0.0037914250450474655
33.2696,-4.1054,|val|>=0.15,LASSO,LIN,2,0.7748728923454665,0.8772572407604167,0.6443450892991983,-0.0037914250450474655
33.2696,-4.1054,|val|>=0.15,PCMCI,KRR,2,0.7764967038557472,0.8740877459624727,0.6383534626278438,-0.006272134836975381
33.2696,-4.1054,|val|>=0.15,LASSO,KRR,2,0.7764967038557472,0.8740877459624727,0.6383534626278438,-0.006272134836975381
33.2696,-4.6054,-,CLIMATOLOGY,-,0,0.6900188686400367,1.0293917780726451,0.7988782707326196,-0.03858704282464696
33.2696,-4.6054,-,ALL,LIN,56,0.78804783202179,0.851200749231251,0.6334545616308708,-0.025066069133904252
33.2696,-4.6054,-,ALL,KRR,56,0.7807684000643242,0.8656944680412207,0.6474197092227026,-0.04010853986853674
33.2696,-4.6054,fdr<=0.01,PCMCI,LIN,8,0.7894458347801813,0.8483889126359349,0.6362545406782133,-0.0559581920104138
33.2696,-4.6054,fdr<=0.01,LASSO,LIN,8,0.7872129658854979,0.8528755145147542,0.632986835946513,-0.02165985574999822
33.2696,-4.6054,fdr<=0.01,PCMCI,KRR,8,0.789449386978954,0.8483817561430631,0.636358663991048,-0.08011808485262757
33.2696,-4.6054,fdr<=0.01,LASSO,KRR,8,0.78571972993145,0.8558628156780702,0.6372023788635774,-0.05388274125795141
33.2696,-4.6054,fdr<=0.001,PCMCI,LIN,6,0.786297604565657,0.8547079839461669,0.6415482774810884,-0.053844382195871704
33.2696,-4.6054,fdr<=0.001,LASSO,LIN,6,0.7847448142008724,0.8578075752432724,0.6426030371437249,-0.06116213569353461
33.2696,-4.6054,fdr<=0.001,PCMCI,KRR,6,0.7868364790122732,0.8536296829548731,0.6376441221218703,-0.07227534501420159
33.2696,-4.6054,fdr<=0.001,LASSO,KRR,6,0.7830633478149005,0.8611514407304824,0.6436157741873765,-0.08125407194415174
33.2696,-4.6054,fdr<=0.0001,PCMCI,LIN,6,0.786297604565657,0.8547079839461669,0.6415482774810884,-0.053844382195871704
33.2696,-4.6054,fdr<=0.0001,LASSO,LIN,6,0.7847448142008724,0.8578075752432724,0.6426030371437249,-0.06116213569353461
33.2696,-4.6054,fdr<=0.0001,PCMCI,KRR,6,0.7868364790122732,0.8536296829548731,0.6376441221218703,-0.07227534501420159
33.2696,-4.6054,fdr<=0.0001,LASSO,KRR,6,0.7830633478149005,0.8611514407304824,0.6436157741873765,-0.08125407194415174
33.2696,-4.6054,|val|>=0.075,PCMCI,LIN,6,0.786297604565657,0.8547079839461669,0.6415482774810884,-0.053844382195871704
33.2696,-4.6054,|val|>=0.075,LASSO,LIN,6,0.7847448142008724,0.8578075752432724,0.6426030371437249,-0.06116213569353461
33.2696,-4.6054,|val|>=0.075,PCMCI,KRR,6,0.7868364790122732,0.8536296829548731,0.6376441221218703,-0.07227534501420159
33.2696,-4.6054,|val|>=0.075,LASSO,KRR,6,0.7830633478149005,0.8611514407304824,0.6436157741873765,-0.08125407194415174
33.2696,-4.6054,|val|>=0.10,PCMCI,LIN,6,0.786297604565657,0.8547079839461669,0.6415482774810884,-0.053844382195871704
33.2696,-4.6054,|val|>=0.10,LASSO,LIN,6,0.7847448142008724,0.8578075752432724,0.6426030371437249,-0.06116213569353461
33.2696,-4.6054,|val|>=0.10,PCMCI,KRR,6,0.7868364790122732,0.8536296829548731,0.6376441221218703,-0.07227534501420159
33.2696,-4.6054,|val|>=0.10,LASSO,KRR,6,0.7830633478149005,0.8611514407304824,0.6436157741873765,-0.08125407194415174
33.2696,-4.6054,|val|>=0.15,PCMCI,LIN,2,0.7748728923454665,0.8772572407604167,0.6443450892991983,-0.0037914250450474655
33.2696,-4.6054,|val|>=0.15,LASSO,LIN,2,0.7748728923454665,0.8772572407604167,0.6443450892991983,-0.0037914250450474655
33.2696,-4.6054,|val|>=0.15,PCMCI,KRR,2,0.7764967038557472,0.8740877459624727,0.6383534626278438,-0.006272134836975381
33.2696,-4.6054,|val|>=0.15,LASSO,KRR,2,0.7764967038557472,0.8740877459624727,0.6383534626278438,-0.006272134836975381
33.2696,-5.1054,-,CLIMATOLOGY,-,0,0.6919855508415114,1.0520852436901735,0.8111639655529953,-0.02556212103400953
33.2696,-5.1054,-,ALL,LIN,56,0.7854656386748083,0.8780390176409603,0.6516364645198446,-0.04034967807221651
33.2696,-5.1054,-,ALL,KRR,56,0.7733001880672602,0.9025909283255856,0.6788080240617551,-0.05257484681849087
33.2696,-5.1054,fdr<=0.01,PCMCI,LIN,8,0.7926204618516521,0.8632733534125048,0.6371394830450321,-0.05800544919121865
33.2696,-5.1054,fdr<=0.01,LASSO,LIN,8,0.7868943471634631,0.8751104487151734,0.6481905294771019,-0.06957784918838014
33.2696,-5.1054,fdr<=0.01,PCMCI,KRR,8,0.7919136860313967,0.8647431747907572,0.6389106113972994,-0.0663972528225108
33.2696,-5.1054,fdr<=0.01,LASSO,KRR,8,0.7866770112532142,0.8755565759202288,0.6508675320237186,-0.06389480059961443
33.2696,-5.1054,fdr<=0.001,PCMCI,LIN,5,0.7865798638931036,0.8757559176058592,0.6506620685203047,-0.06783372012662367
33.2696,-5.1054,fdr<=0.001,LASSO,LIN,5,0.786324396756687,0.8762799073977368,0.653298283213777,-0.09080943024268445
33.2696,-5.1054,fdr<=0.001,PCMCI,KRR,5,0.7874462539531745,0.8739765217033181,0.648581639995866,-0.07506731831495421
33.2696,-5.1054,fdr<=0.001,LASSO,KRR,5,0.7861448463337869,0.8766479966583082,0.6512228022017311,-0.09141678234477225
33.2696,-5.1054,fdr<=0.0001,PCMCI,LIN,5,0.7865798638931036,0.8757559176058592,0.6506620685203047,-0.06783372012662367
33.2696,-5.1054,fdr<=0.0001,LASSO,LIN,5,0.786324396756687,0.8762799073977368,0.653298283213777,-0.09080943024268445
33.2696,-5.1054,fdr<=0.0001,PCMCI,KRR,5,0.7874462539531745,0.8739765217033181,0.648581639995866,-0.07506731831495421
33.2696,-5.1054,fdr<=0.0001,LASSO,KRR,5,0.7861448463337869,0.8766479966583082,0.6512228022017311,-0.09141678234477225
33.2696,-5.1054,|val|>=0.075,PCMCI,LIN,5,0.7865798638931036,0.8757559176058592,0.6506620685203047,-0.06783372012662367
33.2696,-5.1054,|val|>=0.075,LASSO,LIN,5,0.786324396756687,0.8762799073977368,0.653298283213777,-0.09080943024268445
33.2696,-5.1054,|val|>=0.075,PCMCI,KRR,5,0.7874462539531745,0.8739765217033181,0.648581639995866,-0.07506731831495421
33.2696,-5.1054,|val|>=0.075,LASSO,KRR,5,0.7861448463337869,0.8766479966583082,0.6512228022017311,-0.09141678234477225
33.2696,-5.1054,|val|>=0.10,PCMCI,LIN,4,0.7853394007252327,0.8782973108666791,0.6490771021490861,-0.04074123964774873
33.2696,-5.1054,|val|>=0.10,LASSO,LIN,4,0.7871896190170383,0.8745039771155992,0.651034065754683,-0.0874878744771518
33.2696,-5.1054,|val|>=0.10,PCMCI,KRR,4,0.7885843471951746,0.8716335806267438,0.6399780393824642,-0.04068670532926894
33.2696,-5.1054,|val|>=0.10,LASSO,KRR,4,0.7824979319988141,0.8840912241412869,0.6546966984721636,-0.09242534107262573
33.2696,-5.1054,|val|>=0.15,PCMCI,LIN,3,0.7849808552487683,0.8790305104873897,0.6442038289001081,-0.020280880903158553
33.2696,-5.1054,|val|>=0.15,LASSO,LIN,3,0.7835120400542279,0.8820277689611539,0.6435905841831703,-0.017010921269231524
33.2696,-5.1054,|val|>=0.15,PCMCI,KRR,3,0.7887552629100472,0.8712811800451157,0.6347366256181025,-0.02385770266453034
33.2696,-5.1054,|val|>=0.15,LASSO,KRR,3,0.7829244611962127,0.8832239317581433,0.6417214479587896,-0.021850175644432444
33.2696,-5.6054,-,CLIMATOLOGY,-,0,0.6919855508415114,1.0520852436901735,0.8111639655529953,-0.02556212103400953
33.2696,-5.6054,-,ALL,LIN,56,0.7873860862671156,0.8741002114174727,0.6500675103891249,-0.04760963720319094
33.2696,-5.6054,-,ALL,KRR,56,0.7844320884384686,0.8801515162020014,0.6612800448209345,-0.0534186972695364
33.2696,-5.6054,fdr<=0.01,PCMCI,LIN,8,0.7915491685789093,0.8655002549874918,0.6386868541760303,-0.05334951977195141
33.2696,-5.6054,fdr<=0.01,LASSO,LIN,8,0.7900392905427481,0.8686291510266517,0.6401609881036288,-0.04232005159438468
33.2696,-5.6054,fdr<=0.01,PCMCI,KRR,8,0.790449094909093,0.8677810354783833,0.6413471889632961,-0.05404389312613551
33.2696,-5.6054,fdr<=0.01,LASSO,KRR,8,0.79042392485403,0.8678331503585089,0.641407948105758,-0.04384850682973294
33.2696,-5.6054,fdr<=0.001,PCMCI,LIN,5,0.7880591609683334,0.8727155393337959,0.6429986917290947,-0.04150032050267021
33.2696,-5.6054,fdr<=0.001,LASSO,LIN,5,0.7877257089073237,0.8734018025938988,0.6494608494100153,-0.08094246132108378
33.2696,-5.6054,fdr<=0.001,PCMCI,KRR,5,0.7915650326092862,0.865467320161837,0.6363365885164195,-0.044833449675029856
33.2696,-5.6054,fdr<=0.001,LASSO,KRR,5,0.7848279675555534,0.8793429688638135,0.6524756007822996,-0.08037655111183235
33.2696,-5.6054,fdr<=0.0001,PCMCI,LIN,3,0.7877949104979916,0.8732594261420435,0.6410723453794457,-0.03218499039451472
33.2696,-5.6054,fdr<=0.0001,LASSO,LIN,3,0.7869775204657024,0.8749396580107003,0.6394760711986357,-0.030300448918358376
33.2696,-5.6054,fdr<=0.0001,PCMCI,KRR,3,0.7905714188558682,0.8675277178016568,0.6343373910722263,-0.03575275459517958
33.2696,-5.6054,fdr<=0.0001,LASSO,KRR,3,0.7842423556783392,0.8805387650426936,0.6423609925504866,-0.03371217678612565
33.2696,-5.6054,|val|>=0.075,PCMCI,LIN,5,0.7880591609683334,0.8727155393337959,0.6429986917290947,-0.04150032050267021
33.2696,-5.6054,|val|>=0.075,LASSO,LIN,5,0.7877257089073237,0.8734018025938988,0.6494608494100153,-0.08094246132108378
33.2696,-5.6054,|val|>=0.075,PCMCI,KRR,5,0.7915650326092862,0.865467320161837,0.6363365885164195,-0.044833449675029856
33.2696,-5.6054,|val|>=0.075,LASSO,KRR,5,0.7848279675555534,0.8793429688638135,0.6524756007822996,-0.08037655111183235
33.2696,-5.6054,|val|>=0.10,PCMCI,LIN,3,0.7877949104979916,0.8732594261420435,0.6410723453794457,-0.03218499039451472
33.2696,-5.6054,|val|>=0.10,LASSO,LIN,3,0.7869775204657024,0.8749396580107003,0.6394760711986357,-0.030300448918358376
33.2696,-5.6054,|val|>=0.10,PCMCI,KRR,3,0.7905714188558682,0.8675277178016568,0.6343373910722263,-0.03575275459517958
33.2696,-5.6054,|val|>=0.10,LASSO,KRR,3,0.7842423556783392,0.8805387650426936,0.6423609925504866,-0.03371217678612565
33.2696,-5.6054,|val|>=0.15,PCMCI,LIN,3,0.7877949104979916,0.8732594261420435,0.6410723453794457,-0.03218499039451472
33.2696,-5.6054,|val|>=0.15,LASSO,LIN,3,0.7869775204657024,0.8749396580107003,0.6394760711986357,-0.030300448918358376
33.2696,-5.6054,|val|>=0.15,PCMCI,KRR,3,0.7905714188558682,0.8675277178016568,0.6343373910722263,-0.03575275459517958
33.2696,-5.6054,|val|>=0.15,LASSO,KRR,3,0.7842423556783392,0.8805387650426936,0.6423609925504866,-0.03371217678612565
33.2696,-6.1054,-,CLIMATOLOGY,-,0,0.7566571386270879,0.9328922662439121,0.7107837580300278,-0.012378870754150685
33.2696,-6.1054,-,ALL,LIN,56,0.8255489113410591,0.7898762024850353,0.5919251280690727,-0.014193080218200543
33.2696,-6.1054,-,ALL,KRR,56,0.8218226683260149,0.7982674353021652,0.6032359304606311,-0.03790204221089938
33.2696,-6.1054,fdr<=0.01,PCMCI,LIN,5,0.8271795288623538,0.7861759966613094,0.5833757600479049,-0.017518223453454114
33.2696,-6.1054,fdr<=0.01,LASSO,LIN,5,0.8244103619046921,0.7924495614314262,0.5895703438745666,-0.02669569973832441
33.2696,-6.1054,fdr<=0.01,PCMCI,KRR,5,0.8297342732242958,0.7803434794946412,0.5757953395677207,-0.02043991317903566
33.2696,-6.1054,fdr<=0.01,LASSO,KRR,5,0.8243507894573048,0.7925839775533238,0.5848410891846604,-0.034038021082899814
33.2696,-6.1054,fdr<=0.001,PCMCI,LIN,4,0.8259339056020559,0.7890041363657027,0.582678733819628,-0.008569565952666136
33.2696,-6.1054,fdr<=0.001,LASSO,LIN,4,0.8236169812614134,0.7942378376568224,0.592937373956721,-0.036747658101577936
33.2696,-6.1054,fdr<=0.001,PCMCI,KRR,4,0.8286539656019968,0.7828151397024382,0.5749626428481738,-0.014539694077424923
33.2696,-6.1054,fdr<=0.001,LASSO,KRR,4,0.8219275092010874,0.7980325474788746,0.5883474919273814,-0.04283542891427309
33.2696,-6.1054,fdr<=0.0001,PCMCI,LIN,3,0.8260017649319875,0.7888503255059488,0.5819707887241303,-0.006559453155460282
33.2696,-6.1054,fdr<=0.0001,LASSO,LIN,3,0.8245363819228202,0.7921651413662442,0.5833085016999104,-0.010515601451861978
33.2696,-6.1054,fdr<=0.0001,PCMCI,KRR,3,0.8275018723922567,0.7854424694834562,0.574208251557911,-0.010677194431180516
33.2696,-6.1054,fdr<=0.0001,LASSO,KRR,3,0.8223209927813302,0.7971503607876644,0.5828271024532959,-0.014074941339712167
33.2696,-6.1054,|val|>=0.075,PCMCI,LIN,3,0.8260017649319875,0.7888503255059488,0.5819707887241303,-0.006559453155460282
33.2696,-6.1054,|val|>=0.075,LASSO,LIN,3,0.8245363819228202,0.7921651413662442,0.5833085016999104,-0.010515601451861978
33.2696,-6.1054,|val|>=0.075,PCMCI,KRR,3,0.8275018723922567,0.7854424694834562,0.574208251557911,-0.010677194431180516
33.2696,-6.1054,|val|>=0.075,LASSO,KRR,3,0.8223209927813302,0.7971503607876644,0.5828271024532959,-0.014074941339712167
33.2696,-6.1054,|val|>=0.10,PCMCI,LIN,3,0.8260017649319875,0.7888503255059488,0.5819707887241303,-0.006559453155460282
33.2696,-6.1054,|val|>=0.10,LASSO,LIN,3,0.8245363819228202,0.7921651413662442,0.5833085016999104,-0.010515601451861978
33.2696,-6.1054,|val|>=0.10,PCMCI,KRR,3,0.8275018723922567,0.7854424694834562,0.574208251557911,-0.010677194431180516
33.2696,-6.1054,|val|>=0.10,LASSO,KRR,3,0.8223209927813302,0.7971503607876644,0.5828271024532959,-0.014074941339712167
33.2696,-6.1054,|val|>=0.15,PCMCI,LIN,2,0.8245758358273488,0.7920760751389974,0.583776615528708,-0.011465879142429357
33.2696,-6.1054,|val|>=0.15,LASSO,LIN,2,0.8245758358273488,0.7920760751389974,0.583776615528708,-0.011465879142429357
33.2696,-6.1054,|val|>=0.15,PCMCI,KRR,2,0.8235778159348123,0.7943260118414569,0.5810867213866224,-0.01927970977609197
33.2696,-6.1054,|val|>=0.15,LASSO,KRR,2,0.8235778159348123,0.7943260118414569,0.5810867213866224,-0.01927970977609197
33.2696,-6.6054,-,CLIMATOLOGY,-,0,0.7566571386270879,0.9328922662439121,0.7107837580300278,-0.012378870754150685
33.2696,-6.6054,-,ALL,LIN,56,0.8226865057203646,0.7963300084633642,0.5937194062970043,-0.0190932385613753
33.2696,-6.6054,-,ALL,KRR,56,0.8211436225849333,0.7997871141020725,0.602572166548235,-0.04042153597410475
33.2696,-6.6054,fdr<=0.01,PCMCI,LIN,4,0.8270108071018656,0.7865596683361783,0.5827261137013677,-0.017460855592460963
33.2696,-6.6054,fdr<=0.01,LASSO,LIN,4,0.824129796854418,0.7930824145731373,0.584899745625616,-0.01151165599581791
33.2696,-6.6054,fdr<=0.01,PCMCI,KRR,4,0.8284952275937941,0.783177662681382,0.5753294891504858,-0.01845420655548543
33.2696,-6.6054,fdr<=0.01,LASSO,KRR,4,0.8231975380162241,0.795181635651513,0.5865508980204063,-0.019828901270676724
33.2696,-6.6054,fdr<=0.001,PCMCI,LIN,3,0.825909876677557,0.7890585934575263,0.5837606171293502,-0.013139618925820265
33.2696,-6.6054,fdr<=0.001,LASSO,LIN,3,0.8243059596639334,0.7926851140998896,0.5854568425309481,-0.01614654379885137
33.2696,-6.6054,fdr<=0.001,PCMCI,KRR,3,0.8279052796194271,0.7845235069426001,0.5747991659971146,-0.01603393208416346
33.2696,-6.6054,fdr<=0.001,LASSO,KRR,3,0.8232285999173026,0.7951117810296224,0.5839416060819287,-0.02085697465725313
33.2696,-6.6054,fdr<=0.0001,PCMCI,LIN,3,0.825909876677557,0.7890585934575263,0.5837606171293502,-0.013139618925820265
33.2696,-6.6054,fdr<=0.0001,LASSO,LIN,3,0.8243059596639334,0.7926851140998896,0.5854568425309481,-0.01614654379885137
33.2696,-6.6054,fdr<=0.0001,PCMCI,KRR,3,0.8279052796194271,0.7845235069426001,0.5747991659971146,-0.01603393208416346
33.2696,-6.6054,fdr<=0.0001,LASSO,KRR,3,0.8232285999173026,0.7951117810296224,0.5839416060819287,-0.02085697465725313
33.2696,-6.6054,|val|>=0.075,PCMCI,LIN,3,0.825909876677557,0.7890585934575263,0.5837606171293502,-0.013139618925820265
33.2696,-6.6054,|val|>=0.075,LASSO,LIN,3,0.8243059596639334,0.7926851140998896,0.5854568425309481,-0.01614654379885137
33.2696,-6.6054,|val|>=0.075,PCMCI,KRR,3,0.8279052796194271,0.7845235069426001,0.5747991659971146,-0.01603393208416346
33.2696,-6.6054,|val|>=0.075,LASSO,KRR,3,0.8232285999173026,0.7951117810296224,0.5839416060819287,-0.02085697465725313
33.2696,-6.6054,|val|>=0.10,PCMCI,LIN,3,0.825909876677557,0.7890585934575263,0.5837606171293502,-0.013139618925820265
33.2696,-6.6054,|val|>=0.10,LASSO,LIN,3,0.8243059596639334,0.7926851140998896,0.5854568425309481,-0.01614654379885137
33.2696,-6.6054,|val|>=0.10,PCMCI,KRR,3,0.8279052796194271,0.7845235069426001,0.5747991659971146,-0.01603393208416346
33.2696,-6.6054,|val|>=0.10,LASSO,KRR,3,0.8232285999173026,0.7951117810296224,0.5839416060819287,-0.02085697465725313
33.2696,-6.6054,|val|>=0.15,PCMCI,LIN,2,0.8244949534047953,0.792258654458181,0.5863510001125415,-0.019594596351002486
33.2696,-6.6054,|val|>=0.15,LASSO,LIN,2,0.8244949534047953,0.792258654458181,0.5863510001125415,-0.019594596351002486
33.2696,-6.6054,|val|>=0.15,PCMCI,KRR,2,0.8239926966973172,0.7933914792680251,0.582137813946537,-0.026433697458192445
33.2696,-6.6054,|val|>=0.15,LASSO,KRR,2,0.8239926966973172,0.7933914792680251,0.582137813946537,-0.026433697458192445
33.2696,-7.1054,-,CLIMATOLOGY,-,0,0.7672152983951652,0.8776841200899399,0.6840987305331598,-0.055334414037616
33.2696,-7.1054,-,ALL,LIN,56,0.8220147108199256,0.7674552781359706,0.5982464540223869,-0.08004209218171779
33.2696,-7.1054,-,ALL,KRR,56,0.8212257894962505,0.7691542735721139,0.5985745488676099,-0.07976415121241104
33.2696,-7.1054,fdr<=0.01,PCMCI,LIN,6,0.8247810314170556,0.7614678694844952,0.5934957028092117,-0.09371465149538451
33.2696,-7.1054,fdr<=0.01,LASSO,LIN,6,0.8254713765273426,0.7599663356483624,0.5904385549382187,-0.07078493992940071
33.2696,-7.1054,fdr<=0.01,PCMCI,KRR,6,0.8280277264327708,0.7543801277200641,0.5845896030373425,-0.08637736441460321
33.2696,-7.1054,fdr<=0.01,LASSO,KRR,6,0.8278336388819513,0.7548057036006863,0.5829661783878445,-0.07064554127498869
33.2696,-7.1054,fdr<=0.001,PCMCI,LIN,5,0.8244218715087583,0.7622478898443719,0.5930455305851364,-0.08845137665815953
33.2696,-7.1054,fdr<=0.001,LASSO,LIN,5,0.8239942092980335,0.7631756430863178,0.5945272329715098,-0.07887004624685527
33.2696,-7.1054,fdr<=0.001,PCMCI,KRR,5,0.8274404470324995,0.7556671209939584,0.5840598589370999,-0.0847751199476182
33.2696,-7.1054,fdr<=0.001,LASSO,KRR,5,0.8244113654663074,0.7622706947602369,0.5921646602898656,-0.08176911639601056
33.2696,-7.1054,fdr<=0.0001,PCMCI,LIN,3,0.8249302175089761,0.7611436334517359,0.5863543277857656,-0.05650984252900842
33.2696,-7.1054,fdr<=0.0001,LASSO,LIN,3,0.8231085063304052,0.7650934739734843,0.5968864261822838,-0.09397566774449663
33.2696,-7.1054,fdr<=0.0001,PCMCI,KRR,3,0.8268041571399198,0.757059048927292,0.5803260584472427,-0.055591701664341235
33.2696,-7.1054,fdr<=0.0001,LASSO,KRR,3,0.8249755186643171,0.7610451501031701,0.5914496090298708,-0.09292744946346639
33.2696,-7.1054,|val|>=0.075,PCMCI,LIN,3,0.8249302175089761,0.7611436334517359,0.5863543277857656,-0.05650984252900842
33.2696,-7.1054,|val|>=0.075,LASSO,LIN,3,0.8231085063304052,0.7650934739734843,0.5968864261822838,-0.09397566774449663
33.2696,-7.1054,|val|>=0.075,PCMCI,KRR,3,0.8268041571399198,0.757059048927292,0.5803260584472427,-0.055591701664341235
33.2696,-7.1054,|val|>=0.075,LASSO,KRR,3,0.8249755186643171,0.7610451501031701,0.5914496090298708,-0.09292744946346639
33.2696,-7.1054,|val|>=0.10,PCMCI,LIN,3,0.8249302175089761,0.7611436334517359,0.5863543277857656,-0.05650984252900842
33.2696,-7.1054,|val|>=0.10,LASSO,LIN,3,0.8231085063304052,0.7650934739734843,0.5968864261822838,-0.09397566774449663
33.2696,-7.1054,|val|>=0.10,PCMCI,KRR,3,0.8268041571399198,0.757059048927292,0.5803260584472427,-0.055591701664341235
33.2696,-7.1054,|val|>=0.10,LASSO,KRR,3,0.8249755186643171,0.7610451501031701,0.5914496090298708,-0.09292744946346639
33.2696,-7.1054,|val|>=0.15,PCMCI,LIN,2,0.8233323504385411,0.7646092339541863,0.5911927620588158,-0.06042614189830949
33.2696,-7.1054,|val|>=0.15,LASSO,LIN,2,0.8233323504385411,0.7646092339541863,0.5911927620588158,-0.06042614189830949
33.2696,-7.1054,|val|>=0.15,PCMCI,KRR,2,0.824622702678011,0.7618118248955684,0.5892262343373182,-0.06256776148300251
33.2696,-7.1054,|val|>=0.15,LASSO,KRR,2,0.824622702678011,0.7618118248955684,0.5892262343373182,-0.06256776148300251
33.2696,-7.6054,-,CLIMATOLOGY,-,0,0.7672152983951652,0.8776841200899399,0.6840987305331598,-0.055334414037616
33.2696,-7.6054,-,ALL,LIN,56,0.8226446659740589,0.7660959215379138,0.5967911770482248,-0.07854541676285984
33.2696,-7.6054,-,ALL,KRR,56,0.8218485759791264,0.7678133732401852,0.5966508272747091,-0.07262092211924451
33.2696,-7.6054,fdr<=0.01,PCMCI,LIN,6,0.8245487431741516,0.7619724422801978,0.5935001333651143,-0.08943215443804736
33.2696,-7.6054,fdr<=0.01,LASSO,LIN,6,0.8200209362873927,0.771741788353548,0.602483888601914,-0.08863948371204387
33.2696,-7.6054,fdr<=0.01,PCMCI,KRR,6,0.8271665996669052,0.7562664949806019,0.5837793673265114,-0.07719462931268999
33.2696,-7.6054,fdr<=0.01,LASSO,KRR,6,0.8216087676820709,0.7683299733651568,0.5993247539601347,-0.08676948763219372
33.2696,-7.6054,fdr<=0.001,PCMCI,LIN,4,0.8254514368442155,0.7600097470236039,0.5861161821395953,-0.05604254779844423
33.2696,-7.6054,fdr<=0.001,LASSO,LIN,4,0.8223489120033431,0.7667344180691167,0.5982225102175153,-0.09205048230798006
33.2696,-7.6054,fdr<=0.001,PCMCI,KRR,4,0.8274144688446015,0.755724000266469,0.5796144283525407,-0.05391299054624706
33.2696,-7.6054,fdr<=0.001,LASSO,KRR,4,0.8237363301785796,0.7637345310230594,0.592756364472646,-0.08478422991550111
33.2696,-7.6054,fdr<=0.0001,PCMCI,LIN,3,0.8251752452561623,0.7606107984596792,0.5871870733109996,-0.0626877964292495
33.2696,-7.6054,fdr<=0.0001,LASSO,LIN,3,0.8222908963505244,0.7668596043745265,0.5983221131724178,-0.09148149118566026
33.2696,-7.6054,fdr<=0.0001,PCMCI,KRR,3,0.8271388622976824,0.7563271776999315,0.5805449733329134,-0.05985815295677976
33.2696,-7.6054,fdr<=0.0001,LASSO,KRR,3,0.8239463351265867,0.7632794292096805,0.5937895493946695,-0.09299267640562081
33.2696,-7.6054,|val|>=0.075,PCMCI,LIN,4,0.8254514368442155,0.7600097470236039,0.5861161821395953,-0.05604254779844423
33.2696,-7.6054,|val|>=0.075,LASSO,LIN,4,0.8223489120033431,0.7667344180691167,0.5982225102175153,-0.09205048230798006
33.2696,-7.6054,|val|>=0.075,PCMCI,KRR,4,0.8274144688446015,0.755724000266469,0.5796144283525407,-0.05391299054624706
33.2696,-7.6054,|val|>=0.075,LASSO,KRR,4,0.8237363301785796,0.7637345310230594,0.592756364472646,-0.08478422991550111
33.2696,-7.6054,|val|>=0.10,PCMCI,LIN,3,0.8251752452561623,0.7606107984596792,0.5871870733109996,-0.0626877964292495
33.2696,-7.6054,|val|>=0.10,LASSO,LIN,3,0.8222908963505244,0.7668596043745265,0.5983221131724178,-0.09148149118566026
33.2696,-7.6054,|val|>=0.10,PCMCI,KRR,3,0.8271388622976824,0.7563271776999315,0.5805449733329134,-0.05985815295677976
33.2696,-7.6054,|val|>=0.10,LASSO,KRR,3,0.8239463351265867,0.7632794292096805,0.5937895493946695,-0.09299267640562081
33.2696,-7.6054,|val|>=0.15,PCMCI,LIN,2,0.8235929400249162,0.7640451161509377,0.592287085648287,-0.06777309278575304
33.2696,-7.6054,|val|>=0.15,LASSO,LIN,2,0.8235929400249162,0.7640451161509377,0.592287085648287,-0.06777309278575304
33.2696,-7.6054,|val|>=0.15,PCMCI,KRR,2,0.8252623665972508,0.7604212552494982,0.5892502618710861,-0.06843562175645104
33.2696,-7.6054,|val|>=0.15,LASSO,KRR,2,0.8252623665972508,0.7604212552494982,0.5892502618710861,-0.06843562175645104
33.2696,-8.1054,-,CLIMATOLOGY,-,0,0.7583058558283952,0.8801643486806081,0.677450328921456,-0.04700754795755963
33.2696,-8.1054,-,ALL,LIN,56,0.8121233877377896,0.7760095562245807,0.5971731233069832,-0.06116925562076156
33.2696,-8.1054,-,ALL,KRR,56,0.8096127187509585,0.7811774088089377,0.5974564714939298,-0.05767669024910364
33.2696,-8.1054,fdr<=0.01,PCMCI,LIN,8,0.8185913788258071,0.7625348033570174,0.5822400238813756,-0.05070361432213487
33.2696,-8.1054,fdr<=0.01,LASSO,LIN,8,0.8149830967762847,0.7700810082765331,0.5897852218698516,-0.05342214291223681
33.2696,-8.1054,fdr<=0.01,PCMCI,KRR,8,0.8163953361206207,0.7671363531093981,0.585651265682423,-0.052479644522763665
33.2696,-8.1054,fdr<=0.01,LASSO,KRR,8,0.8144603322036684,0.7711681713881902,0.5890346644965423,-0.05702216566281956
33.2696,-8.1054,fdr<=0.001,PCMCI,LIN,6,0.8177889717934308,0.7642193654747218,0.5843117765523211,-0.04863968179839783
33.2696,-8.1054,fdr<=0.001,LASSO,LIN,6,0.8164453931832016,0.7670317718604313,0.5889146938793939,-0.05854833128095381
33.2696,-8.1054,fdr<=0.001,PCMCI,KRR,6,0.8178739022219532,0.7640412394746815,0.5833283082430729,-0.052385831787536294
33.2696,-8.1054,fdr<=0.001,LASSO,KRR,6,0.8150254784422092,0.7699928023214999,0.5909573655489763,-0.06468189475191456
33.2696,-8.1054,fdr<=0.0001,PCMCI,LIN,5,0.8163968366599962,0.7671332183288543,0.588017015136089,-0.06018373094613624
33.2696,-8.1054,fdr<=0.0001,LASSO,LIN,5,0.8136764106562198,0.7727955811625853,0.5973883274425575,-0.08108620936989037
33.2696,-8.1054,fdr<=0.0001,PCMCI,KRR,5,0.8161920009325121,0.7675610227451699,0.5865772091808311,-0.05946881312271798
33.2696,-8.1054,fdr<=0.0001,LASSO,KRR,5,0.8160430647425277,0.7678719299606016,0.5900355805795929,-0.0625908483856811
33.2696,-8.1054,|val|>=0.075,PCMCI,LIN,6,0.8177889717934308,0.7642193654747218,0.5843117765523211,-0.04863968179839783
33.2696,-8.1054,|val|>=0.075,LASSO,LIN,6,0.8164453931832016,0.7670317718604313,0.5889146938793939,-0.05854833128095381
33.2696,-8.1054,|val|>=0.075,PCMCI,KRR,6,0.8178739022219532,0.7640412394746815,0.5833283082430729,-0.052385831787536294
33.2696,-8.1054,|val|>=0.075,LASSO,KRR,6,0.8150254784422092,0.7699928023214999,0.5909573655489763,-0.06468189475191456
33.2696,-8.1054,|val|>=0.10,PCMCI,LIN,3,0.8124123959502394,0.77541246367666,0.5981029021696247,-0.0673702408040587
33.2696,-8.1054,|val|>=0.10,LASSO,LIN,3,0.8133102093075091,0.7735546366041297,0.5919720441536788,-0.05776517418680062
33.2696,-8.1054,|val|>=0.10,PCMCI,KRR,3,0.812018054280973,0.7762270615181048,0.5977941251311824,-0.07127126284962519
33.2696,-8.1054,|val|>=0.10,LASSO,KRR,3,0.8146060298735271,0.770865326521635,0.5899029010389198,-0.05614458133286172
33.2696,-8.1054,|val|>=0.15,PCMCI,LIN,2,0.8091120346873486,0.7822039119154844,0.6014046866800736,-0.06071524854413795
33.2696,-8.1054,|val|>=0.15,LASSO,LIN,2,0.8091120346873486,0.7822039119154844,0.6014046866800736,-0.06071524854413795
33.2696,-8.1054,|val|>=0.15,PCMCI,KRR,2,0.8110128659564642,0.7782996384885735,0.600298710528321,-0.06366510115034064
33.2696,-8.1054,|val|>=0.15,LASSO,KRR,2,0.8110128659564642,0.7782996384885735,0.600298710528321,-0.06366510115034064
33.7696,-2.1054,-,CLIMATOLOGY,-,0,0.7509632104452656,0.9319910267196346,0.6798910349128559,-0.0037535447961313936
33.7696,-2.1054,-,ALL,LIN,56,0.8006762828410947,0.8337953432788152,0.5857302755584518,-0.008923943652324394
33.7696,-2.1054,-,ALL,KRR,56,0.8029796204920653,0.8289637738816297,0.585593688258969,-0.022383287286292596
33.7696,-2.1054,fdr<=0.01,PCMCI,LIN,7,0.7987947182396898,0.8377215062971242,0.5938525014048257,-0.030022817570545243
33.7696,-2.1054,fdr<=0.01,LASSO,LIN,7,0.7974169176410104,0.8405848605356887,0.5923813368180258,-0.03817115022201939
33.7696,-2.1054,fdr<=0.01,PCMCI,KRR,7,0.8015576215045022,0.8319499276833279,0.5928822301289662,-0.04151994095970684
33.7696,-2.1054,fdr<=0.01,LASSO,KRR,7,0.7998074337570587,0.8356106179191031,0.587032168662032,-0.03828118598760812
33.7696,-2.1054,fdr<=0.001,PCMCI,LIN,4,0.7993553579886531,0.8365535757303637,0.5917579599415939,-0.026848848785653173
33.7696,-2.1054,fdr<=0.001,LASSO,LIN,4,0.797048966584039,0.8413478901263649,0.594059679064734,-0.042907254714480245
33.7696,-2.1054,fdr<=0.001,PCMCI,KRR,4,0.8014023970373828,0.8322752456457897,0.5911521602283455,-0.03669756945407623
33.7696,-2.1054,fdr<=0.001,LASSO,KRR,4,0.7975707755632232,0.8402655959556042,0.5942779485468789,-0.04430104122949046
33.7696,-2.1054,fdr<=0.0001,PCMCI,LIN,3,0.7977429641868865,0.8399081501434196,0.5897079451715915,0.003289896165949001
33.7696,-2.1054,fdr<=0.0001,LASSO,LIN,3,0.7971050670270762,0.8412315979083903,0.5944406741789902,-0.04242348230592931
33.7696,-2.1054,fdr<=0.0001,PCMCI,KRR,3,0.7997078177560981,0.8358184923600893,0.5872719964807283,-0.004833171561730306
33.7696,-2.1054,fdr<=0.0001,LASSO,KRR,3,0.7987526136801081,0.8378091532259103,0.5949777757035795,-0.045205250130191776
33.7696,-2.1054,|val|>=0.075,PCMCI,LIN,4,0.7993553579886531,0.8365535757303637,0.5917579599415939,-0.026848848785653173
33.7696,-2.1054,|val|>=0.075,LASSO,LIN,4,0.797048966584039,0.8413478901263649,0.594059679064734,-0.042907254714480245
33.7696,-2.1054,|val|>=0.075,PCMCI,KRR,4,0.8014023970373828,0.8322752456457897,0.5911521602283455,-0.03669756945407623
33.7696,-2.1054,|val|>=0.075,LASSO,KRR,4,0.7975707755632232,0.8402655959556042,0.5942779485468789,-0.04430104122949046
33.7696,-2.1054,|val|>=0.10,PCMCI,LIN,3,0.7977429641868865,0.8399081501434196,0.5897079451715915,0.003289896165949001
33.7696,-2.1054,|val|>=0.10,LASSO,LIN,3,0.7971050670270762,0.8412315979083903,0.5944406741789902,-0.04242348230592931
33.7696,-2.1054,|val|>=0.10,PCMCI,KRR,3,0.7997078177560981,0.8358184923600893,0.5872719964807283,-0.004833171561730306
33.7696,-2.1054,|val|>=0.10,LASSO,KRR,3,0.7987526136801081,0.8378091532259103,0.5949777757035795,-0.045205250130191776
33.7696,-2.1054,|val|>=0.15,PCMCI,LIN,2,0.7941559953633861,0.8473231803332177,0.5901793040973105,0.0034809588247484953
33.7696,-2.1054,|val|>=0.15,LASSO,LIN,2,0.7941559953633861,0.8473231803332177,0.5901793040973105,0.0034809588247484953
33.7696,-2.1054,|val|>=0.15,PCMCI,KRR,2,0.7958222232854912,0.8438868348612605,0.5880821271714676,-0.004626287907291339
33.7696,-2.1054,|val|>=0.15,LASSO,KRR,2,0.7958222232854912,0.8438868348612605,0.5880821271714676,-0.004626287907291339
33.7696,-2.6054,-,CLIMATOLOGY,-,0,0.7509632104452656,0.9319910267196346,0.6798910349128559,-0.0037535447961313936
33.7696,-2.6054,-,ALL,LIN,56,0.8019891427612487,0.8310448804325741,0.5803795659073603,0.0030521620557622817
33.7696,-2.6054,-,ALL,KRR,56,0.8041527514967836,0.8264921131761243,0.5838993099231369,-0.020549873169534563
33.7696,-2.6054,fdr<=0.01,PCMCI,LIN,6,0.8012797065238546,0.832532289310434,0.5876037591209322,-0.02357864830468175
33.7696,-2.6054,fdr<=0.01,LASSO,LIN,6,0.7986938706731322,0.8379314202499147,0.5916611659302693,-0.04257792716468233
33.7696,-2.6054,fdr<=0.01,PCMCI,KRR,6,0.804299526177817,0.8261823542853121,0.5855970863577902,-0.037271792077605864
33.7696,-2.6054,fdr<=0.01,LASSO,KRR,6,0.8001885113630158,0.8348149235968059,0.5902947600773764,-0.04854538134701345
33.7696,-2.6054,fdr<=0.001,PCMCI,LIN,5,0.8004359694476937,0.8342978219431988,0.5889648655318517,-0.025511338080473917
33.7696,-2.6054,fdr<=0.001,LASSO,LIN,5,0.7958299543028886,0.8438708581823455,0.5985502431507875,-0.052267009940051595
33.7696,-2.6054,fdr<=0.001,PCMCI,KRR,5,0.8019113634808762,0.8312080829139832,0.5891444892367635,-0.03775345838713148
33.7696,-2.6054,fdr<=0.001,LASSO,KRR,5,0.7967338962257127,0.8420007101059679,0.5993165978692278,-0.056151104244625646
33.7696,-2.6054,fdr<=0.0001,PCMCI,LIN,4,0.8000718913448758,0.8350585080144479,0.5873089845503304,-0.010898451059710141
33.7696,-2.6054,fdr<=0.0001,LASSO,LIN,4,0.7971972135167453,0.8410405499092832,0.5962691878037415,-0.04908950814308608
33.7696,-2.6054,fdr<=0.0001,PCMCI,KRR,4,0.8025379820472665,0.8298923512700402,0.5824474288528935,-0.017739694194097863
33.7696,-2.6054,fdr<=0.0001,LASSO,KRR,4,0.7984178881211367,0.8385056085438659,0.5976845121308814,-0.05523430125793443
33.7696,-2.6054,|val|>=0.075,PCMCI,LIN,5,0.8004359694476937,0.8342978219431988,0.5889648655318517,-0.025511338080473917
33.7696,-2.6054,|val|>=0.075,LASSO,LIN,5,0.7958299543028886,0.8438708581823455,0.5985502431507875,-0.052267009940051595
33.7696,-2.6054,|val|>=0.075,PCMCI,KRR,5,0.8019113634808762,0.8312080829139832,0.5891444892367635,-0.03775345838713148
33.7696,-2.6054,|val|>=0.075,LASSO,KRR,5,0.7967338962257127,0.8420007101059679,0.5993165978692278,-0.056151104244625646
33.7696,-2.6054,|val|>=0.10,PCMCI,LIN,4,0.8000718913448758,0.8350585080144479,0.5873089845503304,-0.010898451059710141
33.7696,-2.6054,|val|>=0.10,LASSO,LIN,4,0.7971972135167453,0.8410405499092832,0.5962691878037415,-0.04908950814308608
33.7696,-2.6054,|val|>=0.10,PCMCI,KRR,4,0.8025379820472665,0.8298923512700402,0.5824474288528935,-0.017739694194097863
33.7696,-2.6054,|val|>=0.10,LASSO,KRR,4,0.7984178881211367,0.8385056085438659,0.5976845121308814,-0.05523430125793443
33.7696,-2.6054,|val|>=0.15,PCMCI,LIN,2,0.7943312784568459,0.8469623414064582,0.5901842737320465,0.002338584846667167
33.7696,-2.6054,|val|>=0.15,LASSO,LIN,2,0.7943312784568459,0.8469623414064582,0.5901842737320465,0.002338584846667167
33.7696,-2.6054,|val|>=0.15,PCMCI,KRR,2,0.7962216329865137,0.8430610310162004,0.5875733813686189,-0.005265061024313992
33.7696,-2.6054,|val|>=0.15,LASSO,KRR,2,0.7962216329865137,0.8430610310162004,0.5875733813686189,-0.005265061024313992
33.7696,-3.1054,-,CLIMATOLOGY,-,0,0.7486085925050943,0.9267746137930074,0.6763229853016233,0.0016099467988945904
33.7696,-3.1054,-,ALL,LIN,56,0.8131117706663983,0.7990793156524436,0.5596256159187076,-0.002717854509179222
33.7696,-3.1054,-,ALL,KRR,56,0.8086881977631135,0.8084809585711971,0.5743160716762076,-0.027062910247815687
33.7696,-3.1054,fdr<=0.01,PCMCI,LIN,5,0.8105369821986481,0.8045650065531643,0.5662126643431926,-0.0008013131405879797
33.7696,-3.1054,fdr<=0.01,LASSO,LIN,5,0.8097659399047995,0.8062004808152743,0.571664235618059,-0.03611933800738
33.7696,-3.1054,fdr<=0.01,PCMCI,KRR,5,0.8113755538763756,0.8027825119038068,0.561154678041303,-0.0013268777679616864
33.7696,-3.1054,fdr<=0.01,LASSO,KRR,5,0.8122394812398293,0.8009419717401155,0.5706346939607534,-0.03645526019264425
33.7696,-3.1054,fdr<=0.001,PCMCI,LIN,3,0.8079351660049321,0.810070546649977,0.5677555696839214,0.014427074793516133
33.7696,-3.1054,fdr<=0.001,LASSO,LIN,3,0.8068159208385429,0.8124274343563949,0.5774202663111968,-0.04274570697930524
33.7696,-3.1054,fdr<=0.001,PCMCI,KRR,3,0.8096546362560303,0.8064362954047234,0.5630159720519797,0.014899018672376682
33.7696,-3.1054,fdr<=0.001,LASSO,KRR,3,0.8059666934148625,0.8142111711204605,0.5790427352196071,-0.03621902750725857
33.7696,-3.1054,fdr<=0.0001,PCMCI,LIN,3,0.8079351660049321,0.810070546649977,0.5677555696839214,0.014427074793516133
33.7696,-3.1054,fdr<=0.0001,LASSO,LIN,3,0.8068159208385429,0.8124274343563949,0.5774202663111968,-0.04274570697930524
33.7696,-3.1054,fdr<=0.0001,PCMCI,KRR,3,0.8096546362560303,0.8064362954047234,0.5630159720519797,0.014899018672376682
33.7696,-3.1054,fdr<=0.0001,LASSO,KRR,3,0.8059666934148625,0.8142111711204605,0.5790427352196071,-0.03621902750725857
33.7696,-3.1054,|val|>=0.075,PCMCI,LIN,3,0.8079351660049321,0.810070546649977,0.5677555696839214,0.014427074793516133
33.7696,-3.1054,|val|>=0.075,LASSO,LIN,3,0.8068159208385429,0.8124274343563949,0.5774202663111968,-0.04274570697930524
33.7696,-3.1054,|val|>=0.075,PCMCI,KRR,3,0.8096546362560303,0.8064362954047234,0.5630159720519797,0.014899018672376682
33.7696,-3.1054,|val|>=0.075,LASSO,KRR,3,0.8059666934148625,0.8142111711204605,0.5790427352196071,-0.03621902750725857
33.7696,-3.1054,|val|>=0.10,PCMCI,LIN,3,0.8079351660049321,0.810070546649977,0.5677555696839214,0.014427074793516133
33.7696,-3.1054,|val|>=0.10,LASSO,LIN,3,0.8068159208385429,0.8124274343563949,0.5774202663111968,-0.04274570697930524
33.7696,-3.1054,|val|>=0.10,PCMCI,KRR,3,0.8096546362560303,0.8064362954047234,0.5630159720519797,0.014899018672376682
33.7696,-3.1054,|val|>=0.10,LASSO,KRR,3,0.8059666934148625,0.8142111711204605,0.5790427352196071,-0.03621902750725857
33.7696,-3.1054,|val|>=0.15,PCMCI,LIN,2,0.8042450951305359,0.8178153177100497,0.5701052564989237,0.01280138706156794
33.7696,-3.1054,|val|>=0.15,LASSO,LIN,2,0.8042450951305359,0.8178153177100497,0.5701052564989237,0.01280138706156794
33.7696,-3.1054,|val|>=0.15,PCMCI,KRR,2,0.8053777343572177,0.8154459429052471,0.5680517732910785,0.011617524898897837
33.7696,-3.1054,|val|>=0.15,LASSO,KRR,2,0.8053777343572177,0.8154459429052471,0.5680517732910785,0.011617524898897837
33.7696,-3.6054,-,CLIMATOLOGY,-,0,0.7486085925050943,0.9267746137930074,0.6763229853016233,0.0016099467988945904
33.7696,-3.6054,-,ALL,LIN,56,0.812169327459392,0.801091587484774,0.5579516427749445,0.01292290946303029
33.7696,-3.6054,-,ALL,KRR,56,0.809448860166604,0.8068720834867247,0.5710912850227285,-0.019178855773442163
33.7696,-3.6054,fdr<=0.01,PCMCI,LIN,8,0.8109130516232415,0.8037661102898664,0.560172259503148,0.015107243704763218
33.7696,-3.6054,fdr<=0.01,LASSO,LIN,8,0.8103226429176096,0.8050199796173984,0.5653005467650027,-0.014237078724961251
33.7696,-3.6054,fdr<=0.01,PCMCI,KRR,8,0.8134598500402707,0.7983348261252787,0.5503420306169964,0.011542798568455059
33.7696,-3.6054,fdr<=0.01,LASSO,KRR,8,0.8135784825930568,0.7980809302187495,0.5563323078491293,-0.02188532753785803
33.7696,-3.6054,fdr<=0.001,PCMCI,LIN,5,0.8110678924803804,0.8034369460514542,0.5628877355974137,0.008690368857193724
33.7696,-3.6054,fdr<=0.001,LASSO,LIN,5,0.8072289115994153,0.8115585621910304,0.5740611229901734,-0.029904351476208603
33.7696,-3.6054,fdr<=0.001,PCMCI,KRR,5,0.8138593042644732,0.7974795970427748,0.5549367052460296,0.004728194975179642
33.7696,-3.6054,fdr<=0.001,LASSO,KRR,5,0.8077162972683493,0.8105319758235765,0.5721951158565683,-0.03826739656486252
33.7696,-3.6054,fdr<=0.0001,PCMCI,LIN,4,0.8103664901413086,0.8049269270468707,0.5657687292328301,0.0003949169757882007
33.7696,-3.6054,fdr<=0.0001,LASSO,LIN,4,0.8051690198335817,0.8158830712206327,0.5677790827959135,0.013222359079548824
33.7696,-3.6054,fdr<=0.0001,PCMCI,KRR,4,0.8135285396347378,0.7981878273569836,0.5581218469338995,-0.0010537901763261928
33.7696,-3.6054,fdr<=0.0001,LASSO,KRR,4,0.8061327791152249,0.8138626284265437,0.5633678149402322,0.009016771053092626
33.7696,-3.6054,|val|>=0.075,PCMCI,LIN,4,0.8103664901413086,0.8049269270468707,0.5657687292328301,0.0003949169757882007
33.7696,-3.6054,|val|>=0.075,LASSO,LIN,4,0.8051690198335817,0.8158830712206327,0.5677790827959135,0.013222359079548824
33.7696,-3.6054,|val|>=0.075,PCMCI,KRR,4,0.8135285396347378,0.7981878273569836,0.5581218469338995,-0.0010537901763261928
33.7696,-3.6054,|val|>=0.075,LASSO,KRR,4,0.8061327791152249,0.8138626284265437,0.5633678149402322,0.009016771053092626
33.7696,-3.6054,|val|>=0.10,PCMCI,LIN,2,0.8040169867115043,0.818291669107842,0.5714147428283339,0.010148212762878025
33.7696,-3.6054,|val|>=0.10,LASSO,LIN,2,0.8040169867115043,0.818291669107842,0.5714147428283339,0.010148212762878025
33.7696,-3.6054,|val|>=0.10,PCMCI,KRR,2,0.8052501740096998,0.8157131310632921,0.568936131502693,0.009435776659906652
33.7696,-3.6054,|val|>=0.10,LASSO,KRR,2,0.8052501740096998,0.8157131310632921,0.568936131502693,0.009435776659906652
33.7696,-3.6054,|val|>=0.15,PCMCI,LIN,2,0.8040169867115043,0.818291669107842,0.5714147428283339,0.010148212762878025
33.7696,-3.6054,|val|>=0.15,LASSO,LIN,2,0.8040169867115043,0.818291669107842,0.5714147428283339,0.010148212762878025
33.7696,-3.6054,|val|>=0.15,PCMCI,KRR,2,0.8052501740096998,0.8157131310632921,0.568936131502693,0.009435776659906652
33.7696,-3.6054,|val|>=0.15,LASSO,KRR,2,0.8052501740096998,0.8157131310632921,0.568936131502693,0.009435776659906652
33.7696,-4.1054,-,CLIMATOLOGY,-,0,0.6900188686400367,1.0293917780726451,0.7988782707326196,-0.03858704282464696
33.7696,-4.1054,-,ALL,LIN,56,0.7923756559312416,0.8424656500286033,0.6219648152837035,-0.031023320345804507
33.7696,-4.1054,-,ALL,KRR,56,0.7826118703263922,0.862047067203137,0.6450350218035922,-0.05358611351910351
33.7696,-4.1054,fdr<=0.01,PCMCI,LIN,5,0.7922245737808173,0.8427721130695776,0.6237435478020621,-0.031684178692905726
33.7696,-4.1054,fdr<=0.01,LASSO,LIN,5,0.7891028057585969,0.84907971726457,0.6332815922260687,-0.0718169793860622
33.7696,-4.1054,fdr<=0.01,PCMCI,KRR,5,0.7932022253900557,0.8407870154122148,0.6163001368243369,-0.029867676614504814
33.7696,-4.1054,fdr<=0.01,LASSO,KRR,5,0.7878173063405656,0.8516635194608058,0.6341064472040706,-0.07879041955799308
33.7696,-4.1054,fdr<=0.001,PCMCI,LIN,5,0.7922245737808173,0.8427721130695776,0.6237435478020621,-0.031684178692905726
33.7696,-4.1054,fdr<=0.001,LASSO,LIN,5,0.7891028057585969,0.84907971726457,0.6332815922260687,-0.0718169793860622
33.7696,-4.1054,fdr<=0.001,PCMCI,KRR,5,0.7932022253900557,0.8407870154122148,0.6163001368243369,-0.029867676614504814
33.7696,-4.1054,fdr<=0.001,LASSO,KRR,5,0.7878173063405656,0.8516635194608058,0.6341064472040706,-0.07879041955799308
33.7696,-4.1054,fdr<=0.0001,PCMCI,LIN,5,0.7922245737808173,0.8427721130695776,0.6237435478020621,-0.031684178692905726
33.7696,-4.1054,fdr<=0.0001,LASSO,LIN,5,0.7891028057585969,0.84907971726457,0.6332815922260687,-0.0718169793860622
33.7696,-4.1054,fdr<=0.0001,PCMCI,KRR,5,0.7932022253900557,0.8407870154122148,0.6163001368243369,-0.029867676614504814
33.7696,-4.1054,fdr<=0.0001,LASSO,KRR,5,0.7878173063405656,0.8516635194608058,0.6341064472040706,-0.07879041955799308
33.7696,-4.1054,|val|>=0.075,PCMCI,LIN,5,0.7922245737808173,0.8427721130695776,0.6237435478020621,-0.031684178692905726
33.7696,-4.1054,|val|>=0.075,LASSO,LIN,5,0.7891028057585969,0.84907971726457,0.6332815922260687,-0.0718169793860622
33.7696,-4.1054,|val|>=0.075,PCMCI,KRR,5,0.7932022253900557,0.8407870154122148,0.6163001368243369,-0.029867676614504814
33.7696,-4.1054,|val|>=0.075,LASSO,KRR,5,0.7878173063405656,0.8516635194608058,0.6341064472040706,-0.07879041955799308
33.7696,-4.1054,|val|>=0.10,PCMCI,LIN,4,0.7868961196289699,0.8535102568869009,0.6281757031740468,-0.014371724467108282
33.7696,-4.1054,|val|>=0.10,LASSO,LIN,4,0.7853683337700741,0.8565642888258277,0.6432108822083288,-0.08514068848284896
33.7696,-4.1054,|val|>=0.10,PCMCI,KRR,4,0.7871580549236044,0.8529855522201275,0.6240116123112823,-0.013310065843432837
33.7696,-4.1054,|val|>=0.10,LASSO,KRR,4,0.7828288287791991,0.8616167882219183,0.6438198003012081,-0.08940937477138615
33.7696,-4.1054,|val|>=0.15,PCMCI,LIN,2,0.7816812978901408,0.8638901774564165,0.6378666123264434,-0.027364832887831803
33.7696,-4.1054,|val|>=0.15,LASSO,LIN,2,0.7816812978901408,0.8638901774564165,0.6378666123264434,-0.027364832887831803
33.7696,-4.1054,|val|>=0.15,PCMCI,KRR,2,0.7828623838301404,0.8615502215779094,0.6323754885924187,-0.03156020484054486
33.7696,-4.1054,|val|>=0.15,LASSO,KRR,2,0.7828623838301404,0.8615502215779094,0.6323754885924187,-0.03156020484054486
33.7696,-4.6054,-,CLIMATOLOGY,-,0,0.6900188686400367,1.0293917780726451,0.7988782707326196,-0.03858704282464696
33.7696,-4.6054,-,ALL,LIN,56,0.7923756559312416,0.8424656500286033,0.6219648152837035,-0.031023320345804507
33.7696,-4.6054,-,ALL,KRR,56,0.7826118703263922,0.862047067203137,0.6450350218035922,-0.05358611351910351
33.7696,-4.6054,fdr<=0.01,PCMCI,LIN,5,0.7922245737808173,0.8427721130695776,0.6237435478020621,-0.031684178692905726
33.7696,-4.6054,fdr<=0.01,LASSO,LIN,5,0.7891028057585969,0.84907971726457,0.6332815922260687,-0.0718169793860622
33.7696,-4.6054,fdr<=0.01,PCMCI,KRR,5,0.7932022253900557,0.8407870154122148,0.6163001368243369,-0.029867676614504814
33.7696,-4.6054,fdr<=0.01,LASSO,KRR,5,0.7878173063405656,0.8516635194608058,0.6341064472040706,-0.07879041955799308
33.7696,-4.6054,fdr<=0.001,PCMCI,LIN,5,0.7922245737808173,0.8427721130695776,0.6237435478020621,-0.031684178692905726
33.7696,-4.6054,fdr<=0.001,LASSO,LIN,5,0.7891028057585969,0.84907971726457,0.6332815922260687,-0.0718169793860622
33.7696,-4.6054,fdr<=0.001,PCMCI,KRR,5,0.7932022253900557,0.8407870154122148,0.6163001368243369,-0.029867676614504814
33.7696,-4.6054,fdr<=0.001,LASSO,KRR,5,0.7878173063405656,0.8516635194608058,0.6341064472040706,-0.07879041955799308
33.7696,-4.6054,fdr<=0.0001,PCMCI,LIN,5,0.7922245737808173,0.8427721130695776,0.6237435478020621,-0.031684178692905726
33.7696,-4.6054,fdr<=0.0001,LASSO,LIN,5,0.7891028057585969,0.84907971726457,0.6332815922260687,-0.0718169793860622
33.7696,-4.6054,fdr<=0.0001,PCMCI,KRR,5,0.7932022253900557,0.8407870154122148,0.6163001368243369,-0.029867676614504814
33.7696,-4.6054,fdr<=0.0001,LASSO,KRR,5,0.7878173063405656,0.8516635194608058,0.6341064472040706,-0.07879041955799308
33.7696,-4.6054,|val|>=0.075,PCMCI,LIN,5,0.7922245737808173,0.8427721130695776,0.6237435478020621,-0.031684178692905726
33.7696,-4.6054,|val|>=0.075,LASSO,LIN,5,0.7891028057585969,0.84907971726457,0.6332815922260687,-0.0718169793860622
33.7696,-4.6054,|val|>=0.075,PCMCI,KRR,5,0.7932022253900557,0.8407870154122148,0.6163001368243369,-0.029867676614504814
33.7696,-4.6054,|val|>=0.075,LASSO,KRR,5,0.7878173063405656,0.8516635194608058,0.6341064472040706,-0.07879041955799308
33.7696,-4.6054,|val|>=0.10,PCMCI,LIN,4,0.7868961196289699,0.8535102568869009,0.6281757031740468,-0.014371724467108282
33.7696,-4.6054,|val|>=0.10,LASSO,LIN,4,0.7853683337700741,0.8565642888258277,0.6432108822083288,-0.08514068848284896
33.7696,-4.6054,|val|>=0.10,PCMCI,KRR,4,0.7871580549236044,0.8529855522201275,0.6240116123112823,-0.013310065843432837
33.7696,-4.6054,|val|>=0.10,LASSO,KRR,4,0.7828288287791991,0.8616167882219183,0.6438198003012081,-0.08940937477138615
33.7696,-4.6054,|val|>=0.15,PCMCI,LIN,2,0.7816812978901408,0.8638901774564165,0.6378666123264434,-0.027364832887831803
33.7696,-4.6054,|val|>=0.15,LASSO,LIN,2,0.7816812978901408,0.8638901774564165,0.6378666123264434,-0.027364832887831803
33.7696,-4.6054,|val|>=0.15,PCMCI,KRR,2,0.7828623838301404,0.8615502215779094,0.6323754885924187,-0.03156020484054486
33.7696,-4.6054,|val|>=0.15,LASSO,KRR,2,0.7828623838301404,0.8615502215779094,0.6323754885924187,-0.03156020484054486
33.7696,-5.1054,-,CLIMATOLOGY,-,0,0.6919855508415114,1.0520852436901735,0.8111639655529953,-0.02556212103400953
33.7696,-5.1054,-,ALL,LIN,56,0.7881036193184292,0.872624000751395,0.6465128057822583,-0.04398537641729557
33.7696,-5.1054,-,ALL,KRR,56,0.7820193499366528,0.885063347561722,0.667579093222447,-0.0619256649238132
33.7696,-5.1054,fdr<=0.01,PCMCI,LIN,7,0.792347867578341,0.8638405407394746,0.6388304349495567,-0.06022073849251036
33.7696,-5.1054,fdr<=0.01,LASSO,LIN,7,0.7899375483921213,0.8688395844322017,0.640489683579944,-0.039447984343749666
33.7696,-5.1054,fdr<=0.01,PCMCI,KRR,7,0.794067390945963,0.8602564652115394,0.6318961615920463,-0.058296644331162877
33.7696,-5.1054,fdr<=0.01,LASSO,KRR,7,0.7892194522743659,0.8703233765844763,0.6390277189285419,-0.04667910758737036
33.7696,-5.1054,fdr<=0.001,PCMCI,LIN,5,0.7910138926723616,0.8666107912213059,0.6421716064495886,-0.05678646530898457
33.7696,-5.1054,fdr<=0.001,LASSO,LIN,5,0.7903965823944165,0.8678897596803379,0.6422405225857015,-0.058246639164375315
33.7696,-5.1054,fdr<=0.001,PCMCI,KRR,5,0.7935175287540505,0.861404188181106,0.6309206475311914,-0.0558151214721827
33.7696,-5.1054,fdr<=0.001,LASSO,KRR,5,0.790494947343084,0.867686089456788,0.6350769748732341,-0.0632930762042505
33.7696,-5.1054,fdr<=0.0001,PCMCI,LIN,5,0.7910138926723616,0.8666107912213059,0.6421716064495886,-0.05678646530898457
33.7696,-5.1054,fdr<=0.0001,LASSO,LIN,5,0.7903965823944165,0.8678897596803379,0.6422405225857015,-0.058246639164375315
33.7696,-5.1054,fdr<=0.0001,PCMCI,KRR,5,0.7935175287540505,0.861404188181106,0.6309206475311914,-0.0558151214721827
33.7696,-5.1054,fdr<=0.0001,LASSO,KRR,5,0.790494947343084,0.867686089456788,0.6350769748732341,-0.0632930762042505
33.7696,-5.1054,|val|>=0.075,PCMCI,LIN,5,0.7910138926723616,0.8666107912213059,0.6421716064495886,-0.05678646530898457
33.7696,-5.1054,|val|>=0.075,LASSO,LIN,5,0.7903965823944165,0.8678897596803379,0.6422405225857015,-0.058246639164375315
33.7696,-5.1054,|val|>=0.075,PCMCI,KRR,5,0.7935175287540505,0.861404188181106,0.6309206475311914,-0.0558151214721827
33.7696,-5.1054,|val|>=0.075,LASSO,KRR,5,0.790494947343084,0.867686089456788,0.6350769748732341,-0.0632930762042505
33.7696,-5.1054,|val|>=0.10,PCMCI,LIN,3,0.7900331421932707,0.8686418691121052,0.6397353412989838,-0.046733699734211744
33.7696,-5.1054,|val|>=0.10,LASSO,LIN,3,0.7880906400796821,0.8726507256576295,0.6400586109802423,-0.04723332311090127
33.7696,-5.1054,|val|>=0.10,PCMCI,KRR,3,0.7924980809589883,0.8635280376079794,0.6318969103866369,-0.04943390314856859
33.7696,-5.1054,|val|>=0.10,LASSO,KRR,3,0.7845852300244915,0.8798388264669895,0.642272080116452,-0.0507405943000362
33.7696,-5.1054,|val|>=0.15,PCMCI,LIN,3,0.7900331421932707,0.8686418691121052,0.6397353412989838,-0.046733699734211744
33.7696,-5.1054,|val|>=0.15,LASSO,LIN,3,0.7880906400796821,0.8726507256576295,0.6400586109802423,-0.04723332311090127
33.7696,-5.1054,|val|>=0.15,PCMCI,KRR,3,0.7924980809589883,0.8635280376079794,0.6318969103866369,-0.04943390314856859
33.7696,-5.1054,|val|>=0.15,LASSO,KRR,3,0.7845852300244915,0.8798388264669895,0.642272080116452,-0.0507405943000362
33.7696,-5.6054,-,CLIMATOLOGY,-,0,0.6919855508415114,1.0520852436901735,0.8111639655529953,-0.02556212103400953
33.7696,-5.6054,-,ALL,LIN,56,0.7879790624947136,0.8728804357727539,0.6491511605100714,-0.04972053600975436
33.7696,-5.6054,-,ALL,KRR,56,0.7850207290212483,0.8789490017274955,0.6618384949476983,-0.06724362983721054
33.7696,-5.6054,fdr<=0.01,PCMCI,LIN,6,0.7923281132292813,0.863881629173161,0.6363546238125564,-0.05246308682127306
33.7696,-5.6054,fdr<=0.01,LASSO,LIN,6,0.7906170151279686,0.8674332746676203,0.6373110812628413,-0.03173155596576405
33.7696,-5.6054,fdr<=0.01,PCMCI,KRR,6,0.7936259048728734,0.8611780966025776,0.6297178224196317,-0.05315568613801342
33.7696,-5.6054,fdr<=0.01,LASSO,KRR,6,0.7903624397538811,0.8679604427870896,0.6320269113381384,-0.029663842834262284
33.7696,-5.6054,fdr<=0.001,PCMCI,LIN,3,0.7904262185443236,0.8678284013767408,0.6394712062859358,-0.051268612138833755
33.7696,-5.6054,fdr<=0.001,LASSO,LIN,3,0.7885262690022748,0.8717532960460449,0.6405947008302483,-0.052547088914496616
33.7696,-5.6054,fdr<=0.001,PCMCI,KRR,3,0.7933545001195,0.861744182754957,0.630418491746369,-0.05228229219278497
33.7696,-5.6054,fdr<=0.001,LASSO,KRR,3,0.7846234131495937,0.8797608455448174,0.6428982619053033,-0.05585840146392289
33.7696,-5.6054,fdr<=0.0001,PCMCI,LIN,3,0.7904262185443236,0.8678284013767408,0.6394712062859358,-0.051268612138833755
33.7696,-5.6054,fdr<=0.0001,LASSO,LIN,3,0.7885262690022748,0.8717532960460449,0.6405947008302483,-0.052547088914496616
33.7696,-5.6054,fdr<=0.0001,PCMCI,KRR,3,0.7933545001195,0.861744182754957,0.630418491746369,-0.05228229219278497
33.7696,-5.6054,fdr<=0.0001,LASSO,KRR,3,0.7846234131495937,0.8797608455448174,0.6428982619053033,-0.05585840146392289
33.7696,-5.6054,|val|>=0.075,PCMCI,LIN,3,0.7904262185443236,0.8678284013767408,0.6394712062859358,-0.051268612138833755
33.7696,-5.6054,|val|>=0.075,LASSO,LIN,3,0.7885262690022748,0.8717532960460449,0.6405947008302483,-0.052547088914496616
33.7696,-5.6054,|val|>=0.075,PCMCI,KRR,3,0.7933545001195,0.861744182754957,0.630418491746369,-0.05228229219278497
33.7696,-5.6054,|val|>=0.075,LASSO,KRR,3,0.7846234131495937,0.8797608455448174,0.6428982619053033,-0.05585840146392289
33.7696,-5.6054,|val|>=0.10,PCMCI,LIN,3,0.7904262185443236,0.8678284013767408,0.6394712062859358,-0.051268612138833755
33.7696,-5.6054,|val|>=0.10,LASSO,LIN,3,0.7885262690022748,0.8717532960460449,0.6405947008302483,-0.052547088914496616
33.7696,-5.6054,|val|>=0.10,PCMCI,KRR,3,0.7933545001195,0.861744182754957,0.630418491746369,-0.05228229219278497
33.7696,-5.6054,|val|>=0.10,LASSO,KRR,3,0.7846234131495937,0.8797608455448174,0.6428982619053033,-0.05585840146392289
33.7696,-5.6054,|val|>=0.15,PCMCI,LIN,3,0.7904262185443236,0.8678284013767408,0.6394712062859358,-0.051268612138833755
33.7696,-5.6054,|val|>=0.15,LASSO,LIN,3,0.7885262690022748,0.8717532960460449,0.6405947008302483,-0.052547088914496616
33.7696,-5.6054,|val|>=0.15,PCMCI,KRR,3,0.7933545001195,0.861744182754957,0.630418491746369,-0.05228229219278497
33.7696,-5.6054,|val|>=0.15,LASSO,KRR,3,0.7846234131495937,0.8797608455448174,0.6428982619053033,-0.05585840146392289
33.7696,-6.1054,-,CLIMATOLOGY,-,0,0.7566571386270879,0.9328922662439121,0.7107837580300278,-0.012378870754150685
33.7696,-6.1054,-,ALL,LIN,56,0.8232313856180329,0.7951055160110891,0.5970317975455542,-0.023619040417988246
33.7696,-6.1054,-,ALL,KRR,56,0.8217471644677785,0.7984365530200581,0.6041613950946378,-0.0446222736999131
33.7696,-6.1054,fdr<=0.01,PCMCI,LIN,7,0.8276328319204503,0.7851442613029894,0.5812503663801163,-0.02177365592131445
33.7696,-6.1054,fdr<=0.01,LASSO,LIN,7,0.8268053355359529,0.7870266561344064,0.5789547216446751,-0.004224598196517058
33.7696,-6.1054,fdr<=0.01,PCMCI,KRR,7,0.8292522943230058,0.7814471757839484,0.5775903810831963,-0.020219564242120187
33.7696,-6.1054,fdr<=0.01,LASSO,KRR,7,0.8281427382937806,0.7839820719178715,0.5751031924166974,-0.017221943845733962
33.7696,-6.1054,fdr<=0.001,PCMCI,LIN,4,0.8274643474173499,0.7855278968055524,0.5790452050130057,-0.006751397805030368
33.7696,-6.1054,fdr<=0.001,LASSO,LIN,4,0.8264111359147462,0.7879218028691917,0.5822622207272229,-0.014790203404142763
33.7696,-6.1054,fdr<=0.001,PCMCI,KRR,4,0.8289792751424073,0.7820716786145819,0.5711045088875207,-0.010588858993314914
33.7696,-6.1054,fdr<=0.001,LASSO,KRR,4,0.8270436471032863,0.7864850051557204,0.573864129398215,-0.016421652671073376
33.7696,-6.1054,fdr<=0.0001,PCMCI,LIN,3,0.8265004846044999,0.7877189994164379,0.5835546349484351,-0.01738437849817344
33.7696,-6.1054,fdr<=0.0001,LASSO,LIN,3,0.8243892310803418,0.7924972425159014,0.5870941348219516,-0.02284004180145322
33.7696,-6.1054,fdr<=0.0001,PCMCI,KRR,3,0.8286166903344959,0.7829002833623092,0.5729349453641379,-0.01884908067406171
33.7696,-6.1054,fdr<=0.0001,LASSO,KRR,3,0.8222195913954048,0.7973777951458507,0.5845135937250728,-0.026191478074935964
33.7696,-6.1054,|val|>=0.075,PCMCI,LIN,4,0.8274643474173499,0.7855278968055524,0.5790452050130057,-0.006751397805030368
33.7696,-6.1054,|val|>=0.075,LASSO,LIN,4,0.8264111359147462,0.7879218028691917,0.5822622207272229,-0.014790203404142763
33.7696,-6.1054,|val|>=0.075,PCMCI,KRR,4,0.8289792751424073,0.7820716786145819,0.5711045088875207,-0.010588858993314914
33.7696,-6.1054,|val|>=0.075,LASSO,KRR,4,0.8270436471032863,0.7864850051557204,0.573864129398215,-0.016421652671073376
33.7696,-6.1054,|val|>=0.10,PCMCI,LIN,3,0.8265004846044999,0.7877189994164379,0.5835546349484351,-0.01738437849817344
33.7696,-6.1054,|val|>=0.10,LASSO,LIN,3,0.8243892310803418,0.7924972425159014,0.5870941348219516,-0.02284004180145322
33.7696,-6.1054,|val|>=0.10,PCMCI,KRR,3,0.8286166903344959,0.7829002833623092,0.5729349453641379,-0.01884908067406171
33.7696,-6.1054,|val|>=0.10,LASSO,KRR,3,0.8222195913954048,0.7973777951458507,0.5845135937250728,-0.026191478074935964
33.7696,-6.1054,|val|>=0.15,PCMCI,LIN,3,0.8265004846044999,0.7877189994164379,0.5835546349484351,-0.01738437849817344
33.7696,-6.1054,|val|>=0.15,LASSO,LIN,3,0.8243892310803418,0.7924972425159014,0.5870941348219516,-0.02284004180145322
33.7696,-6.1054,|val|>=0.15,PCMCI,KRR,3,0.8286166903344959,0.7829002833623092,0.5729349453641379,-0.01884908067406171
33.7696,-6.1054,|val|>=0.15,LASSO,KRR,3,0.8222195913954048,0.7973777951458507,0.5845135937250728,-0.026191478074935964
33.7696,-6.6054,-,CLIMATOLOGY,-,0,0.7566571386270879,0.9328922662439121,0.7107837580300278,-0.012378870754150685
33.7696,-6.6054,-,ALL,LIN,56,0.8225937254815348,0.7965383231948271,0.5936984779790415,-0.025960665630486247
33.7696,-6.6054,-,ALL,KRR,56,0.8186953920544725,0.8052423517515214,0.6075404824491718,-0.042324921846995184
33.7696,-6.6054,fdr<=0.01,PCMCI,LIN,5,0.8288660861661681,0.7823304403835261,0.5793564613719266,-0.016142854367156505
33.7696,-6.6054,fdr<=0.01,LASSO,LIN,5,0.8274120866551653,0.7856468553448259,0.5795045104914149,-0.00823649309849809
33.7696,-6.6054,fdr<=0.01,PCMCI,KRR,5,0.8285176287603608,0.7831265134744341,0.5766288053791485,-0.013321613454655455
33.7696,-6.6054,fdr<=0.01,LASSO,KRR,5,0.827893799222106,0.7845496741932416,0.5743457334301185,-0.011290938400446721
33.7696,-6.6054,fdr<=0.001,PCMCI,LIN,4,0.8277707085846245,0.7848301796555189,0.580216369496482,-0.010304085838033663
33.7696,-6.6054,fdr<=0.001,LASSO,LIN,4,0.8250473844360989,0.7910107894383978,0.5856591322329326,-0.016859819103829266
33.7696,-6.6054,fdr<=0.001,PCMCI,KRR,4,0.8278780053045562,0.7845856718172283,0.57567887467588,-0.010274789701970976
33.7696,-6.6054,fdr<=0.001,LASSO,KRR,4,0.8233498839421471,0.7948389685053718,0.5846677932491022,-0.020420095964682347
33.7696,-6.6054,fdr<=0.0001,PCMCI,LIN,4,0.8277707085846245,0.7848301796555189,0.580216369496482,-0.010304085838033663
33.7696,-6.6054,fdr<=0.0001,LASSO,LIN,4,0.8250473844360989,0.7910107894383978,0.5856591322329326,-0.016859819103829266
33.7696,-6.6054,fdr<=0.0001,PCMCI,KRR,4,0.8278780053045562,0.7845856718172283,0.57567887467588,-0.010274789701970976
33.7696,-6.6054,fdr<=0.0001,LASSO,KRR,4,0.8233498839421471,0.7948389685053718,0.5846677932491022,-0.020420095964682347
33.7696,-6.6054,|val|>=0.075,PCMCI,LIN,4,0.8277707085846245,0.7848301796555189,0.580216369496482,-0.010304085838033663
33.7696,-6.6054,|val|>=0.075,LASSO,LIN,4,0.8250473844360989,0.7910107894383978,0.5856591322329326,-0.016859819103829266
33.7696,-6.6054,|val|>=0.075,PCMCI,KRR,4,0.8278780053045562,0.7845856718172283,0.57567887467588,-0.010274789701970976
33.7696,-6.6054,|val|>=0.075,LASSO,KRR,4,0.8233498839421471,0.7948389685053718,0.5846677932491022,-0.020420095964682347
33.7696,-6.6054,|val|>=0.10,PCMCI,LIN,3,0.8262895537999535,0.7881976858623363,0.5850956359405952,-0.021841557438407065
33.7696,-6.6054,|val|>=0.10,LASSO,LIN,3,0.8239477713939151,0.7934927281312292,0.589005723366528,-0.0257014274332889
33.7696,-6.6054,|val|>=0.10,PCMCI,KRR,3,0.8286098101329831,0.782915998012893,0.5739549736971464,-0.022339651356755284
33.7696,-6.6054,|val|>=0.10,LASSO,KRR,3,0.8226645426455,0.7963793259563694,0.5852178416829206,-0.029875579930919445
33.7696,-6.6054,|val|>=0.15,PCMCI,LIN,2,0.824398494540511,0.7924763401432825,0.5895179780206254,-0.03033553257047873
33.7696,-6.6054,|val|>=0.15,LASSO,LIN,2,0.824398494540511,0.7924763401432825,0.5895179780206254,-0.03033553257047873
33.7696,-6.6054,|val|>=0.15,PCMCI,KRR,2,0.8241127547160627,0.7931208391970465,0.5834775340790473,-0.035045252082286905
33.7696,-6.6054,|val|>=0.15,LASSO,KRR,2,0.8241127547160627,0.7931208391970465,0.5834775340790473,-0.035045252082286905
33.7696,-7.1054,-,CLIMATOLOGY,-,0,0.7672152983951652,0.8776841200899399,0.6840987305331598,-0.055334414037616
33.7696,-7.1054,-,ALL,LIN,56,0.8248573346523056,0.7613020518525623,0.5905003892895535,-0.07993988067293081
33.7696,-7.1054,-,ALL,KRR,56,0.8208322217835579,0.770000446701998,0.5979852232498704,-0.07813263467758179
33.7696,-7.1054,fdr<=0.01,PCMCI,LIN,6,0.8259146727383133,0.759000578901412,0.5913131862022559,-0.0935646052746962
33.7696,-7.1054,fdr<=0.01,LASSO,LIN,6,0.8254845700713892,0.7599376101630441,0.591321087200409,-0.0876222508915556
33.7696,-7.1054,fdr<=0.01,PCMCI,KRR,6,0.8272658495148383,0.7560493201946262,0.5830998596871579,-0.07792035100780376
33.7696,-7.1054,fdr<=0.01,LASSO,KRR,6,0.8276199516088589,0.7552739784564606,0.5816683663687041,-0.0750629455655682
33.7696,-7.1054,fdr<=0.001,PCMCI,LIN,4,0.8263792617474053,0.7579871135160102,0.58340088764858,-0.05456754819162751
33.7696,-7.1054,fdr<=0.001,LASSO,LIN,4,0.8230946515150771,0.7651234359038641,0.5973429400826389,-0.09689409630498408
33.7696,-7.1054,fdr<=0.001,PCMCI,KRR,4,0.8271570402697039,0.7562874092015781,0.5796702239171031,-0.0546743492563769
33.7696,-7.1054,fdr<=0.001,LASSO,KRR,4,0.8236383701728882,0.7639467274647392,0.59179872159666,-0.08755353488589795
33.7696,-7.1054,fdr<=0.0001,PCMCI,LIN,4,0.8263792617474053,0.7579871135160102,0.58340088764858,-0.05456754819162751
33.7696,-7.1054,fdr<=0.0001,LASSO,LIN,4,0.8230946515150771,0.7651234359038641,0.5973429400826389,-0.09689409630498408
33.7696,-7.1054,fdr<=0.0001,PCMCI,KRR,4,0.8271570402697039,0.7562874092015781,0.5796702239171031,-0.0546743492563769
33.7696,-7.1054,fdr<=0.0001,LASSO,KRR,4,0.8236383701728882,0.7639467274647392,0.59179872159666,-0.08755353488589795
33.7696,-7.1054,|val|>=0.075,PCMCI,LIN,4,0.8263792617474053,0.7579871135160102,0.58340088764858,-0.05456754819162751
33.7696,-7.1054,|val|>=0.075,LASSO,LIN,4,0.8230946515150771,0.7651234359038641,0.5973429400826389,-0.09689409630498408
33.7696,-7.1054,|val|>=0.075,PCMCI,KRR,4,0.8271570402697039,0.7562874092015781,0.5796702239171031,-0.0546743492563769
33.7696,-7.1054,|val|>=0.075,LASSO,KRR,4,0.8236383701728882,0.7639467274647392,0.59179872159666,-0.08755353488589795
33.7696,-7.1054,|val|>=0.10,PCMCI,LIN,3,0.8258291044307611,0.7591870920819338,0.5860749823772857,-0.06426342858977778
33.7696,-7.1054,|val|>=0.10,LASSO,LIN,3,0.8241520806006879,0.7628332947976756,0.5886232286195874,-0.060152203639810775
33.7696,-7.1054,|val|>=0.10,PCMCI,KRR,3,0.8277695911940838,0.7549460883557264,0.5793865772178228,-0.06061908376320676
33.7696,-7.1054,|val|>=0.10,LASSO,KRR,3,0.8248375404909951,0.761345070810394,0.5882120807807271,-0.06432142820170324
33.7696,-7.1054,|val|>=0.15,PCMCI,LIN,2,0.8238450032808079,0.7634990593642095,0.591860076047445,-0.06965787308621103
33.7696,-7.1054,|val|>=0.15,LASSO,LIN,2,0.8238450032808079,0.7634990593642095,0.591860076047445,-0.06965787308621103
33.7696,-7.1054,|val|>=0.15,PCMCI,KRR,2,0.8254607915845493,0.7599893808029727,0.5892401223170345,-0.06997370070977252
33.7696,-7.1054,|val|>=0.15,LASSO,KRR,2,0.8254607915845493,0.7599893808029727,0.5892401223170345,-0.06997370070977252
34.2696,-2.1054,-,CLIMATOLOGY,-,0,0.7295685154509632,1.0300052914119509,0.7706831235725298,-0.06250190959046945
34.2696,-2.1054,-,ALL,LIN,56,0.8023490417730017,0.8805627134832219,0.6211617332146752,-0.02073982840197922
34.2696,-2.1054,-,ALL,KRR,56,0.7993829066587974,0.8871453827982421,0.6363892992829449,-0.05048605577728912
34.2696,-2.1054,fdr<=0.01,PCMCI,LIN,10,0.8048881659185725,0.87488835372862,0.6233304217889994,-0.045697924037280874
34.2696,-2.1054,fdr<=0.01,LASSO,LIN,10,0.8024529652014942,0.8803311863276277,0.6244257121001275,-0.049396723000604624
34.2696,-2.1054,fdr<=0.01,PCMCI,KRR,10,0.8051127222324374,0.8743847495656341,0.6243601907561406,-0.05529269458265644
34.2696,-2.1054,fdr<=0.01,LASSO,KRR,10,0.8033189340725535,0.8783995534637964,0.6248061955784376,-0.05916488247959765
34.2696,-2.1054,fdr<=0.001,PCMCI,LIN,6,0.8033896632654483,0.8782415970338516,0.6255458172122434,-0.05512418246288653
34.2696,-2.1054,fdr<=0.001,LASSO,LIN,6,0.7996611731934656,0.886529910483061,0.6306490236257114,-0.06250537294886573
34.2696,-2.1054,fdr<=0.001,PCMCI,KRR,6,0.8035435245189063,0.8778978872315364,0.628734670173816,-0.07023150269658213
34.2696,-2.1054,fdr<=0.001,LASSO,KRR,6,0.7995601335417721,0.8867534402489516,0.6290146183474937,-0.06256147531578592
34.2696,-2.1054,fdr<=0.0001,PCMCI,LIN,4,0.8025069007707742,0.880211001266171,0.6239457727483736,-0.03480479382752378
34.2696,-2.1054,fdr<=0.0001,LASSO,LIN,4,0.7982486035675624,0.8896498387481239,0.6392098170500585,-0.0756534675257574
34.2696,-2.1054,fdr<=0.0001,PCMCI,KRR,4,0.804051614421525,0.8767619108611078,0.6221839277882982,-0.041838501458624285
34.2696,-2.1054,fdr<=0.0001,LASSO,KRR,4,0.7965144817900428,0.8934650792352093,0.6401456429618575,-0.07977988872768645
34.2696,-2.1054,|val|>=0.075,PCMCI,LIN,5,0.8032187172373187,0.8786233147394668,0.6261608237736817,-0.05290002430592652
34.2696,-2.1054,|val|>=0.075,LASSO,LIN,5,0.7996947616622128,0.8864555903154007,0.6309023602705063,-0.06437976175616163
34.2696,-2.1054,|val|>=0.075,PCMCI,KRR,5,0.8030353103242714,0.8790326729284368,0.6286329978186126,-0.06570740770136566
34.2696,-2.1054,|val|>=0.075,LASSO,KRR,5,0.7973072461245445,0.8917229442658278,0.6344698904746691,-0.07037672636098585
34.2696,-2.1054,|val|>=0.10,PCMCI,LIN,3,0.8002331938834564,0.8852633662917315,0.6301937907362727,-0.02332356556873394
34.2696,-2.1054,|val|>=0.10,LASSO,LIN,3,0.7987492367807176,0.8885453484962267,0.6447712821640856,-0.09022374809480095
34.2696,-2.1054,|val|>=0.10,PCMCI,KRR,3,0.8019000047534113,0.8815624074323678,0.6256259601174329,-0.028057313927545523
34.2696,-2.1054,|val|>=0.10,LASSO,KRR,3,0.7978099923246107,0.8906163712666746,0.6441404600672865,-0.08722533171445579
34.2696,-2.1054,|val|>=0.15,PCMCI,LIN,2,0.7947839900341029,0.8972561615037536,0.6365274344943663,-0.024272174799432313
34.2696,-2.1054,|val|>=0.15,LASSO,LIN,2,0.7947839900341029,0.8972561615037536,0.6365274344943663,-0.024272174799432313
34.2696,-2.1054,|val|>=0.15,PCMCI,KRR,2,0.7956630023114639,0.8953324676247754,0.634425976138295,-0.028604350927196712
34.2696,-2.1054,|val|>=0.15,LASSO,KRR,2,0.7956630023114639,0.8953324676247754,0.634425976138295,-0.028604350927196712
34.2696,-2.6054,-,CLIMATOLOGY,-,0,0.7295685154509632,1.0300052914119509,0.7706831235725298,-0.06250190959046945
34.2696,-2.6054,-,ALL,LIN,56,0.8038876238929332,0.8771287181165469,0.6189212626222906,0.0003494207812268712
34.2696,-2.6054,-,ALL,KRR,56,0.7996281364782796,0.8866030037253766,0.6343983993002292,-0.03818178712121196
34.2696,-2.6054,fdr<=0.01,PCMCI,LIN,7,0.8045018467570857,0.8757540597993639,0.6144036735969285,0.0027880612800520706
34.2696,-2.6054,fdr<=0.01,LASSO,LIN,7,0.8053879460966098,0.8737671192727978,0.6195784252291041,-0.03135938868072895
34.2696,-2.6054,fdr<=0.01,PCMCI,KRR,7,0.8065602363876923,0.8711314759684768,0.6134593113346379,-0.006169261769037674
34.2696,-2.6054,fdr<=0.01,LASSO,KRR,7,0.8066207613905144,0.8709951819641395,0.6170161346603715,-0.036600176924884424
34.2696,-2.6054,fdr<=0.001,PCMCI,LIN,5,0.8059710422531966,0.8724571478580577,0.618118088444723,-0.02702397609054888
34.2696,-2.6054,fdr<=0.001,LASSO,LIN,5,0.7985311440055758,0.889026670518509,0.6397428234185216,-0.06642547643974803
34.2696,-2.6054,fdr<=0.001,PCMCI,KRR,5,0.8096401247282149,0.8641687064626614,0.6115345269271227,-0.0313132577329481
34.2696,-2.6054,fdr<=0.001,LASSO,KRR,5,0.7984222168932726,0.8892669707417519,0.6364725981216571,-0.0682599886463995
34.2696,-2.6054,fdr<=0.0001,PCMCI,LIN,4,0.8052670074930678,0.8740385715316054,0.6204463229393633,-0.03684236321323424
34.2696,-2.6054,fdr<=0.0001,LASSO,LIN,4,0.7990408766988306,0.8879013031340002,0.6441937025529533,-0.07990191004961517
34.2696,-2.6054,fdr<=0.0001,PCMCI,KRR,4,0.8073105931986602,0.8694402658831315,0.6171161824177591,-0.043152626398670936
34.2696,-2.6054,fdr<=0.0001,LASSO,KRR,4,0.7996311107132474,0.8865964235214611,0.6394411425661835,-0.07889646205995562
34.2696,-2.6054,|val|>=0.075,PCMCI,LIN,5,0.8059710422531966,0.8724571478580577,0.618118088444723,-0.02702397609054888
34.2696,-2.6054,|val|>=0.075,LASSO,LIN,5,0.7985311440055758,0.889026670518509,0.6397428234185216,-0.06642547643974803
34.2696,-2.6054,|val|>=0.075,PCMCI,KRR,5,0.8096401247282149,0.8641687064626614,0.6115345269271227,-0.0313132577329481
34.2696,-2.6054,|val|>=0.075,LASSO,KRR,5,0.7984222168932726,0.8892669707417519,0.6364725981216571,-0.0682599886463995
34.2696,-2.6054,|val|>=0.10,PCMCI,LIN,4,0.8052670074930678,0.8740385715316054,0.6204463229393633,-0.03684236321323424
34.2696,-2.6054,|val|>=0.10,LASSO,LIN,4,0.7990408766988306,0.8879013031340002,0.6441937025529533,-0.07990191004961517
34.2696,-2.6054,|val|>=0.10,PCMCI,KRR,4,0.8073105931986602,0.8694402658831315,0.6171161824177591,-0.043152626398670936
34.2696,-2.6054,|val|>=0.10,LASSO,KRR,4,0.7996311107132474,0.8865964235214611,0.6394411425661835,-0.07889646205995562
34.2696,-2.6054,|val|>=0.15,PCMCI,LIN,2,0.7970478183477077,0.8922934227887127,0.635043303000643,-0.033099962342952836
34.2696,-2.6054,|val|>=0.15,LASSO,LIN,2,0.7970478183477077,0.8922934227887127,0.635043303000643,-0.033099962342952836
34.2696,-2.6054,|val|>=0.15,PCMCI,KRR,2,0.7981052045693647,0.8899659511438849,0.6324059857829317,-0.03858655535550443
34.2696,-2.6054,|val|>=0.15,LASSO,KRR,2,0.7981052045693647,0.8899659511438849,0.6324059857829317,-0.03858655535550443
34.2696,-3.1054,-,CLIMATOLOGY,-,0,0.7560954182612573,0.9665843284294852,0.7130771196029363,-0.04966215263419266
34.2696,-3.1054,-,ALL,LIN,56,0.8241683069936747,0.8206885022848589,0.5818024183596723,0.005933596472485702
34.2696,-3.1054,-,ALL,KRR,56,0.8154837283340849,0.8407117272760241,0.6004853063060323,-0.03498975155311595
34.2696,-3.1054,fdr<=0.01,PCMCI,LIN,5,0.8222643238877319,0.825119926726386,0.5764050728805602,0.04131389503631996
34.2696,-3.1054,fdr<=0.01,LASSO,LIN,5,0.8208503236436869,0.8283956012808832,0.5914565515471626,-0.02088748923248421
34.2696,-3.1054,fdr<=0.01,PCMCI,KRR,5,0.8210311705307106,0.8279773739196329,0.5753764487669776,0.0414486086764525
34.2696,-3.1054,fdr<=0.01,LASSO,KRR,5,0.8236550832446066,0.8218853568434953,0.5853101951561372,-0.028169784343973728
34.2696,-3.1054,fdr<=0.001,PCMCI,LIN,5,0.8222643238877319,0.825119926726386,0.5764050728805602,0.04131389503631996
34.2696,-3.1054,fdr<=0.001,LASSO,LIN,5,0.8208503236436869,0.8283956012808832,0.5914565515471626,-0.02088748923248421
34.2696,-3.1054,fdr<=0.001,PCMCI,KRR,5,0.8210311705307106,0.8279773739196329,0.5753764487669776,0.0414486086764525
34.2696,-3.1054,fdr<=0.001,LASSO,KRR,5,0.8236550832446066,0.8218853568434953,0.5853101951561372,-0.028169784343973728
34.2696,-3.1054,fdr<=0.0001,PCMCI,LIN,5,0.8222643238877319,0.825119926726386,0.5764050728805602,0.04131389503631996
34.2696,-3.1054,fdr<=0.0001,LASSO,LIN,5,0.8208503236436869,0.8283956012808832,0.5914565515471626,-0.02088748923248421
34.2696,-3.1054,fdr<=0.0001,PCMCI,KRR,5,0.8210311705307106,0.8279773739196329,0.5753764487669776,0.0414486086764525
34.2696,-3.1054,fdr<=0.0001,LASSO,KRR,5,0.8236550832446066,0.8218853568434953,0.5853101951561372,-0.028169784343973728
34.2696,-3.1054,|val|>=0.075,PCMCI,LIN,5,0.8222643238877319,0.825119926726386,0.5764050728805602,0.04131389503631996
34.2696,-3.1054,|val|>=0.075,LASSO,LIN,5,0.8208503236436869,0.8283956012808832,0.5914565515471626,-0.02088748923248421
34.2696,-3.1054,|val|>=0.075,PCMCI,KRR,5,0.8210311705307106,0.8279773739196329,0.5753764487669776,0.0414486086764525
34.2696,-3.1054,|val|>=0.075,LASSO,KRR,5,0.8236550832446066,0.8218853568434953,0.5853101951561372,-0.028169784343973728
34.2696,-3.1054,|val|>=0.10,PCMCI,LIN,5,0.8222643238877319,0.825119926726386,0.5764050728805602,0.04131389503631996
34.2696,-3.1054,|val|>=0.10,LASSO,LIN,5,0.8208503236436869,0.8283956012808832,0.5914565515471626,-0.02088748923248421
34.2696,-3.1054,|val|>=0.10,PCMCI,KRR,5,0.8210311705307106,0.8279773739196329,0.5753764487669776,0.0414486086764525
34.2696,-3.1054,|val|>=0.10,LASSO,KRR,5,0.8236550832446066,0.8218853568434953,0.5853101951561372,-0.028169784343973728
34.2696,-3.1054,|val|>=0.15,PCMCI,LIN,3,0.8213088349366153,0.8273348344167619,0.5910446431742249,-0.0199840297174895
34.2696,-3.1054,|val|>=0.15,LASSO,LIN,3,0.8181887830921293,0.8345264519083612,0.5965961637547386,-0.027087503676676186
34.2696,-3.1054,|val|>=0.15,PCMCI,KRR,3,0.8220055981939096,0.8257202622845634,0.589399728905778,-0.018501794869828073
34.2696,-3.1054,|val|>=0.15,LASSO,KRR,3,0.8201438348903226,0.8300274108580854,0.5907954193278847,-0.029134271638817155
34.2696,-3.6054,-,CLIMATOLOGY,-,0,0.7560954182612573,0.9665843284294852,0.7130771196029363,-0.04966215263419266
34.2696,-3.6054,-,ALL,LIN,56,0.8224506225663495,0.8246873769488084,0.5847895100968882,0.013605111061125838
34.2696,-3.6054,-,ALL,KRR,56,0.8177429566399639,0.8355490130318798,0.5969268799715057,-0.029388241198587645
34.2696,-3.6054,fdr<=0.01,PCMCI,LIN,6,0.8189058702300949,0.8328790853944389,0.5883459717631234,0.03379917206041101
34.2696,-3.6054,fdr<=0.01,LASSO,LIN,6,0.8205657337426913,0.8290533179854835,0.5932815497148639,-0.020714385035530185
34.2696,-3.6054,fdr<=0.01,PCMCI,KRR,6,0.819359266812638,0.8318358125178769,0.5861679122893327,0.02205168968038264
34.2696,-3.6054,fdr<=0.01,LASSO,KRR,6,0.8207433362699901,0.8286429214085957,0.5947745482572667,-0.036473187975282755
34.2696,-3.6054,fdr<=0.001,PCMCI,LIN,6,0.8189058702300949,0.8328790853944389,0.5883459717631234,0.03379917206041101
34.2696,-3.6054,fdr<=0.001,LASSO,LIN,6,0.8205657337426913,0.8290533179854835,0.5932815497148639,-0.020714385035530185
34.2696,-3.6054,fdr<=0.001,PCMCI,KRR,6,0.819359266812638,0.8318358125178769,0.5861679122893327,0.02205168968038264
34.2696,-3.6054,fdr<=0.001,LASSO,KRR,6,0.8207433362699901,0.8286429214085957,0.5947745482572667,-0.036473187975282755
34.2696,-3.6054,fdr<=0.0001,PCMCI,LIN,4,0.817468070445224,0.8361788771694127,0.5926095627602428,0.023140699322323686
34.2696,-3.6054,fdr<=0.0001,LASSO,LIN,4,0.8192884558935083,0.8319988357908171,0.5904960500412715,-0.010055522947395226
34.2696,-3.6054,fdr<=0.0001,PCMCI,KRR,4,0.816677497941496,0.8379877272403817,0.5916474793879627,0.018438563951095537
34.2696,-3.6054,fdr<=0.0001,LASSO,KRR,4,0.8191357575170883,0.8323502744486133,0.5897251592908099,-0.014346264651949478
34.2696,-3.6054,|val|>=0.075,PCMCI,LIN,6,0.8189058702300949,0.8328790853944389,0.5883459717631234,0.03379917206041101
34.2696,-3.6054,|val|>=0.075,LASSO,LIN,6,0.8205657337426913,0.8290533179854835,0.5932815497148639,-0.020714385035530185
34.2696,-3.6054,|val|>=0.075,PCMCI,KRR,6,0.819359266812638,0.8318358125178769,0.5861679122893327,0.02205168968038264
34.2696,-3.6054,|val|>=0.075,LASSO,KRR,6,0.8207433362699901,0.8286429214085957,0.5947745482572667,-0.036473187975282755
34.2696,-3.6054,|val|>=0.10,PCMCI,LIN,4,0.817468070445224,0.8361788771694127,0.5926095627602428,0.023140699322323686
34.2696,-3.6054,|val|>=0.10,LASSO,LIN,4,0.8192884558935083,0.8319988357908171,0.5904960500412715,-0.010055522947395226
34.2696,-3.6054,|val|>=0.10,PCMCI,KRR,4,0.816677497941496,0.8379877272403817,0.5916474793879627,0.018438563951095537
34.2696,-3.6054,|val|>=0.10,LASSO,KRR,4,0.8191357575170883,0.8323502744486133,0.5897251592908099,-0.014346264651949478
34.2696,-3.6054,|val|>=0.15,PCMCI,LIN,2,0.8176907685301422,0.8356686314612781,0.5960472881533908,-0.015569907509918554
34.2696,-3.6054,|val|>=0.15,LASSO,LIN,2,0.8176907685301422,0.8356686314612781,0.5960472881533908,-0.015569907509918554
34.2696,-3.6054,|val|>=0.15,PCMCI,KRR,2,0.8176037133176158,0.8358681293887725,0.5958522516081701,-0.016228506676831383
34.2696,-3.6054,|val|>=0.15,LASSO,KRR,2,0.8176037133176158,0.8358681293887725,0.5958522516081701,-0.016228506676831383
34.2696,-4.1054,-,CLIMATOLOGY,-,0,0.7200301157096868,1.0575331662650946,0.798976719696344,-0.06447292982266582
34.2696,-4.1054,-,ALL,LIN,56,0.814652691105725,0.8604615728704738,0.6198251611618605,-0.04343944433682387
34.2696,-4.1054,-,ALL,KRR,56,0.8067261229362689,0.8786682160264485,0.6438004603829783,-0.07099832719079101
34.2696,-4.1054,fdr<=0.01,PCMCI,LIN,6,0.8178156175455072,0.8530881514627642,0.6167815985494962,-0.05589762290323763
34.2696,-4.1054,fdr<=0.01,LASSO,LIN,6,0.817773115333353,0.8531876551048223,0.6134244913952185,-0.03526824616598878
34.2696,-4.1054,fdr<=0.01,PCMCI,KRR,6,0.8158043383205642,0.857784187685651,0.6229502445003554,-0.07254456138665784
34.2696,-4.1054,fdr<=0.01,LASSO,KRR,6,0.8143855703111964,0.8610813941848525,0.6183512460909973,-0.051723878075015536
34.2696,-4.1054,fdr<=0.001,PCMCI,LIN,3,0.8151947950451955,0.8592023121176444,0.6211722412565309,-0.03161770383048756
34.2696,-4.1054,fdr<=0.001,LASSO,LIN,3,0.8130999752793497,0.8640582418250337,0.6210020832750344,-0.03297519610982763
34.2696,-4.1054,fdr<=0.001,PCMCI,KRR,3,0.817634549240994,0.8535119772098717,0.6131931725866724,-0.04125927968831264
34.2696,-4.1054,fdr<=0.001,LASSO,KRR,3,0.8106906760346417,0.8696096290172879,0.6248805928410001,-0.043090009726076656
34.2696,-4.1054,fdr<=0.0001,PCMCI,LIN,3,0.8151947950451955,0.8592023121176444,0.6211722412565309,-0.03161770383048756
34.2696,-4.1054,fdr<=0.0001,LASSO,LIN,3,0.8130999752793497,0.8640582418250337,0.6210020832750344,-0.03297519610982763
34.2696,-4.1054,fdr<=0.0001,PCMCI,KRR,3,0.817634549240994,0.8535119772098717,0.6131931725866724,-0.04125927968831264
34.2696,-4.1054,fdr<=0.0001,LASSO,KRR,3,0.8106906760346417,0.8696096290172879,0.6248805928410001,-0.043090009726076656
34.2696,-4.1054,|val|>=0.075,PCMCI,LIN,3,0.8151947950451955,0.8592023121176444,0.6211722412565309,-0.03161770383048756
34.2696,-4.1054,|val|>=0.075,LASSO,LIN,3,0.8130999752793497,0.8640582418250337,0.6210020832750344,-0.03297519610982763
34.2696,-4.1054,|val|>=0.075,PCMCI,KRR,3,0.817634549240994,0.8535119772098717,0.6131931725866724,-0.04125927968831264
34.2696,-4.1054,|val|>=0.075,LASSO,KRR,3,0.8106906760346417,0.8696096290172879,0.6248805928410001,-0.043090009726076656
34.2696,-4.1054,|val|>=0.10,PCMCI,LIN,3,0.8151947950451955,0.8592023121176444,0.6211722412565309,-0.03161770383048756
34.2696,-4.1054,|val|>=0.10,LASSO,LIN,3,0.8130999752793497,0.8640582418250337,0.6210020832750344,-0.03297519610982763
34.2696,-4.1054,|val|>=0.10,PCMCI,KRR,3,0.817634549240994,0.8535119772098717,0.6131931725866724,-0.04125927968831264
34.2696,-4.1054,|val|>=0.10,LASSO,KRR,3,0.8106906760346417,0.8696096290172879,0.6248805928410001,-0.043090009726076656
34.2696,-4.1054,|val|>=0.15,PCMCI,LIN,3,0.8151947950451955,0.8592023121176444,0.6211722412565309,-0.03161770383048756
34.2696,-4.1054,|val|>=0.15,LASSO,LIN,3,0.8130999752793497,0.8640582418250337,0.6210020832750344,-0.03297519610982763
34.2696,-4.1054,|val|>=0.15,PCMCI,KRR,3,0.817634549240994,0.8535119772098717,0.6131931725866724,-0.04125927968831264
34.2696,-4.1054,|val|>=0.15,LASSO,KRR,3,0.8106906760346417,0.8696096290172879,0.6248805928410001,-0.043090009726076656
34.2696,-4.6054,-,CLIMATOLOGY,-,0,0.7200301157096868,1.0575331662650946,0.798976719696344,-0.06447292982266582
34.2696,-4.6054,-,ALL,LIN,56,0.814652691105725,0.8604615728704738,0.6198251611618605,-0.04343944433682387
34.2696,-4.6054,-,ALL,KRR,56,0.8067261229362689,0.8786682160264485,0.6438004603829783,-0.07099832719079101
34.2696,-4.6054,fdr<=0.01,PCMCI,LIN,6,0.8178156175455072,0.8530881514627642,0.6167815985494962,-0.05589762290323763
34.2696,-4.6054,fdr<=0.01,LASSO,LIN,6,0.817773115333353,0.8531876551048223,0.6134244913952185,-0.03526824616598878
34.2696,-4.6054,fdr<=0.01,PCMCI,KRR,6,0.8158043383205642,0.857784187685651,0.6229502445003554,-0.07254456138665784
34.2696,-4.6054,fdr<=0.01,LASSO,KRR,6,0.8143855703111964,0.8610813941848525,0.6183512460909973,-0.051723878075015536
34.2696,-4.6054,fdr<=0.001,PCMCI,LIN,3,0.8151947950451955,0.8592023121176444,0.6211722412565309,-0.03161770383048756
34.2696,-4.6054,fdr<=0.001,LASSO,LIN,3,0.8130999752793497,0.8640582418250337,0.6210020832750344,-0.03297519610982763
34.2696,-4.6054,fdr<=0.001,PCMCI,KRR,3,0.817634549240994,0.8535119772098717,0.6131931725866724,-0.04125927968831264
34.2696,-4.6054,fdr<=0.001,LASSO,KRR,3,0.8106906760346417,0.8696096290172879,0.6248805928410001,-0.043090009726076656
34.2696,-4.6054,fdr<=0.0001,PCMCI,LIN,3,0.8151947950451955,0.8592023121176444,0.6211722412565309,-0.03161770383048756
34.2696,-4.6054,fdr<=0.0001,LASSO,LIN,3,0.8130999752793497,0.8640582418250337,0.6210020832750344,-0.03297519610982763
34.2696,-4.6054,fdr<=0.0001,PCMCI,KRR,3,0.817634549240994,0.8535119772098717,0.6131931725866724,-0.04125927968831264
34.2696,-4.6054,fdr<=0.0001,LASSO,KRR,3,0.8106906760346417,0.8696096290172879,0.6248805928410001,-0.043090009726076656
34.2696,-4.6054,|val|>=0.075,PCMCI,LIN,3,0.8151947950451955,0.8592023121176444,0.6211722412565309,-0.03161770383048756
34.2696,-4.6054,|val|>=0.075,LASSO,LIN,3,0.8130999752793497,0.8640582418250337,0.6210020832750344,-0.03297519610982763
34.2696,-4.6054,|val|>=0.075,PCMCI,KRR,3,0.817634549240994,0.8535119772098717,0.6131931725866724,-0.04125927968831264
34.2696,-4.6054,|val|>=0.075,LASSO,KRR,3,0.8106906760346417,0.8696096290172879,0.6248805928410001,-0.043090009726076656
34.2696,-4.6054,|val|>=0.10,PCMCI,LIN,3,0.8151947950451955,0.8592023121176444,0.6211722412565309,-0.03161770383048756
34.2696,-4.6054,|val|>=0.10,LASSO,LIN,3,0.8130999752793497,0.8640582418250337,0.6210020832750344,-0.03297519610982763
34.2696,-4.6054,|val|>=0.10,PCMCI,KRR,3,0.817634549240994,0.8535119772098717,0.6131931725866724,-0.04125927968831264
34.2696,-4.6054,|val|>=0.10,LASSO,KRR,3,0.8106906760346417,0.8696096290172879,0.6248805928410001,-0.043090009726076656
34.2696,-4.6054,|val|>=0.15,PCMCI,LIN,3,0.8151947950451955,0.8592023121176444,0.6211722412565309,-0.03161770383048756
34.2696,-4.6054,|val|>=0.15,LASSO,LIN,3,0.8130999752793497,0.8640582418250337,0.6210020832750344,-0.03297519610982763
34.2696,-4.6054,|val|>=0.15,PCMCI,KRR,3,0.817634549240994,0.8535119772098717,0.6131931725866724,-0.04125927968831264
34.2696,-4.6054,|val|>=0.15,LASSO,KRR,3,0.8106906760346417,0.8696096290172879,0.6248805928410001,-0.043090009726076656
34.2696,-5.1054,-,CLIMATOLOGY,-,0,0.7539333432716079,0.9782842145513927,0.7441885671326529,-0.06399503070106893
34.2696,-5.1054,-,ALL,LIN,56,0.8255634866125725,0.8236777988517477,0.6132134165465251,-0.06947908137219477
34.2696,-5.1054,-,ALL,KRR,56,0.8198478439803683,0.8370634779769722,0.630276829146741,-0.08885122152593351
34.2696,-5.1054,fdr<=0.01,PCMCI,LIN,8,0.8303991533299098,0.812180708426196,0.600956714252866,-0.07105934082863503
34.2696,-5.1054,fdr<=0.01,LASSO,LIN,8,0.829958608068188,0.8132348609243343,0.601637220625496,-0.06089845318380851
34.2696,-5.1054,fdr<=0.01,PCMCI,KRR,8,0.8282634632581262,0.8172783827979159,0.6064319185565062,-0.08430732582288143
34.2696,-5.1054,fdr<=0.01,LASSO,KRR,8,0.8260561871786946,0.8225137263697915,0.6125224744138275,-0.0718425253456324
34.2696,-5.1054,fdr<=0.001,PCMCI,LIN,3,0.8281945739078251,0.8174422854038146,0.6062604772520348,-0.06078756254283297
34.2696,-5.1054,fdr<=0.001,LASSO,LIN,3,0.8273337653154724,0.8194875704668009,0.6054399794391728,-0.06382324175720544
34.2696,-5.1054,fdr<=0.001,PCMCI,KRR,3,0.8283963130866483,0.8169622115836284,0.6071640303516084,-0.07228362439266425
34.2696,-5.1054,fdr<=0.001,LASSO,KRR,3,0.8259515959956363,0.8227609750481285,0.6107115478126252,-0.07259430429556644
34.2696,-5.1054,fdr<=0.0001,PCMCI,LIN,3,0.8281945739078251,0.8174422854038146,0.6062604772520348,-0.06078756254283297
34.2696,-5.1054,fdr<=0.0001,LASSO,LIN,3,0.8273337653154724,0.8194875704668009,0.6054399794391728,-0.06382324175720544
34.2696,-5.1054,fdr<=0.0001,PCMCI,KRR,3,0.8283963130866483,0.8169622115836284,0.6071640303516084,-0.07228362439266425
34.2696,-5.1054,fdr<=0.0001,LASSO,KRR,3,0.8259515959956363,0.8227609750481285,0.6107115478126252,-0.07259430429556644
34.2696,-5.1054,|val|>=0.075,PCMCI,LIN,3,0.8281945739078251,0.8174422854038146,0.6062604772520348,-0.06078756254283297
34.2696,-5.1054,|val|>=0.075,LASSO,LIN,3,0.8273337653154724,0.8194875704668009,0.6054399794391728,-0.06382324175720544
34.2696,-5.1054,|val|>=0.075,PCMCI,KRR,3,0.8283963130866483,0.8169622115836284,0.6071640303516084,-0.07228362439266425
34.2696,-5.1054,|val|>=0.075,LASSO,KRR,3,0.8259515959956363,0.8227609750481285,0.6107115478126252,-0.07259430429556644
34.2696,-5.1054,|val|>=0.10,PCMCI,LIN,3,0.8281945739078251,0.8174422854038146,0.6062604772520348,-0.06078756254283297
34.2696,-5.1054,|val|>=0.10,LASSO,LIN,3,0.8273337653154724,0.8194875704668009,0.6054399794391728,-0.06382324175720544
34.2696,-5.1054,|val|>=0.10,PCMCI,KRR,3,0.8283963130866483,0.8169622115836284,0.6071640303516084,-0.07228362439266425
34.2696,-5.1054,|val|>=0.10,LASSO,KRR,3,0.8259515959956363,0.8227609750481285,0.6107115478126252,-0.07259430429556644
34.2696,-5.1054,|val|>=0.15,PCMCI,LIN,2,0.8271994255759033,0.8198063019837238,0.6058286804524657,-0.06667085819481365
34.2696,-5.1054,|val|>=0.15,LASSO,LIN,2,0.8271994255759033,0.8198063019837238,0.6058286804524657,-0.06667085819481365
34.2696,-5.1054,|val|>=0.15,PCMCI,KRR,2,0.824967494615158,0.8250837165877457,0.6097487958786678,-0.07947010021820225
34.2696,-5.1054,|val|>=0.15,LASSO,KRR,2,0.824967494615158,0.8250837165877457,0.6097487958786678,-0.07947010021820225
34.2696,-5.6054,-,CLIMATOLOGY,-,0,0.7539333432716079,0.9782842145513927,0.7441885671326529,-0.06399503070106893
34.2696,-5.6054,-,ALL,LIN,56,0.8261044611180224,0.8223995839570141,0.615744695185703,-0.07850672928758942
34.2696,-5.6054,-,ALL,KRR,56,0.8220027163194387,0.832042191064625,0.6290716173100289,-0.09834580783396445
34.2696,-5.6054,fdr<=0.01,PCMCI,LIN,7,0.8316547003928427,0.8091688561963252,0.602841827891468,-0.08063817642211114
34.2696,-5.6054,fdr<=0.01,LASSO,LIN,7,0.8298823217288056,0.8134172628480247,0.6007058582077709,-0.04081804573591585
34.2696,-5.6054,fdr<=0.01,PCMCI,KRR,7,0.8297851310170226,0.8136495882454575,0.604860434456228,-0.08435489562323605
34.2696,-5.6054,fdr<=0.01,LASSO,KRR,7,0.8283062797202221,0.8171764966445642,0.6064107555015792,-0.05274124434585089
34.2696,-5.6054,fdr<=0.001,PCMCI,LIN,5,0.8305878766558584,0.8117287056467835,0.6003389428592331,-0.05283585214056936
34.2696,-5.6054,fdr<=0.001,LASSO,LIN,5,0.8289263509570266,0.8156995469887582,0.6010019006708349,-0.05345745821938432
34.2696,-5.6054,fdr<=0.001,PCMCI,KRR,5,0.8298374286729518,0.8135245837865683,0.6021720531633923,-0.05500768953929078
34.2696,-5.6054,fdr<=0.001,LASSO,KRR,5,0.8262280664166718,0.8221072503611089,0.6107704364733041,-0.0625261613132262
34.2696,-5.6054,fdr<=0.0001,PCMCI,LIN,5,0.8305878766558584,0.8117287056467835,0.6003389428592331,-0.05283585214056936
34.2696,-5.6054,fdr<=0.0001,LASSO,LIN,5,0.8289263509570266,0.8156995469887582,0.6010019006708349,-0.05345745821938432
34.2696,-5.6054,fdr<=0.0001,PCMCI,KRR,5,0.8298374286729518,0.8135245837865683,0.6021720531633923,-0.05500768953929078
34.2696,-5.6054,fdr<=0.0001,LASSO,KRR,5,0.8262280664166718,0.8221072503611089,0.6107704364733041,-0.0625261613132262
34.2696,-5.6054,|val|>=0.075,PCMCI,LIN,5,0.8305878766558584,0.8117287056467835,0.6003389428592331,-0.05283585214056936
34.2696,-5.6054,|val|>=0.075,LASSO,LIN,5,0.8289263509570266,0.8156995469887582,0.6010019006708349,-0.05345745821938432
34.2696,-5.6054,|val|>=0.075,PCMCI,KRR,5,0.8298374286729518,0.8135245837865683,0.6021720531633923,-0.05500768953929078
34.2696,-5.6054,|val|>=0.075,LASSO,KRR,5,0.8262280664166718,0.8221072503611089,0.6107704364733041,-0.0625261613132262
34.2696,-5.6054,|val|>=0.10,PCMCI,LIN,4,0.8302405939993519,0.8125602724061893,0.6007359736025945,-0.048529967856224744
34.2696,-5.6054,|val|>=0.10,LASSO,LIN,4,0.8286509924357629,0.816355754161861,0.6018245979662299,-0.05943536215115449
34.2696,-5.6054,|val|>=0.10,PCMCI,KRR,4,0.830719770235854,0.8114126637695418,0.5999227874807797,-0.05301617188154376
34.2696,-5.6054,|val|>=0.10,LASSO,KRR,4,0.8276361257159508,0.8187697429213382,0.6077002891866804,-0.06562807500551716
34.2696,-5.6054,|val|>=0.15,PCMCI,LIN,3,0.826979327203982,0.8203282348909071,0.6105724410970305,-0.06566728445103306
34.2696,-5.6054,|val|>=0.15,LASSO,LIN,3,0.828671492387041,0.8163069188811694,0.6016241616785633,-0.05966343555323456
34.2696,-5.6054,|val|>=0.15,PCMCI,KRR,3,0.8277076131817753,0.8185999340083849,0.6084419857077612,-0.0755836407407019
34.2696,-5.6054,|val|>=0.15,LASSO,KRR,3,0.8280962980835025,0.8176760478969516,0.6063376975861153,-0.06660519896182275
34.2696,-6.1054,-,CLIMATOLOGY,-,0,0.7851800687961868,0.8549392986039106,0.6499172680538998,-0.005355631908283514
34.2696,-6.1054,-,ALL,LIN,56,0.837361549331129,0.7438915203640173,0.5662636394123303,-0.047248239479569853
34.2696,-6.1054,-,ALL,KRR,56,0.8375060430672675,0.7435609972030234,0.5708577244085877,-0.05606452180974786
34.2696,-6.1054,fdr<=0.01,PCMCI,LIN,6,0.8393852772970871,0.7392488712800988,0.5662934965331012,-0.05747190902658744
34.2696,-6.1054,fdr<=0.01,LASSO,LIN,6,0.8393845777316689,0.7392504811959708,0.5659126243046061,-0.056852976228478035
34.2696,-6.1054,fdr<=0.01,PCMCI,KRR,6,0.8395023941465363,0.7389792998302835,0.5662398483693167,-0.05658983293919429
34.2696,-6.1054,fdr<=0.01,LASSO,KRR,6,0.838227116338659,0.7419093724159086,0.5697215673138452,-0.06140471132481891
34.2696,-6.1054,fdr<=0.001,PCMCI,LIN,6,0.8393852772970871,0.7392488712800988,0.5662934965331012,-0.05747190902658744
34.2696,-6.1054,fdr<=0.001,LASSO,LIN,6,0.8393845777316689,0.7392504811959708,0.5659126243046061,-0.056852976228478035
34.2696,-6.1054,fdr<=0.001,PCMCI,KRR,6,0.8395023941465363,0.7389792998302835,0.5662398483693167,-0.05658983293919429
34.2696,-6.1054,fdr<=0.001,LASSO,KRR,6,0.838227116338659,0.7419093724159086,0.5697215673138452,-0.06140471132481891
34.2696,-6.1054,fdr<=0.0001,PCMCI,LIN,4,0.8388685577725459,0.7404370487650467,0.561437692109912,-0.027943470403440113
34.2696,-6.1054,fdr<=0.0001,LASSO,LIN,4,0.8370208525742108,0.7446702686807078,0.5719656385789132,-0.06422412406043218
34.2696,-6.1054,fdr<=0.0001,PCMCI,KRR,4,0.8392994450745122,0.7394463715396618,0.5625872741757981,-0.03478473026252152
34.2696,-6.1054,fdr<=0.0001,LASSO,KRR,4,0.8385460132432857,0.7411777624308319,0.5693799616809576,-0.06758222820629671
34.2696,-6.1054,|val|>=0.075,PCMCI,LIN,6,0.8393852772970871,0.7392488712800988,0.5662934965331012,-0.05747190902658744
34.2696,-6.1054,|val|>=0.075,LASSO,LIN,6,0.8393845777316689,0.7392504811959708,0.5659126243046061,-0.056852976228478035
34.2696,-6.1054,|val|>=0.075,PCMCI,KRR,6,0.8395023941465363,0.7389792998302835,0.5662398483693167,-0.05658983293919429
34.2696,-6.1054,|val|>=0.075,LASSO,KRR,6,0.838227116338659,0.7419093724159086,0.5697215673138452,-0.06140471132481891
34.2696,-6.1054,|val|>=0.10,PCMCI,LIN,4,0.8388685577725459,0.7404370487650467,0.561437692109912,-0.027943470403440113
34.2696,-6.1054,|val|>=0.10,LASSO,LIN,4,0.8370208525742108,0.7446702686807078,0.5719656385789132,-0.06422412406043218
34.2696,-6.1054,|val|>=0.10,PCMCI,KRR,4,0.8392994450745122,0.7394463715396618,0.5625872741757981,-0.03478473026252152
34.2696,-6.1054,|val|>=0.10,LASSO,KRR,4,0.8385460132432857,0.7411777624308319,0.5693799616809576,-0.06758222820629671
34.2696,-6.1054,|val|>=0.15,PCMCI,LIN,2,0.8345574274687192,0.7502769965569489,0.57454499979958,-0.042257492312467185
34.2696,-6.1054,|val|>=0.15,LASSO,LIN,2,0.8345574274687192,0.7502769965569489,0.57454499979958,-0.042257492312467185
34.2696,-6.1054,|val|>=0.15,PCMCI,KRR,2,0.836783754164504,0.7452117366291596,0.5692262444700341,-0.045775231175170704
34.2696,-6.1054,|val|>=0.15,LASSO,KRR,2,0.836783754164504,0.7452117366291596,0.5692262444700341,-0.045775231175170704
34.2696,-6.6054,-,CLIMATOLOGY,-,0,0.7851800687961868,0.8549392986039106,0.6499172680538998,-0.005355631908283514
34.2696,-6.6054,-,ALL,LIN,56,0.841253979219051,0.7349358249647733,0.5537209045498108,-0.012546359145419368
34.2696,-6.6054,-,ALL,KRR,56,0.83905357320828,0.7400118318475369,0.5629778139377917,-0.031709183730546674
34.2696,-6.6054,fdr<=0.01,PCMCI,LIN,6,0.8422292508308571,0.7326747720196664,0.5571460675419709,-0.03903767390275184
34.2696,-6.6054,fdr<=0.01,LASSO,LIN,6,0.8426094167773539,0.7317915094564778,0.5510293280992855,-0.011360591616448775
34.2696,-6.6054,fdr<=0.01,PCMCI,KRR,6,0.8404895934314899,0.7367031129347305,0.5575571946490088,-0.03819691034595179
34.2696,-6.6054,fdr<=0.01,LASSO,KRR,6,0.8432137887325786,0.7303851366887464,0.5477440710639463,-0.012939521491560352
34.2696,-6.6054,fdr<=0.001,PCMCI,LIN,4,0.8403825359964332,0.7369502952917637,0.5620413333330442,-0.03841470027674069
34.2696,-6.6054,fdr<=0.001,LASSO,LIN,4,0.8410115679987535,0.7354967484076433,0.5597589270858583,-0.0424254826659031
34.2696,-6.6054,fdr<=0.001,PCMCI,KRR,4,0.8406748745692655,0.7362751256503565,0.5615803822334405,-0.044866004258269844
34.2696,-6.6054,fdr<=0.001,LASSO,KRR,4,0.8410889071947932,0.7353178371316335,0.5566989014445275,-0.04497140796729322
34.2696,-6.6054,fdr<=0.0001,PCMCI,LIN,4,0.8403825359964332,0.7369502952917637,0.5620413333330442,-0.03841470027674069
34.2696,-6.6054,fdr<=0.0001,LASSO,LIN,4,0.8410115679987535,0.7354967484076433,0.5597589270858583,-0.0424254826659031
34.2696,-6.6054,fdr<=0.0001,PCMCI,KRR,4,0.8406748745692655,0.7362751256503565,0.5615803822334405,-0.044866004258269844
34.2696,-6.6054,fdr<=0.0001,LASSO,KRR,4,0.8410889071947932,0.7353178371316335,0.5566989014445275,-0.04497140796729322
34.2696,-6.6054,|val|>=0.075,PCMCI,LIN,4,0.8403825359964332,0.7369502952917637,0.5620413333330442,-0.03841470027674069
34.2696,-6.6054,|val|>=0.075,LASSO,LIN,4,0.8410115679987535,0.7354967484076433,0.5597589270858583,-0.0424254826659031
34.2696,-6.6054,|val|>=0.075,PCMCI,KRR,4,0.8406748745692655,0.7362751256503565,0.5615803822334405,-0.044866004258269844
34.2696,-6.6054,|val|>=0.075,LASSO,KRR,4,0.8410889071947932,0.7353178371316335,0.5566989014445275,-0.04497140796729322
34.2696,-6.6054,|val|>=0.10,PCMCI,LIN,4,0.8403825359964332,0.7369502952917637,0.5620413333330442,-0.03841470027674069
34.2696,-6.6054,|val|>=0.10,LASSO,LIN,4,0.8410115679987535,0.7354967484076433,0.5597589270858583,-0.0424254826659031
34.2696,-6.6054,|val|>=0.10,PCMCI,KRR,4,0.8406748745692655,0.7362751256503565,0.5615803822334405,-0.044866004258269844
34.2696,-6.6054,|val|>=0.10,LASSO,KRR,4,0.8410889071947932,0.7353178371316335,0.5566989014445275,-0.04497140796729322
34.2696,-6.6054,|val|>=0.15,PCMCI,LIN,2,0.8351145016730277,0.7490127742222237,0.5738721075498558,-0.04413529079088947
34.2696,-6.6054,|val|>=0.15,LASSO,LIN,2,0.8351145016730277,0.7490127742222237,0.5738721075498558,-0.04413529079088947
34.2696,-6.6054,|val|>=0.15,PCMCI,KRR,2,0.837294820201902,0.7440441107957323,0.5686109727025012,-0.04731113474497421
34.2696,-6.6054,|val|>=0.15,LASSO,KRR,2,0.837294820201902,0.7440441107957323,0.5686109727025012,-0.04731113474497421
34.7696,-2.1054,-,CLIMATOLOGY,-,0,0.7295685154509632,1.0300052914119509,0.7706831235725298,-0.06250190959046945
34.7696,-2.1054,-,ALL,LIN,56,0.800471416098204,0.8847353698922044,0.62123452457889,0.009866738928352993
34.7696,-2.1054,-,ALL,KRR,56,0.7955645158422862,0.8955482080731433,0.6394093895807202,-0.03728335368277793
34.7696,-2.1054,fdr<=0.01,PCMCI,LIN,8,0.804386816643952,0.8760116665153846,0.6149887505124473,0.0102275744941688
34.7696,-2.1054,fdr<=0.01,LASSO,LIN,8,0.8021237305336468,0.8810644671018708,0.619855387233452,-0.005226376853058907
34.7696,-2.1054,fdr<=0.01,PCMCI,KRR,8,0.8006837705516578,0.8842644410972559,0.6227754650163091,0.005440561319175889
34.7696,-2.1054,fdr<=0.01,LASSO,KRR,8,0.8011959004445304,0.8831276808685165,0.6241901028996796,-0.01913899203698005
34.7696,-2.1054,fdr<=0.001,PCMCI,LIN,4,0.8012210680459962,0.8830717793326796,0.6236130756931944,-0.006863319817307659
34.7696,-2.1054,fdr<=0.001,LASSO,LIN,4,0.8013696863832132,0.8827416004799687,0.6296511599227843,-0.05308671607766897
34.7696,-2.1054,fdr<=0.001,PCMCI,KRR,4,0.7999948293704822,0.8857913630750143,0.6237040795612332,-0.009006059862736041
34.7696,-2.1054,fdr<=0.001,LASSO,KRR,4,0.8052801978611583,0.8740089692398437,0.6269477258754863,-0.060605972400647024
34.7696,-2.1054,fdr<=0.0001,PCMCI,LIN,4,0.8012210680459962,0.8830717793326796,0.6236130756931944,-0.006863319817307659
34.7696,-2.1054,fdr<=0.0001,LASSO,LIN,4,0.8013696863832132,0.8827416004799687,0.6296511599227843,-0.05308671607766897
34.7696,-2.1054,fdr<=0.0001,PCMCI,KRR,4,0.7999948293704822,0.8857913630750143,0.6237040795612332,-0.009006059862736041
34.7696,-2.1054,fdr<=0.0001,LASSO,KRR,4,0.8052801978611583,0.8740089692398437,0.6269477258754863,-0.060605972400647024
34.7696,-2.1054,|val|>=0.075,PCMCI,LIN,4,0.8012210680459962,0.8830717793326796,0.6236130756931944,-0.006863319817307659
34.7696,-2.1054,|val|>=0.075,LASSO,LIN,4,0.8013696863832132,0.8827416004799687,0.6296511599227843,-0.05308671607766897
34.7696,-2.1054,|val|>=0.075,PCMCI,KRR,4,0.7999948293704822,0.8857913630750143,0.6237040795612332,-0.009006059862736041
34.7696,-2.1054,|val|>=0.075,LASSO,KRR,4,0.8052801978611583,0.8740089692398437,0.6269477258754863,-0.060605972400647024
34.7696,-2.1054,|val|>=0.10,PCMCI,LIN,3,0.8023206033425089,0.8806260598010037,0.6278489537666653,-0.03349877198897911
34.7696,-2.1054,|val|>=0.10,LASSO,LIN,3,0.8018549715142276,0.8816626026766176,0.6310611825053775,-0.055060560918682874
34.7696,-2.1054,|val|>=0.10,PCMCI,KRR,3,0.8037080248812469,0.8775302618738623,0.623176000515379,-0.0368451724941401
34.7696,-2.1054,|val|>=0.10,LASSO,KRR,3,0.8042816877195457,0.8762470335607137,0.6275280109406165,-0.05850924555983487
34.7696,-2.1054,|val|>=0.15,PCMCI,LIN,3,0.8023206033425089,0.8806260598010037,0.6278489537666653,-0.03349877198897911
34.7696,-2.1054,|val|>=0.15,LASSO,LIN,3,0.8018549715142276,0.8816626026766176,0.6310611825053775,-0.055060560918682874
34.7696,-2.1054,|val|>=0.15,PCMCI,KRR,3,0.8037080248812469,0.8775302618738623,0.623176000515379,-0.0368451724941401
34.7696,-2.1054,|val|>=0.15,LASSO,KRR,3,0.8042816877195457,0.8762470335607137,0.6275280109406165,-0.05850924555983487
34.7696,-2.6054,-,CLIMATOLOGY,-,0,0.7295685154509632,1.0300052914119509,0.7706831235725298,-0.06250190959046945
34.7696,-2.6054,-,ALL,LIN,56,0.8035997688467698,0.8777722097473634,0.6144763595966745,0.027602245411693378
34.7696,-2.6054,-,ALL,KRR,56,0.7956661844879405,0.8953254960116024,0.6365599840823619,-0.02388012958123779
34.7696,-2.6054,fdr<=0.01,PCMCI,LIN,7,0.8041131474012435,0.8766242368282264,0.6154835072175939,0.01608848680268327
34.7696,-2.6054,fdr<=0.01,LASSO,LIN,7,0.8008892686110625,0.883808478507193,0.6192701648576221,0.014058222156411827
34.7696,-2.6054,fdr<=0.01,PCMCI,KRR,7,0.8052467826897142,0.8740839588053354,0.6138935499109184,0.012379577009792794
34.7696,-2.6054,fdr<=0.01,LASSO,KRR,7,0.7998710361271024,0.8860654510472216,0.6214643554272041,0.004586332927444049
34.7696,-2.6054,fdr<=0.001,PCMCI,LIN,4,0.8016032589958495,0.882222432716318,0.6202338738505093,0.010222647773075319
34.7696,-2.6054,fdr<=0.001,LASSO,LIN,4,0.7954118915296791,0.8958824380361462,0.6332006951367253,-0.01389052626339603
34.7696,-2.6054,fdr<=0.001,PCMCI,KRR,4,0.8009102850678594,0.8837618335756409,0.617153555593712,0.012963157428566087
34.7696,-2.6054,fdr<=0.001,LASSO,KRR,4,0.7944490757200976,0.8979880279540233,0.6331410992392634,-0.014919536796724355
34.7696,-2.6054,fdr<=0.0001,PCMCI,LIN,4,0.8016032589958495,0.882222432716318,0.6202338738505093,0.010222647773075319
34.7696,-2.6054,fdr<=0.0001,LASSO,LIN,4,0.7954118915296791,0.8958824380361462,0.6332006951367253,-0.01389052626339603
34.7696,-2.6054,fdr<=0.0001,PCMCI,KRR,4,0.8009102850678594,0.8837618335756409,0.617153555593712,0.012963157428566087
34.7696,-2.6054,fdr<=0.0001,LASSO,KRR,4,0.7944490757200976,0.8979880279540233,0.6331410992392634,-0.014919536796724355
34.7696,-2.6054,|val|>=0.075,PCMCI,LIN,4,0.8016032589958495,0.882222432716318,0.6202338738505093,0.010222647773075319
34.7696,-2.6054,|val|>=0.075,LASSO,LIN,4,0.7954118915296791,0.8958824380361462,0.6332006951367253,-0.01389052626339603
34.7696,-2.6054,|val|>=0.075,PCMCI,KRR,4,0.8009102850678594,0.8837618335756409,0.617153555593712,0.012963157428566087
34.7696,-2.6054,|val|>=0.075,LASSO,KRR,4,0.7944490757200976,0.8979880279540233,0.6331410992392634,-0.014919536796724355
34.7696,-2.6054,|val|>=0.10,PCMCI,LIN,4,0.8016032589958495,0.882222432716318,0.6202338738505093,0.010222647773075319
34.7696,-2.6054,|val|>=0.10,LASSO,LIN,4,0.7954118915296791,0.8958824380361462,0.6332006951367253,-0.01389052626339603
34.7696,-2.6054,|val|>=0.10,PCMCI,KRR,4,0.8009102850678594,0.8837618335756409,0.617153555593712,0.012963157428566087
34.7696,-2.6054,|val|>=0.10,LASSO,KRR,4,0.7944490757200976,0.8979880279540233,0.6331410992392634,-0.014919536796724355
34.7696,-2.6054,|val|>=0.15,PCMCI,LIN,3,0.8016236510067662,0.882177092375317,0.6294870294010172,-0.03506331270979632
34.7696,-2.6054,|val|>=0.15,LASSO,LIN,3,0.7953924999596649,0.8959248944514117,0.6385867724919289,-0.03235227902688483
34.7696,-2.6054,|val|>=0.15,PCMCI,KRR,3,0.8029381810440603,0.8792493850906347,0.6242479581713556,-0.03706717472736387
34.7696,-2.6054,|val|>=0.15,LASSO,KRR,3,0.7948659638678599,0.8970769384646589,0.6358764542512266,-0.03134287798828394
34.7696,-3.1054,-,CLIMATOLOGY,-,0,0.7560954182612573,0.9665843284294852,0.7130771196029363,-0.04966215263419266
34.7696,-3.1054,-,ALL,LIN,56,0.8260618172955705,0.8162575932488273,0.5816761469984095,0.008531218658747838
34.7696,-3.1054,-,ALL,KRR,56,0.8153347005600676,0.8410511664711322,0.6000612714066447,-0.02810706765215351
34.7696,-3.1054,fdr<=0.01,PCMCI,LIN,6,0.8223886011224292,0.8248314040263649,0.5820761516241136,0.02803743218429585
34.7696,-3.1054,fdr<=0.01,LASSO,LIN,6,0.8211063300155654,0.8278034975859893,0.5811210106363606,0.02920155862268365
34.7696,-3.1054,fdr<=0.01,PCMCI,KRR,6,0.8205384120219978,0.8291164338592852,0.5829079988181407,0.029341689596691055
34.7696,-3.1054,fdr<=0.01,LASSO,KRR,6,0.8195230486251224,0.8314586260721526,0.5825296495471828,0.02976053728809941
34.7696,-3.1054,fdr<=0.001,PCMCI,LIN,4,0.8213238068861017,0.8273001738480136,0.5814616532305091,0.029408193773838583
34.7696,-3.1054,fdr<=0.001,LASSO,LIN,4,0.8213238068861017,0.8273001738480136,0.5814616532305091,0.029408193773838583
34.7696,-3.1054,fdr<=0.001,PCMCI,KRR,4,0.8198701309217834,0.8306587359810218,0.5807701539946749,0.036253618301940314
34.7696,-3.1054,fdr<=0.001,LASSO,KRR,4,0.8198701309217834,0.8306587359810218,0.5807701539946749,0.036253618301940314
34.7696,-3.1054,fdr<=0.0001,PCMCI,LIN,4,0.8213238068861017,0.8273001738480136,0.5814616532305091,0.029408193773838583
34.7696,-3.1054,fdr<=0.0001,LASSO,LIN,4,0.8213238068861017,0.8273001738480136,0.5814616532305091,0.029408193773838583
34.7696,-3.1054,fdr<=0.0001,PCMCI,KRR,4,0.8198701309217834,0.8306587359810218,0.5807701539946749,0.036253618301940314
34.7696,-3.1054,fdr<=0.0001,LASSO,KRR,4,0.8198701309217834,0.8306587359810218,0.5807701539946749,0.036253618301940314
34.7696,-3.1054,|val|>=0.075,PCMCI,LIN,4,0.8213238068861017,0.8273001738480136,0.5814616532305091,0.029408193773838583
34.7696,-3.1054,|val|>=0.075,LASSO,LIN,4,0.8213238068861017,0.8273001738480136,0.5814616532305091,0.029408193773838583
34.7696,-3.1054,|val|>=0.075,PCMCI,KRR,4,0.8198701309217834,0.8306587359810218,0.5807701539946749,0.036253618301940314
34.7696,-3.1054,|val|>=0.075,LASSO,KRR,4,0.8198701309217834,0.8306587359810218,0.5807701539946749,0.036253618301940314
34.7696,-3.1054,|val|>=0.10,PCMCI,LIN,4,0.8213238068861017,0.8273001738480136,0.5814616532305091,0.029408193773838583
34.7696,-3.1054,|val|>=0.10,LASSO,LIN,4,0.8213238068861017,0.8273001738480136,0.5814616532305091,0.029408193773838583
34.7696,-3.1054,|val|>=0.10,PCMCI,KRR,4,0.8198701309217834,0.8306587359810218,0.5807701539946749,0.036253618301940314
34.7696,-3.1054,|val|>=0.10,LASSO,KRR,4,0.8198701309217834,0.8306587359810218,0.5807701539946749,0.036253618301940314
34.7696,-3.1054,|val|>=0.15,PCMCI,LIN,3,0.820221010572023,0.8298493107510917,0.5928126767815737,-0.019021121423017824
34.7696,-3.1054,|val|>=0.15,LASSO,LIN,3,0.8178629292228106,0.8352739633732625,0.5870596330073532,0.013198463121823573
34.7696,-3.1054,|val|>=0.15,PCMCI,KRR,3,0.8206578759769249,0.8288404248851466,0.5914245260178814,-0.015978899674941933
34.7696,-3.1054,|val|>=0.15,LASSO,KRR,3,0.815904347836229,0.8397529459688728,0.5891296906526107,0.020580119298877476
34.7696,-3.6054,-,CLIMATOLOGY,-,0,0.7560954182612573,0.9665843284294852,0.7130771196029363,-0.04966215263419266
34.7696,-3.6054,-,ALL,LIN,56,0.8247658033967848,0.8192929185231022,0.5836917394244875,0.00951134109474106
34.7696,-3.6054,-,ALL,KRR,56,0.8152070329886223,0.8413418448181657,0.6008269501282624,-0.025265174990848585
34.7696,-3.6054,fdr<=0.01,PCMCI,LIN,7,0.8231452476564427,0.8230725869161675,0.5830253174788428,0.013267958872199595
34.7696,-3.6054,fdr<=0.01,LASSO,LIN,7,0.8210798937173882,0.8278646603193266,0.583095729041388,0.011973705089157244
34.7696,-3.6054,fdr<=0.01,PCMCI,KRR,7,0.8232395411579094,0.8228531391976885,0.5817679909507948,0.0037888299549031145
34.7696,-3.6054,fdr<=0.01,LASSO,KRR,7,0.819264328069394,0.8320543763808168,0.5872928612327685,0.005757667046551347
34.7696,-3.6054,fdr<=0.001,PCMCI,LIN,4,0.820316875358893,0.8296280281207274,0.5846871054315228,0.03347204897618205
34.7696,-3.6054,fdr<=0.001,LASSO,LIN,4,0.8164625595341799,0.8384788371196799,0.5911417807823484,0.011095289102027556
34.7696,-3.6054,fdr<=0.001,PCMCI,KRR,4,0.8198602685471691,0.8306814755620285,0.5817620800214925,0.03737215768788299
34.7696,-3.6054,fdr<=0.001,LASSO,KRR,4,0.815764271836618,0.8400723637954723,0.5908591778671604,0.011466828156530759
34.7696,-3.6054,fdr<=0.0001,PCMCI,LIN,4,0.820316875358893,0.8296280281207274,0.5846871054315228,0.03347204897618205
34.7696,-3.6054,fdr<=0.0001,LASSO,LIN,4,0.8164625595341799,0.8384788371196799,0.5911417807823484,0.011095289102027556
34.7696,-3.6054,fdr<=0.0001,PCMCI,KRR,4,0.8198602685471691,0.8306814755620285,0.5817620800214925,0.03737215768788299
34.7696,-3.6054,fdr<=0.0001,LASSO,KRR,4,0.815764271836618,0.8400723637954723,0.5908591778671604,0.011466828156530759
34.7696,-3.6054,|val|>=0.075,PCMCI,LIN,4,0.820316875358893,0.8296280281207274,0.5846871054315228,0.03347204897618205
34.7696,-3.6054,|val|>=0.075,LASSO,LIN,4,0.8164625595341799,0.8384788371196799,0.5911417807823484,0.011095289102027556
34.7696,-3.6054,|val|>=0.075,PCMCI,KRR,4,0.8198602685471691,0.8306814755620285,0.5817620800214925,0.03737215768788299
34.7696,-3.6054,|val|>=0.075,LASSO,KRR,4,0.815764271836618,0.8400723637954723,0.5908591778671604,0.011466828156530759
34.7696,-3.6054,|val|>=0.10,PCMCI,LIN,3,0.8214564130119091,0.8269931227763884,0.5902590639095939,-0.016042843031222654
34.7696,-3.6054,|val|>=0.10,LASSO,LIN,3,0.8171222674402258,0.8369705642732144,0.5962209229166091,-0.012054786023809494
34.7696,-3.6054,|val|>=0.10,PCMCI,KRR,3,0.8222587114836755,0.8251329541330603,0.5886240117053805,-0.0144206590135089
34.7696,-3.6054,|val|>=0.10,LASSO,KRR,3,0.8162345665607379,0.8389994610095072,0.5945023690821711,-0.008347375855793359
34.7696,-3.6054,|val|>=0.15,PCMCI,LIN,3,0.8214564130119091,0.8269931227763884,0.5902590639095939,-0.016042843031222654
34.7696,-3.6054,|val|>=0.15,LASSO,LIN,3,0.8171222674402258,0.8369705642732144,0.5962209229166091,-0.012054786023809494
34.7696,-3.6054,|val|>=0.15,PCMCI,KRR,3,0.8222587114836755,0.8251329541330603,0.5886240117053805,-0.0144206590135089
34.7696,-3.6054,|val|>=0.15,LASSO,KRR,3,0.8162345665607379,0.8389994610095072,0.5945023690821711,-0.008347375855793359
34.7696,-4.1054,-,CLIMATOLOGY,-,0,0.7200301157096868,1.0575331662650946,0.798976719696344,-0.06447292982266582
34.7696,-4.1054,-,ALL,LIN,56,0.8151745873473801,0.8592492859734027,0.6175914103204466,-0.03489383175196078
34.7696,-4.1054,-,ALL,KRR,56,0.8035596190547714,0.8858368069997393,0.6530947657402663,-0.06873077334546895
34.7696,-4.1054,fdr<=0.01,PCMCI,LIN,5,0.8180553408336905,0.852526708128007,0.618704174178509,-0.05992777498823196
34.7696,-4.1054,fdr<=0.01,LASSO,LIN,5,0.811770594889458,0.8671257287566527,0.6310514274847823,-0.0918022257339426
34.7696,-4.1054,fdr<=0.01,PCMCI,KRR,5,0.8178477901108815,0.8530128232547216,0.619056889360667,-0.07102376336185247
34.7696,-4.1054,fdr<=0.01,LASSO,KRR,5,0.8120004817616107,0.8665960513585581,0.6291597620151658,-0.09334914518225383
34.7696,-4.1054,fdr<=0.001,PCMCI,LIN,5,0.8180553408336905,0.852526708128007,0.618704174178509,-0.05992777498823196
34.7696,-4.1054,fdr<=0.001,LASSO,LIN,5,0.811770594889458,0.8671257287566527,0.6310514274847823,-0.0918022257339426
34.7696,-4.1054,fdr<=0.001,PCMCI,KRR,5,0.8178477901108815,0.8530128232547216,0.619056889360667,-0.07102376336185247
34.7696,-4.1054,fdr<=0.001,LASSO,KRR,5,0.8120004817616107,0.8665960513585581,0.6291597620151658,-0.09334914518225383
34.7696,-4.1054,fdr<=0.0001,PCMCI,LIN,4,0.8156223647328645,0.8582078011708016,0.6225269137051274,-0.05250009389102226
34.7696,-4.1054,fdr<=0.0001,LASSO,LIN,4,0.8109345237348569,0.8690493802313923,0.6234635168734488,-0.0321735609609033
34.7696,-4.1054,fdr<=0.0001,PCMCI,KRR,4,0.8162963871422936,0.8566377058789352,0.6192800144992349,-0.05879751636627579
34.7696,-4.1054,fdr<=0.0001,LASSO,KRR,4,0.8136284062680803,0.8628358815100095,0.6167771019532696,-0.037956785765331916
34.7696,-4.1054,|val|>=0.075,PCMCI,LIN,5,0.8180553408336905,0.852526708128007,0.618704174178509,-0.05992777498823196
34.7696,-4.1054,|val|>=0.075,LASSO,LIN,5,0.811770594889458,0.8671257287566527,0.6310514274847823,-0.0918022257339426
34.7696,-4.1054,|val|>=0.075,PCMCI,KRR,5,0.8178477901108815,0.8530128232547216,0.619056889360667,-0.07102376336185247
34.7696,-4.1054,|val|>=0.075,LASSO,KRR,5,0.8120004817616107,0.8665960513585581,0.6291597620151658,-0.09334914518225383
34.7696,-4.1054,|val|>=0.10,PCMCI,LIN,3,0.815227323504987,0.8591266926083982,0.6216717841794394,-0.0308670673042706
34.7696,-4.1054,|val|>=0.10,LASSO,LIN,3,0.8115301094249905,0.8676794800958475,0.6228684229084982,-0.03247924358546553
34.7696,-4.1054,|val|>=0.10,PCMCI,KRR,3,0.8197153044061507,0.8486288034318106,0.6033735012695395,-0.033631550179866604
34.7696,-4.1054,|val|>=0.10,LASSO,KRR,3,0.8109580519442112,0.8689953042246646,0.620764963743464,-0.03743258514879767
34.7696,-4.1054,|val|>=0.15,PCMCI,LIN,3,0.815227323504987,0.8591266926083982,0.6216717841794394,-0.0308670673042706
34.7696,-4.1054,|val|>=0.15,LASSO,LIN,3,0.8115301094249905,0.8676794800958475,0.6228684229084982,-0.03247924358546553
34.7696,-4.1054,|val|>=0.15,PCMCI,KRR,3,0.8197153044061507,0.8486288034318106,0.6033735012695395,-0.033631550179866604
34.7696,-4.1054,|val|>=0.15,LASSO,KRR,3,0.8109580519442112,0.8689953042246646,0.620764963743464,-0.03743258514879767
34.7696,-4.6054,-,CLIMATOLOGY,-,0,0.7200301157096868,1.0575331662650946,0.798976719696344,-0.06447292982266582
34.7696,-4.6054,-,ALL,LIN,56,0.8151745873473801,0.8592492859734027,0.6175914103204466,-0.03489383175196078
34.7696,-4.6054,-,ALL,KRR,56,0.8035596190547714,0.8858368069997393,0.6530947657402663,-0.06873077334546895
34.7696,-4.6054,fdr<=0.01,PCMCI,LIN,5,0.8180553408336905,0.852526708128007,0.618704174178509,-0.05992777498823196
34.7696,-4.6054,fdr<=0.01,LASSO,LIN,5,0.811770594889458,0.8671257287566527,0.6310514274847823,-0.0918022257339426
34.7696,-4.6054,fdr<=0.01,PCMCI,KRR,5,0.8178477901108815,0.8530128232547216,0.619056889360667,-0.07102376336185247
34.7696,-4.6054,fdr<=0.01,LASSO,KRR,5,0.8120004817616107,0.8665960513585581,0.6291597620151658,-0.09334914518225383
34.7696,-4.6054,fdr<=0.001,PCMCI,LIN,5,0.8180553408336905,0.852526708128007,0.618704174178509,-0.05992777498823196
34.7696,-4.6054,fdr<=0.001,LASSO,LIN,5,0.811770594889458,0.8671257287566527,0.6310514274847823,-0.0918022257339426
34.7696,-4.6054,fdr<=0.001,PCMCI,KRR,5,0.8178477901108815,0.8530128232547216,0.619056889360667,-0.07102376336185247
34.7696,-4.6054,fdr<=0.001,LASSO,KRR,5,0.8120004817616107,0.8665960513585581,0.6291597620151658,-0.09334914518225383
34.7696,-4.6054,fdr<=0.0001,PCMCI,LIN,4,0.8156223647328645,0.8582078011708016,0.6225269137051274,-0.05250009389102226
34.7696,-4.6054,fdr<=0.0001,LASSO,LIN,4,0.8109345237348569,0.8690493802313923,0.6234635168734488,-0.0321735609609033
34.7696,-4.6054,fdr<=0.0001,PCMCI,KRR,4,0.8162963871422936,0.8566377058789352,0.6192800144992349,-0.05879751636627579
34.7696,-4.6054,fdr<=0.0001,LASSO,KRR,4,0.8136284062680803,0.8628358815100095,0.6167771019532696,-0.037956785765331916
34.7696,-4.6054,|val|>=0.075,PCMCI,LIN,5,0.8180553408336905,0.852526708128007,0.618704174178509,-0.05992777498823196
34.7696,-4.6054,|val|>=0.075,LASSO,LIN,5,0.811770594889458,0.8671257287566527,0.6310514274847823,-0.0918022257339426
34.7696,-4.6054,|val|>=0.075,PCMCI,KRR,5,0.8178477901108815,0.8530128232547216,0.619056889360667,-0.07102376336185247
34.7696,-4.6054,|val|>=0.075,LASSO,KRR,5,0.8120004817616107,0.8665960513585581,0.6291597620151658,-0.09334914518225383
34.7696,-4.6054,|val|>=0.10,PCMCI,LIN,3,0.815227323504987,0.8591266926083982,0.6216717841794394,-0.0308670673042706
34.7696,-4.6054,|val|>=0.10,LASSO,LIN,3,0.8115301094249905,0.8676794800958475,0.6228684229084982,-0.03247924358546553
34.7696,-4.6054,|val|>=0.10,PCMCI,KRR,3,0.8197153044061507,0.8486288034318106,0.6033735012695395,-0.033631550179866604
34.7696,-4.6054,|val|>=0.10,LASSO,KRR,3,0.8109580519442112,0.8689953042246646,0.620764963743464,-0.03743258514879767
34.7696,-4.6054,|val|>=0.15,PCMCI,LIN,3,0.815227323504987,0.8591266926083982,0.6216717841794394,-0.0308670673042706
34.7696,-4.6054,|val|>=0.15,LASSO,LIN,3,0.8115301094249905,0.8676794800958475,0.6228684229084982,-0.03247924358546553
34.7696,-4.6054,|val|>=0.15,PCMCI,KRR,3,0.8197153044061507,0.8486288034318106,0.6033735012695395,-0.033631550179866604
34.7696,-4.6054,|val|>=0.15,LASSO,KRR,3,0.8109580519442112,0.8689953042246646,0.620764963743464,-0.03743258514879767
34.7696,-5.1054,-,CLIMATOLOGY,-,0,0.7539333432716079,0.9782842145513927,0.7441885671326529,-0.06399503070106893
34.7696,-5.1054,-,ALL,LIN,56,0.8246651962693934,0.8257959095634266,0.6157539445223177,-0.07940883257322459
34.7696,-5.1054,-,ALL,KRR,56,0.8200050986272935,0.836698062256936,0.6284861907157997,-0.09484183406042457
34.7696,-5.1054,fdr<=0.01,PCMCI,LIN,5,0.8299479906152316,0.813260249884044,0.6102293911226733,-0.09109502443350144
34.7696,-5.1054,fdr<=0.01,LASSO,LIN,5,0.8269620493195462,0.8203691929521243,0.6104275370778258,-0.09511825844994495
34.7696,-5.1054,fdr<=0.01,PCMCI,KRR,5,0.8283848522982074,0.8169894921010638,0.6154719378356281,-0.10503041301941668
34.7696,-5.1054,fdr<=0.01,LASSO,KRR,5,0.8238882328987934,0.827623567087897,0.6212114913878701,-0.10571909288671835
34.7696,-5.1054,fdr<=0.001,PCMCI,LIN,5,0.8299479906152316,0.813260249884044,0.6102293911226733,-0.09109502443350144
34.7696,-5.1054,fdr<=0.001,LASSO,LIN,5,0.8269620493195462,0.8203691929521243,0.6104275370778258,-0.09511825844994495
34.7696,-5.1054,fdr<=0.001,PCMCI,KRR,5,0.8283848522982074,0.8169894921010638,0.6154719378356281,-0.10503041301941668
34.7696,-5.1054,fdr<=0.001,LASSO,KRR,5,0.8238882328987934,0.827623567087897,0.6212114913878701,-0.10571909288671835
34.7696,-5.1054,fdr<=0.0001,PCMCI,LIN,4,0.8272082226937527,0.8197854339268125,0.610883386489252,-0.08379462830160574
34.7696,-5.1054,fdr<=0.0001,LASSO,LIN,4,0.8252223906668004,0.8244827219191821,0.6147683414242153,-0.10126494058072473
34.7696,-5.1054,fdr<=0.0001,PCMCI,KRR,4,0.8257835641644669,0.8231580389637733,0.6157067653560051,-0.09518061885145267
34.7696,-5.1054,fdr<=0.0001,LASSO,KRR,4,0.8213325531915616,0.833607046786274,0.6248725717488504,-0.11370612534625256
34.7696,-5.1054,|val|>=0.075,PCMCI,LIN,4,0.8272082226937527,0.8197854339268125,0.610883386489252,-0.08379462830160574
34.7696,-5.1054,|val|>=0.075,LASSO,LIN,4,0.8252223906668004,0.8244827219191821,0.6147683414242153,-0.10126494058072473
34.7696,-5.1054,|val|>=0.075,PCMCI,KRR,4,0.8257835641644669,0.8231580389637733,0.6157067653560051,-0.09518061885145267
34.7696,-5.1054,|val|>=0.075,LASSO,KRR,4,0.8213325531915616,0.833607046786274,0.6248725717488504,-0.11370612534625256
34.7696,-5.1054,|val|>=0.10,PCMCI,LIN,4,0.8272082226937527,0.8197854339268125,0.610883386489252,-0.08379462830160574
34.7696,-5.1054,|val|>=0.10,LASSO,LIN,4,0.8252223906668004,0.8244827219191821,0.6147683414242153,-0.10126494058072473
34.7696,-5.1054,|val|>=0.10,PCMCI,KRR,4,0.8257835641644669,0.8231580389637733,0.6157067653560051,-0.09518061885145267
34.7696,-5.1054,|val|>=0.10,LASSO,KRR,4,0.8213325531915616,0.833607046786274,0.6248725717488504,-0.11370612534625256
34.7696,-5.1054,|val|>=0.15,PCMCI,LIN,3,0.8277009396061212,0.8186157876853556,0.6069620611220478,-0.050445043558740334
34.7696,-5.1054,|val|>=0.15,LASSO,LIN,3,0.8261305774744139,0.8223378259405454,0.6062022367497156,-0.05162872594084835
34.7696,-5.1054,|val|>=0.15,PCMCI,KRR,3,0.8283859969656178,0.816986767449953,0.606008817487462,-0.05811774105538206
34.7696,-5.1054,|val|>=0.15,LASSO,KRR,3,0.8254984527833957,0.8238313272857359,0.6096729206309852,-0.05848438497139149
34.7696,-5.6054,-,CLIMATOLOGY,-,0,0.7539333432716079,0.9782842145513927,0.7441885671326529,-0.06399503070106893
34.7696,-5.6054,-,ALL,LIN,56,0.8260444880247391,0.8225413863157331,0.6142346290766239,-0.089575039311164
34.7696,-5.6054,-,ALL,KRR,56,0.8225479951759362,0.8307667698842194,0.6271212928813895,-0.09784472422692915
34.7696,-5.6054,fdr<=0.01,PCMCI,LIN,6,0.8281188540107266,0.8176224014476136,0.6049403889461377,-0.07919336084116917
34.7696,-5.6054,fdr<=0.01,LASSO,LIN,6,0.8272962812367354,0.8195765168370208,0.6092386579597038,-0.09725123565593044
34.7696,-5.6054,fdr<=0.01,PCMCI,KRR,6,0.8287104385109274,0.8162141328125617,0.6030145863020975,-0.08676419040352346
34.7696,-5.6054,fdr<=0.01,LASSO,KRR,6,0.8248769601012279,0.825297073804513,0.6172089535591215,-0.10420720282379922
34.7696,-5.6054,fdr<=0.001,PCMCI,LIN,5,0.8289308496145049,0.8156888218507485,0.6065897671537376,-0.08785029682493299
34.7696,-5.6054,fdr<=0.001,LASSO,LIN,5,0.8281520969617615,0.81754333083276,0.6030805070395576,-0.05436002763192045
34.7696,-5.6054,fdr<=0.001,PCMCI,KRR,5,0.8285977534849344,0.8164825671181775,0.6038806343212823,-0.09062908781446428
34.7696,-5.6054,fdr<=0.001,LASSO,KRR,5,0.8269025077768943,0.8205103233974961,0.6113493694561442,-0.06349708717571084
34.7696,-5.6054,fdr<=0.0001,PCMCI,LIN,5,0.8289308496145049,0.8156888218507485,0.6065897671537376,-0.08785029682493299
34.7696,-5.6054,fdr<=0.0001,LASSO,LIN,5,0.8281520969617615,0.81754333083276,0.6030805070395576,-0.05436002763192045
34.7696,-5.6054,fdr<=0.0001,PCMCI,KRR,5,0.8285977534849344,0.8164825671181775,0.6038806343212823,-0.09062908781446428
34.7696,-5.6054,fdr<=0.0001,LASSO,KRR,5,0.8269025077768943,0.8205103233974961,0.6113493694561442,-0.06349708717571084
34.7696,-5.6054,|val|>=0.075,PCMCI,LIN,5,0.8289308496145049,0.8156888218507485,0.6065897671537376,-0.08785029682493299
34.7696,-5.6054,|val|>=0.075,LASSO,LIN,5,0.8281520969617615,0.81754333083276,0.6030805070395576,-0.05436002763192045
34.7696,-5.6054,|val|>=0.075,PCMCI,KRR,5,0.8285977534849344,0.8164825671181775,0.6038806343212823,-0.09062908781446428
34.7696,-5.6054,|val|>=0.075,LASSO,KRR,5,0.8269025077768943,0.8205103233974961,0.6113493694561442,-0.06349708717571084
34.7696,-5.6054,|val|>=0.10,PCMCI,LIN,4,0.8271043229955041,0.8200318653843394,0.6098761767631713,-0.06930003678313931
34.7696,-5.6054,|val|>=0.10,LASSO,LIN,4,0.8276652635355357,0.8187005341805611,0.6042836910946965,-0.059224193726500465
34.7696,-5.6054,|val|>=0.10,PCMCI,KRR,4,0.8287372352395098,0.8161502855942204,0.6061695338270688,-0.0750149368498873
34.7696,-5.6054,|val|>=0.10,LASSO,KRR,4,0.827103887783416,0.8200328974736373,0.6102220211914594,-0.06833964365614392
34.7696,-5.6054,|val|>=0.15,PCMCI,LIN,3,0.8276153296097328,0.8188191346777314,0.6079393387858351,-0.06127184078854182
34.7696,-5.6054,|val|>=0.15,LASSO,LIN,3,0.8270656691704517,0.8201235264292689,0.6069087167821514,-0.06504596078554223
34.7696,-5.6054,|val|>=0.15,PCMCI,KRR,3,0.8287356985399255,0.8161539471460852,0.6061585950915522,-0.07028347876168396
34.7696,-5.6054,|val|>=0.15,LASSO,KRR,3,0.826733101172547,0.8209117326656442,0.6101817302457954,-0.0706334436464472
34.7696,-6.1054,-,CLIMATOLOGY,-,0,0.7851800687961868,0.8549392986039106,0.6499172680538998,-0.005355631908283514
34.7696,-6.1054,-,ALL,LIN,56,0.8405545972793058,0.7365529866264847,0.5653848297473055,-0.049740617442092606
34.7696,-6.1054,-,ALL,KRR,56,0.8401108773413797,0.7375771496848463,0.5683945809259061,-0.05751479882381826
34.7696,-6.1054,fdr<=0.01,PCMCI,LIN,8,0.8422191588807688,0.73269820475048,0.5603438626355026,-0.049786464335669085
34.7696,-6.1054,fdr<=0.01,LASSO,LIN,8,0.8413687455878214,0.7346701138445748,0.563552034845301,-0.056906635846379935
34.7696,-6.1054,fdr<=0.01,PCMCI,KRR,8,0.8418196415039172,0.733625252020741,0.5599036334799136,-0.0476330205616928
34.7696,-6.1054,fdr<=0.01,LASSO,KRR,8,0.8428153788064247,0.7313125398701831,0.562415085185658,-0.058994687417713826
34.7696,-6.1054,fdr<=0.001,PCMCI,LIN,5,0.8387779529475458,0.7406451947982089,0.5707318406785453,-0.06558139441352583
34.7696,-6.1054,fdr<=0.001,LASSO,LIN,5,0.839650091825594,0.7386391992764834,0.5688839163147507,-0.07445078130537722
34.7696,-6.1054,fdr<=0.001,PCMCI,KRR,5,0.8396579055441741,0.7386212024181966,0.5676267567857873,-0.06281068674036572
34.7696,-6.1054,fdr<=0.001,LASSO,KRR,5,0.841532124774002,0.7342916867582024,0.5619425287699565,-0.06376288619596092
34.7696,-6.1054,fdr<=0.0001,PCMCI,LIN,5,0.8387779529475458,0.7406451947982089,0.5707318406785453,-0.06558139441352583
34.7696,-6.1054,fdr<=0.0001,LASSO,LIN,5,0.839650091825594,0.7386391992764834,0.5688839163147507,-0.07445078130537722
34.7696,-6.1054,fdr<=0.0001,PCMCI,KRR,5,0.8396579055441741,0.7386212024181966,0.5676267567857873,-0.06281068674036572
34.7696,-6.1054,fdr<=0.0001,LASSO,KRR,5,0.841532124774002,0.7342916867582024,0.5619425287699565,-0.06376288619596092
34.7696,-6.1054,|val|>=0.075,PCMCI,LIN,5,0.8387779529475458,0.7406451947982089,0.5707318406785453,-0.06558139441352583
34.7696,-6.1054,|val|>=0.075,LASSO,LIN,5,0.839650091825594,0.7386391992764834,0.5688839163147507,-0.07445078130537722
34.7696,-6.1054,|val|>=0.075,PCMCI,KRR,5,0.8396579055441741,0.7386212024181966,0.5676267567857873,-0.06281068674036572
34.7696,-6.1054,|val|>=0.075,LASSO,KRR,5,0.841532124774002,0.7342916867582024,0.5619425287699565,-0.06376288619596092
34.7696,-6.1054,|val|>=0.10,PCMCI,LIN,4,0.8385377980887253,0.7411966186156348,0.5646192436356932,-0.033820188259465894
34.7696,-6.1054,|val|>=0.10,LASSO,LIN,4,0.8401852800245581,0.7374055179198148,0.5607326590455124,-0.04192340164067171
34.7696,-6.1054,|val|>=0.10,PCMCI,KRR,4,0.838052895005073,0.7423087646236078,0.5667490058280205,-0.042647640634296324
34.7696,-6.1054,|val|>=0.10,LASSO,KRR,4,0.841376867353753,0.7346513064062187,0.5580272934984254,-0.048103348717288455
34.7696,-6.1054,|val|>=0.15,PCMCI,LIN,2,0.8350566055716611,0.7491442627822785,0.5736161743733356,-0.04275059531771027
34.7696,-6.1054,|val|>=0.15,LASSO,LIN,2,0.8350566055716611,0.7491442627822785,0.5736161743733356,-0.04275059531771027
34.7696,-6.1054,|val|>=0.15,PCMCI,KRR,2,0.8371427309580203,0.7443917785045353,0.5686344793802298,-0.046860474175577635
34.7696,-6.1054,|val|>=0.15,LASSO,KRR,2,0.8371427309580203,0.7443917785045353,0.5686344793802298,-0.046860474175577635
35.2696,-3.1054,-,CLIMATOLOGY,-,0,0.7632582234019947,0.9199674158422764,0.7014336985278777,-0.0928308854915084
35.2696,-3.1054,-,ALL,LIN,56,0.8228521207821485,0.795798237448771,0.5816151389699079,-0.07823911490417604
35.2696,-3.1054,-,ALL,KRR,56,0.8164218865921116,0.8101127090179416,0.5952565758670973,-0.08426796524520985
35.2696,-3.1054,fdr<=0.01,PCMCI,LIN,6,0.823182657827549,0.7950554579848441,0.5815678098254323,-0.06844885293561737
35.2696,-3.1054,fdr<=0.01,LASSO,LIN,6,0.8196682087989995,0.8029179044588485,0.5878231610186119,-0.07045169375919774
35.2696,-3.1054,fdr<=0.01,PCMCI,KRR,6,0.8247301412553054,0.7915686989658616,0.5789517620654754,-0.06303220124663918
35.2696,-3.1054,fdr<=0.01,LASSO,KRR,6,0.8219137418364001,0.7979031850201903,0.5812695774340022,-0.05157591927179899
35.2696,-3.1054,fdr<=0.001,PCMCI,LIN,4,0.8220852876495289,0.7975187928428764,0.5869571830736044,-0.07550720702699067
35.2696,-3.1054,fdr<=0.001,LASSO,LIN,4,0.8190627120388075,0.8042647462279973,0.5904271048131433,-0.07839000990240456
35.2696,-3.1054,fdr<=0.001,PCMCI,KRR,4,0.8240762578835233,0.7930438863207634,0.580795063275996,-0.06089690504777531
35.2696,-3.1054,fdr<=0.001,LASSO,KRR,4,0.8235469135651564,0.7942361016556427,0.5821145554142524,-0.06519282335700738
35.2696,-3.1054,fdr<=0.0001,PCMCI,LIN,4,0.8220852876495289,0.7975187928428764,0.5869571830736044,-0.07550720702699067
35.2696,-3.1054,fdr<=0.0001,LASSO,LIN,4,0.8190627120388075,0.8042647462279973,0.5904271048131433,-0.07839000990240456
35.2696,-3.1054,fdr<=0.0001,PCMCI,KRR,4,0.8240762578835233,0.7930438863207634,0.580795063275996,-0.06089690504777531
35.2696,-3.1054,fdr<=0.0001,LASSO,KRR,4,0.8235469135651564,0.7942361016556427,0.5821145554142524,-0.06519282335700738
35.2696,-3.1054,|val|>=0.075,PCMCI,LIN,4,0.8220852876495289,0.7975187928428764,0.5869571830736044,-0.07550720702699067
35.2696,-3.1054,|val|>=0.075,LASSO,LIN,4,0.8190627120388075,0.8042647462279973,0.5904271048131433,-0.07839000990240456
35.2696,-3.1054,|val|>=0.075,PCMCI,KRR,4,0.8240762578835233,0.7930438863207634,0.580795063275996,-0.06089690504777531
35.2696,-3.1054,|val|>=0.075,LASSO,KRR,4,0.8235469135651564,0.7942361016556427,0.5821145554142524,-0.06519282335700738
35.2696,-3.1054,|val|>=0.10,PCMCI,LIN,4,0.8220852876495289,0.7975187928428764,0.5869571830736044,-0.07550720702699067
35.2696,-3.1054,|val|>=0.10,LASSO,LIN,4,0.8190627120388075,0.8042647462279973,0.5904271048131433,-0.07839000990240456
35.2696,-3.1054,|val|>=0.10,PCMCI,KRR,4,0.8240762578835233,0.7930438863207634,0.580795063275996,-0.06089690504777531
35.2696,-3.1054,|val|>=0.10,LASSO,KRR,4,0.8235469135651564,0.7942361016556427,0.5821145554142524,-0.06519282335700738
35.2696,-3.1054,|val|>=0.15,PCMCI,LIN,2,0.8137875235632239,0.8159046009051395,0.6014713547855188,-0.08697238903739052
35.2696,-3.1054,|val|>=0.15,LASSO,LIN,2,0.8152051328434282,0.8127929842773726,0.5963510725326812,-0.06462850049089758
35.2696,-3.1054,|val|>=0.15,PCMCI,KRR,2,0.8144864194483455,0.8143720279081924,0.5979742505641804,-0.06898726181860002
35.2696,-3.1054,|val|>=0.15,LASSO,KRR,2,0.8175216280852863,0.8076825368378886,0.5912080655114479,-0.05499121627585896
35.2696,-5.1054,-,CLIMATOLOGY,-,0,0.7525338788358968,1.0182080830116336,0.7591126166723768,-0.04833780765381464
35.2696,-5.1054,-,ALL,LIN,56,0.8283861017184521,0.8479200271899459,0.6325117636005918,-0.06653547656369026
35.2696,-5.1054,-,ALL,KRR,56,0.8231838315918923,0.8606759198718826,0.632894155467483,-0.06565329438817573
35.2696,-5.1054,fdr<=0.01,PCMCI,LIN,6,0.8300981434472844,0.8436799476329675,0.621617282594703,-0.047770569501341384
35.2696,-5.1054,fdr<=0.01,LASSO,LIN,6,0.8300319427635601,0.843844297661268,0.6190351772898062,-0.02819263734512141
35.2696,-5.1054,fdr<=0.01,PCMCI,KRR,6,0.8313174851824062,0.8406470597497726,0.6158576538440966,-0.05190214117191046
35.2696,-5.1054,fdr<=0.01,LASSO,KRR,6,0.8301683996525571,0.8435054943290564,0.6153972866690438,-0.02757227538293505
35.2696,-5.1054,fdr<=0.001,PCMCI,LIN,4,0.8304278082484022,0.84286104360435,0.618401073867966,-0.03292469550465922
35.2696,-5.1054,fdr<=0.001,LASSO,LIN,4,0.8304278082484022,0.84286104360435,0.618401073867966,-0.03292469550465922
35.2696,-5.1054,fdr<=0.001,PCMCI,KRR,4,0.8314253007574953,0.8403783616765732,0.6150024686346125,-0.03621971827741757
35.2696,-5.1054,fdr<=0.001,LASSO,KRR,4,0.8314253007574953,0.8403783616765732,0.6150024686346125,-0.03621971827741757
35.2696,-5.1054,fdr<=0.0001,PCMCI,LIN,4,0.8304278082484022,0.84286104360435,0.618401073867966,-0.03292469550465922
35.2696,-5.1054,fdr<=0.0001,LASSO,LIN,4,0.8304278082484022,0.84286104360435,0.618401073867966,-0.03292469550465922
35.2696,-5.1054,fdr<=0.0001,PCMCI,KRR,4,0.8314253007574953,0.8403783616765732,0.6150024686346125,-0.03621971827741757
35.2696,-5.1054,fdr<=0.0001,LASSO,KRR,4,0.8314253007574953,0.8403783616765732,0.6150024686346125,-0.03621971827741757
35.2696,-5.1054,|val|>=0.075,PCMCI,LIN,4,0.8304278082484022,0.84286104360435,0.618401073867966,-0.03292469550465922
35.2696,-5.1054,|val|>=0.075,LASSO,LIN,4,0.8304278082484022,0.84286104360435,0.618401073867966,-0.03292469550465922
35.2696,-5.1054,|val|>=0.075,PCMCI,KRR,4,0.8314253007574953,0.8403783616765732,0.6150024686346125,-0.03621971827741757
35.2696,-5.1054,|val|>=0.075,LASSO,KRR,4,0.8314253007574953,0.8403783616765732,0.6150024686346125,-0.03621971827741757
35.2696,-5.1054,|val|>=0.10,PCMCI,LIN,4,0.8304278082484022,0.84286104360435,0.618401073867966,-0.03292469550465922
35.2696,-5.1054,|val|>=0.10,LASSO,LIN,4,0.8304278082484022,0.84286104360435,0.618401073867966,-0.03292469550465922
35.2696,-5.1054,|val|>=0.10,PCMCI,KRR,4,0.8314253007574953,0.8403783616765732,0.6150024686346125,-0.03621971827741757
35.2696,-5.1054,|val|>=0.10,LASSO,KRR,4,0.8314253007574953,0.8403783616765732,0.6150024686346125,-0.03621971827741757
35.2696,-5.1054,|val|>=0.15,PCMCI,LIN,2,0.8232712665157739,0.8604630930709845,0.6302830078959981,-0.049874292918629555
35.2696,-5.1054,|val|>=0.15,LASSO,LIN,2,0.8232712665157739,0.8604630930709845,0.6302830078959981,-0.049874292918629555
35.2696,-5.1054,|val|>=0.15,PCMCI,KRR,2,0.8251031807352484,0.8559918316735705,0.6287930313229303,-0.05667210322783403
35.2696,-5.1054,|val|>=0.15,LASSO,KRR,2,0.8251031807352484,0.8559918316735705,0.6287930313229303,-0.05667210322783403
35.2696,-5.6054,-,CLIMATOLOGY,-,0,0.7525338788358968,1.0182080830116336,0.7591126166723768,-0.04833780765381464
35.2696,-5.6054,-,ALL,LIN,56,0.8273858319154663,0.8503875327777496,0.6359661869753517,-0.08959525034372308
35.2696,-5.6054,-,ALL,KRR,56,0.8254423893601949,0.8551613399106106,0.6340630530706582,-0.0927027229631691
35.2696,-5.6054,fdr<=0.01,PCMCI,LIN,7,0.8302138632025357,0.8433925844791424,0.6274128570057106,-0.0784172602697084
35.2696,-5.6054,fdr<=0.01,LASSO,LIN,7,0.8312048466251669,0.840927685960592,0.6252334949206273,-0.0704338763042874
35.2696,-5.6054,fdr<=0.01,PCMCI,KRR,7,0.8315927726206651,0.8399608176953224,0.620631858318874,-0.07903012698457905
35.2696,-5.6054,fdr<=0.01,LASSO,KRR,7,0.8316738940405378,0.8397584896159743,0.6200607219467401,-0.07444843571065701
35.2696,-5.6054,fdr<=0.001,PCMCI,LIN,6,0.8297801019344428,0.8444692262181024,0.6280416497235488,-0.08019472827703018
35.2696,-5.6054,fdr<=0.001,LASSO,LIN,6,0.8302171820995478,0.8433843413243695,0.628240434994156,-0.08266362196052791
35.2696,-5.6054,fdr<=0.001,PCMCI,KRR,6,0.8310246563941502,0.8413764148887389,0.621235072438567,-0.07987938719187228
35.2696,-5.6054,fdr<=0.001,LASSO,KRR,6,0.8306807532057658,0.842232175708328,0.6236762889533953,-0.08289363755847398
35.2696,-5.6054,fdr<=0.0001,PCMCI,LIN,5,0.8294664684712258,0.8452468436520869,0.6281773836135314,-0.08182842733107787
35.2696,-5.6054,fdr<=0.0001,LASSO,LIN,5,0.8294664684712258,0.8452468436520869,0.6281773836135314,-0.08182842733107787
35.2696,-5.6054,fdr<=0.0001,PCMCI,KRR,5,0.8295883604387755,0.8449447118164075,0.6253905472129037,-0.08478388676021122
35.2696,-5.6054,fdr<=0.0001,LASSO,KRR,5,0.8295883604387755,0.8449447118164075,0.6253905472129037,-0.08478388676021122
35.2696,-5.6054,|val|>=0.075,PCMCI,LIN,5,0.8294664684712258,0.8452468436520869,0.6281773836135314,-0.08182842733107787
35.2696,-5.6054,|val|>=0.075,LASSO,LIN,5,0.8294664684712258,0.8452468436520869,0.6281773836135314,-0.08182842733107787
35.2696,-5.6054,|val|>=0.075,PCMCI,KRR,5,0.8295883604387755,0.8449447118164075,0.6253905472129037,-0.08478388676021122
35.2696,-5.6054,|val|>=0.075,LASSO,KRR,5,0.8295883604387755,0.8449447118164075,0.6253905472129037,-0.08478388676021122
35.2696,-5.6054,|val|>=0.10,PCMCI,LIN,5,0.8294664684712258,0.8452468436520869,0.6281773836135314,-0.08182842733107787
35.2696,-5.6054,|val|>=0.10,LASSO,LIN,5,0.8294664684712258,0.8452468436520869,0.6281773836135314,-0.08182842733107787
35.2696,-5.6054,|val|>=0.10,PCMCI,KRR,5,0.8295883604387755,0.8449447118164075,0.6253905472129037,-0.08478388676021122
35.2696,-5.6054,|val|>=0.10,LASSO,KRR,5,0.8295883604387755,0.8449447118164075,0.6253905472129037,-0.08478388676021122
35.2696,-5.6054,|val|>=0.15,PCMCI,LIN,2,0.8270532586218777,0.8512063534235885,0.6244225249070536,-0.05359706928900131
35.2696,-5.6054,|val|>=0.15,LASSO,LIN,2,0.8270532586218777,0.8512063534235885,0.6244225249070536,-0.05359706928900131
35.2696,-5.6054,|val|>=0.15,PCMCI,KRR,2,0.8288998618116536,0.8466498678388781,0.6291953581741222,-0.0688978108951301
35.2696,-5.6054,|val|>=0.15,LASSO,KRR,2,0.8288998618116536,0.8466498678388781,0.6291953581741222,-0.0688978108951301
35.2696,-6.1054,-,CLIMATOLOGY,-,0,0.7926521720454203,0.9050388903367206,0.6813874518414197,-0.019951971744049724
35.2696,-6.1054,-,ALL,LIN,56,0.842190562410478,0.7895578986010875,0.5831903870057575,-0.03296680752550119
35.2696,-6.1054,-,ALL,KRR,56,0.8414680371705832,0.7913633166850235,0.586142259565891,-0.041325427554043725
35.2696,-6.1054,fdr<=0.01,PCMCI,LIN,9,0.8434744004168864,0.7863396674340539,0.5793581261140431,-0.040215489274670745
35.2696,-6.1054,fdr<=0.01,LASSO,LIN,9,0.8439205377032557,0.7852182349614891,0.5752205949180457,-0.030402707358747443
35.2696,-6.1054,fdr<=0.01,PCMCI,KRR,9,0.8436674136270227,0.7858546964094495,0.5767292713284392,-0.03137073000951039
35.2696,-6.1054,fdr<=0.01,LASSO,KRR,9,0.8466722036485534,0.7782657949154944,0.5674365915784588,-0.013662240963103988
35.2696,-6.1054,fdr<=0.001,PCMCI,LIN,5,0.8409986136500578,0.7925340899359735,0.5910981217575629,-0.049275419387839484
35.2696,-6.1054,fdr<=0.001,LASSO,LIN,5,0.8401851489302533,0.7945588397056531,0.5914444399992906,-0.07587020756997674
35.2696,-6.1054,fdr<=0.001,PCMCI,KRR,5,0.8397448319747142,0.7956526588314864,0.5945109064669689,-0.04826756200167924
35.2696,-6.1054,fdr<=0.001,LASSO,KRR,5,0.8444966878686672,0.7837676216610641,0.5839638223461631,-0.06389916751819237
35.2696,-6.1054,fdr<=0.0001,PCMCI,LIN,4,0.8398968599107298,0.7952751666904139,0.5923916693142255,-0.06050605329443314
35.2696,-6.1054,fdr<=0.0001,LASSO,LIN,4,0.8385893323303274,0.7985159831841706,0.5956006786888035,-0.06611826183381396
35.2696,-6.1054,fdr<=0.0001,PCMCI,KRR,4,0.840367441784428,0.7941055535281364,0.5943826304167622,-0.05781272841674495
35.2696,-6.1054,fdr<=0.0001,LASSO,KRR,4,0.8410076677008658,0.7925115248935043,0.5956016454541095,-0.06985152928777773
35.2696,-6.1054,|val|>=0.075,PCMCI,LIN,5,0.8409986136500578,0.7925340899359735,0.5910981217575629,-0.049275419387839484
35.2696,-6.1054,|val|>=0.075,LASSO,LIN,5,0.8401851489302533,0.7945588397056531,0.5914444399992906,-0.07587020756997674
35.2696,-6.1054,|val|>=0.075,PCMCI,KRR,5,0.8397448319747142,0.7956526588314864,0.5945109064669689,-0.04826756200167924
35.2696,-6.1054,|val|>=0.075,LASSO,KRR,5,0.8444966878686672,0.7837676216610641,0.5839638223461631,-0.06389916751819237
35.2696,-6.1054,|val|>=0.10,PCMCI,LIN,3,0.8401317340082979,0.7946916113236575,0.5846580533716467,-0.02330418193884835
35.2696,-6.1054,|val|>=0.10,LASSO,LIN,3,0.8382202037639748,0.7994285211799397,0.5873439326842723,-0.02335620257035535
35.2696,-6.1054,|val|>=0.10,PCMCI,KRR,3,0.8402870360796176,0.794305520812993,0.591020069777478,-0.03253362795395182
35.2696,-6.1054,|val|>=0.10,LASSO,KRR,3,0.8410859596052803,0.7923163743602958,0.5901185569036361,-0.03712279740549519
35.2696,-6.1054,|val|>=0.15,PCMCI,LIN,2,0.8385463818789667,0.7986222163754508,0.587474520544766,-0.020528929261009524
35.2696,-6.1054,|val|>=0.15,LASSO,LIN,2,0.8264250530326791,0.8280584953020709,0.6005953113179009,0.009333206685289
35.2696,-6.1054,|val|>=0.15,PCMCI,KRR,2,0.8397988695360699,0.7955185016777183,0.5928902831721851,-0.03509083831137181
35.2696,-6.1054,|val|>=0.15,LASSO,KRR,2,0.8292465773685108,0.821300723205945,0.5987428658393273,0.002601152432192335
35.7696,-5.6054,-,CLIMATOLOGY,-,0,0.7525338788358968,1.0182080830116336,0.7591126166723768,-0.04833780765381464
35.7696,-5.6054,-,ALL,LIN,56,0.8233951743723077,0.8601613967086028,0.6448966534294756,-0.07345321596352566
35.7696,-5.6054,-,ALL,KRR,56,0.8236035086861212,0.8596538963779026,0.635738191821534,-0.07142981861107185
35.7696,-5.6054,fdr<=0.01,PCMCI,LIN,5,0.8283218746338263,0.8480786808229964,0.6264629230082223,-0.04885905007285161
35.7696,-5.6054,fdr<=0.01,LASSO,LIN,5,0.8263664764893773,0.8528947752332084,0.627303144303783,-0.04885074067495916
35.7696,-5.6054,fdr<=0.01,PCMCI,KRR,5,0.8283139096818756,0.8480983537649706,0.6233748784794829,-0.05137261132286817
35.7696,-5.6054,fdr<=0.01,LASSO,KRR,5,0.8306812188422039,0.8422310176171265,0.6186752178966677,-0.057940000405934514
35.7696,-5.6054,fdr<=0.001,PCMCI,LIN,5,0.8283218746338263,0.8480786808229964,0.6264629230082223,-0.04885905007285161
35.7696,-5.6054,fdr<=0.001,LASSO,LIN,5,0.8263664764893773,0.8528947752332084,0.627303144303783,-0.04885074067495916
35.7696,-5.6054,fdr<=0.001,PCMCI,KRR,5,0.8283139096818756,0.8480983537649706,0.6233748784794829,-0.05137261132286817
35.7696,-5.6054,fdr<=0.001,LASSO,KRR,5,0.8306812188422039,0.8422310176171265,0.6186752178966677,-0.057940000405934514
35.7696,-5.6054,fdr<=0.0001,PCMCI,LIN,4,0.8283844894522511,0.8479240101703568,0.6259327756972065,-0.045778863422806654
35.7696,-5.6054,fdr<=0.0001,LASSO,LIN,4,0.8265450672453224,0.8524560399398073,0.6254768952396927,-0.050091786259752566
35.7696,-5.6054,fdr<=0.0001,PCMCI,KRR,4,0.8288344258441225,0.8468117498160147,0.623452953439442,-0.050363341292988834
35.7696,-5.6054,fdr<=0.0001,LASSO,KRR,4,0.8284934705618032,0.8476547385461322,0.6229915454563116,-0.056949717594606056
35.7696,-5.6054,|val|>=0.075,PCMCI,LIN,4,0.8283844894522511,0.8479240101703568,0.6259327756972065,-0.045778863422806654
35.7696,-5.6054,|val|>=0.075,LASSO,LIN,4,0.8265450672453224,0.8524560399398073,0.6254768952396927,-0.050091786259752566
35.7696,-5.6054,|val|>=0.075,PCMCI,KRR,4,0.8288344258441225,0.8468117498160147,0.623452953439442,-0.050363341292988834
35.7696,-5.6054,|val|>=0.075,LASSO,KRR,4,0.8284934705618032,0.8476547385461322,0.6229915454563116,-0.056949717594606056
35.7696,-5.6054,|val|>=0.10,PCMCI,LIN,4,0.8283844894522511,0.8479240101703568,0.6259327756972065,-0.045778863422806654
35.7696,-5.6054,|val|>=0.10,LASSO,LIN,4,0.8265450672453224,0.8524560399398073,0.6254768952396927,-0.050091786259752566
35.7696,-5.6054,|val|>=0.10,PCMCI,KRR,4,0.8288344258441225,0.8468117498160147,0.623452953439442,-0.050363341292988834
35.7696,-5.6054,|val|>=0.10,LASSO,KRR,4,0.8284934705618032,0.8476547385461322,0.6229915454563116,-0.056949717594606056
35.7696,-5.6054,|val|>=0.15,PCMCI,LIN,2,0.8233148656908225,0.8603569479231608,0.630702428349915,-0.052793183856985434
35.7696,-5.6054,|val|>=0.15,LASSO,LIN,2,0.8233148656908225,0.8603569479231608,0.630702428349915,-0.052793183856985434
35.7696,-5.6054,|val|>=0.15,PCMCI,KRR,2,0.8250263154912507,0.8561799105468968,0.6308777507479267,-0.0625481365303505
35.7696,-5.6054,|val|>=0.15,LASSO,KRR,2,0.8250263154912507,0.8561799105468968,0.6308777507479267,-0.0625481365303505
