lat,lon,method,k,features
21.7696,-13.1054,PCMCI,5,CLOUD_AMT_L1;PRECT_L1;T2M_L1;kc_L1;kc_L2
21.7696,-13.1054,TOPK_CORR,5,CLOUD_AMT_L1;kc_L1;DTR_L1;CLOUD_AMT_L2;kc_L2
21.7696,-13.1054,TOPK_MI,5,kc_L1;CLOUD_AMT_L1;kc_L2;PRECT_L1;CLOUD_AMT_L2
21.7696,-13.1054,LASSO_PATH,5,CLOUD_AMT_L1;kc_L1;PRECT_L1;T2M_L1;PS_L2
21.7696,-13.1054,OMP,5,kc_L1;T2M_L1;DTR_L7;PRECT_L1;CLOUD_AMT_L1
21.7696,-13.1054,ALL,56,all
21.7696,-13.6054,PCMCI,5,CLOUD_AMT_L1;PRECT_L1;T2M_L1;kc_L1;kc_L2
21.7696,-13.6054,TOPK_CORR,5,CLOUD_AMT_L1;kc_L1;DTR_L1;CLOUD_AMT_L2;kc_L2
21.7696,-13.6054,TOPK_MI,5,kc_L1;CLOUD_AMT_L1;kc_L2;CLOUD_AMT_L2;DTR_L1
21.7696,-13.6054,LASSO_PATH,5,CLOUD_AMT_L1;kc_L1;PRECT_L1;PS_L2;DTR_L5
21.7696,-13.6054,OMP,5,kc_L1;DTR_L5;PRECT_L1;PS_L2;CLOUD_AMT_L1
21.7696,-13.6054,ALL,56,all
21.7696,-14.1054,PCMCI,6,CLOUD_AMT_L1;T2M_L1;T2M_L2;T2M_L3;kc_L1;kc_L2
21.7696,-14.1054,TOPK_CORR,6,CLOUD_AMT_L1;kc_L1;CLOUD_AMT_L2;kc_L2;DTR_L1;PRECT_L1
21.7696,-14.1054,TOPK_MI,6,kc_L1;CLOUD_AMT_L1;CLOUD_AMT_L2;kc_L2;PRECT_L7;PRECT_L3
21.7696,-14.1054,LASSO_PATH,6,CLOUD_AMT_L1;kc_L1;DTR_L6;PRECT_L1;PS_L2;T2M_L1
21.7696,-14.1054,OMP,6,kc_L1;DTR_L6;PRECT_L1;PS_L2;CLOUD_AMT_L1;CLOUD_AMT_L2
21.7696,-14.1054,ALL,56,all
21.7696,-14.6054,PCMCI,6,CLOUD_AMT_L1;T2M_L1;T2M_L2;T2M_L3;kc_L1;kc_L2
21.7696,-14.6054,TOPK_CORR,6,CLOUD_AMT_L1;kc_L1;CLOUD_AMT_L2;kc_L2;DTR_L1;PRECT_L1
21.7696,-14.6054,TOPK_MI,6,kc_L1;CLOUD_AMT_L1;CLOUD_AMT_L2;kc_L2;PRECT_L7;PRECT_L3
21.7696,-14.6054,LASSO_PATH,6,CLOUD_AMT_L1;kc_L1;DTR_L6;PRECT_L1;PS_L2;T2M_L1
21.7696,-14.6054,OMP,6,kc_L1;DTR_L6;PRECT_L1;PS_L2;CLOUD_AMT_L1;CLOUD_AMT_L2
21.7696,-14.6054,ALL,56,all
21.7696,-15.1054,PCMCI,4,CLOUD_AMT_L1;DTR_L1;T2M_L1;kc_L1
21.7696,-15.1054,TOPK_CORR,4,kc_L1;CLOUD_AMT_L1;kc_L2;CLOUD_AMT_L2
21.7696,-15.1054,TOPK_MI,4,kc_L1;CLOUD_AMT_L1;kc_L2;CLOUD_AMT_L2
21.7696,-15.1054,LASSO_PATH,4,kc_L1;CLOUD_AMT_L1;PRECT_L1;kc_L7
21.7696,-15.1054,OMP,4,kc_L1;DTR_L1;CLOUD_AMT_L1;CLOUD_AMT_L7
21.7696,-15.1054,ALL,56,all
21.7696,-15.6054,PCMCI,4,CLOUD_AMT_L1;DTR_L1;T2M_L1;kc_L1
21.7696,-15.6054,TOPK_CORR,4,kc_L1;CLOUD_AMT_L1;kc_L2;CLOUD_AMT_L2
21.7696,-15.6054,TOPK_MI,4,kc_L1;CLOUD_AMT_L1;kc_L2;CLOUD_AMT_L2
21.7696,-15.6054,LASSO_PATH,4,kc_L1;CLOUD_AMT_L1;kc_L7;CLOUD_AMT_L7
21.7696,-15.6054,OMP,4,kc_L1;PS_L1;CLOUD_AMT_L1;CLOUD_AMT_L7
21.7696,-15.6054,ALL,56,all
21.7696,-16.1054,PCMCI,4,CLOUD_AMT_L1;DTR_L1;WS10M_L1;kc_L1
21.7696,-16.1054,TOPK_CORR,4,kc_L1;CLOUD_AMT_L1;CLOUD_AMT_L2;kc_L2
21.7696,-16.1054,TOPK_MI,4,kc_L1;CLOUD_AMT_L1;kc_L2;CLOUD_AMT_L3
21.7696,-16.1054,LASSO_PATH,4,kc_L1;CLOUD_AMT_L1;WS10M_L1;PS_L1
21.7696,-16.1054,OMP,4,kc_L1;WS10M_L1;WS10M_L2;CLOUD_AMT_L1
21.7696,-16.1054,ALL,56,all
21.7696,-16.6054,PCMCI,5,CLOUD_AMT_L1;DTR_L3;PS_L1;WS10M_L1;kc_L1
21.7696,-16.6054,TOPK_CORR,5,kc_L1;CLOUD_AMT_L1;CLOUD_AMT_L2;kc_L2;WS10M_L1
21.7696,-16.6054,TOPK_MI,5,kc_L1;CLOUD_AMT_L1;kc_L2;CLOUD_AMT_L3;CLOUD_AMT_L2
21.7696,-16.6054,LASSO_PATH,5,kc_L1;CLOUD_AMT_L1;WS10M_L1;PS_L1;DTR_L3
21.7696,-16.6054,OMP,5,kc_L1;DTR_L3;PS_L1;CLOUD_AMT_L1;CLOUD_AMT_L2
21.7696,-16.6054,ALL,56,all
22.2696,-13.1054,PCMCI,7,CLOUD_AMT_L1;CLOUD_AMT_L2;PRECT_L1;T2M_L1;T2M_L2;kc_L1;kc_L2
22.2696,-13.1054,TOPK_CORR,7,CLOUD_AMT_L1;kc_L1;kc_L2;CLOUD_AMT_L2;DTR_L1;PRECT_L1;T2M_L1
22.2696,-13.1054,TOPK_MI,7,kc_L1;CLOUD_AMT_L1;CLOUD_AMT_L2;PRECT_L1;PRECT_L2;kc_L2;kc_L3
22.2696,-13.1054,LASSO_PATH,7,CLOUD_AMT_L1;kc_L1;PRECT_L1;T2M_L1;PS_L2;CLOUD_AMT_L7;DTR_L6
22.2696,-13.1054,OMP,7,kc_L1;T2M_L1;T2M_L2;PRECT_L1;PS_L2;CLOUD_AMT_L1;CLOUD_AMT_L7
22.2696,-13.1054,ALL,56,all
22.2696,-13.6054,PCMCI,8,CLOUD_AMT_L1;CLOUD_AMT_L2;DTR_L1;PRECT_L1;T2M_L1;T2M_L2;kc_L1;kc_L2
22.2696,-13.6054,TOPK_CORR,8,CLOUD_AMT_L1;kc_L1;kc_L2;CLOUD_AMT_L2;DTR_L1;PRECT_L1;PRECT_L2;kc_L3
22.2696,-13.6054,TOPK_MI,8,kc_L1;CLOUD_AMT_L1;CLOUD_AMT_L2;kc_L2;kc_L3;PRECT_L4;PRECT_L1;CLOUD_AMT_L3
22.2696,-13.6054,LASSO_PATH,8,CLOUD_AMT_L1;kc_L1;PRECT_L1;PS_L2;T2M_L1;DTR_L6;DTR_L4;WS10M_L1
22.2696,-13.6054,OMP,8,kc_L1;DTR_L1;DTR_L4;DTR_L6;RH2M_L6;PRECT_L1;PS_L1;CLOUD_AMT_L1
22.2696,-13.6054,ALL,56,all
22.2696,-14.1054,PCMCI,7,CLOUD_AMT_L1;CLOUD_AMT_L2;DTR_L1;T2M_L1;T2M_L2;kc_L1;kc_L2
22.2696,-14.1054,TOPK_CORR,7,CLOUD_AMT_L1;kc_L1;kc_L2;CLOUD_AMT_L2;DTR_L1;PRECT_L1;PRECT_L2
22.2696,-14.1054,TOPK_MI,7,kc_L1;CLOUD_AMT_L1;kc_L2;RH2M_L3;CLOUD_AMT_L2;CLOUD_AMT_L3;kc_L3
22.2696,-14.1054,LASSO_PATH,7,CLOUD_AMT_L1;kc_L1;PRECT_L1;DTR_L6;PS_L2;kc_L7;T2M_L1
22.2696,-14.1054,OMP,7,kc_L1;DTR_L1;DTR_L3;DTR_L6;PRECT_L1;PS_L2;CLOUD_AMT_L1
22.2696,-14.1054,ALL,56,all
22.2696,-14.6054,PCMCI,7,CLOUD_AMT_L1;CLOUD_AMT_L2;DTR_L1;T2M_L1;T2M_L2;kc_L1;kc_L2
22.2696,-14.6054,TOPK_CORR,7,CLOUD_AMT_L1;kc_L1;kc_L2;CLOUD_AMT_L2;DTR_L1;PRECT_L1;PRECT_L2
22.2696,-14.6054,TOPK_MI,7,kc_L1;CLOUD_AMT_L1;kc_L2;RH2M_L3;CLOUD_AMT_L2;CLOUD_AMT_L3;kc_L3
22.2696,-14.6054,LASSO_PATH,7,CLOUD_AMT_L1;kc_L1;PRECT_L1;DTR_L6;PS_L2;kc_L7;T2M_L1
22.2696,-14.6054,OMP,7,kc_L1;DTR_L1;DTR_L3;DTR_L6;PRECT_L1;PS_L2;CLOUD_AMT_L1
22.2696,-14.6054,ALL,56,all
22.2696,-15.1054,PCMCI,5,CLOUD_AMT_L1;DTR_L1;T2M_L1;T2M_L3;kc_L1
22.2696,-15.1054,TOPK_CORR,5,CLOUD_AMT_L1;kc_L1;CLOUD_AMT_L2;kc_L2;DTR_L1
22.2696,-15.1054,TOPK_MI,5,kc_L1;CLOUD_AMT_L1;kc_L2;CLOUD_AMT_L2;CLOUD_AMT_L4
22.2696,-15.1054,LASSO_PATH,5,CLOUD_AMT_L1;kc_L1;DTR_L6;PRECT_L1;kc_L7
22.2696,-15.1054,OMP,5,kc_L1;DTR_L1;DTR_L6;PRECT_L1;CLOUD_AMT_L1
22.2696,-15.1054,ALL,56,all
22.2696,-15.6054,PCMCI,4,CLOUD_AMT_L1;DTR_L1;T2M_L1;kc_L1
22.2696,-15.6054,TOPK_CORR,4,CLOUD_AMT_L1;kc_L1;CLOUD_AMT_L2;kc_L2
22.2696,-15.6054,TOPK_MI,4,kc_L1;CLOUD_AMT_L1;kc_L2;CLOUD_AMT_L2
22.2696,-15.6054,LASSO_PATH,4,CLOUD_AMT_L1;kc_L1;DTR_L6;PRECT_L1
22.2696,-15.6054,OMP,4,kc_L1;DTR_L6;CLOUD_AMT_L1;CLOUD_AMT_L2
22.2696,-15.6054,ALL,56,all
22.2696,-16.1054,PCMCI,5,CLOUD_AMT_L1;CLOUD_AMT_L2;WS10M_L1;WS10M_L3;kc_L1
22.2696,-16.1054,TOPK_CORR,5,CLOUD_AMT_L1;kc_L1;CLOUD_AMT_L2;kc_L2;WS10M_L1
22.2696,-16.1054,TOPK_MI,5,kc_L1;CLOUD_AMT_L1;kc_L2;kc_L3;T2M_L1
22.2696,-16.1054,LASSO_PATH,5,CLOUD_AMT_L1;kc_L1;WS10M_L1;WS10M_L3;CLOUD_AMT_L2
22.2696,-16.1054,OMP,5,kc_L1;WS10M_L1;WS10M_L3;CLOUD_AMT_L1;CLOUD_AMT_L2
22.2696,-16.1054,ALL,56,all
22.2696,-16.6054,PCMCI,6,CLOUD_AMT_L1;CLOUD_AMT_L2;PRECT_L1;WS10M_L1;WS10M_L3;kc_L1
22.2696,-16.6054,TOPK_CORR,6,CLOUD_AMT_L1;kc_L1;CLOUD_AMT_L2;kc_L2;WS10M_L1;PS_L1
22.2696,-16.6054,TOPK_MI,6,kc_L1;CLOUD_AMT_L1;kc_L2;kc_L3;PRECT_L1;PRECT_L2
22.2696,-16.6054,LASSO_PATH,6,CLOUD_AMT_L1;kc_L1;WS10M_L1;PRECT_L1;PS_L1;WS10M_L3
22.2696,-16.6054,OMP,6,kc_L1;kc_L7;WS10M_L1;WS10M_L3;CLOUD_AMT_L1;CLOUD_AMT_L2
22.2696,-16.6054,ALL,56,all
22.7696,-13.6054,PCMCI,8,CLOUD_AMT_L1;CLOUD_AMT_L2;DTR_L1;PRECT_L1;T2M_L1;T2M_L2;kc_L1;kc_L2
22.7696,-13.6054,TOPK_CORR,8,CLOUD_AMT_L1;kc_L1;kc_L2;CLOUD_AMT_L2;PRECT_L1;DTR_L1;PRECT_L2;kc_L3
22.7696,-13.6054,TOPK_MI,8,kc_L1;CLOUD_AMT_L1;CLOUD_AMT_L2;kc_L2;PRECT_L1;kc_L3;PRECT_L3;PRECT_L4
22.7696,-13.6054,LASSO_PATH,8,CLOUD_AMT_L1;kc_L1;PRECT_L1;PS_L2;DTR_L6;T2M_L1;DTR_L4;PRECT_L3
22.7696,-13.6054,OMP,8,kc_L1;DTR_L1;DTR_L4;DTR_L6;PRECT_L1;PRECT_L3;PS_L2;CLOUD_AMT_L1
22.7696,-13.6054,ALL,56,all
22.7696,-14.1054,PCMCI,7,CLOUD_AMT_L1;DTR_L1;RH2M_L3;T2M_L1;T2M_L2;kc_L1;kc_L2
22.7696,-14.1054,TOPK_CORR,7,CLOUD_AMT_L1;kc_L1;kc_L2;CLOUD_AMT_L2;DTR_L1;PRECT_L1;PRECT_L2
22.7696,-14.1054,TOPK_MI,7,kc_L1;CLOUD_AMT_L1;kc_L2;CLOUD_AMT_L2;CLOUD_AMT_L3;kc_L3;RH2M_L2
22.7696,-14.1054,LASSO_PATH,7,CLOUD_AMT_L1;kc_L1;PRECT_L1;DTR_L6;PS_L2;kc_L7;RH2M_L3
22.7696,-14.1054,OMP,7,kc_L1;DTR_L1;DTR_L6;RH2M_L3;PRECT_L1;PS_L2;CLOUD_AMT_L1
22.7696,-14.1054,ALL,56,all
22.7696,-14.6054,PCMCI,7,CLOUD_AMT_L1;DTR_L1;RH2M_L3;T2M_L1;T2M_L2;kc_L1;kc_L2
22.7696,-14.6054,TOPK_CORR,7,CLOUD_AMT_L1;kc_L1;kc_L2;CLOUD_AMT_L2;DTR_L1;PRECT_L1;PRECT_L2
22.7696,-14.6054,TOPK_MI,7,kc_L1;CLOUD_AMT_L1;kc_L2;CLOUD_AMT_L2;CLOUD_AMT_L3;kc_L3;RH2M_L2
22.7696,-14.6054,LASSO_PATH,7,CLOUD_AMT_L1;kc_L1;PRECT_L1;DTR_L6;PS_L2;kc_L7;RH2M_L3
22.7696,-14.6054,OMP,7,kc_L1;DTR_L1;DTR_L6;RH2M_L3;PRECT_L1;PS_L2;CLOUD_AMT_L1
22.7696,-14.6054,ALL,56,all
22.7696,-15.1054,PCMCI,5,CLOUD_AMT_L1;DTR_L1;T2M_L1;kc_L1;kc_L2
22.7696,-15.1054,TOPK_CORR,5,CLOUD_AMT_L1;kc_L1;CLOUD_AMT_L2;kc_L2;PRECT_L1
22.7696,-15.1054,TOPK_MI,5,kc_L1;CLOUD_AMT_L1;kc_L2;CLOUD_AMT_L2;PRECT_L2
22.7696,-15.1054,LASSO_PATH,5,CLOUD_AMT_L1;kc_L1;DTR_L6;PRECT_L1;kc_L7
22.7696,-15.1054,OMP,5,kc_L1;DTR_L1;DTR_L6;PRECT_L1;CLOUD_AMT_L1
22.7696,-15.1054,ALL,56,all
22.7696,-15.6054,PCMCI,5,CLOUD_AMT_L1;DTR_L1;RH2M_L1;T2M_L1;kc_L1
22.7696,-15.6054,TOPK_CORR,5,CLOUD_AMT_L1;kc_L1;CLOUD_AMT_L2;kc_L2;PRECT_L1
22.7696,-15.6054,TOPK_MI,5,kc_L1;CLOUD_AMT_L1;kc_L2;CLOUD_AMT_L2;CLOUD_AMT_L4
22.7696,-15.6054,LASSO_PATH,5,CLOUD_AMT_L1;kc_L1;PRECT_L1;kc_L7;DTR_L6
22.7696,-15.6054,OMP,5,kc_L1;kc_L7;T2M_L3;PS_L1;CLOUD_AMT_L1
22.7696,-15.6054,ALL,56,all
22.7696,-16.1054,PCMCI,4,CLOUD_AMT_L1;CLOUD_AMT_L2;WS10M_L1;kc_L1
22.7696,-16.1054,TOPK_CORR,4,CLOUD_AMT_L1;kc_L1;CLOUD_AMT_L2;kc_L2
22.7696,-16.1054,TOPK_MI,4,kc_L1;CLOUD_AMT_L1;kc_L2;T2M_L1
22.7696,-16.1054,LASSO_PATH,4,CLOUD_AMT_L1;kc_L1;WS10M_L1;PS_L1
22.7696,-16.1054,OMP,4,kc_L1;WS10M_L1;CLOUD_AMT_L1;CLOUD_AMT_L2
22.7696,-16.1054,ALL,56,all
23.2696,-13.1054,PCMCI,9,CLOUD_AMT_L1;CLOUD_AMT_L2;CLOUD_AMT_L7;DTR_L1;PRECT_L1;T2M_L1;T2M_L2;T2M_L3;kc_L1
23.2696,-13.1054,TOPK_CORR,9,kc_L1;CLOUD_AMT_L1;PRECT_L1;kc_L2;CLOUD_AMT_L2;DTR_L1;PRECT_L2;T2M_L1;kc_L3
23.2696,-13.1054,TOPK_MI,9,kc_L1;CLOUD_AMT_L1;kc_L2;PRECT_L1;PRECT_L3;CLOUD_AMT_L2;PRECT_L2;PRECT_L4;kc_L5
23.2696,-13.1054,LASSO_PATH,9,kc_L1;CLOUD_AMT_L1;PRECT_L1;T2M_L1;PS_L1;T2M_L3;CLOUD_AMT_L7;kc_L7;DTR_L1
23.2696,-13.1054,OMP,9,kc_L1;T2M_L1;DTR_L1;DTR_L2;PRECT_L1;PS_L1;CLOUD_AMT_L1;CLOUD_AMT_L2;CLOUD_AMT_L7
23.2696,-13.1054,ALL,56,all
23.2696,-13.6054,PCMCI,7,CLOUD_AMT_L1;CLOUD_AMT_L7;DTR_L1;PRECT_L1;RH2M_L3;T2M_L1;kc_L1
23.2696,-13.6054,TOPK_CORR,7,kc_L1;CLOUD_AMT_L1;PRECT_L1;kc_L2;CLOUD_AMT_L2;DTR_L1;PRECT_L2
23.2696,-13.6054,TOPK_MI,7,kc_L1;CLOUD_AMT_L1;kc_L2;CLOUD_AMT_L2;PRECT_L1;PRECT_L2;PRECT_L5
23.2696,-13.6054,LASSO_PATH,7,kc_L1;CLOUD_AMT_L1;PRECT_L1;PS_L1;DTR_L1;CLOUD_AMT_L7;kc_L7
23.2696,-13.6054,OMP,7,kc_L1;kc_L7;DTR_L1;RH2M_L3;PRECT_L1;PS_L1;CLOUD_AMT_L1
23.2696,-13.6054,ALL,56,all
23.2696,-14.1054,PCMCI,7,CLOUD_AMT_L1;CLOUD_AMT_L7;DTR_L1;PRECT_L1;T2M_L1;T2M_L3;kc_L1
23.2696,-14.1054,TOPK_CORR,7,kc_L1;CLOUD_AMT_L1;kc_L2;CLOUD_AMT_L2;PRECT_L1;DTR_L1;T2M_L1
23.2696,-14.1054,TOPK_MI,7,kc_L1;CLOUD_AMT_L1;kc_L2;PRECT_L1;CLOUD_AMT_L6;PRECT_L2;T2M_L1
23.2696,-14.1054,LASSO_PATH,7,kc_L1;CLOUD_AMT_L1;PRECT_L1;kc_L7;T2M_L3;DTR_L6;RH2M_L3
23.2696,-14.1054,OMP,7,kc_L1;kc_L7;T2M_L3;DTR_L1;PRECT_L1;PS_L1;CLOUD_AMT_L1
23.2696,-14.1054,ALL,56,all
23.2696,-14.6054,PCMCI,7,CLOUD_AMT_L1;CLOUD_AMT_L7;DTR_L1;PRECT_L1;T2M_L1;T2M_L3;kc_L1
23.2696,-14.6054,TOPK_CORR,7,kc_L1;CLOUD_AMT_L1;kc_L2;CLOUD_AMT_L2;PRECT_L1;DTR_L1;T2M_L1
23.2696,-14.6054,TOPK_MI,7,kc_L1;CLOUD_AMT_L1;kc_L2;PRECT_L1;CLOUD_AMT_L6;PRECT_L2;T2M_L1
23.2696,-14.6054,LASSO_PATH,7,kc_L1;CLOUD_AMT_L1;PRECT_L1;kc_L7;T2M_L3;DTR_L6;RH2M_L3
23.2696,-14.6054,OMP,7,kc_L1;kc_L7;T2M_L3;DTR_L1;PRECT_L1;PS_L1;CLOUD_AMT_L1
23.2696,-14.6054,ALL,56,all
23.2696,-15.1054,PCMCI,5,CLOUD_AMT_L1;DTR_L1;PRECT_L1;T2M_L1;kc_L1
23.2696,-15.1054,TOPK_CORR,5,kc_L1;CLOUD_AMT_L1;kc_L2;CLOUD_AMT_L2;PRECT_L1
23.2696,-15.1054,TOPK_MI,5,kc_L1;CLOUD_AMT_L1;kc_L2;PRECT_L1;CLOUD_AMT_L6
23.2696,-15.1054,LASSO_PATH,5,kc_L1;CLOUD_AMT_L1;PS_L1;T2M_L3;PRECT_L1
23.2696,-15.1054,OMP,5,kc_L1;T2M_L3;DTR_L1;PS_L1;CLOUD_AMT_L1
23.2696,-15.1054,ALL,56,all
23.2696,-15.6054,PCMCI,6,CLOUD_AMT_L1;DTR_L1;DTR_L3;PRECT_L1;PS_L1;kc_L1
23.2696,-15.6054,TOPK_CORR,6,kc_L1;CLOUD_AMT_L1;kc_L2;CLOUD_AMT_L2;PRECT_L1;T2M_L1
23.2696,-15.6054,TOPK_MI,6,kc_L1;CLOUD_AMT_L1;kc_L2;CLOUD_AMT_L6;WS10M_L2;CLOUD_AMT_L2
23.2696,-15.6054,LASSO_PATH,6,kc_L1;CLOUD_AMT_L1;PS_L1;PRECT_L1;DTR_L3;T2M_L3
23.2696,-15.6054,OMP,6,kc_L1;DTR_L1;DTR_L3;PS_L1;CLOUD_AMT_L1;CLOUD_AMT_L2
23.2696,-15.6054,ALL,56,all
23.7696,-12.1054,PCMCI,8,CLOUD_AMT_L1;CLOUD_AMT_L2;DTR_L1;PRECT_L1;T2M_L1;T2M_L2;T2M_L3;kc_L1
23.7696,-12.1054,TOPK_CORR,8,kc_L1;CLOUD_AMT_L1;kc_L2;PRECT_L1;CLOUD_AMT_L2;DTR_L1;PRECT_L2;T2M_L1
23.7696,-12.1054,TOPK_MI,8,kc_L1;CLOUD_AMT_L1;kc_L2;PRECT_L1;CLOUD_AMT_L2;PRECT_L2;PRECT_L7;PRECT_L4
23.7696,-12.1054,LASSO_PATH,8,CLOUD_AMT_L1;kc_L1;PRECT_L1;T2M_L1;CLOUD_AMT_L7;T2M_L3;PRECT_L2;CLOUD_AMT_L5
23.7696,-12.1054,OMP,8,kc_L1;kc_L2;T2M_L1;T2M_L2;PRECT_L1;CLOUD_AMT_L1;CLOUD_AMT_L2;CLOUD_AMT_L7
23.7696,-12.1054,ALL,56,all
23.7696,-12.6054,PCMCI,6,CLOUD_AMT_L1;DTR_L1;PRECT_L1;T2M_L1;T2M_L2;kc_L1
23.7696,-12.6054,TOPK_CORR,6,kc_L1;CLOUD_AMT_L1;kc_L2;CLOUD_AMT_L2;PRECT_L1;DTR_L1
23.7696,-12.6054,TOPK_MI,6,kc_L1;CLOUD_AMT_L1;kc_L2;PRECT_L1;PRECT_L6;CLOUD_AMT_L2
23.7696,-12.6054,LASSO_PATH,6,CLOUD_AMT_L1;kc_L1;PRECT_L1;T2M_L1;CLOUD_AMT_L7;T2M_L3
23.7696,-12.6054,OMP,6,kc_L1;T2M_L1;DTR_L1;PRECT_L1;CLOUD_AMT_L1;CLOUD_AMT_L7
23.7696,-12.6054,ALL,56,all
23.7696,-13.1054,PCMCI,6,CLOUD_AMT_L1;CLOUD_AMT_L7;DTR_L1;PRECT_L1;T2M_L1;kc_L1
23.7696,-13.1054,TOPK_CORR,6,kc_L1;CLOUD_AMT_L1;kc_L2;PRECT_L1;CLOUD_AMT_L2;DTR_L1
23.7696,-13.1054,TOPK_MI,6,kc_L1;CLOUD_AMT_L1;kc_L2;PRECT_L1;PRECT_L3;PRECT_L2
23.7696,-13.1054,LASSO_PATH,6,kc_L1;CLOUD_AMT_L1;PRECT_L1;T2M_L1;CLOUD_AMT_L7;PS_L1
23.7696,-13.1054,OMP,6,kc_L1;DTR_L1;PRECT_L1;PS_L2;CLOUD_AMT_L1;CLOUD_AMT_L7
23.7696,-13.1054,ALL,56,all
23.7696,-13.6054,PCMCI,7,CLOUD_AMT_L1;CLOUD_AMT_L7;DTR_L1;PRECT_L1;RH2M_L3;T2M_L1;kc_L1
23.7696,-13.6054,TOPK_CORR,7,kc_L1;CLOUD_AMT_L1;kc_L2;PRECT_L1;CLOUD_AMT_L2;DTR_L1;PRECT_L2
23.7696,-13.6054,TOPK_MI,7,kc_L1;CLOUD_AMT_L1;PRECT_L1;kc_L2;CLOUD_AMT_L2;PRECT_L2;kc_L5
23.7696,-13.6054,LASSO_PATH,7,kc_L1;CLOUD_AMT_L1;PRECT_L1;PS_L1;DTR_L1;CLOUD_AMT_L7;kc_L7
23.7696,-13.6054,OMP,7,kc_L1;DTR_L1;RH2M_L3;PRECT_L1;PS_L1;CLOUD_AMT_L1;CLOUD_AMT_L7
23.7696,-13.6054,ALL,56,all
23.7696,-14.1054,PCMCI,5,CLOUD_AMT_L1;DTR_L1;RH2M_L3;T2M_L1;kc_L1
23.7696,-14.1054,TOPK_CORR,5,kc_L1;CLOUD_AMT_L1;kc_L2;CLOUD_AMT_L2;PRECT_L1
23.7696,-14.1054,TOPK_MI,5,kc_L1;CLOUD_AMT_L1;kc_L2;PRECT_L3;PRECT_L1
23.7696,-14.1054,LASSO_PATH,5,kc_L1;CLOUD_AMT_L1;kc_L7;RH2M_L3;PRECT_L1
23.7696,-14.1054,OMP,5,kc_L1;kc_L4;DTR_L1;RH2M_L3;CLOUD_AMT_L1
23.7696,-14.1054,ALL,56,all
23.7696,-14.6054,PCMCI,5,CLOUD_AMT_L1;DTR_L1;RH2M_L3;T2M_L1;kc_L1
23.7696,-14.6054,TOPK_CORR,5,kc_L1;CLOUD_AMT_L1;kc_L2;CLOUD_AMT_L2;PRECT_L1
23.7696,-14.6054,TOPK_MI,5,kc_L1;CLOUD_AMT_L1;kc_L2;PRECT_L3;PRECT_L1
23.7696,-14.6054,LASSO_PATH,5,kc_L1;CLOUD_AMT_L1;kc_L7;RH2M_L3;PRECT_L1
23.7696,-14.6054,OMP,5,kc_L1;kc_L4;DTR_L1;RH2M_L3;CLOUD_AMT_L1
23.7696,-14.6054,ALL,56,all
23.7696,-15.1054,PCMCI,5,CLOUD_AMT_L1;DTR_L1;DTR_L3;PRECT_L1;kc_L1
23.7696,-15.1054,TOPK_CORR,5,kc_L1;CLOUD_AMT_L1;kc_L2;CLOUD_AMT_L2;PRECT_L1
23.7696,-15.1054,TOPK_MI,5,kc_L1;CLOUD_AMT_L1;kc_L2;CLOUD_AMT_L6;CLOUD_AMT_L2
23.7696,-15.1054,LASSO_PATH,5,kc_L1;CLOUD_AMT_L1;PS_L1;PRECT_L1;T2M_L3
23.7696,-15.1054,OMP,5,kc_L1;DTR_L1;DTR_L3;PS_L1;CLOUD_AMT_L1
23.7696,-15.1054,ALL,56,all
23.7696,-15.6054,PCMCI,6,CLOUD_AMT_L1;CLOUD_AMT_L2;DTR_L1;PS_L1;T2M_L1;kc_L1
23.7696,-15.6054,TOPK_CORR,6,kc_L1;CLOUD_AMT_L1;kc_L2;CLOUD_AMT_L2;PRECT_L1;T2M_L1
23.7696,-15.6054,TOPK_MI,6,kc_L1;CLOUD_AMT_L1;kc_L2;CLOUD_AMT_L6;CLOUD_AMT_L2;CLOUD_AMT_L7
23.7696,-15.6054,LASSO_PATH,6,kc_L1;CLOUD_AMT_L1;PS_L1;PRECT_L1;DTR_L1;DTR_L3
23.7696,-15.6054,OMP,6,kc_L1;DTR_L1;DTR_L2;PS_L1;CLOUD_AMT_L1;CLOUD_AMT_L2
23.7696,-15.6054,ALL,56,all
24.2696,-12.1054,PCMCI,7,CLOUD_AMT_L1;CLOUD_AMT_L2;PRECT_L1;T2M_L1;T2M_L2;T2M_L3;kc_L1
24.2696,-12.1054,TOPK_CORR,7,kc_L1;CLOUD_AMT_L1;DTR_L1;PRECT_L1;kc_L2;CLOUD_AMT_L2;T2M_L1
24.2696,-12.1054,TOPK_MI,7,kc_L1;CLOUD_AMT_L1;kc_L2;PRECT_L1;PRECT_L3;PRECT_L2;CLOUD_AMT_L2
24.2696,-12.1054,LASSO_PATH,7,CLOUD_AMT_L1;kc_L1;PRECT_L1;T2M_L1;kc_L7;T2M_L3;CLOUD_AMT_L7
24.2696,-12.1054,OMP,7,kc_L1;kc_L7;T2M_L1;T2M_L3;PRECT_L1;CLOUD_AMT_L1;CLOUD_AMT_L2
24.2696,-12.1054,ALL,56,all
24.2696,-12.6054,PCMCI,7,CLOUD_AMT_L1;DTR_L1;PRECT_L1;T2M_L1;T2M_L2;T2M_L3;kc_L1
24.2696,-12.6054,TOPK_CORR,7,kc_L1;CLOUD_AMT_L1;kc_L2;CLOUD_AMT_L2;PRECT_L1;DTR_L1;T2M_L1
24.2696,-12.6054,TOPK_MI,7,kc_L1;CLOUD_AMT_L1;kc_L2;PRECT_L1;PRECT_L2;CLOUD_AMT_L2;PRECT_L3
24.2696,-12.6054,LASSO_PATH,7,CLOUD_AMT_L1;kc_L1;PRECT_L1;T2M_L1;kc_L7;T2M_L3;CLOUD_AMT_L7
24.2696,-12.6054,OMP,7,kc_L1;kc_L7;T2M_L1;DTR_L1;PRECT_L1;CLOUD_AMT_L1;CLOUD_AMT_L2
24.2696,-12.6054,ALL,56,all
24.2696,-13.1054,PCMCI,6,CLOUD_AMT_L1;CLOUD_AMT_L2;DTR_L1;PRECT_L1;T2M_L1;kc_L1
24.2696,-13.1054,TOPK_CORR,6,kc_L1;CLOUD_AMT_L1;PRECT_L1;kc_L2;CLOUD_AMT_L2;DTR_L1
24.2696,-13.1054,TOPK_MI,6,kc_L1;CLOUD_AMT_L1;kc_L2;CLOUD_AMT_L4;PRECT_L5;PRECT_L1
24.2696,-13.1054,LASSO_PATH,6,kc_L1;CLOUD_AMT_L1;PRECT_L1;PS_L1;kc_L7;T2M_L1
24.2696,-13.1054,OMP,6,kc_L1;kc_L7;DTR_L1;PRECT_L1;CLOUD_AMT_L1;CLOUD_AMT_L2
24.2696,-13.1054,ALL,56,all
24.2696,-13.6054,PCMCI,5,CLOUD_AMT_L1;CLOUD_AMT_L2;DTR_L1;PRECT_L1;kc_L1
24.2696,-13.6054,TOPK_CORR,5,kc_L1;CLOUD_AMT_L1;PRECT_L1;kc_L2;CLOUD_AMT_L2
24.2696,-13.6054,TOPK_MI,5,kc_L1;CLOUD_AMT_L1;PRECT_L1;kc_L2;PRECT_L2
24.2696,-13.6054,LASSO_PATH,5,kc_L1;CLOUD_AMT_L1;PRECT_L1;PS_L1;kc_L7
24.2696,-13.6054,OMP,5,kc_L1;DTR_L1;RH2M_L3;PRECT_L1;CLOUD_AMT_L1
24.2696,-13.6054,ALL,56,all
24.2696,-14.1054,PCMCI,7,CLOUD_AMT_L1;CLOUD_AMT_L2;DTR_L1;PRECT_L1;T2M_L1;kc_L1;kc_L2
24.2696,-14.1054,TOPK_CORR,7,kc_L1;CLOUD_AMT_L1;kc_L2;CLOUD_AMT_L2;PRECT_L1;T2M_L1;DTR_L1
24.2696,-14.1054,TOPK_MI,7,kc_L1;CLOUD_AMT_L1;CLOUD_AMT_L2;kc_L2;PRECT_L1;CLOUD_AMT_L3;CLOUD_AMT_L4
24.2696,-14.1054,LASSO_PATH,7,kc_L1;CLOUD_AMT_L1;PRECT_L1;PS_L1;T2M_L3;T2M_L1;DTR_L1
24.2696,-14.1054,OMP,7,kc_L1;DTR_L1;DTR_L3;PRECT_L1;PS_L1;CLOUD_AMT_L1;CLOUD_AMT_L2
24.2696,-14.1054,ALL,56,all
24.2696,-14.6054,PCMCI,7,CLOUD_AMT_L1;CLOUD_AMT_L2;DTR_L1;PRECT_L1;T2M_L1;kc_L1;kc_L2
24.2696,-14.6054,TOPK_CORR,7,kc_L1;CLOUD_AMT_L1;kc_L2;CLOUD_AMT_L2;PRECT_L1;T2M_L1;DTR_L1
24.2696,-14.6054,TOPK_MI,7,kc_L1;CLOUD_AMT_L1;CLOUD_AMT_L2;kc_L2;PRECT_L1;CLOUD_AMT_L3;CLOUD_AMT_L4
24.2696,-14.6054,LASSO_PATH,7,kc_L1;CLOUD_AMT_L1;PRECT_L1;PS_L1;T2M_L3;T2M_L1;DTR_L1
24.2696,-14.6054,OMP,7,kc_L1;DTR_L1;DTR_L3;PRECT_L1;PS_L1;CLOUD_AMT_L1;CLOUD_AMT_L2
24.2696,-14.6054,ALL,56,all
24.2696,-15.1054,PCMCI,8,CLOUD_AMT_L1;CLOUD_AMT_L2;DTR_L1;PRECT_L1;T2M_L1;T2M_L2;kc_L1;kc_L2
24.2696,-15.1054,TOPK_CORR,8,kc_L1;CLOUD_AMT_L1;kc_L2;CLOUD_AMT_L2;T2M_L1;PRECT_L1;PS_L1;PRECT_L2
24.2696,-15.1054,TOPK_MI,8,kc_L1;CLOUD_AMT_L1;T2M_L1;kc_L2;DTR_L1;PRECT_L1;WS10M_L5;kc_L3
24.2696,-15.1054,LASSO_PATH,8,kc_L1;CLOUD_AMT_L1;T2M_L3;PRECT_L1;CLOUD_AMT_L2;T2M_L1;DTR_L1;CLOUD_AMT_L3
24.2696,-15.1054,OMP,8,kc_L1;T2M_L1;T2M_L3;DTR_L1;DTR_L2;PRECT_L1;CLOUD_AMT_L1;CLOUD_AMT_L2
24.2696,-15.1054,ALL,56,all
24.7696,-12.1054,PCMCI,7,CLOUD_AMT_L1;CLOUD_AMT_L2;DTR_L1;PRECT_L1;T2M_L1;T2M_L2;kc_L1
24.7696,-12.1054,TOPK_CORR,7,kc_L1;CLOUD_AMT_L1;kc_L2;CLOUD_AMT_L2;DTR_L1;PRECT_L1;T2M_L1
24.7696,-12.1054,TOPK_MI,7,kc_L1;CLOUD_AMT_L1;kc_L2;PRECT_L1;PRECT_L2;PRECT_L3;CLOUD_AMT_L2
24.7696,-12.1054,LASSO_PATH,7,kc_L1;CLOUD_AMT_L1;PRECT_L1;T2M_L1;kc_L7;T2M_L3;DTR_L4
24.7696,-12.1054,OMP,7,kc_L1;kc_L7;T2M_L1;T2M_L3;PRECT_L1;CLOUD_AMT_L1;CLOUD_AMT_L2
24.7696,-12.1054,ALL,56,all
24.7696,-12.6054,PCMCI,6,CLOUD_AMT_L1;DTR_L1;PRECT_L1;T2M_L1;T2M_L2;kc_L1
24.7696,-12.6054,TOPK_CORR,6,kc_L1;CLOUD_AMT_L1;kc_L2;CLOUD_AMT_L2;PRECT_L1;DTR_L1
24.7696,-12.6054,TOPK_MI,6,kc_L1;CLOUD_AMT_L1;PRECT_L1;kc_L2;PRECT_L2;PRECT_L3
24.7696,-12.6054,LASSO_PATH,6,CLOUD_AMT_L1;kc_L1;PRECT_L1;T2M_L1;kc_L7;T2M_L3
24.7696,-12.6054,OMP,6,kc_L1;kc_L7;DTR_L1;PRECT_L1;CLOUD_AMT_L1;CLOUD_AMT_L2
24.7696,-12.6054,ALL,56,all
24.7696,-13.1054,PCMCI,6,CLOUD_AMT_L1;CLOUD_AMT_L2;DTR_L1;PRECT_L1;T2M_L1;kc_L1
24.7696,-13.1054,TOPK_CORR,6,kc_L1;CLOUD_AMT_L1;kc_L2;PRECT_L1;CLOUD_AMT_L2;DTR_L1
24.7696,-13.1054,TOPK_MI,6,kc_L1;CLOUD_AMT_L1;kc_L2;CLOUD_AMT_L4;PRECT_L2;RH2M_L6
24.7696,-13.1054,LASSO_PATH,6,kc_L1;CLOUD_AMT_L1;PRECT_L1;PS_L1;kc_L7;CLOUD_AMT_L2
24.7696,-13.1054,OMP,6,kc_L1;kc_L7;PRECT_L1;PS_L1;CLOUD_AMT_L1;CLOUD_AMT_L2
24.7696,-13.1054,ALL,56,all
24.7696,-13.6054,PCMCI,6,CLOUD_AMT_L1;CLOUD_AMT_L2;DTR_L1;PRECT_L1;T2M_L1;kc_L1
24.7696,-13.6054,TOPK_CORR,6,kc_L1;CLOUD_AMT_L1;kc_L2;PRECT_L1;CLOUD_AMT_L2;DTR_L1
24.7696,-13.6054,TOPK_MI,6,kc_L1;CLOUD_AMT_L1;PRECT_L1;PRECT_L4;kc_L2;PRECT_L3
24.7696,-13.6054,LASSO_PATH,6,kc_L1;CLOUD_AMT_L1;PRECT_L1;PS_L1;kc_L7;RH2M_L3
24.7696,-13.6054,OMP,6,kc_L1;kc_L7;PRECT_L1;PS_L1;CLOUD_AMT_L1;CLOUD_AMT_L2
24.7696,-13.6054,ALL,56,all
24.7696,-14.1054,PCMCI,8,CLOUD_AMT_L1;CLOUD_AMT_L2;DTR_L1;PRECT_L1;T2M_L1;WS10M_L1;kc_L1;kc_L2
24.7696,-14.1054,TOPK_CORR,8,kc_L1;CLOUD_AMT_L1;kc_L2;CLOUD_AMT_L2;PRECT_L1;T2M_L1;kc_L3;PS_L2
24.7696,-14.1054,TOPK_MI,8,kc_L1;CLOUD_AMT_L1;CLOUD_AMT_L2;kc_L2;T2M_L5;CLOUD_AMT_L3;PRECT_L3;CLOUD_AMT_L4
24.7696,-14.1054,LASSO_PATH,8,kc_L1;CLOUD_AMT_L1;PRECT_L1;T2M_L1;PS_L1;DTR_L1;DTR_L3;T2M_L3
24.7696,-14.1054,OMP,8,kc_L1;DTR_L1;DTR_L3;WS10M_L1;PRECT_L1;PS_L1;CLOUD_AMT_L1;CLOUD_AMT_L2
24.7696,-14.1054,ALL,56,all
24.7696,-14.6054,PCMCI,8,CLOUD_AMT_L1;CLOUD_AMT_L2;DTR_L1;PRECT_L1;T2M_L1;WS10M_L1;kc_L1;kc_L2
24.7696,-14.6054,TOPK_CORR,8,kc_L1;CLOUD_AMT_L1;kc_L2;CLOUD_AMT_L2;PRECT_L1;T2M_L1;kc_L3;PS_L2
24.7696,-14.6054,TOPK_MI,8,kc_L1;CLOUD_AMT_L1;CLOUD_AMT_L2;kc_L2;T2M_L5;CLOUD_AMT_L3;PRECT_L3;CLOUD_AMT_L4
24.7696,-14.6054,LASSO_PATH,8,kc_L1;CLOUD_AMT_L1;PRECT_L1;T2M_L1;PS_L1;DTR_L1;DTR_L3;T2M_L3
24.7696,-14.6054,OMP,8,kc_L1;DTR_L1;DTR_L3;WS10M_L1;PRECT_L1;PS_L1;CLOUD_AMT_L1;CLOUD_AMT_L2
24.7696,-14.6054,ALL,56,all
25.2696,-12.1054,PCMCI,4,CLOUD_AMT_L1;PRECT_L1;T2M_L1;kc_L1
25.2696,-12.1054,TOPK_CORR,4,kc_L1;CLOUD_AMT_L1;kc_L2;PRECT_L1
25.2696,-12.1054,TOPK_MI,4,kc_L1;CLOUD_AMT_L1;CLOUD_AMT_L2;kc_L2
25.2696,-12.1054,LASSO_PATH,4,kc_L1;CLOUD_AMT_L1;PRECT_L1;T2M_L1
25.2696,-12.1054,OMP,4,kc_L1;T2M_L1;CLOUD_AMT_L1;CLOUD_AMT_L2
25.2696,-12.1054,ALL,56,all
25.2696,-12.6054,PCMCI,4,CLOUD_AMT_L1;PRECT_L1;T2M_L1;kc_L1
25.2696,-12.6054,TOPK_CORR,4,kc_L1;CLOUD_AMT_L1;kc_L2;CLOUD_AMT_L2
25.2696,-12.6054,TOPK_MI,4,kc_L1;CLOUD_AMT_L1;PRECT_L1;CLOUD_AMT_L2
25.2696,-12.6054,LASSO_PATH,4,kc_L1;CLOUD_AMT_L1;PRECT_L1;PS_L1
25.2696,-12.6054,OMP,4,kc_L1;PS_L1;CLOUD_AMT_L1;CLOUD_AMT_L2
25.2696,-12.6054,ALL,56,all
25.2696,-13.1054,PCMCI,6,CLOUD_AMT_L1;CLOUD_AMT_L2;PRECT_L1;T2M_L1;WS10M_L1;kc_L1
25.2696,-13.1054,TOPK_CORR,6,kc_L1;CLOUD_AMT_L1;kc_L2;PRECT_L1;CLOUD_AMT_L2;DTR_L1
25.2696,-13.1054,TOPK_MI,6,kc_L1;CLOUD_AMT_L1;kc_L2;PRECT_L4;DTR_L1;RH2M_L7
25.2696,-13.1054,LASSO_PATH,6,kc_L1;CLOUD_AMT_L1;PS_L1;PRECT_L1;CLOUD_AMT_L2;RH2M_L3
25.2696,-13.1054,OMP,6,kc_L1;DTR_L1;PRECT_L1;PS_L1;CLOUD_AMT_L1;CLOUD_AMT_L2
25.2696,-13.1054,ALL,56,all
25.2696,-13.6054,PCMCI,7,CLOUD_AMT_L1;CLOUD_AMT_L2;PRECT_L1;PS_L1;T2M_L1;WS10M_L1;kc_L1
25.2696,-13.6054,TOPK_CORR,7,kc_L1;CLOUD_AMT_L1;kc_L2;PRECT_L1;CLOUD_AMT_L2;PS_L1;DTR_L1
25.2696,-13.6054,TOPK_MI,7,kc_L1;CLOUD_AMT_L1;kc_L2;PRECT_L4;PRECT_L3;PRECT_L6;PRECT_L5
25.2696,-13.6054,LASSO_PATH,7,kc_L1;CLOUD_AMT_L1;PS_L1;PRECT_L1;CLOUD_AMT_L2;T2M_L3;T2M_L1
25.2696,-13.6054,OMP,7,kc_L1;T2M_L1;T2M_L3;PRECT_L1;PS_L1;CLOUD_AMT_L1;CLOUD_AMT_L2
25.2696,-13.6054,ALL,56,all
25.2696,-14.1054,PCMCI,9,CLOUD_AMT_L1;CLOUD_AMT_L2;DTR_L3;PRECT_L1;PS_L1;T2M_L1;T2M_L2;T2M_L3;kc_L1
25.2696,-14.1054,TOPK_CORR,9,kc_L1;CLOUD_AMT_L1;kc_L2;CLOUD_AMT_L2;T2M_L1;PRECT_L1;PS_L1;PS_L2;kc_L3
25.2696,-14.1054,TOPK_MI,9,kc_L1;CLOUD_AMT_L1;kc_L2;PRECT_L6;T2M_L7;T2M_L5;CLOUD_AMT_L2;PS_L1;PRECT_L1
25.2696,-14.1054,LASSO_PATH,9,kc_L1;CLOUD_AMT_L1;PS_L1;T2M_L1;PRECT_L1;T2M_L3;PRECT_L7;DTR_L3;WS10M_L3
25.2696,-14.1054,OMP,9,kc_L1;T2M_L1;T2M_L3;DTR_L2;PRECT_L1;PRECT_L7;PS_L1;CLOUD_AMT_L1;CLOUD_AMT_L2
25.2696,-14.1054,ALL,56,all
25.2696,-14.6054,PCMCI,9,CLOUD_AMT_L1;CLOUD_AMT_L2;DTR_L3;PRECT_L1;PS_L1;T2M_L1;T2M_L2;T2M_L3;kc_L1
25.2696,-14.6054,TOPK_CORR,9,kc_L1;CLOUD_AMT_L1;kc_L2;CLOUD_AMT_L2;T2M_L1;PRECT_L1;PS_L1;PS_L2;kc_L3
25.2696,-14.6054,TOPK_MI,9,kc_L1;CLOUD_AMT_L1;kc_L2;PRECT_L6;T2M_L7;T2M_L5;CLOUD_AMT_L2;PS_L1;PRECT_L1
25.2696,-14.6054,LASSO_PATH,9,kc_L1;CLOUD_AMT_L1;PS_L1;T2M_L1;PRECT_L1;T2M_L3;PRECT_L7;DTR_L3;WS10M_L3
25.2696,-14.6054,OMP,9,kc_L1;T2M_L1;T2M_L3;DTR_L2;PRECT_L1;PRECT_L7;PS_L1;CLOUD_AMT_L1;CLOUD_AMT_L2
25.2696,-14.6054,ALL,56,all
25.7696,-12.1054,PCMCI,5,CLOUD_AMT_L1;DTR_L1;T2M_L1;WS10M_L1;kc_L1
25.7696,-12.1054,TOPK_CORR,5,kc_L1;CLOUD_AMT_L1;kc_L2;CLOUD_AMT_L2;PRECT_L1
25.7696,-12.1054,TOPK_MI,5,kc_L1;CLOUD_AMT_L1;CLOUD_AMT_L2;kc_L2;PRECT_L3
25.7696,-12.1054,LASSO_PATH,5,kc_L1;CLOUD_AMT_L1;PRECT_L1;T2M_L1;PS_L1
25.7696,-12.1054,OMP,5,kc_L1;T2M_L1;RH2M_L3;CLOUD_AMT_L1;CLOUD_AMT_L2
25.7696,-12.1054,ALL,56,all
25.7696,-12.6054,PCMCI,3,CLOUD_AMT_L1;T2M_L1;kc_L1
25.7696,-12.6054,TOPK_CORR,3,kc_L1;CLOUD_AMT_L1;kc_L2
25.7696,-12.6054,TOPK_MI,3,kc_L1;CLOUD_AMT_L1;CLOUD_AMT_L2
25.7696,-12.6054,LASSO_PATH,3,kc_L1;CLOUD_AMT_L1;PS_L1
25.7696,-12.6054,OMP,3,kc_L1;PS_L1;CLOUD_AMT_L1
25.7696,-12.6054,ALL,56,all
25.7696,-13.1054,PCMCI,5,CLOUD_AMT_L1;CLOUD_AMT_L2;T2M_L1;WS10M_L1;kc_L1
25.7696,-13.1054,TOPK_CORR,5,kc_L1;CLOUD_AMT_L1;kc_L2;CLOUD_AMT_L2;PRECT_L1
25.7696,-13.1054,TOPK_MI,5,kc_L1;CLOUD_AMT_L1;kc_L2;PRECT_L4;PRECT_L3
25.7696,-13.1054,LASSO_PATH,5,kc_L1;CLOUD_AMT_L1;PS_L1;PRECT_L1;RH2M_L3
25.7696,-13.1054,OMP,5,kc_L1;T2M_L3;PS_L1;CLOUD_AMT_L1;CLOUD_AMT_L2
25.7696,-13.1054,ALL,56,all
25.7696,-13.6054,PCMCI,6,CLOUD_AMT_L1;CLOUD_AMT_L2;PRECT_L1;T2M_L1;WS10M_L1;kc_L1
25.7696,-13.6054,TOPK_CORR,6,kc_L1;CLOUD_AMT_L1;kc_L2;CLOUD_AMT_L2;PRECT_L1;PS_L1
25.7696,-13.6054,TOPK_MI,6,kc_L1;CLOUD_AMT_L1;kc_L2;PRECT_L2;T2M_L1;RH2M_L1
25.7696,-13.6054,LASSO_PATH,6,kc_L1;CLOUD_AMT_L1;PS_L1;PRECT_L1;CLOUD_AMT_L2;T2M_L3
25.7696,-13.6054,OMP,6,kc_L1;DTR_L3;PRECT_L1;PS_L1;CLOUD_AMT_L1;CLOUD_AMT_L2
25.7696,-13.6054,ALL,56,all
25.7696,-14.1054,PCMCI,7,CLOUD_AMT_L1;CLOUD_AMT_L2;DTR_L3;PS_L1;T2M_L1;T2M_L2;kc_L1
25.7696,-14.1054,TOPK_CORR,7,kc_L1;CLOUD_AMT_L1;kc_L2;CLOUD_AMT_L2;T2M_L1;PS_L1;PRECT_L1
25.7696,-14.1054,TOPK_MI,7,kc_L1;CLOUD_AMT_L1;kc_L2;CLOUD_AMT_L2;WS10M_L2;RH2M_L1;PRECT_L6
25.7696,-14.1054,LASSO_PATH,7,kc_L1;CLOUD_AMT_L1;PS_L1;T2M_L1;PRECT_L7;DTR_L3;PRECT_L1
25.7696,-14.1054,OMP,7,kc_L1;T2M_L1;T2M_L3;PRECT_L7;PS_L1;CLOUD_AMT_L1;CLOUD_AMT_L2
25.7696,-14.1054,ALL,56,all
25.7696,-14.6054,PCMCI,7,CLOUD_AMT_L1;CLOUD_AMT_L2;DTR_L3;PS_L1;T2M_L1;T2M_L2;kc_L1
25.7696,-14.6054,TOPK_CORR,7,kc_L1;CLOUD_AMT_L1;kc_L2;CLOUD_AMT_L2;T2M_L1;PS_L1;PRECT_L1
25.7696,-14.6054,TOPK_MI,7,kc_L1;CLOUD_AMT_L1;kc_L2;CLOUD_AMT_L2;WS10M_L2;RH2M_L1;PRECT_L6
25.7696,-14.6054,LASSO_PATH,7,kc_L1;CLOUD_AMT_L1;PS_L1;T2M_L1;PRECT_L7;DTR_L3;PRECT_L1
25.7696,-14.6054,OMP,7,kc_L1;T2M_L1;T2M_L3;PRECT_L7;PS_L1;CLOUD_AMT_L1;CLOUD_AMT_L2
25.7696,-14.6054,ALL,56,all
26.2696,-10.1054,PCMCI,7,CLOUD_AMT_L1;CLOUD_AMT_L2;T2M_L1;T2M_L2;WS10M_L1;kc_L1;kc_L2
26.2696,-10.1054,TOPK_CORR,7,CLOUD_AMT_L1;kc_L1;DTR_L1;CLOUD_AMT_L2;kc_L2;PRECT_L1;T2M_L1
26.2696,-10.1054,TOPK_MI,7,kc_L1;CLOUD_AMT_L1;PRECT_L1;DTR_L1;CLOUD_AMT_L2;kc_L2;PRECT_L2
26.2696,-10.1054,LASSO_PATH,7,CLOUD_AMT_L1;kc_L1;T2M_L1;PS_L1;PRECT_L1;CLOUD_AMT_L2;DTR_L4
26.2696,-10.1054,OMP,7,kc_L1;T2M_L1;DTR_L4;RH2M_L2;WS10M_L1;CLOUD_AMT_L1;CLOUD_AMT_L2
26.2696,-10.1054,ALL,56,all
26.2696,-10.6054,PCMCI,7,CLOUD_AMT_L1;CLOUD_AMT_L2;PS_L1;T2M_L1;T2M_L2;kc_L1;kc_L2
26.2696,-10.6054,TOPK_CORR,7,CLOUD_AMT_L1;kc_L1;CLOUD_AMT_L2;kc_L2;DTR_L1;PRECT_L1;T2M_L1
26.2696,-10.6054,TOPK_MI,7,kc_L1;CLOUD_AMT_L1;CLOUD_AMT_L2;PRECT_L3;kc_L2;PRECT_L2;PS_L1
26.2696,-10.6054,LASSO_PATH,7,CLOUD_AMT_L1;kc_L1;PS_L1;T2M_L1;PRECT_L1;CLOUD_AMT_L2;T2M_L3
26.2696,-10.6054,OMP,7,kc_L1;T2M_L1;T2M_L3;WS10M_L1;PS_L1;CLOUD_AMT_L1;CLOUD_AMT_L2
26.2696,-10.6054,ALL,56,all
26.2696,-11.1054,PCMCI,5,CLOUD_AMT_L1;CLOUD_AMT_L2;PS_L1;WS10M_L1;kc_L1
26.2696,-11.1054,TOPK_CORR,5,kc_L1;CLOUD_AMT_L1;kc_L2;CLOUD_AMT_L2;DTR_L1
26.2696,-11.1054,TOPK_MI,5,kc_L1;CLOUD_AMT_L1;PRECT_L1;PRECT_L3;CLOUD_AMT_L2
26.2696,-11.1054,LASSO_PATH,5,kc_L1;CLOUD_AMT_L1;PS_L1;WS10M_L1;PRECT_L1
26.2696,-11.1054,OMP,5,kc_L1;WS10M_L1;PS_L1;CLOUD_AMT_L1;CLOUD_AMT_L2
26.2696,-11.1054,ALL,56,all
26.2696,-11.6054,PCMCI,6,CLOUD_AMT_L1;CLOUD_AMT_L2;PRECT_L1;PS_L1;T2M_L1;kc_L1
26.2696,-11.6054,TOPK_CORR,6,kc_L1;CLOUD_AMT_L1;kc_L2;CLOUD_AMT_L2;PRECT_L1;DTR_L1
26.2696,-11.6054,TOPK_MI,6,kc_L1;CLOUD_AMT_L1;CLOUD_AMT_L2;PRECT_L1;RH2M_L2;PRECT_L2
26.2696,-11.6054,LASSO_PATH,6,kc_L1;CLOUD_AMT_L1;PS_L1;PRECT_L1;RH2M_L3;WS10M_L1
26.2696,-11.6054,OMP,6,kc_L1;WS10M_L1;PRECT_L1;PS_L1;CLOUD_AMT_L1;CLOUD_AMT_L2
26.2696,-11.6054,ALL,56,all
26.2696,-12.1054,PCMCI,4,CLOUD_AMT_L1;PS_L1;WS10M_L1;kc_L1
26.2696,-12.1054,TOPK_CORR,4,kc_L1;CLOUD_AMT_L1;kc_L2;CLOUD_AMT_L2
26.2696,-12.1054,TOPK_MI,4,kc_L1;CLOUD_AMT_L1;CLOUD_AMT_L2;PRECT_L3
26.2696,-12.1054,LASSO_PATH,4,kc_L1;CLOUD_AMT_L1;PS_L1;PRECT_L1
26.2696,-12.1054,OMP,4,kc_L1;WS10M_L1;PS_L1;CLOUD_AMT_L1
26.2696,-12.1054,ALL,56,all
26.2696,-12.6054,PCMCI,5,CLOUD_AMT_L1;PS_L1;T2M_L1;WS10M_L1;kc_L1
26.2696,-12.6054,TOPK_CORR,5,kc_L1;CLOUD_AMT_L1;kc_L2;CLOUD_AMT_L2;DTR_L1
26.2696,-12.6054,TOPK_MI,5,kc_L1;CLOUD_AMT_L1;CLOUD_AMT_L2;PRECT_L1;PRECT_L3
26.2696,-12.6054,LASSO_PATH,5,kc_L1;CLOUD_AMT_L1;PS_L1;WS10M_L1;RH2M_L3
26.2696,-12.6054,OMP,5,kc_L1;RH2M_L3;WS10M_L1;PS_L1;CLOUD_AMT_L1
26.2696,-12.6054,ALL,56,all
26.2696,-13.1054,PCMCI,7,CLOUD_AMT_L1;CLOUD_AMT_L2;PS_L1;T2M_L1;WS10M_L1;WS10M_L2;kc_L1
26.2696,-13.1054,TOPK_CORR,7,kc_L1;CLOUD_AMT_L1;kc_L2;CLOUD_AMT_L2;PRECT_L1;DTR_L1;PS_L1
26.2696,-13.1054,TOPK_MI,7,kc_L1;CLOUD_AMT_L1;kc_L2;CLOUD_AMT_L2;WS10M_L1;PS_L4;kc_L5
26.2696,-13.1054,LASSO_PATH,7,kc_L1;CLOUD_AMT_L1;WS10M_L1;PS_L1;RH2M_L3;CLOUD_AMT_L2;PRECT_L1
26.2696,-13.1054,OMP,7,kc_L1;T2M_L1;RH2M_L3;WS10M_L1;PS_L1;CLOUD_AMT_L1;CLOUD_AMT_L2
26.2696,-13.1054,ALL,56,all
26.2696,-13.6054,PCMCI,6,CLOUD_AMT_L1;CLOUD_AMT_L2;PS_L1;T2M_L1;WS10M_L1;kc_L1
26.2696,-13.6054,TOPK_CORR,6,kc_L1;CLOUD_AMT_L1;kc_L2;CLOUD_AMT_L2;PRECT_L1;PS_L1
26.2696,-13.6054,TOPK_MI,6,kc_L1;CLOUD_AMT_L1;kc_L2;CLOUD_AMT_L2;kc_L5;PRECT_L1
26.2696,-13.6054,LASSO_PATH,6,kc_L1;CLOUD_AMT_L1;WS10M_L1;PS_L1;PRECT_L1;RH2M_L3
26.2696,-13.6054,OMP,6,kc_L1;T2M_L5;WS10M_L1;PS_L1;CLOUD_AMT_L1;CLOUD_AMT_L2
26.2696,-13.6054,ALL,56,all
26.2696,-14.1054,PCMCI,4,CLOUD_AMT_L1;CLOUD_AMT_L2;T2M_L1;kc_L1
26.2696,-14.1054,TOPK_CORR,4,CLOUD_AMT_L1;kc_L1;kc_L2;CLOUD_AMT_L2
26.2696,-14.1054,TOPK_MI,4,kc_L1;CLOUD_AMT_L1;kc_L7;kc_L2
26.2696,-14.1054,LASSO_PATH,4,CLOUD_AMT_L1;kc_L1;PRECT_L7;T2M_L1
26.2696,-14.1054,OMP,4,kc_L1;T2M_L1;CLOUD_AMT_L1;CLOUD_AMT_L2
26.2696,-14.1054,ALL,56,all
26.2696,-9.1054,PCMCI,5,CLOUD_AMT_L1;T2M_L1;T2M_L2;T2M_L3;kc_L1
26.2696,-9.1054,TOPK_CORR,5,kc_L1;CLOUD_AMT_L1;kc_L2;DTR_L1;CLOUD_AMT_L2
26.2696,-9.1054,TOPK_MI,5,kc_L1;CLOUD_AMT_L1;CLOUD_AMT_L2;kc_L2;PRECT_L2
26.2696,-9.1054,LASSO_PATH,5,kc_L1;CLOUD_AMT_L1;T2M_L1;DTR_L4;kc_L2
26.2696,-9.1054,OMP,5,kc_L1;T2M_L1;T2M_L3;WS10M_L4;CLOUD_AMT_L1
26.2696,-9.1054,ALL,56,all
26.2696,-9.6054,PCMCI,5,CLOUD_AMT_L1;T2M_L1;T2M_L2;T2M_L3;kc_L1
26.2696,-9.6054,TOPK_CORR,5,kc_L1;CLOUD_AMT_L1;kc_L2;DTR_L1;CLOUD_AMT_L2
26.2696,-9.6054,TOPK_MI,5,kc_L1;CLOUD_AMT_L1;CLOUD_AMT_L2;kc_L2;PRECT_L2
26.2696,-9.6054,LASSO_PATH,5,kc_L1;CLOUD_AMT_L1;T2M_L1;DTR_L4;kc_L2
26.2696,-9.6054,OMP,5,kc_L1;T2M_L1;T2M_L3;WS10M_L4;CLOUD_AMT_L1
26.2696,-9.6054,ALL,56,all
26.7696,-10.1054,PCMCI,6,CLOUD_AMT_L1;CLOUD_AMT_L2;RH2M_L5;T2M_L1;kc_L1;kc_L2
26.7696,-10.1054,TOPK_CORR,6,CLOUD_AMT_L1;kc_L1;CLOUD_AMT_L2;kc_L2;DTR_L1;PRECT_L1
26.7696,-10.1054,TOPK_MI,6,kc_L1;CLOUD_AMT_L1;PRECT_L1;CLOUD_AMT_L2;kc_L2;PRECT_L3
26.7696,-10.1054,LASSO_PATH,6,kc_L1;CLOUD_AMT_L1;T2M_L1;PS_L1;PRECT_L1;PRECT_L5
26.7696,-10.1054,OMP,6,kc_L1;T2M_L1;RH2M_L2;WS10M_L1;CLOUD_AMT_L1;CLOUD_AMT_L2
26.7696,-10.1054,ALL,56,all
26.7696,-10.6054,PCMCI,5,CLOUD_AMT_L1;CLOUD_AMT_L2;T2M_L1;kc_L1;kc_L2
26.7696,-10.6054,TOPK_CORR,5,CLOUD_AMT_L1;kc_L1;CLOUD_AMT_L2;kc_L2;DTR_L1
26.7696,-10.6054,TOPK_MI,5,kc_L1;CLOUD_AMT_L1;CLOUD_AMT_L2;kc_L2;PRECT_L1
26.7696,-10.6054,LASSO_PATH,5,CLOUD_AMT_L1;kc_L1;PS_L1;T2M_L1;PRECT_L1
26.7696,-10.6054,OMP,5,kc_L1;T2M_L1;PS_L1;CLOUD_AMT_L1;CLOUD_AMT_L2
26.7696,-10.6054,ALL,56,all
26.7696,-11.1054,PCMCI,4,CLOUD_AMT_L1;CLOUD_AMT_L2;PS_L1;kc_L1
26.7696,-11.1054,TOPK_CORR,4,kc_L1;CLOUD_AMT_L1;kc_L2;CLOUD_AMT_L2
26.7696,-11.1054,TOPK_MI,4,kc_L1;CLOUD_AMT_L1;PRECT_L1;CLOUD_AMT_L2
26.7696,-11.1054,LASSO_PATH,4,kc_L1;CLOUD_AMT_L1;PS_L1;RH2M_L3
26.7696,-11.1054,OMP,4,kc_L1;PS_L1;CLOUD_AMT_L1;CLOUD_AMT_L2
26.7696,-11.1054,ALL,56,all
26.7696,-11.6054,PCMCI,4,CLOUD_AMT_L1;CLOUD_AMT_L2;PS_L1;kc_L1
26.7696,-11.6054,TOPK_CORR,4,kc_L1;CLOUD_AMT_L1;kc_L2;CLOUD_AMT_L2
26.7696,-11.6054,TOPK_MI,4,kc_L1;CLOUD_AMT_L1;CLOUD_AMT_L2;RH2M_L1
26.7696,-11.6054,LASSO_PATH,4,kc_L1;CLOUD_AMT_L1;PS_L1;RH2M_L3
26.7696,-11.6054,OMP,4,kc_L1;PS_L1;CLOUD_AMT_L1;CLOUD_AMT_L2
26.7696,-11.6054,ALL,56,all
26.7696,-12.1054,PCMCI,4,CLOUD_AMT_L1;T2M_L1;WS10M_L1;kc_L1
26.7696,-12.1054,TOPK_CORR,4,kc_L1;CLOUD_AMT_L1;kc_L2;CLOUD_AMT_L2
26.7696,-12.1054,TOPK_MI,4,kc_L1;CLOUD_AMT_L1;CLOUD_AMT_L2;DTR_L1
26.7696,-12.1054,LASSO_PATH,4,kc_L1;CLOUD_AMT_L1;PS_L1;WS10M_L1
26.7696,-12.1054,OMP,4,kc_L1;WS10M_L1;PS_L1;CLOUD_AMT_L1
26.7696,-12.1054,ALL,56,all
26.7696,-12.6054,PCMCI,4,CLOUD_AMT_L1;PS_L1;WS10M_L1;kc_L1
26.7696,-12.6054,TOPK_CORR,4,kc_L1;CLOUD_AMT_L1;kc_L2;CLOUD_AMT_L2
26.7696,-12.6054,TOPK_MI,4,kc_L1;CLOUD_AMT_L1;CLOUD_AMT_L2;PRECT_L4
26.7696,-12.6054,LASSO_PATH,4,kc_L1;CLOUD_AMT_L1;PS_L1;WS10M_L1
26.7696,-12.6054,OMP,4,kc_L1;WS10M_L1;PS_L1;CLOUD_AMT_L1
26.7696,-12.6054,ALL,56,all
26.7696,-13.1054,PCMCI,7,CLOUD_AMT_L1;CLOUD_AMT_L2;PS_L1;T2M_L1;WS10M_L1;WS10M_L2;kc_L1
26.7696,-13.1054,TOPK_CORR,7,kc_L1;CLOUD_AMT_L1;kc_L2;CLOUD_AMT_L2;WS10M_L1;PS_L1;DTR_L1
26.7696,-13.1054,TOPK_MI,7,kc_L1;CLOUD_AMT_L1;kc_L2;CLOUD_AMT_L2;WS10M_L1;kc_L5;DTR_L1
26.7696,-13.1054,LASSO_PATH,7,kc_L1;CLOUD_AMT_L1;WS10M_L1;PS_L1;RH2M_L3;CLOUD_AMT_L2;T2M_L5
26.7696,-13.1054,OMP,7,kc_L1;RH2M_L3;WS10M_L1;WS10M_L2;PS_L1;CLOUD_AMT_L1;CLOUD_AMT_L2
26.7696,-13.1054,ALL,56,all
26.7696,-9.1054,PCMCI,4,CLOUD_AMT_L1;T2M_L1;T2M_L3;kc_L1
26.7696,-9.1054,TOPK_CORR,4,kc_L1;CLOUD_AMT_L1;kc_L2;CLOUD_AMT_L2
26.7696,-9.1054,TOPK_MI,4,kc_L1;CLOUD_AMT_L1;CLOUD_AMT_L2;kc_L2
26.7696,-9.1054,LASSO_PATH,4,kc_L1;CLOUD_AMT_L1;T2M_L1;kc_L2
26.7696,-9.1054,OMP,4,kc_L1;T2M_L1;T2M_L3;CLOUD_AMT_L1
26.7696,-9.1054,ALL,56,all
26.7696,-9.6054,PCMCI,4,CLOUD_AMT_L1;T2M_L1;T2M_L3;kc_L1
26.7696,-9.6054,TOPK_CORR,4,kc_L1;CLOUD_AMT_L1;kc_L2;CLOUD_AMT_L2
26.7696,-9.6054,TOPK_MI,4,kc_L1;CLOUD_AMT_L1;CLOUD_AMT_L2;kc_L2
26.7696,-9.6054,LASSO_PATH,4,kc_L1;CLOUD_AMT_L1;T2M_L1;kc_L2
26.7696,-9.6054,OMP,4,kc_L1;T2M_L1;T2M_L3;CLOUD_AMT_L1
26.7696,-9.6054,ALL,56,all
27.2696,-10.1054,PCMCI,6,CLOUD_AMT_L1;CLOUD_AMT_L2;PS_L1;T2M_L1;WS10M_L1;kc_L1
27.2696,-10.1054,TOPK_CORR,6,CLOUD_AMT_L1;kc_L1;CLOUD_AMT_L2;kc_L2;DTR_L1;PRECT_L1
27.2696,-10.1054,TOPK_MI,6,kc_L1;CLOUD_AMT_L1;T2M_L6;T2M_L1;kc_L2;PRECT_L4
27.2696,-10.1054,LASSO_PATH,6,CLOUD_AMT_L1;kc_L1;PS_L1;T2M_L1;WS10M_L1;PRECT_L1
27.2696,-10.1054,OMP,6,kc_L1;T2M_L1;T2M_L3;WS10M_L1;PS_L1;CLOUD_AMT_L1
27.2696,-10.1054,ALL,56,all
27.2696,-10.6054,PCMCI,3,CLOUD_AMT_L1;PS_L1;kc_L1
27.2696,-10.6054,TOPK_CORR,3,CLOUD_AMT_L1;kc_L1;CLOUD_AMT_L2
27.2696,-10.6054,TOPK_MI,3,kc_L1;CLOUD_AMT_L1;PRECT_L1
27.2696,-10.6054,LASSO_PATH,3,CLOUD_AMT_L1;kc_L1;PS_L1
27.2696,-10.6054,OMP,3,WS10M_L1;PS_L1;CLOUD_AMT_L1
27.2696,-10.6054,ALL,56,all
27.2696,-11.1054,PCMCI,6,CLOUD_AMT_L1;CLOUD_AMT_L2;PS_L1;PS_L2;WS10M_L1;kc_L1
27.2696,-11.1054,TOPK_CORR,6,kc_L1;CLOUD_AMT_L1;DTR_L1;kc_L2;PS_L1;WS10M_L1
27.2696,-11.1054,TOPK_MI,6,kc_L1;CLOUD_AMT_L1;DTR_L1;RH2M_L2;PRECT_L1;PS_L5
27.2696,-11.1054,LASSO_PATH,6,kc_L1;CLOUD_AMT_L1;WS10M_L1;PS_L1;DTR_L1;RH2M_L1
27.2696,-11.1054,OMP,6,kc_L1;T2M_L4;WS10M_L1;PS_L1;CLOUD_AMT_L1;CLOUD_AMT_L2
27.2696,-11.1054,ALL,56,all
27.2696,-11.6054,PCMCI,6,CLOUD_AMT_L1;CLOUD_AMT_L2;PS_L1;PS_L2;WS10M_L1;kc_L1
27.2696,-11.6054,TOPK_CORR,6,kc_L1;CLOUD_AMT_L1;DTR_L1;kc_L2;PS_L1;WS10M_L1
27.2696,-11.6054,TOPK_MI,6,kc_L1;CLOUD_AMT_L1;DTR_L1;WS10M_L1;DTR_L3;PS_L1
27.2696,-11.6054,LASSO_PATH,6,kc_L1;CLOUD_AMT_L1;WS10M_L1;PS_L1;DTR_L1;T2M_L4
27.2696,-11.6054,OMP,6,kc_L1;T2M_L4;WS10M_L1;PS_L1;CLOUD_AMT_L1;CLOUD_AMT_L2
27.2696,-11.6054,ALL,56,all
27.2696,-12.1054,PCMCI,7,CLOUD_AMT_L1;CLOUD_AMT_L2;PS_L1;PS_L2;T2M_L1;WS10M_L1;kc_L1
27.2696,-12.1054,TOPK_CORR,7,kc_L1;CLOUD_AMT_L1;kc_L2;DTR_L1;CLOUD_AMT_L2;PS_L1;WS10M_L1
27.2696,-12.1054,TOPK_MI,7,kc_L1;CLOUD_AMT_L1;RH2M_L3;kc_L2;RH2M_L1;kc_L5;DTR_L1
27.2696,-12.1054,LASSO_PATH,7,kc_L1;CLOUD_AMT_L1;WS10M_L1;PS_L1;CLOUD_AMT_L2;T2M_L2;RH2M_L3
27.2696,-12.1054,OMP,7,kc_L1;T2M_L1;T2M_L3;WS10M_L1;PS_L1;CLOUD_AMT_L1;CLOUD_AMT_L2
27.2696,-12.1054,ALL,56,all
27.2696,-12.6054,PCMCI,7,CLOUD_AMT_L1;CLOUD_AMT_L2;PS_L1;PS_L2;T2M_L1;WS10M_L1;kc_L1
27.2696,-12.6054,TOPK_CORR,7,kc_L1;CLOUD_AMT_L1;kc_L2;DTR_L1;CLOUD_AMT_L2;PS_L1;WS10M_L1
27.2696,-12.6054,TOPK_MI,7,kc_L1;CLOUD_AMT_L1;PS_L1;kc_L2;WS10M_L1;PRECT_L6;kc_L5
27.2696,-12.6054,LASSO_PATH,7,kc_L1;CLOUD_AMT_L1;WS10M_L1;PS_L1;CLOUD_AMT_L2;T2M_L2;RH2M_L3
27.2696,-12.6054,OMP,7,kc_L1;T2M_L1;T2M_L2;WS10M_L1;PS_L1;CLOUD_AMT_L1;CLOUD_AMT_L2
27.2696,-12.6054,ALL,56,all
27.2696,-13.1054,PCMCI,4,CLOUD_AMT_L1;PS_L1;T2M_L1;kc_L1
27.2696,-13.1054,TOPK_CORR,4,CLOUD_AMT_L1;kc_L1;CLOUD_AMT_L2;kc_L2
27.2696,-13.1054,TOPK_MI,4,kc_L1;CLOUD_AMT_L1;kc_L6;PRECT_L6
27.2696,-13.1054,LASSO_PATH,4,CLOUD_AMT_L1;kc_L1;PRECT_L7;T2M_L5
27.2696,-13.1054,OMP,4,kc_L1;PRECT_L7;CLOUD_AMT_L1;CLOUD_AMT_L2
27.2696,-13.1054,ALL,56,all
27.2696,-9.1054,PCMCI,4,CLOUD_AMT_L1;CLOUD_AMT_L2;T2M_L1;kc_L1
27.2696,-9.1054,TOPK_CORR,4,CLOUD_AMT_L1;kc_L1;CLOUD_AMT_L2;kc_L2
27.2696,-9.1054,TOPK_MI,4,kc_L1;CLOUD_AMT_L1;CLOUD_AMT_L2;kc_L2
27.2696,-9.1054,LASSO_PATH,4,CLOUD_AMT_L1;kc_L1;PS_L1;T2M_L1
27.2696,-9.1054,OMP,4,kc_L1;T2M_L1;PS_L1;CLOUD_AMT_L1
27.2696,-9.1054,ALL,56,all
27.2696,-9.6054,PCMCI,4,CLOUD_AMT_L1;CLOUD_AMT_L2;T2M_L1;kc_L1
27.2696,-9.6054,TOPK_CORR,4,CLOUD_AMT_L1;kc_L1;CLOUD_AMT_L2;kc_L2
27.2696,-9.6054,TOPK_MI,4,kc_L1;CLOUD_AMT_L1;CLOUD_AMT_L2;kc_L2
27.2696,-9.6054,LASSO_PATH,4,CLOUD_AMT_L1;kc_L1;PS_L1;T2M_L1
27.2696,-9.6054,OMP,4,kc_L1;T2M_L1;PS_L1;CLOUD_AMT_L1
27.2696,-9.6054,ALL,56,all
27.7696,-10.1054,PCMCI,4,CLOUD_AMT_L1;PS_L1;T2M_L1;kc_L1
27.7696,-10.1054,TOPK_CORR,4,CLOUD_AMT_L1;kc_L1;CLOUD_AMT_L2;kc_L2
27.7696,-10.1054,TOPK_MI,4,kc_L1;CLOUD_AMT_L1;PRECT_L1;kc_L2
27.7696,-10.1054,LASSO_PATH,4,CLOUD_AMT_L1;kc_L1;PS_L1;PRECT_L1
27.7696,-10.1054,OMP,4,kc_L1;WS10M_L1;PS_L1;CLOUD_AMT_L1
27.7696,-10.1054,ALL,56,all
27.7696,-10.6054,PCMCI,6,CLOUD_AMT_L1;DTR_L1;PS_L1;T2M_L1;WS10M_L1;kc_L1
27.7696,-10.6054,TOPK_CORR,6,CLOUD_AMT_L1;kc_L1;CLOUD_AMT_L2;kc_L2;PRECT_L1;PS_L1
27.7696,-10.6054,TOPK_MI,6,kc_L1;CLOUD_AMT_L1;PRECT_L2;kc_L2;CLOUD_AMT_L2;PRECT_L3
27.7696,-10.6054,LASSO_PATH,6,CLOUD_AMT_L1;kc_L1;PS_L1;WS10M_L1;PRECT_L1;T2M_L1
27.7696,-10.6054,OMP,6,T2M_L1;T2M_L4;WS10M_L1;PRECT_L1;PS_L1;CLOUD_AMT_L1
27.7696,-10.6054,ALL,56,all
27.7696,-11.1054,PCMCI,7,CLOUD_AMT_L1;CLOUD_AMT_L2;PS_L1;PS_L2;PS_L3;WS10M_L1;kc_L1
27.7696,-11.1054,TOPK_CORR,7,kc_L1;CLOUD_AMT_L1;DTR_L1;WS10M_L1;kc_L2;PS_L1;PRECT_L1
27.7696,-11.1054,TOPK_MI,7,kc_L1;CLOUD_AMT_L1;DTR_L1;DTR_L2;PS_L1;PRECT_L1;RH2M_L1
27.7696,-11.1054,LASSO_PATH,7,kc_L1;CLOUD_AMT_L1;WS10M_L1;PS_L1;T2M_L4;PRECT_L1;RH2M_L1
27.7696,-11.1054,OMP,7,kc_L1;T2M_L4;WS10M_L1;WS10M_L2;PS_L1;CLOUD_AMT_L1;CLOUD_AMT_L2
27.7696,-11.1054,ALL,56,all
27.7696,-11.6054,PCMCI,7,CLOUD_AMT_L1;CLOUD_AMT_L2;PS_L1;PS_L2;PS_L3;WS10M_L1;kc_L1
27.7696,-11.6054,TOPK_CORR,7,kc_L1;CLOUD_AMT_L1;WS10M_L1;kc_L2;PS_L1;DTR_L1;CLOUD_AMT_L2
27.7696,-11.6054,TOPK_MI,7,kc_L1;CLOUD_AMT_L1;DTR_L1;WS10M_L1;PRECT_L4;PS_L1;PS_L6
27.7696,-11.6054,LASSO_PATH,7,kc_L1;CLOUD_AMT_L1;WS10M_L1;PS_L1;T2M_L4;PRECT_L1;T2M_L2
27.7696,-11.6054,OMP,7,kc_L1;T2M_L4;WS10M_L1;WS10M_L2;PS_L1;CLOUD_AMT_L1;CLOUD_AMT_L2
27.7696,-11.6054,ALL,56,all
27.7696,-12.1054,PCMCI,7,CLOUD_AMT_L1;CLOUD_AMT_L2;PS_L1;PS_L2;T2M_L1;WS10M_L1;kc_L1
27.7696,-12.1054,TOPK_CORR,7,kc_L1;CLOUD_AMT_L1;kc_L2;PS_L1;CLOUD_AMT_L2;WS10M_L1;DTR_L1
27.7696,-12.1054,TOPK_MI,7,kc_L1;CLOUD_AMT_L1;kc_L2;PRECT_L1;WS10M_L1;kc_L5;RH2M_L6
27.7696,-12.1054,LASSO_PATH,7,kc_L1;CLOUD_AMT_L1;WS10M_L1;PS_L1;CLOUD_AMT_L2;T2M_L2;WS10M_L3
27.7696,-12.1054,OMP,7,kc_L1;T2M_L1;T2M_L2;WS10M_L1;PS_L1;CLOUD_AMT_L1;CLOUD_AMT_L2
27.7696,-12.1054,ALL,56,all
27.7696,-12.6054,PCMCI,7,CLOUD_AMT_L1;CLOUD_AMT_L2;PS_L1;PS_L2;T2M_L1;WS10M_L1;kc_L1
27.7696,-12.6054,TOPK_CORR,7,kc_L1;CLOUD_AMT_L1;kc_L2;CLOUD_AMT_L2;PS_L1;WS10M_L1;PRECT_L1
27.7696,-12.6054,TOPK_MI,7,kc_L1;CLOUD_AMT_L1;kc_L2;PRECT_L1;PS_L1;kc_L5;T2M_L4
27.7696,-12.6054,LASSO_PATH,7,kc_L1;CLOUD_AMT_L1;WS10M_L1;PS_L1;CLOUD_AMT_L2;T2M_L2;WS10M_L3
27.7696,-12.6054,OMP,7,kc_L1;T2M_L1;T2M_L2;WS10M_L1;PS_L1;CLOUD_AMT_L1;CLOUD_AMT_L2
27.7696,-12.6054,ALL,56,all
27.7696,-9.1054,PCMCI,4,CLOUD_AMT_L1;CLOUD_AMT_L2;T2M_L1;kc_L1
27.7696,-9.1054,TOPK_CORR,4,CLOUD_AMT_L1;kc_L1;CLOUD_AMT_L2;kc_L2
27.7696,-9.1054,TOPK_MI,4,kc_L1;CLOUD_AMT_L1;CLOUD_AMT_L2;kc_L2
27.7696,-9.1054,LASSO_PATH,4,CLOUD_AMT_L1;kc_L1;PRECT_L1;PS_L1
27.7696,-9.1054,OMP,4,T2M_L1;PRECT_L1;PS_L1;CLOUD_AMT_L1
27.7696,-9.1054,ALL,56,all
27.7696,-9.6054,PCMCI,4,CLOUD_AMT_L1;CLOUD_AMT_L2;T2M_L1;kc_L1
27.7696,-9.6054,TOPK_CORR,4,CLOUD_AMT_L1;kc_L1;CLOUD_AMT_L2;kc_L2
27.7696,-9.6054,TOPK_MI,4,kc_L1;CLOUD_AMT_L1;CLOUD_AMT_L2;kc_L2
27.7696,-9.6054,LASSO_PATH,4,CLOUD_AMT_L1;kc_L1;PRECT_L1;PS_L1
27.7696,-9.6054,OMP,4,T2M_L1;PRECT_L1;PS_L1;CLOUD_AMT_L1
27.7696,-9.6054,ALL,56,all
28.2696,-10.1054,PCMCI,7,CLOUD_AMT_L1;CLOUD_AMT_L2;DTR_L1;PS_L1;PS_L2;WS10M_L1;kc_L1
28.2696,-10.1054,TOPK_CORR,7,kc_L1;CLOUD_AMT_L1;DTR_L1;WS10M_L1;PRECT_L1;kc_L2;PS_L1
28.2696,-10.1054,TOPK_MI,7,kc_L1;CLOUD_AMT_L1;PRECT_L2;PRECT_L1;kc_L2;RH2M_L7;T2M_L1
28.2696,-10.1054,LASSO_PATH,7,CLOUD_AMT_L1;kc_L1;WS10M_L1;PS_L1;RH2M_L1;CLOUD_AMT_L2;PRECT_L1
28.2696,-10.1054,OMP,7,kc_L1;DTR_L1;RH2M_L1;WS10M_L1;PS_L1;CLOUD_AMT_L1;CLOUD_AMT_L2
28.2696,-10.1054,ALL,56,all
28.2696,-10.6054,PCMCI,6,CLOUD_AMT_L1;CLOUD_AMT_L2;PS_L1;PS_L2;WS10M_L1;kc_L1
28.2696,-10.6054,TOPK_CORR,6,kc_L1;CLOUD_AMT_L1;DTR_L1;PRECT_L1;WS10M_L1;kc_L2
28.2696,-10.6054,TOPK_MI,6,kc_L1;CLOUD_AMT_L1;RH2M_L1;PRECT_L1;DTR_L1;kc_L2
28.2696,-10.6054,LASSO_PATH,6,CLOUD_AMT_L1;kc_L1;WS10M_L1;PS_L1;RH2M_L1;PRECT_L1
28.2696,-10.6054,OMP,6,kc_L1;RH2M_L1;WS10M_L1;PS_L1;CLOUD_AMT_L1;CLOUD_AMT_L2
28.2696,-10.6054,ALL,56,all
28.2696,-11.1054,PCMCI,8,CLOUD_AMT_L1;CLOUD_AMT_L2;DTR_L1;PS_L1;RH2M_L1;T2M_L1;WS10M_L1;kc_L1
28.2696,-11.1054,TOPK_CORR,8,CLOUD_AMT_L1;kc_L1;CLOUD_AMT_L2;kc_L2;RH2M_L1;WS10M_L1;DTR_L1;RH2M_L2
28.2696,-11.1054,TOPK_MI,8,kc_L1;CLOUD_AMT_L1;RH2M_L1;DTR_L1;PRECT_L2;PRECT_L7;RH2M_L6;PRECT_L1
28.2696,-11.1054,LASSO_PATH,8,CLOUD_AMT_L1;kc_L1;WS10M_L1;RH2M_L1;CLOUD_AMT_L2;PS_L2;PRECT_L7;PRECT_L4
28.2696,-11.1054,OMP,8,kc_L1;DTR_L1;RH2M_L1;WS10M_L1;PRECT_L7;PS_L2;CLOUD_AMT_L1;CLOUD_AMT_L2
28.2696,-11.1054,ALL,56,all
28.2696,-11.6054,PCMCI,6,CLOUD_AMT_L1;CLOUD_AMT_L2;PS_L2;RH2M_L1;WS10M_L1;kc_L1
28.2696,-11.6054,TOPK_CORR,6,CLOUD_AMT_L1;kc_L1;CLOUD_AMT_L2;kc_L2;RH2M_L1;WS10M_L1
28.2696,-11.6054,TOPK_MI,6,kc_L1;CLOUD_AMT_L1;DTR_L1;PRECT_L2;PRECT_L1;DTR_L5
28.2696,-11.6054,LASSO_PATH,6,CLOUD_AMT_L1;kc_L1;WS10M_L1;RH2M_L1;CLOUD_AMT_L2;PS_L2
28.2696,-11.6054,OMP,6,kc_L1;DTR_L1;RH2M_L1;WS10M_L1;CLOUD_AMT_L1;CLOUD_AMT_L2
28.2696,-11.6054,ALL,56,all
28.2696,-9.1054,PCMCI,5,CLOUD_AMT_L1;PRECT_L1;RH2M_L1;T2M_L1;kc_L1
28.2696,-9.1054,TOPK_CORR,5,CLOUD_AMT_L1;kc_L1;DTR_L1;CLOUD_AMT_L2;PRECT_L1
28.2696,-9.1054,TOPK_MI,5,kc_L1;CLOUD_AMT_L1;PRECT_L1;kc_L2;CLOUD_AMT_L2
28.2696,-9.1054,LASSO_PATH,5,CLOUD_AMT_L1;kc_L1;PS_L1;PRECT_L1;CLOUD_AMT_L7
28.2696,-9.1054,OMP,5,WS10M_L3;PRECT_L1;PRECT_L4;PS_L1;CLOUD_AMT_L1
28.2696,-9.1054,ALL,56,all
28.2696,-9.6054,PCMCI,5,CLOUD_AMT_L1;PRECT_L1;RH2M_L1;T2M_L1;kc_L1
28.2696,-9.6054,TOPK_CORR,5,CLOUD_AMT_L1;kc_L1;DTR_L1;CLOUD_AMT_L2;PRECT_L1
28.2696,-9.6054,TOPK_MI,5,kc_L1;CLOUD_AMT_L1;PRECT_L1;kc_L2;CLOUD_AMT_L2
28.2696,-9.6054,LASSO_PATH,5,CLOUD_AMT_L1;kc_L1;PS_L1;PRECT_L1;CLOUD_AMT_L7
28.2696,-9.6054,OMP,5,WS10M_L3;PRECT_L1;PRECT_L4;PS_L1;CLOUD_AMT_L1
28.2696,-9.6054,ALL,56,all
28.7696,-10.1054,PCMCI,7,CLOUD_AMT_L1;CLOUD_AMT_L2;DTR_L1;PS_L1;PS_L2;WS10M_L1;kc_L1
28.7696,-10.1054,TOPK_CORR,7,kc_L1;CLOUD_AMT_L1;DTR_L1;PRECT_L1;kc_L2;WS10M_L1;PS_L1
28.7696,-10.1054,TOPK_MI,7,kc_L1;CLOUD_AMT_L1;kc_L2;DTR_L1;PRECT_L1;PRECT_L6;PS_L3
28.7696,-10.1054,LASSO_PATH,7,CLOUD_AMT_L1;kc_L1;WS10M_L1;PS_L1;PRECT_L1;T2M_L3;PRECT_L4
28.7696,-10.1054,OMP,7,kc_L1;DTR_L1;RH2M_L1;WS10M_L1;PS_L1;CLOUD_AMT_L1;CLOUD_AMT_L2
28.7696,-10.1054,ALL,56,all
28.7696,-10.6054,PCMCI,6,CLOUD_AMT_L1;CLOUD_AMT_L2;PS_L1;PS_L2;WS10M_L1;kc_L1
28.7696,-10.6054,TOPK_CORR,6,kc_L1;CLOUD_AMT_L1;PRECT_L1;kc_L2;PS_L1;CLOUD_AMT_L2
28.7696,-10.6054,TOPK_MI,6,kc_L1;CLOUD_AMT_L1;PRECT_L1;WS10M_L1;DTR_L1;kc_L2
28.7696,-10.6054,LASSO_PATH,6,kc_L1;CLOUD_AMT_L1;WS10M_L1;PS_L1;RH2M_L1;PRECT_L1
28.7696,-10.6054,OMP,6,kc_L1;RH2M_L1;WS10M_L1;PS_L1;CLOUD_AMT_L1;CLOUD_AMT_L2
28.7696,-10.6054,ALL,56,all
28.7696,-8.6054,PCMCI,4,CLOUD_AMT_L1;RH2M_L1;T2M_L1;kc_L1
28.7696,-8.6054,TOPK_CORR,4,CLOUD_AMT_L1;kc_L1;DTR_L1;CLOUD_AMT_L2
28.7696,-8.6054,TOPK_MI,4,kc_L1;CLOUD_AMT_L1;DTR_L1;CLOUD_AMT_L2
28.7696,-8.6054,LASSO_PATH,4,CLOUD_AMT_L1;kc_L1;PRECT_L1;CLOUD_AMT_L7
28.7696,-8.6054,OMP,4,T2M_L1;WS10M_L1;PRECT_L1;CLOUD_AMT_L1
28.7696,-8.6054,ALL,56,all
28.7696,-9.1054,PCMCI,5,CLOUD_AMT_L1;PRECT_L1;RH2M_L1;T2M_L1;kc_L1
28.7696,-9.1054,TOPK_CORR,5,CLOUD_AMT_L1;kc_L1;DTR_L1;CLOUD_AMT_L2;PRECT_L1
28.7696,-9.1054,TOPK_MI,5,kc_L1;CLOUD_AMT_L1;PRECT_L1;kc_L2;CLOUD_AMT_L2
28.7696,-9.1054,LASSO_PATH,5,CLOUD_AMT_L1;kc_L1;PRECT_L1;PS_L1;PRECT_L4
28.7696,-9.1054,OMP,5,PRECT_L1;PRECT_L4;PS_L2;CLOUD_AMT_L1;CLOUD_AMT_L7
28.7696,-9.1054,ALL,56,all
28.7696,-9.6054,PCMCI,5,CLOUD_AMT_L1;PRECT_L1;RH2M_L1;T2M_L1;kc_L1
28.7696,-9.6054,TOPK_CORR,5,CLOUD_AMT_L1;kc_L1;DTR_L1;CLOUD_AMT_L2;PRECT_L1
28.7696,-9.6054,TOPK_MI,5,kc_L1;CLOUD_AMT_L1;PRECT_L1;kc_L2;CLOUD_AMT_L2
28.7696,-9.6054,LASSO_PATH,5,CLOUD_AMT_L1;kc_L1;PRECT_L1;PS_L1;PRECT_L4
28.7696,-9.6054,OMP,5,PRECT_L1;PRECT_L4;PS_L2;CLOUD_AMT_L1;CLOUD_AMT_L7
28.7696,-9.6054,ALL,56,all
29.2696,-10.1054,PCMCI,8,CLOUD_AMT_L1;CLOUD_AMT_L2;DTR_L1;PS_L1;PS_L2;T2M_L1;WS10M_L1;kc_L1
29.2696,-10.1054,TOPK_CORR,8,CLOUD_AMT_L1;kc_L1;CLOUD_AMT_L2;T2M_L1;kc_L2;WS10M_L1;PS_L1;PRECT_L1
29.2696,-10.1054,TOPK_MI,8,CLOUD_AMT_L1;kc_L1;PRECT_L7;T2M_L1;PRECT_L3;PRECT_L4;kc_L2;PRECT_L6
29.2696,-10.1054,LASSO_PATH,8,CLOUD_AMT_L1;kc_L1;DTR_L1;WS10M_L1;CLOUD_AMT_L2;PS_L1;WS10M_L3;T2M_L1
29.2696,-10.1054,OMP,8,kc_L1;T2M_L1;DTR_L1;RH2M_L2;WS10M_L3;PS_L1;CLOUD_AMT_L1;CLOUD_AMT_L2
29.2696,-10.1054,ALL,56,all
29.2696,-8.1054,PCMCI,2,CLOUD_AMT_L1;T2M_L1
29.2696,-8.1054,TOPK_CORR,2,CLOUD_AMT_L1;kc_L1
29.2696,-8.1054,TOPK_MI,2,kc_L1;CLOUD_AMT_L1
29.2696,-8.1054,LASSO_PATH,2,CLOUD_AMT_L1;kc_L1
29.2696,-8.1054,OMP,2,kc_L7;CLOUD_AMT_L1
29.2696,-8.1054,ALL,56,all
29.2696,-8.6054,PCMCI,5,CLOUD_AMT_L1;CLOUD_AMT_L2;DTR_L1;PRECT_L1;T2M_L1
29.2696,-8.6054,TOPK_CORR,5,CLOUD_AMT_L1;kc_L1;DTR_L1;CLOUD_AMT_L2;PRECT_L1
29.2696,-8.6054,TOPK_MI,5,kc_L1;CLOUD_AMT_L1;kc_L2;DTR_L1;CLOUD_AMT_L2
29.2696,-8.6054,LASSO_PATH,5,CLOUD_AMT_L1;T2M_L1;DTR_L1;PRECT_L1;kc_L1
29.2696,-8.6054,OMP,5,T2M_L1;T2M_L3;DTR_L1;PRECT_L1;CLOUD_AMT_L1
29.2696,-8.6054,ALL,56,all
29.2696,-9.1054,PCMCI,6,CLOUD_AMT_L1;CLOUD_AMT_L2;PRECT_L1;PS_L1;T2M_L1;WS10M_L1
29.2696,-9.1054,TOPK_CORR,6,CLOUD_AMT_L1;kc_L1;PRECT_L1;DTR_L1;PS_L1;CLOUD_AMT_L2
29.2696,-9.1054,TOPK_MI,6,kc_L1;CLOUD_AMT_L1;PRECT_L1;T2M_L1;PRECT_L4;kc_L2
29.2696,-9.1054,LASSO_PATH,6,CLOUD_AMT_L1;PS_L1;kc_L1;T2M_L1;PRECT_L1;WS10M_L3
29.2696,-9.1054,OMP,6,T2M_L1;T2M_L3;PRECT_L1;PS_L1;CLOUD_AMT_L1;CLOUD_AMT_L2
29.2696,-9.1054,ALL,56,all
29.2696,-9.6054,PCMCI,6,CLOUD_AMT_L1;CLOUD_AMT_L2;PRECT_L1;PS_L1;T2M_L1;WS10M_L1
29.2696,-9.6054,TOPK_CORR,6,CLOUD_AMT_L1;kc_L1;PRECT_L1;DTR_L1;PS_L1;CLOUD_AMT_L2
29.2696,-9.6054,TOPK_MI,6,kc_L1;CLOUD_AMT_L1;PRECT_L1;T2M_L1;PRECT_L4;kc_L2
29.2696,-9.6054,LASSO_PATH,6,CLOUD_AMT_L1;PS_L1;kc_L1;T2M_L1;PRECT_L1;WS10M_L3
29.2696,-9.6054,OMP,6,T2M_L1;T2M_L3;PRECT_L1;PS_L1;CLOUD_AMT_L1;CLOUD_AMT_L2
29.2696,-9.6054,ALL,56,all
29.7696,-5.6054,PCMCI,4,CLOUD_AMT_L1;RH2M_L7;T2M_L1;kc_L1
29.7696,-5.6054,TOPK_CORR,4,CLOUD_AMT_L1;kc_L1;DTR_L1;CLOUD_AMT_L2
29.7696,-5.6054,TOPK_MI,4,kc_L1;CLOUD_AMT_L1;kc_L2;CLOUD_AMT_L2
29.7696,-5.6054,LASSO_PATH,4,CLOUD_AMT_L1;kc_L1;kc_L5;T2M_L1
29.7696,-5.6054,OMP,4,kc_L5;T2M_L1;WS10M_L1;CLOUD_AMT_L1
29.7696,-5.6054,ALL,56,all
29.7696,-6.1054,PCMCI,3,CLOUD_AMT_L1;T2M_L1;kc_L1
29.7696,-6.1054,TOPK_CORR,3,CLOUD_AMT_L1;kc_L1;DTR_L1
29.7696,-6.1054,TOPK_MI,3,kc_L1;CLOUD_AMT_L1;kc_L2
29.7696,-6.1054,LASSO_PATH,3,CLOUD_AMT_L1;kc_L1;T2M_L1
29.7696,-6.1054,OMP,3,kc_L1;T2M_L1;CLOUD_AMT_L1
29.7696,-6.1054,ALL,56,all
29.7696,-6.6054,PCMCI,3,CLOUD_AMT_L1;T2M_L1;kc_L1
29.7696,-6.6054,TOPK_CORR,3,CLOUD_AMT_L1;kc_L1;DTR_L1
29.7696,-6.6054,TOPK_MI,3,kc_L1;CLOUD_AMT_L1;DTR_L1
29.7696,-6.6054,LASSO_PATH,3,CLOUD_AMT_L1;kc_L1;kc_L5
29.7696,-6.6054,OMP,3,kc_L1;kc_L5;CLOUD_AMT_L1
29.7696,-6.6054,ALL,56,all
29.7696,-7.1054,PCMCI,4,CLOUD_AMT_L1;CLOUD_AMT_L2;T2M_L1;kc_L1
29.7696,-7.1054,TOPK_CORR,4,CLOUD_AMT_L1;kc_L1;DTR_L1;CLOUD_AMT_L2
29.7696,-7.1054,TOPK_MI,4,kc_L1;CLOUD_AMT_L1;CLOUD_AMT_L2;kc_L2
29.7696,-7.1054,LASSO_PATH,4,CLOUD_AMT_L1;kc_L1;CLOUD_AMT_L7;T2M_L1
29.7696,-7.1054,OMP,4,kc_L1;CLOUD_AMT_L1;CLOUD_AMT_L2;CLOUD_AMT_L7
29.7696,-7.1054,ALL,56,all
29.7696,-7.6054,PCMCI,4,CLOUD_AMT_L1;CLOUD_AMT_L2;T2M_L1;kc_L1
29.7696,-7.6054,TOPK_CORR,4,CLOUD_AMT_L1;kc_L1;DTR_L1;CLOUD_AMT_L2
29.7696,-7.6054,TOPK_MI,4,kc_L1;CLOUD_AMT_L1;CLOUD_AMT_L2;DTR_L1
29.7696,-7.6054,LASSO_PATH,4,CLOUD_AMT_L1;kc_L1;CLOUD_AMT_L7;DTR_L1
29.7696,-7.6054,OMP,4,kc_L1;CLOUD_AMT_L1;CLOUD_AMT_L2;CLOUD_AMT_L7
29.7696,-7.6054,ALL,56,all
29.7696,-8.1054,PCMCI,3,CLOUD_AMT_L1;DTR_L1;T2M_L1
29.7696,-8.1054,TOPK_CORR,3,CLOUD_AMT_L1;kc_L1;DTR_L1
29.7696,-8.1054,TOPK_MI,3,kc_L1;CLOUD_AMT_L1;DTR_L1
29.7696,-8.1054,LASSO_PATH,3,CLOUD_AMT_L1;kc_L1;DTR_L1
29.7696,-8.1054,OMP,3,T2M_L1;DTR_L1;CLOUD_AMT_L1
29.7696,-8.1054,ALL,56,all
29.7696,-8.6054,PCMCI,3,CLOUD_AMT_L1;T2M_L1;WS10M_L1
29.7696,-8.6054,TOPK_CORR,3,CLOUD_AMT_L1;kc_L1;DTR_L1
29.7696,-8.6054,TOPK_MI,3,kc_L1;CLOUD_AMT_L1;kc_L2
29.7696,-8.6054,LASSO_PATH,3,CLOUD_AMT_L1;kc_L1;T2M_L1
29.7696,-8.6054,OMP,3,T2M_L1;WS10M_L1;CLOUD_AMT_L1
29.7696,-8.6054,ALL,56,all
29.7696,-9.1054,PCMCI,6,CLOUD_AMT_L1;CLOUD_AMT_L2;PS_L1;RH2M_L3;T2M_L1;T2M_L3
29.7696,-9.1054,TOPK_CORR,6,CLOUD_AMT_L1;kc_L1;PRECT_L1;PS_L1;DTR_L1;CLOUD_AMT_L2
29.7696,-9.1054,TOPK_MI,6,kc_L1;CLOUD_AMT_L1;PRECT_L1;kc_L2;PS_L1;WS10M_L1
29.7696,-9.1054,LASSO_PATH,6,CLOUD_AMT_L1;PS_L1;kc_L1;T2M_L1;PRECT_L1;WS10M_L1
29.7696,-9.1054,OMP,6,T2M_L1;T2M_L3;WS10M_L1;PRECT_L1;PS_L1;CLOUD_AMT_L1
29.7696,-9.1054,ALL,56,all
29.7696,-9.6054,PCMCI,6,CLOUD_AMT_L1;CLOUD_AMT_L2;PS_L1;RH2M_L3;T2M_L1;T2M_L3
29.7696,-9.6054,TOPK_CORR,6,CLOUD_AMT_L1;kc_L1;PRECT_L1;PS_L1;DTR_L1;CLOUD_AMT_L2
29.7696,-9.6054,TOPK_MI,6,kc_L1;CLOUD_AMT_L1;PRECT_L1;kc_L2;PS_L1;WS10M_L1
29.7696,-9.6054,LASSO_PATH,6,CLOUD_AMT_L1;PS_L1;kc_L1;T2M_L1;PRECT_L1;WS10M_L1
29.7696,-9.6054,OMP,6,T2M_L1;T2M_L3;WS10M_L1;PRECT_L1;PS_L1;CLOUD_AMT_L1
29.7696,-9.6054,ALL,56,all
30.2696,-5.1054,PCMCI,3,CLOUD_AMT_L1;T2M_L1;T2M_L3
30.2696,-5.1054,TOPK_CORR,3,CLOUD_AMT_L1;kc_L1;DTR_L1
30.2696,-5.1054,TOPK_MI,3,kc_L1;CLOUD_AMT_L1;kc_L2
30.2696,-5.1054,LASSO_PATH,3,CLOUD_AMT_L1;kc_L1;kc_L5
30.2696,-5.1054,OMP,3,kc_L5;CLOUD_AMT_L1;CLOUD_AMT_L2
30.2696,-5.1054,ALL,56,all
30.2696,-5.6054,PCMCI,2,CLOUD_AMT_L1;T2M_L1
30.2696,-5.6054,TOPK_CORR,2,CLOUD_AMT_L1;kc_L1
30.2696,-5.6054,TOPK_MI,2,kc_L1;CLOUD_AMT_L1
30.2696,-5.6054,LASSO_PATH,2,CLOUD_AMT_L1;kc_L1
30.2696,-5.6054,OMP,2,kc_L5;CLOUD_AMT_L1
30.2696,-5.6054,ALL,56,all
30.2696,-6.1054,PCMCI,3,CLOUD_AMT_L1;DTR_L1;T2M_L1
30.2696,-6.1054,TOPK_CORR,3,CLOUD_AMT_L1;kc_L1;DTR_L1
30.2696,-6.1054,TOPK_MI,3,kc_L1;CLOUD_AMT_L1;DTR_L1
30.2696,-6.1054,LASSO_PATH,3,CLOUD_AMT_L1;kc_L1;DTR_L1
30.2696,-6.1054,OMP,3,T2M_L1;DTR_L1;CLOUD_AMT_L1
30.2696,-6.1054,ALL,56,all
30.2696,-6.6054,PCMCI,4,CLOUD_AMT_L1;DTR_L1;PRECT_L1;T2M_L1
30.2696,-6.6054,TOPK_CORR,4,CLOUD_AMT_L1;kc_L1;DTR_L1;PRECT_L1
30.2696,-6.6054,TOPK_MI,4,kc_L1;CLOUD_AMT_L1;DTR_L1;kc_L2
30.2696,-6.6054,LASSO_PATH,4,CLOUD_AMT_L1;DTR_L1;kc_L1;PRECT_L1
30.2696,-6.6054,OMP,4,T2M_L1;DTR_L1;PRECT_L1;CLOUD_AMT_L1
30.2696,-6.6054,ALL,56,all
30.2696,-7.1054,PCMCI,4,CLOUD_AMT_L1;PRECT_L1;T2M_L1;kc_L2
30.2696,-7.1054,TOPK_CORR,4,CLOUD_AMT_L1;kc_L1;DTR_L1;PRECT_L1
30.2696,-7.1054,TOPK_MI,4,kc_L1;CLOUD_AMT_L1;CLOUD_AMT_L2;DTR_L1
30.2696,-7.1054,LASSO_PATH,4,CLOUD_AMT_L1;kc_L1;DTR_L1;PRECT_L1
30.2696,-7.1054,OMP,4,T2M_L1;DTR_L7;PRECT_L1;CLOUD_AMT_L1
30.2696,-7.1054,ALL,56,all
30.2696,-7.6054,PCMCI,7,CLOUD_AMT_L1;CLOUD_AMT_L2;DTR_L1;PRECT_L1;T2M_L1;WS10M_L1;kc_L2
30.2696,-7.6054,TOPK_CORR,7,CLOUD_AMT_L1;kc_L1;DTR_L1;PRECT_L1;CLOUD_AMT_L2;kc_L2;RH2M_L1
30.2696,-7.6054,TOPK_MI,7,kc_L1;CLOUD_AMT_L1;DTR_L1;CLOUD_AMT_L2;kc_L2;PRECT_L1;PRECT_L7
30.2696,-7.6054,LASSO_PATH,7,CLOUD_AMT_L1;DTR_L1;kc_L1;PRECT_L1;T2M_L1;DTR_L7;RH2M_L3
30.2696,-7.6054,OMP,7,T2M_L1;T2M_L3;DTR_L1;DTR_L7;WS10M_L6;PRECT_L1;CLOUD_AMT_L1
30.2696,-7.6054,ALL,56,all
30.2696,-8.1054,PCMCI,4,CLOUD_AMT_L1;CLOUD_AMT_L2;T2M_L1;kc_L2
30.2696,-8.1054,TOPK_CORR,4,CLOUD_AMT_L1;kc_L1;DTR_L1;PRECT_L1
30.2696,-8.1054,TOPK_MI,4,kc_L1;CLOUD_AMT_L1;PRECT_L1;DTR_L1
30.2696,-8.1054,LASSO_PATH,4,CLOUD_AMT_L1;kc_L1;DTR_L1;PRECT_L1
30.2696,-8.1054,OMP,4,T2M_L1;PRECT_L1;PS_L1;CLOUD_AMT_L1
30.2696,-8.1054,ALL,56,all
30.2696,-8.6054,PCMCI,9,CLOUD_AMT_L1;CLOUD_AMT_L2;DTR_L1;DTR_L2;PRECT_L1;PS_L1;RH2M_L1;T2M_L1;kc_L2
30.2696,-8.6054,TOPK_CORR,9,CLOUD_AMT_L1;kc_L1;DTR_L1;PRECT_L1;CLOUD_AMT_L2;kc_L2;PS_L1;RH2M_L1;DTR_L2
30.2696,-8.6054,TOPK_MI,9,kc_L1;CLOUD_AMT_L1;PRECT_L1;PRECT_L4;DTR_L1;kc_L2;PRECT_L2;PRECT_L3;PRECT_L5
30.2696,-8.6054,LASSO_PATH,9,CLOUD_AMT_L1;T2M_L1;PRECT_L1;PS_L1;kc_L1;WS10M_L1;DTR_L1;DTR_L5;WS10M_L3
30.2696,-8.6054,OMP,9,T2M_L1;T2M_L3;DTR_L1;DTR_L2;WS10M_L1;PRECT_L1;PS_L1;CLOUD_AMT_L1;CLOUD_AMT_L2
30.2696,-8.6054,ALL,56,all
30.2696,-9.1054,PCMCI,7,CLOUD_AMT_L1;PS_L1;RH2M_L2;T2M_L1;T2M_L2;WS10M_L1;kc_L2
30.2696,-9.1054,TOPK_CORR,7,CLOUD_AMT_L1;kc_L1;PRECT_L1;DTR_L1;CLOUD_AMT_L2;kc_L2;PS_L1
30.2696,-9.1054,TOPK_MI,7,kc_L1;CLOUD_AMT_L1;PRECT_L1;PRECT_L2;DTR_L1;WS10M_L1;PRECT_L7
30.2696,-9.1054,LASSO_PATH,7,CLOUD_AMT_L1;PS_L1;kc_L1;WS10M_L1;T2M_L1;RH2M_L3;WS10M_L3
30.2696,-9.1054,OMP,7,T2M_L1;T2M_L3;RH2M_L2;WS10M_L1;WS10M_L3;PS_L1;CLOUD_AMT_L1
30.2696,-9.1054,ALL,56,all
30.2696,-9.6054,PCMCI,7,CLOUD_AMT_L1;PS_L1;RH2M_L2;T2M_L1;T2M_L2;WS10M_L1;kc_L2
30.2696,-9.6054,TOPK_CORR,7,CLOUD_AMT_L1;kc_L1;PRECT_L1;DTR_L1;CLOUD_AMT_L2;kc_L2;PS_L1
30.2696,-9.6054,TOPK_MI,7,kc_L1;CLOUD_AMT_L1;PRECT_L1;PRECT_L2;DTR_L1;WS10M_L1;PRECT_L7
30.2696,-9.6054,LASSO_PATH,7,CLOUD_AMT_L1;PS_L1;kc_L1;WS10M_L1;T2M_L1;RH2M_L3;WS10M_L3
30.2696,-9.6054,OMP,7,T2M_L1;T2M_L3;RH2M_L2;WS10M_L1;WS10M_L3;PS_L1;CLOUD_AMT_L1
30.2696,-9.6054,ALL,56,all
30.7696,-4.1054,PCMCI,4,CLOUD_AMT_L1;T2M_L1;kc_L1;kc_L5
30.7696,-4.1054,TOPK_CORR,4,CLOUD_AMT_L1;kc_L1;DTR_L1;PRECT_L1
30.7696,-4.1054,TOPK_MI,4,kc_L1;CLOUD_AMT_L1;kc_L2;PRECT_L4
30.7696,-4.1054,LASSO_PATH,4,CLOUD_AMT_L1;kc_L1;kc_L5;T2M_L1
30.7696,-4.1054,OMP,4,kc_L5;T2M_L1;WS10M_L1;CLOUD_AMT_L1
30.7696,-4.1054,ALL,56,all
30.7696,-4.6054,PCMCI,4,CLOUD_AMT_L1;T2M_L1;kc_L1;kc_L5
30.7696,-4.6054,TOPK_CORR,4,CLOUD_AMT_L1;kc_L1;DTR_L1;PRECT_L1
30.7696,-4.6054,TOPK_MI,4,kc_L1;CLOUD_AMT_L1;kc_L2;PRECT_L4
30.7696,-4.6054,LASSO_PATH,4,CLOUD_AMT_L1;kc_L1;kc_L5;T2M_L1
30.7696,-4.6054,OMP,4,kc_L5;T2M_L1;WS10M_L1;CLOUD_AMT_L1
30.7696,-4.6054,ALL,56,all
30.7696,-5.1054,PCMCI,2,CLOUD_AMT_L1;T2M_L1
30.7696,-5.1054,TOPK_CORR,2,CLOUD_AMT_L1;kc_L1
30.7696,-5.1054,TOPK_MI,2,kc_L1;CLOUD_AMT_L1
30.7696,-5.1054,LASSO_PATH,2,CLOUD_AMT_L1;kc_L1
30.7696,-5.1054,OMP,2,kc_L5;CLOUD_AMT_L1
30.7696,-5.1054,ALL,56,all
30.7696,-5.6054,PCMCI,2,CLOUD_AMT_L1;T2M_L1
30.7696,-5.6054,TOPK_CORR,2,CLOUD_AMT_L1;kc_L1
30.7696,-5.6054,TOPK_MI,2,kc_L1;CLOUD_AMT_L1
30.7696,-5.6054,LASSO_PATH,2,CLOUD_AMT_L1;kc_L1
30.7696,-5.6054,OMP,2,kc_L5;CLOUD_AMT_L1
30.7696,-5.6054,ALL,56,all
30.7696,-6.1054,PCMCI,2,CLOUD_AMT_L1;T2M_L1
30.7696,-6.1054,TOPK_CORR,2,CLOUD_AMT_L1;kc_L1
30.7696,-6.1054,TOPK_MI,2,kc_L1;CLOUD_AMT_L1
30.7696,-6.1054,LASSO_PATH,2,CLOUD_AMT_L1;kc_L1
30.7696,-6.1054,OMP,2,T2M_L1;CLOUD_AMT_L1
30.7696,-6.1054,ALL,56,all
30.7696,-6.6054,PCMCI,3,CLOUD_AMT_L1;T2M_L1;T2M_L2
30.7696,-6.6054,TOPK_CORR,3,CLOUD_AMT_L1;kc_L1;DTR_L1
30.7696,-6.6054,TOPK_MI,3,kc_L1;CLOUD_AMT_L1;DTR_L1
30.7696,-6.6054,LASSO_PATH,3,CLOUD_AMT_L1;kc_L1;T2M_L1
30.7696,-6.6054,OMP,3,T2M_L1;DTR_L1;CLOUD_AMT_L1
30.7696,-6.6054,ALL,56,all
30.7696,-7.1054,PCMCI,4,CLOUD_AMT_L1;T2M_L1;T2M_L2;kc_L2
30.7696,-7.1054,TOPK_CORR,4,CLOUD_AMT_L1;kc_L1;DTR_L1;PRECT_L1
30.7696,-7.1054,TOPK_MI,4,kc_L1;CLOUD_AMT_L1;CLOUD_AMT_L2;DTR_L1
30.7696,-7.1054,LASSO_PATH,4,CLOUD_AMT_L1;kc_L1;T2M_L1;PRECT_L1
30.7696,-7.1054,OMP,4,T2M_L1;T2M_L3;PRECT_L1;CLOUD_AMT_L1
30.7696,-7.1054,ALL,56,all
30.7696,-7.6054,PCMCI,8,CLOUD_AMT_L1;PRECT_L1;PS_L1;PS_L3;T2M_L1;T2M_L2;T2M_L3;kc_L2
30.7696,-7.6054,TOPK_CORR,8,CLOUD_AMT_L1;kc_L1;DTR_L1;PRECT_L1;CLOUD_AMT_L2;kc_L2;DTR_L2;RH2M_L1
30.7696,-7.6054,TOPK_MI,8,kc_L1;CLOUD_AMT_L1;DTR_L1;CLOUD_AMT_L2;PRECT_L1;kc_L2;CLOUD_AMT_L3;T2M_L2
30.7696,-7.6054,LASSO_PATH,8,CLOUD_AMT_L1;T2M_L1;kc_L1;PRECT_L1;PS_L1;T2M_L3;DTR_L7;RH2M_L3
30.7696,-7.6054,OMP,8,T2M_L1;T2M_L3;T2M_L6;DTR_L7;WS10M_L5;PRECT_L1;PS_L1;CLOUD_AMT_L1
30.7696,-7.6054,ALL,56,all
30.7696,-8.1054,PCMCI,8,CLOUD_AMT_L1;PS_L1;T2M_L1;T2M_L2;T2M_L3;kc_L1;kc_L2;kc_L3
30.7696,-8.1054,TOPK_CORR,8,CLOUD_AMT_L1;kc_L1;DTR_L1;PRECT_L1;CLOUD_AMT_L2;kc_L2;PS_L1;RH2M_L1
30.7696,-8.1054,TOPK_MI,8,kc_L1;CLOUD_AMT_L1;PRECT_L1;kc_L2;DTR_L1;CLOUD_AMT_L2;PS_L1;PRECT_L2
30.7696,-8.1054,LASSO_PATH,8,CLOUD_AMT_L1;T2M_L1;kc_L1;PS_L1;T2M_L3;DTR_L7;DTR_L3;RH2M_L3
30.7696,-8.1054,OMP,8,T2M_L1;T2M_L3;DTR_L3;DTR_L7;WS10M_L5;PRECT_L1;PS_L1;CLOUD_AMT_L1
30.7696,-8.1054,ALL,56,all
30.7696,-8.6054,PCMCI,7,CLOUD_AMT_L1;CLOUD_AMT_L2;PS_L1;PS_L2;T2M_L1;T2M_L2;kc_L2
30.7696,-8.6054,TOPK_CORR,7,CLOUD_AMT_L1;kc_L1;DTR_L1;PRECT_L1;CLOUD_AMT_L2;kc_L2;PS_L1
30.7696,-8.6054,TOPK_MI,7,kc_L1;CLOUD_AMT_L1;PRECT_L1;DTR_L1;PRECT_L4;kc_L2;PRECT_L5
30.7696,-8.6054,LASSO_PATH,7,CLOUD_AMT_L1;T2M_L1;PS_L1;kc_L1;PRECT_L1;T2M_L3;DTR_L7
30.7696,-8.6054,OMP,7,T2M_L1;T2M_L3;DTR_L2;WS10M_L5;PRECT_L1;PS_L1;CLOUD_AMT_L1
30.7696,-8.6054,ALL,56,all
30.7696,-9.1054,PCMCI,10,CLOUD_AMT_L1;PS_L1;PS_L2;RH2M_L2;RH2M_L3;T2M_L1;T2M_L2;T2M_L3;WS10M_L1;kc_L2
30.7696,-9.1054,TOPK_CORR,10,CLOUD_AMT_L1;kc_L1;PRECT_L1;DTR_L1;PS_L1;CLOUD_AMT_L2;kc_L2;T2M_L1;WS10M_L1;PS_L2
30.7696,-9.1054,TOPK_MI,10,kc_L1;CLOUD_AMT_L1;PRECT_L3;T2M_L1;WS10M_L1;PRECT_L1;PRECT_L2;RH2M_L1;DTR_L1;PRECT_L7
30.7696,-9.1054,LASSO_PATH,10,CLOUD_AMT_L1;T2M_L1;PS_L1;kc_L1;WS10M_L1;T2M_L3;RH2M_L2;T2M_L2;CLOUD_AMT_L2;WS10M_L3
30.7696,-9.1054,OMP,10,kc_L2;T2M_L1;T2M_L3;DTR_L2;WS10M_L1;WS10M_L3;PS_L1;PS_L3;CLOUD_AMT_L1;CLOUD_AMT_L2
30.7696,-9.1054,ALL,56,all
30.7696,-9.6054,PCMCI,10,CLOUD_AMT_L1;PS_L1;PS_L2;RH2M_L2;RH2M_L3;T2M_L1;T2M_L2;T2M_L3;WS10M_L1;kc_L2
30.7696,-9.6054,TOPK_CORR,10,CLOUD_AMT_L1;kc_L1;PRECT_L1;DTR_L1;PS_L1;CLOUD_AMT_L2;kc_L2;T2M_L1;WS10M_L1;PS_L2
30.7696,-9.6054,TOPK_MI,10,kc_L1;CLOUD_AMT_L1;PRECT_L3;T2M_L1;WS10M_L1;PRECT_L1;PRECT_L2;RH2M_L1;DTR_L1;PRECT_L7
30.7696,-9.6054,LASSO_PATH,10,CLOUD_AMT_L1;T2M_L1;PS_L1;kc_L1;WS10M_L1;T2M_L3;RH2M_L2;T2M_L2;CLOUD_AMT_L2;WS10M_L3
30.7696,-9.6054,OMP,10,kc_L2;T2M_L1;T2M_L3;DTR_L2;WS10M_L1;WS10M_L3;PS_L1;PS_L3;CLOUD_AMT_L1;CLOUD_AMT_L2
30.7696,-9.6054,ALL,56,all
31.2696,-4.1054,PCMCI,5,CLOUD_AMT_L1;CLOUD_AMT_L2;PRECT_L1;T2M_L1;kc_L5
31.2696,-4.1054,TOPK_CORR,5,CLOUD_AMT_L1;kc_L1;DTR_L1;PRECT_L1;CLOUD_AMT_L2
31.2696,-4.1054,TOPK_MI,5,kc_L1;CLOUD_AMT_L1;DTR_L1;PRECT_L1;PRECT_L3
31.2696,-4.1054,LASSO_PATH,5,CLOUD_AMT_L1;kc_L1;PRECT_L1;kc_L5;PRECT_L6
31.2696,-4.1054,OMP,5,kc_L5;PRECT_L1;PRECT_L6;CLOUD_AMT_L1;CLOUD_AMT_L2
31.2696,-4.1054,ALL,56,all
31.2696,-4.6054,PCMCI,5,CLOUD_AMT_L1;CLOUD_AMT_L2;PRECT_L1;T2M_L1;kc_L5
31.2696,-4.6054,TOPK_CORR,5,CLOUD_AMT_L1;kc_L1;DTR_L1;PRECT_L1;CLOUD_AMT_L2
31.2696,-4.6054,TOPK_MI,5,kc_L1;CLOUD_AMT_L1;DTR_L1;PRECT_L1;PRECT_L3
31.2696,-4.6054,LASSO_PATH,5,CLOUD_AMT_L1;kc_L1;PRECT_L1;kc_L5;PRECT_L6
31.2696,-4.6054,OMP,5,kc_L5;PRECT_L1;PRECT_L6;CLOUD_AMT_L1;CLOUD_AMT_L2
31.2696,-4.6054,ALL,56,all
31.2696,-5.1054,PCMCI,4,CLOUD_AMT_L1;CLOUD_AMT_L2;PRECT_L1;T2M_L1
31.2696,-5.1054,TOPK_CORR,4,CLOUD_AMT_L1;kc_L1;DTR_L1;PRECT_L1
31.2696,-5.1054,TOPK_MI,4,kc_L1;CLOUD_AMT_L1;DTR_L1;PRECT_L1
31.2696,-5.1054,LASSO_PATH,4,CLOUD_AMT_L1;kc_L1;PRECT_L1;DTR_L1
31.2696,-5.1054,OMP,4,DTR_L3;PRECT_L1;CLOUD_AMT_L1;CLOUD_AMT_L2
31.2696,-5.1054,ALL,56,all
31.2696,-5.6054,PCMCI,4,CLOUD_AMT_L1;CLOUD_AMT_L2;PRECT_L1;T2M_L1
31.2696,-5.6054,TOPK_CORR,4,CLOUD_AMT_L1;kc_L1;DTR_L1;PRECT_L1
31.2696,-5.6054,TOPK_MI,4,kc_L1;CLOUD_AMT_L1;PRECT_L1;DTR_L1
31.2696,-5.6054,LASSO_PATH,4,CLOUD_AMT_L1;kc_L1;DTR_L1;PRECT_L1
31.2696,-5.6054,OMP,4,DTR_L5;PRECT_L1;CLOUD_AMT_L1;CLOUD_AMT_L2
31.2696,-5.6054,ALL,56,all
31.2696,-6.1054,PCMCI,7,CLOUD_AMT_L1;CLOUD_AMT_L5;PRECT_L1;PS_L1;T2M_L1;T2M_L2;kc_L2
31.2696,-6.1054,TOPK_CORR,7,CLOUD_AMT_L1;kc_L1;DTR_L1;PRECT_L1;RH2M_L1;CLOUD_AMT_L2;kc_L2
31.2696,-6.1054,TOPK_MI,7,kc_L1;CLOUD_AMT_L1;PRECT_L1;DTR_L1;CLOUD_AMT_L2;kc_L2;PS_L1
31.2696,-6.1054,LASSO_PATH,7,CLOUD_AMT_L1;PRECT_L1;T2M_L1;PS_L1;CLOUD_AMT_L5;WS10M_L5;DTR_L7
31.2696,-6.1054,OMP,7,T2M_L1;T2M_L3;WS10M_L5;PRECT_L1;PS_L1;CLOUD_AMT_L1;CLOUD_AMT_L5
31.2696,-6.1054,ALL,56,all
31.2696,-6.6054,PCMCI,7,CLOUD_AMT_L1;DTR_L1;PRECT_L1;PS_L1;PS_L2;RH2M_L1;T2M_L1
31.2696,-6.6054,TOPK_CORR,7,CLOUD_AMT_L1;kc_L1;DTR_L1;PRECT_L1;CLOUD_AMT_L2;kc_L2;PS_L1
31.2696,-6.6054,TOPK_MI,7,kc_L1;CLOUD_AMT_L1;PRECT_L1;DTR_L1;PRECT_L2;CLOUD_AMT_L2;PS_L1
31.2696,-6.6054,LASSO_PATH,7,CLOUD_AMT_L1;T2M_L1;PS_L1;PRECT_L1;CLOUD_AMT_L5;kc_L7;PRECT_L4
31.2696,-6.6054,OMP,7,T2M_L1;T2M_L3;WS10M_L5;PRECT_L1;PS_L1;CLOUD_AMT_L1;CLOUD_AMT_L5
31.2696,-6.6054,ALL,56,all
31.2696,-7.1054,PCMCI,7,CLOUD_AMT_L1;DTR_L1;PS_L1;PS_L2;RH2M_L1;T2M_L1;T2M_L2
31.2696,-7.1054,TOPK_CORR,7,CLOUD_AMT_L1;kc_L1;PRECT_L1;DTR_L1;CLOUD_AMT_L2;PS_L1;kc_L2
31.2696,-7.1054,TOPK_MI,7,kc_L1;CLOUD_AMT_L1;PRECT_L1;kc_L2;CLOUD_AMT_L2;DTR_L1;kc_L3
31.2696,-7.1054,LASSO_PATH,7,CLOUD_AMT_L1;PS_L1;T2M_L1;PRECT_L1;RH2M_L4;RH2M_L3;kc_L7
31.2696,-7.1054,OMP,7,kc_L7;T2M_L1;T2M_L3;RH2M_L4;WS10M_L5;PS_L1;CLOUD_AMT_L1
31.2696,-7.1054,ALL,56,all
31.2696,-7.6054,PCMCI,5,CLOUD_AMT_L1;PS_L1;PS_L2;PS_L3;T2M_L1
31.2696,-7.6054,TOPK_CORR,5,CLOUD_AMT_L1;kc_L1;PRECT_L1;PS_L1;DTR_L1
31.2696,-7.6054,TOPK_MI,5,kc_L1;CLOUD_AMT_L1;PRECT_L1;kc_L2;CLOUD_AMT_L2
31.2696,-7.6054,LASSO_PATH,5,CLOUD_AMT_L1;PS_L1;T2M_L1;RH2M_L4;PRECT_L1
31.2696,-7.6054,OMP,5,T2M_L1;RH2M_L4;PS_L1;PS_L2;CLOUD_AMT_L1
31.2696,-7.6054,ALL,56,all
31.2696,-8.1054,PCMCI,4,CLOUD_AMT_L1;PS_L1;PS_L2;T2M_L1
31.2696,-8.1054,TOPK_CORR,4,CLOUD_AMT_L1;kc_L1;PS_L1;PRECT_L1
31.2696,-8.1054,TOPK_MI,4,kc_L1;CLOUD_AMT_L1;PRECT_L1;PRECT_L2
31.2696,-8.1054,LASSO_PATH,4,CLOUD_AMT_L1;PS_L1;T2M_L1;WS10M_L2
31.2696,-8.1054,OMP,4,T2M_L1;T2M_L3;PS_L1;CLOUD_AMT_L1
31.2696,-8.1054,ALL,56,all
31.2696,-8.6054,PCMCI,8,CLOUD_AMT_L1;DTR_L5;PS_L1;PS_L2;PS_L3;T2M_L1;T2M_L3;WS10M_L1
31.2696,-8.6054,TOPK_CORR,8,CLOUD_AMT_L1;kc_L1;PS_L1;PRECT_L1;CLOUD_AMT_L2;PS_L2;kc_L2;DTR_L1
31.2696,-8.6054,TOPK_MI,8,kc_L1;CLOUD_AMT_L1;PRECT_L1;PS_L1;PRECT_L2;PRECT_L3;PRECT_L6;PRECT_L7
31.2696,-8.6054,LASSO_PATH,8,CLOUD_AMT_L1;PS_L1;T2M_L1;WS10M_L1;DTR_L5;WS10M_L2;kc_L7;RH2M_L4
31.2696,-8.6054,OMP,8,kc_L3;kc_L7;T2M_L1;T2M_L3;WS10M_L1;PS_L1;PS_L2;CLOUD_AMT_L1
31.2696,-8.6054,ALL,56,all
31.2696,-9.1054,PCMCI,10,CLOUD_AMT_L1;DTR_L3;DTR_L5;PS_L1;PS_L2;RH2M_L2;T2M_L1;T2M_L2;T2M_L3;WS10M_L1
31.2696,-9.1054,TOPK_CORR,10,CLOUD_AMT_L1;kc_L1;PS_L1;PRECT_L1;PS_L2;kc_L2;CLOUD_AMT_L2;T2M_L1;WS10M_L1;DTR_L1
31.2696,-9.1054,TOPK_MI,10,kc_L1;CLOUD_AMT_L1;PRECT_L2;PRECT_L1;PS_L1;PRECT_L4;PRECT_L3;PRECT_L5;kc_L2;PRECT_L6
31.2696,-9.1054,LASSO_PATH,10,CLOUD_AMT_L1;PS_L1;T2M_L1;T2M_L3;WS10M_L1;PS_L2;kc_L1;DTR_L3;RH2M_L2;kc_L7
31.2696,-9.1054,OMP,10,kc_L3;kc_L7;T2M_L1;T2M_L3;WS10M_L1;PRECT_L2;PRECT_L7;PS_L1;PS_L2;CLOUD_AMT_L1
31.2696,-9.1054,ALL,56,all
31.2696,-9.6054,PCMCI,10,CLOUD_AMT_L1;DTR_L3;DTR_L5;PS_L1;PS_L2;RH2M_L2;T2M_L1;T2M_L2;T2M_L3;WS10M_L1
31.2696,-9.6054,TOPK_CORR,10,CLOUD_AMT_L1;kc_L1;PS_L1;PRECT_L1;PS_L2;kc_L2;CLOUD_AMT_L2;T2M_L1;WS10M_L1;DTR_L1
31.2696,-9.6054,TOPK_MI,10,kc_L1;CLOUD_AMT_L1;PRECT_L2;PRECT_L1;PS_L1;PRECT_L4;PRECT_L3;PRECT_L5;kc_L2;PRECT_L6
31.2696,-9.6054,LASSO_PATH,10,CLOUD_AMT_L1;PS_L1;T2M_L1;T2M_L3;WS10M_L1;PS_L2;kc_L1;DTR_L3;RH2M_L2;kc_L7
31.2696,-9.6054,OMP,10,kc_L3;kc_L7;T2M_L1;T2M_L3;WS10M_L1;PRECT_L2;PRECT_L7;PS_L1;PS_L2;CLOUD_AMT_L1
31.2696,-9.6054,ALL,56,all
31.7696,-3.1054,PCMCI,3,CLOUD_AMT_L1;kc_L1;kc_L5
31.7696,-3.1054,TOPK_CORR,3,CLOUD_AMT_L1;kc_L1;DTR_L1
31.7696,-3.1054,TOPK_MI,3,kc_L1;CLOUD_AMT_L1;PRECT_L1
31.7696,-3.1054,LASSO_PATH,3,CLOUD_AMT_L1;kc_L1;kc_L5
31.7696,-3.1054,OMP,3,kc_L5;PS_L4;CLOUD_AMT_L1
31.7696,-3.1054,ALL,56,all
31.7696,-3.6054,PCMCI,4,CLOUD_AMT_L1;T2M_L1;kc_L1;kc_L5
31.7696,-3.6054,TOPK_CORR,4,CLOUD_AMT_L1;kc_L1;DTR_L1;PRECT_L1
31.7696,-3.6054,TOPK_MI,4,kc_L1;CLOUD_AMT_L1;PRECT_L1;kc_L2
31.7696,-3.6054,LASSO_PATH,4,CLOUD_AMT_L1;kc_L1;kc_L5;WS10M_L7
31.7696,-3.6054,OMP,4,kc_L1;kc_L5;PS_L4;CLOUD_AMT_L1
31.7696,-3.6054,ALL,56,all
31.7696,-4.1054,PCMCI,4,CLOUD_AMT_L1;CLOUD_AMT_L2;T2M_L1;kc_L5
31.7696,-4.1054,TOPK_CORR,4,CLOUD_AMT_L1;kc_L1;DTR_L1;PRECT_L1
31.7696,-4.1054,TOPK_MI,4,kc_L1;CLOUD_AMT_L1;PRECT_L1;DTR_L1
31.7696,-4.1054,LASSO_PATH,4,CLOUD_AMT_L1;kc_L1;kc_L5;WS10M_L5
31.7696,-4.1054,OMP,4,kc_L5;PRECT_L6;CLOUD_AMT_L1;CLOUD_AMT_L2
31.7696,-4.1054,ALL,56,all
31.7696,-4.6054,PCMCI,4,CLOUD_AMT_L1;CLOUD_AMT_L2;T2M_L1;kc_L5
31.7696,-4.6054,TOPK_CORR,4,CLOUD_AMT_L1;kc_L1;DTR_L1;PRECT_L1
31.7696,-4.6054,TOPK_MI,4,kc_L1;CLOUD_AMT_L1;PRECT_L1;DTR_L1
31.7696,-4.6054,LASSO_PATH,4,CLOUD_AMT_L1;kc_L1;kc_L5;WS10M_L5
31.7696,-4.6054,OMP,4,kc_L5;PRECT_L6;CLOUD_AMT_L1;CLOUD_AMT_L2
31.7696,-4.6054,ALL,56,all
31.7696,-5.1054,PCMCI,4,CLOUD_AMT_L1;CLOUD_AMT_L2;RH2M_L1;T2M_L1
31.7696,-5.1054,TOPK_CORR,4,CLOUD_AMT_L1;kc_L1;DTR_L1;PRECT_L1
31.7696,-5.1054,TOPK_MI,4,kc_L1;CLOUD_AMT_L1;PRECT_L1;DTR_L1
31.7696,-5.1054,LASSO_PATH,4,CLOUD_AMT_L1;kc_L1;PRECT_L1;DTR_L1
31.7696,-5.1054,OMP,4,WS10M_L1;PRECT_L1;CLOUD_AMT_L1;CLOUD_AMT_L2
31.7696,-5.1054,ALL,56,all
31.7696,-5.6054,PCMCI,7,CLOUD_AMT_L1;CLOUD_AMT_L2;PRECT_L1;T2M_L1;T2M_L2;kc_L1;kc_L2
31.7696,-5.6054,TOPK_CORR,7,CLOUD_AMT_L1;kc_L1;DTR_L1;PRECT_L1;CLOUD_AMT_L2;kc_L2;RH2M_L1
31.7696,-5.6054,TOPK_MI,7,kc_L1;CLOUD_AMT_L1;DTR_L1;PRECT_L1;CLOUD_AMT_L2;kc_L2;kc_L3
31.7696,-5.6054,LASSO_PATH,7,CLOUD_AMT_L1;kc_L1;PRECT_L1;T2M_L1;CLOUD_AMT_L2;kc_L5;PRECT_L6
31.7696,-5.6054,OMP,7,T2M_L1;T2M_L2;DTR_L5;PRECT_L1;PRECT_L6;CLOUD_AMT_L1;CLOUD_AMT_L2
31.7696,-5.6054,ALL,56,all
31.7696,-6.1054,PCMCI,8,CLOUD_AMT_L1;DTR_L1;PRECT_L1;PS_L1;PS_L2;RH2M_L1;T2M_L1;T2M_L2
31.7696,-6.1054,TOPK_CORR,8,CLOUD_AMT_L1;kc_L1;PRECT_L1;CLOUD_AMT_L2;DTR_L1;kc_L2;PS_L1;WS10M_L1
31.7696,-6.1054,TOPK_MI,8,kc_L1;CLOUD_AMT_L1;PRECT_L1;CLOUD_AMT_L2;kc_L2;PS_L1;kc_L3;T2M_L4
31.7696,-6.1054,LASSO_PATH,8,CLOUD_AMT_L1;PS_L1;T2M_L1;DTR_L1;PRECT_L1;CLOUD_AMT_L5;T2M_L3;kc_L7
31.7696,-6.1054,OMP,8,T2M_L1;T2M_L3;DTR_L1;PRECT_L1;PS_L1;PS_L4;CLOUD_AMT_L1;CLOUD_AMT_L5
31.7696,-6.1054,ALL,56,all
31.7696,-6.6054,PCMCI,6,CLOUD_AMT_L1;PRECT_L1;PRECT_L4;PS_L1;PS_L2;T2M_L1
31.7696,-6.6054,TOPK_CORR,6,CLOUD_AMT_L1;kc_L1;PRECT_L1;PS_L1;CLOUD_AMT_L2;kc_L2
31.7696,-6.6054,TOPK_MI,6,kc_L1;CLOUD_AMT_L1;PRECT_L1;CLOUD_AMT_L2;kc_L2;PRECT_L2
31.7696,-6.6054,LASSO_PATH,6,CLOUD_AMT_L1;PS_L1;T2M_L1;DTR_L1;PRECT_L1;CLOUD_AMT_L5
31.7696,-6.6054,OMP,6,T2M_L1;T2M_L3;PS_L1;PS_L2;CLOUD_AMT_L1;CLOUD_AMT_L5
31.7696,-6.6054,ALL,56,all
31.7696,-7.1054,PCMCI,6,CLOUD_AMT_L1;PRECT_L1;PS_L1;PS_L2;PS_L3;T2M_L1
31.7696,-7.1054,TOPK_CORR,6,CLOUD_AMT_L1;kc_L1;PS_L1;PRECT_L1;CLOUD_AMT_L2;kc_L2
31.7696,-7.1054,TOPK_MI,6,kc_L1;CLOUD_AMT_L1;PRECT_L1;PS_L1;kc_L2;CLOUD_AMT_L2
31.7696,-7.1054,LASSO_PATH,6,CLOUD_AMT_L1;PS_L1;T2M_L1;DTR_L1;PRECT_L1;RH2M_L4
31.7696,-7.1054,OMP,6,kc_L2;T2M_L1;T2M_L3;PS_L1;PS_L2;CLOUD_AMT_L1
31.7696,-7.1054,ALL,56,all
31.7696,-7.6054,PCMCI,4,CLOUD_AMT_L1;PS_L1;PS_L2;T2M_L1
31.7696,-7.6054,TOPK_CORR,4,CLOUD_AMT_L1;kc_L1;PS_L1;PRECT_L1
31.7696,-7.6054,TOPK_MI,4,kc_L1;CLOUD_AMT_L1;PRECT_L1;PS_L1
31.7696,-7.6054,LASSO_PATH,4,CLOUD_AMT_L1;PS_L1;T2M_L1;PRECT_L1
31.7696,-7.6054,OMP,4,T2M_L1;DTR_L4;PS_L1;CLOUD_AMT_L1
31.7696,-7.6054,ALL,56,all
31.7696,-8.1054,PCMCI,7,CLOUD_AMT_L1;DTR_L3;PS_L1;PS_L2;PS_L3;T2M_L1;kc_L3
31.7696,-8.1054,TOPK_CORR,7,CLOUD_AMT_L1;kc_L1;PS_L1;PRECT_L1;CLOUD_AMT_L2;PS_L2;kc_L2
31.7696,-8.1054,TOPK_MI,7,kc_L1;CLOUD_AMT_L1;PRECT_L1;PS_L1;PRECT_L5;CLOUD_AMT_L2;PRECT_L7
31.7696,-8.1054,LASSO_PATH,7,CLOUD_AMT_L1;PS_L1;T2M_L1;DTR_L5;WS10M_L2;DTR_L4;WS10M_L1
31.7696,-8.1054,OMP,7,T2M_L1;DTR_L3;DTR_L5;WS10M_L1;PS_L1;PS_L2;CLOUD_AMT_L1
31.7696,-8.1054,ALL,56,all
31.7696,-8.6054,PCMCI,7,CLOUD_AMT_L1;DTR_L5;PS_L1;PS_L2;PS_L3;T2M_L1;WS10M_L1
31.7696,-8.6054,TOPK_CORR,7,CLOUD_AMT_L1;kc_L1;PS_L1;PRECT_L1;CLOUD_AMT_L2;PS_L2;kc_L2
31.7696,-8.6054,TOPK_MI,7,kc_L1;CLOUD_AMT_L1;PRECT_L1;PRECT_L2;PS_L1;PRECT_L3;PRECT_L6
31.7696,-8.6054,LASSO_PATH,7,CLOUD_AMT_L1;PS_L1;T2M_L1;WS10M_L1;DTR_L5;PS_L3;WS10M_L2
31.7696,-8.6054,OMP,7,T2M_L1;DTR_L3;DTR_L5;WS10M_L1;PS_L1;PS_L2;CLOUD_AMT_L1
31.7696,-8.6054,ALL,56,all
31.7696,-9.1054,PCMCI,10,CLOUD_AMT_L1;DTR_L3;DTR_L5;PS_L1;PS_L2;PS_L3;T2M_L1;T2M_L2;T2M_L3;WS10M_L1
31.7696,-9.1054,TOPK_CORR,10,CLOUD_AMT_L1;kc_L1;PS_L1;PRECT_L1;PS_L2;kc_L2;CLOUD_AMT_L2;T2M_L1;PRECT_L2;WS10M_L1
31.7696,-9.1054,TOPK_MI,10,kc_L1;CLOUD_AMT_L1;PRECT_L1;PS_L1;PRECT_L5;PRECT_L2;PRECT_L4;PRECT_L3;kc_L2;PRECT_L6
31.7696,-9.1054,LASSO_PATH,10,CLOUD_AMT_L1;PS_L1;T2M_L1;PS_L2;WS10M_L1;T2M_L3;kc_L1;DTR_L3;DTR_L5;kc_L7
31.7696,-9.1054,OMP,10,kc_L7;T2M_L1;T2M_L3;DTR_L2;WS10M_L1;WS10M_L2;PRECT_L3;PS_L1;PS_L2;CLOUD_AMT_L1
31.7696,-9.1054,ALL,56,all
31.7696,-9.6054,PCMCI,10,CLOUD_AMT_L1;DTR_L3;DTR_L5;PS_L1;PS_L2;PS_L3;T2M_L1;T2M_L2;T2M_L3;WS10M_L1
31.7696,-9.6054,TOPK_CORR,10,CLOUD_AMT_L1;kc_L1;PS_L1;PRECT_L1;PS_L2;kc_L2;CLOUD_AMT_L2;T2M_L1;PRECT_L2;WS10M_L1
31.7696,-9.6054,TOPK_MI,10,kc_L1;CLOUD_AMT_L1;PRECT_L1;PS_L1;PRECT_L5;PRECT_L2;PRECT_L4;PRECT_L3;kc_L2;PRECT_L6
31.7696,-9.6054,LASSO_PATH,10,CLOUD_AMT_L1;PS_L1;T2M_L1;PS_L2;WS10M_L1;T2M_L3;kc_L1;DTR_L3;DTR_L5;kc_L7
31.7696,-9.6054,OMP,10,kc_L7;T2M_L1;T2M_L3;DTR_L2;WS10M_L1;WS10M_L2;PRECT_L3;PS_L1;PS_L2;CLOUD_AMT_L1
31.7696,-9.6054,ALL,56,all
32.2696,-1.6054,PCMCI,6,CLOUD_AMT_L1;CLOUD_AMT_L3;PS_L1;PS_L2;T2M_L1;kc_L2
32.2696,-1.6054,TOPK_CORR,6,CLOUD_AMT_L1;kc_L1;DTR_L1;PRECT_L1;PS_L1;CLOUD_AMT_L2
32.2696,-1.6054,TOPK_MI,6,kc_L1;CLOUD_AMT_L1;PRECT_L1;PRECT_L3;kc_L2;PRECT_L4
32.2696,-1.6054,LASSO_PATH,6,CLOUD_AMT_L1;PS_L1;kc_L1;PS_L7;PRECT_L1;T2M_L1
32.2696,-1.6054,OMP,6,kc_L3;T2M_L1;T2M_L5;PS_L1;PS_L7;CLOUD_AMT_L1
32.2696,-1.6054,ALL,56,all
32.2696,-2.1054,PCMCI,5,CLOUD_AMT_L1;PS_L1;T2M_L1;T2M_L2;kc_L3
32.2696,-2.1054,TOPK_CORR,5,CLOUD_AMT_L1;kc_L1;DTR_L1;PRECT_L1;CLOUD_AMT_L2
32.2696,-2.1054,TOPK_MI,5,kc_L1;CLOUD_AMT_L1;PRECT_L1;PRECT_L3;PRECT_L6
32.2696,-2.1054,LASSO_PATH,5,CLOUD_AMT_L1;kc_L1;PS_L1;T2M_L1;RH2M_L1
32.2696,-2.1054,OMP,5,T2M_L1;T2M_L2;WS10M_L4;PS_L1;CLOUD_AMT_L1
32.2696,-2.1054,ALL,56,all
32.2696,-2.6054,PCMCI,5,CLOUD_AMT_L1;PS_L1;T2M_L1;T2M_L2;kc_L3
32.2696,-2.6054,TOPK_CORR,5,CLOUD_AMT_L1;kc_L1;PRECT_L1;DTR_L1;CLOUD_AMT_L2
32.2696,-2.6054,TOPK_MI,5,kc_L1;CLOUD_AMT_L1;PRECT_L1;PS_L1;PRECT_L6
32.2696,-2.6054,LASSO_PATH,5,CLOUD_AMT_L1;kc_L1;PS_L1;T2M_L1;PRECT_L1
32.2696,-2.6054,OMP,5,DTR_L5;RH2M_L1;PRECT_L1;PS_L1;CLOUD_AMT_L1
32.2696,-2.6054,ALL,56,all
32.2696,-3.1054,PCMCI,6,CLOUD_AMT_L1;CLOUD_AMT_L2;PS_L1;PS_L2;RH2M_L1;T2M_L1
32.2696,-3.1054,TOPK_CORR,6,CLOUD_AMT_L1;kc_L1;PRECT_L1;DTR_L1;CLOUD_AMT_L2;kc_L2
32.2696,-3.1054,TOPK_MI,6,kc_L1;CLOUD_AMT_L1;PRECT_L1;PRECT_L2;PRECT_L4;kc_L2
32.2696,-3.1054,LASSO_PATH,6,CLOUD_AMT_L1;kc_L1;PRECT_L1;PS_L1;T2M_L1;WS10M_L7
32.2696,-3.1054,OMP,6,T2M_L1;T2M_L3;WS10M_L7;PRECT_L1;PS_L1;CLOUD_AMT_L1
32.2696,-3.1054,ALL,56,all
32.2696,-3.6054,PCMCI,5,CLOUD_AMT_L1;CLOUD_AMT_L2;PS_L1;PS_L2;T2M_L1
32.2696,-3.6054,TOPK_CORR,5,CLOUD_AMT_L1;kc_L1;DTR_L1;PRECT_L1;CLOUD_AMT_L2
32.2696,-3.6054,TOPK_MI,5,kc_L1;CLOUD_AMT_L1;PRECT_L1;PRECT_L4;PRECT_L2
32.2696,-3.6054,LASSO_PATH,5,CLOUD_AMT_L1;kc_L1;PRECT_L1;PS_L1;T2M_L1
32.2696,-3.6054,OMP,5,T2M_L1;T2M_L3;PRECT_L1;PS_L1;CLOUD_AMT_L1
32.2696,-3.6054,ALL,56,all
32.2696,-4.1054,PCMCI,7,CLOUD_AMT_L1;CLOUD_AMT_L2;PRECT_L6;PS_L1;PS_L2;RH2M_L1;T2M_L1
32.2696,-4.1054,TOPK_CORR,7,CLOUD_AMT_L1;kc_L1;DTR_L1;PRECT_L1;CLOUD_AMT_L2;kc_L2;PS_L1
32.2696,-4.1054,TOPK_MI,7,kc_L1;CLOUD_AMT_L1;PRECT_L1;CLOUD_AMT_L2;DTR_L1;kc_L2;PRECT_L3
32.2696,-4.1054,LASSO_PATH,7,CLOUD_AMT_L1;kc_L1;PS_L1;PRECT_L1;T2M_L1;PRECT_L6;kc_L5
32.2696,-4.1054,OMP,7,T2M_L1;DTR_L3;PRECT_L1;PRECT_L6;PS_L1;CLOUD_AMT_L1;CLOUD_AMT_L2
32.2696,-4.1054,ALL,56,all
32.2696,-4.6054,PCMCI,7,CLOUD_AMT_L1;CLOUD_AMT_L2;PRECT_L6;PS_L1;PS_L2;RH2M_L1;T2M_L1
32.2696,-4.6054,TOPK_CORR,7,CLOUD_AMT_L1;kc_L1;DTR_L1;PRECT_L1;CLOUD_AMT_L2;kc_L2;PS_L1
32.2696,-4.6054,TOPK_MI,7,kc_L1;CLOUD_AMT_L1;PRECT_L1;CLOUD_AMT_L2;DTR_L1;kc_L2;PRECT_L3
32.2696,-4.6054,LASSO_PATH,7,CLOUD_AMT_L1;kc_L1;PS_L1;PRECT_L1;T2M_L1;PRECT_L6;kc_L5
32.2696,-4.6054,OMP,7,T2M_L1;DTR_L3;PRECT_L1;PRECT_L6;PS_L1;CLOUD_AMT_L1;CLOUD_AMT_L2
32.2696,-4.6054,ALL,56,all
32.2696,-5.1054,PCMCI,10,CLOUD_AMT_L1;CLOUD_AMT_L2;DTR_L1;PRECT_L1;PS_L1;PS_L2;PS_L3;RH2M_L1;T2M_L1;kc_L2
32.2696,-5.1054,TOPK_CORR,10,CLOUD_AMT_L1;kc_L1;PRECT_L1;DTR_L1;PS_L1;RH2M_L1;CLOUD_AMT_L2;kc_L2;WS10M_L1;PS_L2
32.2696,-5.1054,TOPK_MI,10,kc_L1;CLOUD_AMT_L1;PRECT_L1;PRECT_L2;kc_L2;CLOUD_AMT_L2;DTR_L1;PRECT_L3;PRECT_L4;PRECT_L6
32.2696,-5.1054,LASSO_PATH,10,CLOUD_AMT_L1;PS_L1;PRECT_L1;T2M_L1;CLOUD_AMT_L2;RH2M_L3;CLOUD_AMT_L5;kc_L5;T2M_L3;WS10M_L2
32.2696,-5.1054,OMP,10,T2M_L1;T2M_L3;WS10M_L5;PRECT_L1;PRECT_L6;PRECT_L7;PS_L1;PS_L2;CLOUD_AMT_L1;CLOUD_AMT_L5
32.2696,-5.1054,ALL,56,all
32.2696,-5.6054,PCMCI,10,CLOUD_AMT_L1;CLOUD_AMT_L5;DTR_L1;PRECT_L1;PS_L1;PS_L2;PS_L3;T2M_L1;T2M_L2;kc_L5
32.2696,-5.6054,TOPK_CORR,10,CLOUD_AMT_L1;kc_L1;PRECT_L1;PS_L1;DTR_L1;RH2M_L1;CLOUD_AMT_L2;WS10M_L1;PS_L2;kc_L2
32.2696,-5.6054,TOPK_MI,10,kc_L1;CLOUD_AMT_L1;PRECT_L1;kc_L2;PRECT_L2;PRECT_L3;CLOUD_AMT_L2;DTR_L1;PRECT_L6;RH2M_L1
32.2696,-5.6054,LASSO_PATH,10,CLOUD_AMT_L1;PS_L1;PRECT_L1;T2M_L1;DTR_L1;CLOUD_AMT_L2;CLOUD_AMT_L5;RH2M_L4;RH2M_L3;WS10M_L1
32.2696,-5.6054,OMP,10,T2M_L1;T2M_L3;DTR_L1;WS10M_L1;WS10M_L5;PRECT_L1;PS_L1;PS_L2;CLOUD_AMT_L1;CLOUD_AMT_L5
32.2696,-5.6054,ALL,56,all
32.2696,-6.1054,PCMCI,5,CLOUD_AMT_L1;DTR_L1;PRECT_L1;PS_L1;PS_L2
32.2696,-6.1054,TOPK_CORR,5,CLOUD_AMT_L1;kc_L1;PS_L1;PRECT_L1;PS_L2
32.2696,-6.1054,TOPK_MI,5,kc_L1;CLOUD_AMT_L1;PRECT_L1;PRECT_L2;kc_L2
32.2696,-6.1054,LASSO_PATH,5,CLOUD_AMT_L1;PS_L1;T2M_L1;RH2M_L4;PRECT_L1
32.2696,-6.1054,OMP,5,T2M_L1;RH2M_L4;PS_L1;PS_L2;CLOUD_AMT_L1
32.2696,-6.1054,ALL,56,all
32.2696,-6.6054,PCMCI,6,CLOUD_AMT_L1;DTR_L1;PRECT_L1;PS_L1;PS_L2;T2M_L2
32.2696,-6.6054,TOPK_CORR,6,CLOUD_AMT_L1;kc_L1;PS_L1;PRECT_L1;DTR_L1;PS_L2
32.2696,-6.6054,TOPK_MI,6,kc_L1;CLOUD_AMT_L1;PRECT_L1;PRECT_L2;kc_L2;PRECT_L4
32.2696,-6.6054,LASSO_PATH,6,CLOUD_AMT_L1;PS_L1;PRECT_L1;WS10M_L2;T2M_L1;RH2M_L4
32.2696,-6.6054,OMP,6,T2M_L1;RH2M_L4;PRECT_L1;PS_L1;PS_L2;CLOUD_AMT_L1
32.2696,-6.6054,ALL,56,all
32.2696,-7.1054,PCMCI,3,CLOUD_AMT_L1;PS_L1;PS_L2
32.2696,-7.1054,TOPK_CORR,3,CLOUD_AMT_L1;kc_L1;PS_L1
32.2696,-7.1054,TOPK_MI,3,kc_L1;CLOUD_AMT_L1;PRECT_L1
32.2696,-7.1054,LASSO_PATH,3,CLOUD_AMT_L1;PS_L1;T2M_L1
32.2696,-7.1054,OMP,3,T2M_L1;PS_L1;CLOUD_AMT_L1
32.2696,-7.1054,ALL,56,all
32.2696,-7.6054,PCMCI,6,CLOUD_AMT_L1;DTR_L4;PS_L1;PS_L2;T2M_L1;WS10M_L1
32.2696,-7.6054,TOPK_CORR,6,CLOUD_AMT_L1;kc_L1;PS_L1;PRECT_L1;PS_L2;DTR_L1
32.2696,-7.6054,TOPK_MI,6,kc_L1;CLOUD_AMT_L1;PRECT_L1;PRECT_L3;PRECT_L2;PRECT_L4
32.2696,-7.6054,LASSO_PATH,6,CLOUD_AMT_L1;PS_L1;PRECT_L1;T2M_L1;WS10M_L1;WS10M_L2
32.2696,-7.6054,OMP,6,T2M_L1;DTR_L4;WS10M_L1;PS_L1;PS_L2;CLOUD_AMT_L1
32.2696,-7.6054,ALL,56,all
32.2696,-8.1054,PCMCI,5,CLOUD_AMT_L1;PS_L1;PS_L2;PS_L3;T2M_L1
32.2696,-8.1054,TOPK_CORR,5,CLOUD_AMT_L1;kc_L1;PS_L1;PRECT_L1;PS_L2
32.2696,-8.1054,TOPK_MI,5,kc_L1;PRECT_L1;CLOUD_AMT_L1;PS_L1;PRECT_L4
32.2696,-8.1054,LASSO_PATH,5,CLOUD_AMT_L1;PS_L1;T2M_L1;kc_L1;DTR_L4
32.2696,-8.1054,OMP,5,T2M_L1;DTR_L3;PS_L1;PS_L2;CLOUD_AMT_L1
32.2696,-8.1054,ALL,56,all
32.2696,-8.6054,PCMCI,6,CLOUD_AMT_L1;PS_L1;PS_L2;PS_L3;T2M_L1;WS10M_L1
32.2696,-8.6054,TOPK_CORR,6,CLOUD_AMT_L1;kc_L1;PS_L1;PRECT_L1;PS_L2;DTR_L1
32.2696,-8.6054,TOPK_MI,6,kc_L1;PRECT_L1;CLOUD_AMT_L1;PRECT_L2;PS_L1;PRECT_L3
32.2696,-8.6054,LASSO_PATH,6,CLOUD_AMT_L1;PS_L1;WS10M_L1;T2M_L1;PRECT_L1;kc_L1
32.2696,-8.6054,OMP,6,T2M_L1;DTR_L3;WS10M_L1;PS_L1;PS_L2;CLOUD_AMT_L1
32.2696,-8.6054,ALL,56,all
32.2696,-9.1054,PCMCI,7,CLOUD_AMT_L1;PS_L1;PS_L2;PS_L3;RH2M_L1;WS10M_L1;WS10M_L2
32.2696,-9.1054,TOPK_CORR,7,CLOUD_AMT_L1;kc_L1;PS_L1;PRECT_L1;PS_L2;CLOUD_AMT_L2;kc_L2
32.2696,-9.1054,TOPK_MI,7,kc_L1;CLOUD_AMT_L1;PS_L1;PRECT_L1;PRECT_L5;PRECT_L6;PRECT_L4
32.2696,-9.1054,LASSO_PATH,7,CLOUD_AMT_L1;PS_L1;WS10M_L1;T2M_L1;RH2M_L1;kc_L1;DTR_L1
32.2696,-9.1054,OMP,7,kc_L5;T2M_L1;WS10M_L1;PRECT_L3;PS_L1;PS_L2;CLOUD_AMT_L1
32.2696,-9.1054,ALL,56,all
32.7696,-1.6054,PCMCI,8,CLOUD_AMT_L1;CLOUD_AMT_L3;PS_L1;PS_L2;PS_L4;T2M_L1;T2M_L2;kc_L3
32.7696,-1.6054,TOPK_CORR,8,CLOUD_AMT_L1;kc_L1;PRECT_L1;DTR_L1;PS_L1;CLOUD_AMT_L2;kc_L2;WS10M_L1
32.7696,-1.6054,TOPK_MI,8,kc_L1;CLOUD_AMT_L1;PRECT_L1;kc_L2;PS_L1;PRECT_L5;PRECT_L2;PRECT_L3
32.7696,-1.6054,LASSO_PATH,8,CLOUD_AMT_L1;PS_L1;kc_L1;T2M_L1;PS_L7;kc_L3;RH2M_L1;DTR_L5
32.7696,-1.6054,OMP,8,kc_L3;T2M_L1;T2M_L2;T2M_L5;PS_L1;PS_L2;PS_L7;CLOUD_AMT_L1
32.7696,-1.6054,ALL,56,all
32.7696,-2.1054,PCMCI,8,CLOUD_AMT_L1;PS_L1;PS_L2;RH2M_L1;RH2M_L2;T2M_L1;T2M_L2;kc_L3
32.7696,-2.1054,TOPK_CORR,8,CLOUD_AMT_L1;kc_L1;PRECT_L1;CLOUD_AMT_L2;DTR_L1;PS_L1;kc_L2;WS10M_L1
32.7696,-2.1054,TOPK_MI,8,kc_L1;CLOUD_AMT_L1;PRECT_L1;kc_L2;PRECT_L7;DTR_L1;kc_L5;PRECT_L3
32.7696,-2.1054,LASSO_PATH,8,CLOUD_AMT_L1;kc_L1;PS_L1;T2M_L1;RH2M_L1;kc_L3;PS_L7;WS10M_L4
32.7696,-2.1054,OMP,8,kc_L5;T2M_L1;T2M_L2;WS10M_L4;PS_L1;PS_L7;CLOUD_AMT_L1;CLOUD_AMT_L2
32.7696,-2.1054,ALL,56,all
32.7696,-2.6054,PCMCI,6,CLOUD_AMT_L1;PS_L1;PS_L2;T2M_L1;T2M_L2;kc_L3
32.7696,-2.6054,TOPK_CORR,6,CLOUD_AMT_L1;kc_L1;PRECT_L1;DTR_L1;PS_L1;CLOUD_AMT_L2
32.7696,-2.6054,TOPK_MI,6,kc_L1;CLOUD_AMT_L1;PRECT_L1;PS_L1;DTR_L1;PRECT_L7
32.7696,-2.6054,LASSO_PATH,6,CLOUD_AMT_L1;PS_L1;kc_L1;T2M_L1;RH2M_L1;WS10M_L4
32.7696,-2.6054,OMP,6,T2M_L1;T2M_L2;WS10M_L4;PS_L1;PS_L7;CLOUD_AMT_L1
32.7696,-2.6054,ALL,56,all
32.7696,-3.1054,PCMCI,9,CLOUD_AMT_L1;DTR_L2;PS_L1;PS_L2;RH2M_L1;RH2M_L2;T2M_L1;T2M_L2;kc_L1
32.7696,-3.1054,TOPK_CORR,9,CLOUD_AMT_L1;kc_L1;PRECT_L1;DTR_L1;CLOUD_AMT_L2;PS_L1;kc_L2;WS10M_L1;DTR_L2
32.7696,-3.1054,TOPK_MI,9,kc_L1;CLOUD_AMT_L1;PRECT_L1;PRECT_L5;DTR_L1;kc_L2;PRECT_L7;PRECT_L3;PRECT_L2
32.7696,-3.1054,LASSO_PATH,9,CLOUD_AMT_L1;kc_L1;T2M_L1;PS_L1;WS10M_L1;DTR_L6;RH2M_L6;kc_L5;RH2M_L1
32.7696,-3.1054,OMP,9,T2M_L1;T2M_L2;DTR_L3;RH2M_L6;WS10M_L1;WS10M_L3;PRECT_L1;PS_L1;CLOUD_AMT_L1
32.7696,-3.1054,ALL,56,all
32.7696,-3.6054,PCMCI,7,CLOUD_AMT_L1;PS_L1;PS_L2;PS_L4;T2M_L1;T2M_L2;kc_L1
32.7696,-3.6054,TOPK_CORR,7,CLOUD_AMT_L1;kc_L1;PRECT_L1;DTR_L1;PS_L1;CLOUD_AMT_L2;WS10M_L1
32.7696,-3.6054,TOPK_MI,7,kc_L1;CLOUD_AMT_L1;PRECT_L1;PS_L1;kc_L2;PRECT_L3;PRECT_L2
32.7696,-3.6054,LASSO_PATH,7,CLOUD_AMT_L1;kc_L1;PS_L1;T2M_L1;WS10M_L1;PRECT_L1;RH2M_L6
32.7696,-3.6054,OMP,7,T2M_L1;T2M_L2;RH2M_L6;WS10M_L1;PRECT_L1;PS_L1;CLOUD_AMT_L1
32.7696,-3.6054,ALL,56,all
32.7696,-4.1054,PCMCI,5,CLOUD_AMT_L1;CLOUD_AMT_L2;PS_L1;PS_L2;T2M_L1
32.7696,-4.1054,TOPK_CORR,5,CLOUD_AMT_L1;kc_L1;PRECT_L1;DTR_L1;CLOUD_AMT_L2
32.7696,-4.1054,TOPK_MI,5,kc_L1;CLOUD_AMT_L1;PRECT_L1;CLOUD_AMT_L2;kc_L2
32.7696,-4.1054,LASSO_PATH,5,CLOUD_AMT_L1;kc_L1;PS_L1;T2M_L1;DTR_L6
32.7696,-4.1054,OMP,5,T2M_L1;DTR_L3;PS_L1;CLOUD_AMT_L1;CLOUD_AMT_L2
32.7696,-4.1054,ALL,56,all
32.7696,-4.6054,PCMCI,5,CLOUD_AMT_L1;CLOUD_AMT_L2;PS_L1;PS_L2;T2M_L1
32.7696,-4.6054,TOPK_CORR,5,CLOUD_AMT_L1;kc_L1;PRECT_L1;DTR_L1;CLOUD_AMT_L2
32.7696,-4.6054,TOPK_MI,5,kc_L1;CLOUD_AMT_L1;PRECT_L1;CLOUD_AMT_L2;kc_L2
32.7696,-4.6054,LASSO_PATH,5,CLOUD_AMT_L1;kc_L1;PS_L1;T2M_L1;DTR_L6
32.7696,-4.6054,OMP,5,T2M_L1;DTR_L3;PS_L1;CLOUD_AMT_L1;CLOUD_AMT_L2
32.7696,-4.6054,ALL,56,all
32.7696,-5.1054,PCMCI,9,CLOUD_AMT_L1;DTR_L1;PRECT_L1;PS_L1;PS_L2;PS_L3;T2M_L1;T2M_L4;kc_L5
32.7696,-5.1054,TOPK_CORR,9,CLOUD_AMT_L1;kc_L1;PRECT_L1;PS_L1;DTR_L1;CLOUD_AMT_L2;RH2M_L1;kc_L2;PS_L2
32.7696,-5.1054,TOPK_MI,9,kc_L1;CLOUD_AMT_L1;PRECT_L1;PRECT_L2;kc_L2;PRECT_L3;DTR_L1;CLOUD_AMT_L2;PS_L1
32.7696,-5.1054,LASSO_PATH,9,CLOUD_AMT_L1;PS_L1;T2M_L1;PRECT_L1;RH2M_L3;WS10M_L2;CLOUD_AMT_L5;CLOUD_AMT_L2;kc_L5
32.7696,-5.1054,OMP,9,T2M_L1;T2M_L3;DTR_L1;WS10M_L5;PRECT_L1;PS_L1;PS_L2;CLOUD_AMT_L1;CLOUD_AMT_L5
32.7696,-5.1054,ALL,56,all
32.7696,-5.6054,PCMCI,8,CLOUD_AMT_L1;DTR_L1;PRECT_L1;PRECT_L4;PS_L1;PS_L2;T2M_L1;T2M_L3
32.7696,-5.6054,TOPK_CORR,8,CLOUD_AMT_L1;kc_L1;PRECT_L1;PS_L1;DTR_L1;CLOUD_AMT_L2;PS_L2;WS10M_L1
32.7696,-5.6054,TOPK_MI,8,kc_L1;CLOUD_AMT_L1;PRECT_L1;kc_L2;PRECT_L2;PS_L1;PRECT_L3;DTR_L1
32.7696,-5.6054,LASSO_PATH,8,CLOUD_AMT_L1;PS_L1;T2M_L1;PRECT_L1;PRECT_L4;RH2M_L3;CLOUD_AMT_L5;DTR_L1
32.7696,-5.6054,OMP,8,kc_L3;T2M_L1;T2M_L3;DTR_L1;PRECT_L1;PS_L1;PS_L2;CLOUD_AMT_L1
32.7696,-5.6054,ALL,56,all
32.7696,-6.1054,PCMCI,7,CLOUD_AMT_L1;DTR_L1;PRECT_L1;PS_L1;PS_L2;RH2M_L2;T2M_L2
32.7696,-6.1054,TOPK_CORR,7,CLOUD_AMT_L1;kc_L1;PS_L1;PRECT_L1;DTR_L1;PS_L2;CLOUD_AMT_L2
32.7696,-6.1054,TOPK_MI,7,kc_L1;CLOUD_AMT_L1;PRECT_L1;PRECT_L3;kc_L2;PRECT_L2;PRECT_L4
32.7696,-6.1054,LASSO_PATH,7,CLOUD_AMT_L1;PS_L1;T2M_L1;PS_L2;RH2M_L4;WS10M_L2;PRECT_L1
32.7696,-6.1054,OMP,7,T2M_L1;RH2M_L3;WS10M_L5;PS_L1;PS_L2;CLOUD_AMT_L1;CLOUD_AMT_L5
32.7696,-6.1054,ALL,56,all
32.7696,-6.6054,PCMCI,9,CLOUD_AMT_L1;DTR_L2;PRECT_L1;PS_L1;PS_L2;RH2M_L2;T2M_L1;T2M_L2;WS10M_L1
32.7696,-6.6054,TOPK_CORR,9,CLOUD_AMT_L1;PS_L1;kc_L1;PRECT_L1;DTR_L1;PS_L2;CLOUD_AMT_L2;kc_L2;PRECT_L2
32.7696,-6.6054,TOPK_MI,9,kc_L1;CLOUD_AMT_L1;PRECT_L1;PS_L1;PRECT_L3;kc_L2;PRECT_L2;PRECT_L6;PRECT_L5
32.7696,-6.6054,LASSO_PATH,9,CLOUD_AMT_L1;PS_L1;PRECT_L1;PS_L2;T2M_L1;DTR_L5;WS10M_L2;WS10M_L1;DTR_L4
32.7696,-6.6054,OMP,9,kc_L3;T2M_L1;DTR_L5;WS10M_L1;WS10M_L5;PRECT_L1;PS_L1;PS_L2;CLOUD_AMT_L1
32.7696,-6.6054,ALL,56,all
32.7696,-7.1054,PCMCI,5,CLOUD_AMT_L1;PS_L1;PS_L2;PS_L3;T2M_L1
32.7696,-7.1054,TOPK_CORR,5,CLOUD_AMT_L1;kc_L1;PS_L1;PRECT_L1;PS_L2
32.7696,-7.1054,TOPK_MI,5,kc_L1;CLOUD_AMT_L1;PRECT_L1;PRECT_L2;PRECT_L3
32.7696,-7.1054,LASSO_PATH,5,CLOUD_AMT_L1;PS_L1;T2M_L1;WS10M_L2;DTR_L5
32.7696,-7.1054,OMP,5,T2M_L1;DTR_L4;PS_L1;PS_L2;CLOUD_AMT_L1
32.7696,-7.1054,ALL,56,all
32.7696,-7.6054,PCMCI,5,CLOUD_AMT_L1;PS_L1;PS_L2;PS_L3;T2M_L1
32.7696,-7.6054,TOPK_CORR,5,CLOUD_AMT_L1;PS_L1;kc_L1;PRECT_L1;PS_L2
32.7696,-7.6054,TOPK_MI,5,kc_L1;CLOUD_AMT_L1;PRECT_L1;PRECT_L3;PS_L1
32.7696,-7.6054,LASSO_PATH,5,CLOUD_AMT_L1;PS_L1;T2M_L1;PRECT_L1;WS10M_L2
32.7696,-7.6054,OMP,5,T2M_L1;PRECT_L4;PS_L1;PS_L2;CLOUD_AMT_L1
32.7696,-7.6054,ALL,56,all
32.7696,-8.1054,PCMCI,5,CLOUD_AMT_L1;PS_L1;PS_L2;PS_L3;T2M_L1
32.7696,-8.1054,TOPK_CORR,5,CLOUD_AMT_L1;kc_L1;PS_L1;PRECT_L1;PS_L2
32.7696,-8.1054,TOPK_MI,5,kc_L1;PRECT_L1;CLOUD_AMT_L1;PS_L1;PRECT_L3
32.7696,-8.1054,LASSO_PATH,5,CLOUD_AMT_L1;PS_L1;T2M_L1;kc_L1;PRECT_L1
32.7696,-8.1054,OMP,5,T2M_L1;DTR_L3;PS_L1;PS_L2;CLOUD_AMT_L1
32.7696,-8.1054,ALL,56,all
32.7696,-8.6054,PCMCI,6,CLOUD_AMT_L1;PS_L1;PS_L2;PS_L3;T2M_L1;WS10M_L1
32.7696,-8.6054,TOPK_CORR,6,CLOUD_AMT_L1;PS_L1;kc_L1;PRECT_L1;PS_L2;CLOUD_AMT_L2
32.7696,-8.6054,TOPK_MI,6,kc_L1;PRECT_L1;CLOUD_AMT_L1;PRECT_L2;PS_L1;PRECT_L3
32.7696,-8.6054,LASSO_PATH,6,CLOUD_AMT_L1;PS_L1;WS10M_L1;T2M_L1;PRECT_L1;PRECT_L4
32.7696,-8.6054,OMP,6,T2M_L1;WS10M_L1;PRECT_L4;PS_L1;PS_L2;CLOUD_AMT_L1
32.7696,-8.6054,ALL,56,all
33.2696,-2.1054,PCMCI,6,CLOUD_AMT_L1;DTR_L1;PS_L1;PS_L2;T2M_L1;kc_L3
33.2696,-2.1054,TOPK_CORR,6,CLOUD_AMT_L1;kc_L1;PRECT_L1;PS_L1;CLOUD_AMT_L2;WS10M_L1
33.2696,-2.1054,TOPK_MI,6,kc_L1;CLOUD_AMT_L1;PRECT_L1;PS_L1;PRECT_L3;kc_L2
33.2696,-2.1054,LASSO_PATH,6,CLOUD_AMT_L1;PS_L1;T2M_L1;DTR_L6;kc_L1;PRECT_L1
33.2696,-2.1054,OMP,6,kc_L3;T2M_L1;DTR_L6;PS_L1;PS_L2;CLOUD_AMT_L1
33.2696,-2.1054,ALL,56,all
33.2696,-2.6054,PCMCI,6,CLOUD_AMT_L1;PS_L1;PS_L2;PS_L4;T2M_L1;kc_L3
33.2696,-2.6054,TOPK_CORR,6,CLOUD_AMT_L1;kc_L1;PS_L1;PRECT_L1;CLOUD_AMT_L2;WS10M_L1
33.2696,-2.6054,TOPK_MI,6,kc_L1;CLOUD_AMT_L1;PRECT_L1;PS_L1;kc_L2;PRECT_L7
33.2696,-2.6054,LASSO_PATH,6,CLOUD_AMT_L1;PS_L1;T2M_L1;PRECT_L1;DTR_L6;kc_L1
33.2696,-2.6054,OMP,6,kc_L3;T2M_L1;T2M_L2;PS_L1;PS_L2;CLOUD_AMT_L1
33.2696,-2.6054,ALL,56,all
33.2696,-3.1054,PCMCI,9,CLOUD_AMT_L1;DTR_L2;PS_L1;PS_L2;PS_L3;T2M_L1;T2M_L2;kc_L2;kc_L3
33.2696,-3.1054,TOPK_CORR,9,CLOUD_AMT_L1;kc_L1;PRECT_L1;PS_L1;CLOUD_AMT_L2;WS10M_L1;DTR_L1;kc_L2;PS_L2
33.2696,-3.1054,TOPK_MI,9,kc_L1;CLOUD_AMT_L1;PRECT_L1;PRECT_L3;PS_L1;kc_L2;PRECT_L4;PRECT_L2;PRECT_L6
33.2696,-3.1054,LASSO_PATH,9,CLOUD_AMT_L1;PS_L1;T2M_L1;kc_L1;WS10M_L1;DTR_L1;PS_L2;RH2M_L1;DTR_L6
33.2696,-3.1054,OMP,9,kc_L3;T2M_L1;T2M_L2;RH2M_L6;WS10M_L1;PS_L1;PS_L2;CLOUD_AMT_L1;CLOUD_AMT_L2
33.2696,-3.1054,ALL,56,all
33.2696,-3.6054,PCMCI,8,CLOUD_AMT_L1;DTR_L1;DTR_L2;PRECT_L1;PS_L1;PS_L2;PS_L3;T2M_L1
33.2696,-3.6054,TOPK_CORR,8,CLOUD_AMT_L1;kc_L1;PRECT_L1;PS_L1;CLOUD_AMT_L2;DTR_L1;kc_L2;PS_L2
33.2696,-3.6054,TOPK_MI,8,kc_L1;CLOUD_AMT_L1;PRECT_L1;PRECT_L2;PRECT_L4;PS_L1;kc_L2;PRECT_L6
33.2696,-3.6054,LASSO_PATH,8,CLOUD_AMT_L1;PS_L1;DTR_L1;PRECT_L1;T2M_L1;kc_L1;WS10M_L2;DTR_L6
33.2696,-3.6054,OMP,8,kc_L3;T2M_L1;DTR_L1;WS10M_L6;PRECT_L1;PS_L1;PS_L2;CLOUD_AMT_L1
33.2696,-3.6054,ALL,56,all
33.2696,-4.1054,PCMCI,8,CLOUD_AMT_L1;CLOUD_AMT_L2;DTR_L1;PRECT_L1;PS_L1;PS_L2;PS_L3;T2M_L1
33.2696,-4.1054,TOPK_CORR,8,CLOUD_AMT_L1;kc_L1;PRECT_L1;PS_L1;DTR_L1;PS_L2;RH2M_L1;CLOUD_AMT_L2
33.2696,-4.1054,TOPK_MI,8,kc_L1;CLOUD_AMT_L1;PRECT_L1;PS_L1;PRECT_L2;kc_L2;PRECT_L3;PRECT_L4
33.2696,-4.1054,LASSO_PATH,8,CLOUD_AMT_L1;PS_L1;PRECT_L1;T2M_L1;PS_L2;DTR_L1;RH2M_L3;WS10M_L2
33.2696,-4.1054,OMP,8,T2M_L1;T2M_L2;DTR_L1;RH2M_L3;PRECT_L1;PS_L1;PS_L2;CLOUD_AMT_L1
33.2696,-4.1054,ALL,56,all
33.2696,-4.6054,PCMCI,8,CLOUD_AMT_L1;CLOUD_AMT_L2;DTR_L1;PRECT_L1;PS_L1;PS_L2;PS_L3;T2M_L1
33.2696,-4.6054,TOPK_CORR,8,CLOUD_AMT_L1;kc_L1;PRECT_L1;PS_L1;DTR_L1;PS_L2;RH2M_L1;CLOUD_AMT_L2
33.2696,-4.6054,TOPK_MI,8,kc_L1;CLOUD_AMT_L1;PRECT_L1;PS_L1;PRECT_L2;kc_L2;PRECT_L3;PRECT_L4
33.2696,-4.6054,LASSO_PATH,8,CLOUD_AMT_L1;PS_L1;PRECT_L1;T2M_L1;PS_L2;DTR_L1;RH2M_L3;WS10M_L2
33.2696,-4.6054,OMP,8,T2M_L1;T2M_L2;DTR_L1;RH2M_L3;PRECT_L1;PS_L1;PS_L2;CLOUD_AMT_L1
33.2696,-4.6054,ALL,56,all
33.2696,-5.1054,PCMCI,8,CLOUD_AMT_L1;DTR_L1;PRECT_L1;PS_L1;PS_L2;PS_L3;T2M_L1;T2M_L2
33.2696,-5.1054,TOPK_CORR,8,CLOUD_AMT_L1;kc_L1;PS_L1;PRECT_L1;PS_L2;DTR_L1;WS10M_L1;RH2M_L1
33.2696,-5.1054,TOPK_MI,8,kc_L1;CLOUD_AMT_L1;PRECT_L1;PRECT_L2;PRECT_L3;PS_L1;PRECT_L5;kc_L2
33.2696,-5.1054,LASSO_PATH,8,CLOUD_AMT_L1;PS_L1;T2M_L1;PRECT_L1;WS10M_L1;RH2M_L3;RH2M_L4;DTR_L1
33.2696,-5.1054,OMP,8,T2M_L1;DTR_L1;RH2M_L3;WS10M_L1;PRECT_L1;PS_L1;PS_L2;CLOUD_AMT_L1
33.2696,-5.1054,ALL,56,all
33.2696,-5.6054,PCMCI,8,CLOUD_AMT_L1;DTR_L1;PRECT_L1;PS_L1;PS_L2;PS_L3;RH2M_L2;T2M_L2
33.2696,-5.6054,TOPK_CORR,8,CLOUD_AMT_L1;PS_L1;kc_L1;PRECT_L1;DTR_L1;PS_L2;WS10M_L1;RH2M_L1
33.2696,-5.6054,TOPK_MI,8,kc_L1;CLOUD_AMT_L1;PRECT_L1;PRECT_L2;PRECT_L3;PS_L1;kc_L2;PRECT_L4
33.2696,-5.6054,LASSO_PATH,8,CLOUD_AMT_L1;PS_L1;PRECT_L1;T2M_L1;PS_L2;WS10M_L1;RH2M_L4;RH2M_L3
33.2696,-5.6054,OMP,8,T2M_L1;RH2M_L3;WS10M_L1;WS10M_L5;PRECT_L1;PS_L1;PS_L2;CLOUD_AMT_L1
33.2696,-5.6054,ALL,56,all
33.2696,-6.1054,PCMCI,5,CLOUD_AMT_L1;PS_L1;PS_L2;PS_L3;T2M_L2
33.2696,-6.1054,TOPK_CORR,5,CLOUD_AMT_L1;PS_L1;kc_L1;PRECT_L1;DTR_L1
33.2696,-6.1054,TOPK_MI,5,kc_L1;CLOUD_AMT_L1;PRECT_L1;PRECT_L2;PS_L1
33.2696,-6.1054,LASSO_PATH,5,CLOUD_AMT_L1;PS_L1;T2M_L1;RH2M_L4;PRECT_L1
33.2696,-6.1054,OMP,5,T2M_L1;RH2M_L4;PS_L1;PS_L2;CLOUD_AMT_L1
33.2696,-6.1054,ALL,56,all
33.2696,-6.6054,PCMCI,4,CLOUD_AMT_L1;PS_L1;PS_L2;PS_L3
33.2696,-6.6054,TOPK_CORR,4,CLOUD_AMT_L1;PS_L1;kc_L1;PRECT_L1
33.2696,-6.6054,TOPK_MI,4,kc_L1;CLOUD_AMT_L1;PRECT_L1;PRECT_L2
33.2696,-6.6054,LASSO_PATH,4,CLOUD_AMT_L1;PS_L1;PRECT_L1;DTR_L5
33.2696,-6.6054,OMP,4,DTR_L4;PS_L1;PS_L2;CLOUD_AMT_L1
33.2696,-6.6054,ALL,56,all
33.2696,-7.1054,PCMCI,6,CLOUD_AMT_L1;PS_L1;PS_L2;PS_L3;RH2M_L1;T2M_L1
33.2696,-7.1054,TOPK_CORR,6,CLOUD_AMT_L1;PS_L1;kc_L1;PRECT_L1;PS_L2;CLOUD_AMT_L2
33.2696,-7.1054,TOPK_MI,6,kc_L1;CLOUD_AMT_L1;PRECT_L1;PS_L1;PRECT_L6;PRECT_L5
33.2696,-7.1054,LASSO_PATH,6,CLOUD_AMT_L1;PS_L1;T2M_L1;RH2M_L4;WS10M_L5;PS_L2
33.2696,-7.1054,OMP,6,T2M_L1;RH2M_L4;PRECT_L3;PS_L1;PS_L2;CLOUD_AMT_L1
33.2696,-7.1054,ALL,56,all
33.2696,-7.6054,PCMCI,6,CLOUD_AMT_L1;PS_L1;PS_L2;PS_L3;RH2M_L1;T2M_L1
33.2696,-7.6054,TOPK_CORR,6,CLOUD_AMT_L1;PS_L1;kc_L1;PRECT_L1;PS_L2;CLOUD_AMT_L2
33.2696,-7.6054,TOPK_MI,6,kc_L1;CLOUD_AMT_L1;PRECT_L1;PS_L1;PRECT_L6;PRECT_L3
33.2696,-7.6054,LASSO_PATH,6,CLOUD_AMT_L1;PS_L1;T2M_L1;RH2M_L1;WS10M_L5;DTR_L5
33.2696,-7.6054,OMP,6,T2M_L1;RH2M_L1;PRECT_L3;PS_L1;PS_L2;CLOUD_AMT_L1
33.2696,-7.6054,ALL,56,all
33.2696,-8.1054,PCMCI,8,CLOUD_AMT_L1;DTR_L1;PRECT_L5;PS_L1;PS_L2;PS_L3;RH2M_L1;WS10M_L1
33.2696,-8.1054,TOPK_CORR,8,CLOUD_AMT_L1;kc_L1;PS_L1;PS_L2;PRECT_L1;kc_L2;CLOUD_AMT_L2;RH2M_L1
33.2696,-8.1054,TOPK_MI,8,kc_L1;CLOUD_AMT_L1;PS_L1;PRECT_L1;PRECT_L4;PRECT_L2;PRECT_L3;PRECT_L5
33.2696,-8.1054,LASSO_PATH,8,CLOUD_AMT_L1;PS_L1;WS10M_L1;RH2M_L1;DTR_L1;WS10M_L5;T2M_L1;kc_L1
33.2696,-8.1054,OMP,8,T2M_L6;DTR_L1;RH2M_L1;WS10M_L1;WS10M_L5;PRECT_L5;PS_L1;CLOUD_AMT_L1
33.2696,-8.1054,ALL,56,all
33.7696,-2.1054,PCMCI,7,CLOUD_AMT_L1;PRECT_L1;PS_L1;PS_L2;PS_L4;T2M_L1;kc_L3
33.7696,-2.1054,TOPK_CORR,7,CLOUD_AMT_L1;kc_L1;PRECT_L1;PS_L1;CLOUD_AMT_L2;DTR_L1;kc_L2
33.7696,-2.1054,TOPK_MI,7,kc_L1;CLOUD_AMT_L1;PRECT_L1;PS_L1;PRECT_L4;PRECT_L3;PRECT_L5
33.7696,-2.1054,LASSO_PATH,7,CLOUD_AMT_L1;PS_L1;T2M_L1;PRECT_L1;DTR_L1;DTR_L6;kc_L1
33.7696,-2.1054,OMP,7,kc_L3;T2M_L1;T2M_L2;DTR_L6;PS_L1;PS_L2;CLOUD_AMT_L1
33.7696,-2.1054,ALL,56,all
33.7696,-2.6054,PCMCI,6,CLOUD_AMT_L1;DTR_L1;PRECT_L1;PS_L1;PS_L2;T2M_L1
33.7696,-2.6054,TOPK_CORR,6,CLOUD_AMT_L1;kc_L1;PRECT_L1;PS_L1;CLOUD_AMT_L2;DTR_L1
33.7696,-2.6054,TOPK_MI,6,kc_L1;CLOUD_AMT_L1;PRECT_L1;PRECT_L4;PRECT_L3;PRECT_L7
33.7696,-2.6054,LASSO_PATH,6,CLOUD_AMT_L1;PS_L1;T2M_L1;PRECT_L1;DTR_L6;DTR_L1
33.7696,-2.6054,OMP,6,kc_L3;DTR_L1;PRECT_L1;PS_L1;PS_L2;CLOUD_AMT_L1
33.7696,-2.6054,ALL,56,all
33.7696,-3.1054,PCMCI,5,CLOUD_AMT_L1;DTR_L1;PS_L1;PS_L2;kc_L2
33.7696,-3.1054,TOPK_CORR,5,CLOUD_AMT_L1;kc_L1;PS_L1;PRECT_L1;CLOUD_AMT_L2
33.7696,-3.1054,TOPK_MI,5,kc_L1;CLOUD_AMT_L1;PRECT_L1;PS_L1;PRECT_L3
33.7696,-3.1054,LASSO_PATH,5,CLOUD_AMT_L1;PS_L1;DTR_L1;kc_L1;T2M_L1
33.7696,-3.1054,OMP,5,kc_L3;DTR_L1;PS_L1;PS_L2;CLOUD_AMT_L1
33.7696,-3.1054,ALL,56,all
33.7696,-3.6054,PCMCI,8,CLOUD_AMT_L1;DTR_L1;DTR_L2;PRECT_L1;PS_L1;PS_L2;PS_L3;WS10M_L2
33.7696,-3.6054,TOPK_CORR,8,CLOUD_AMT_L1;kc_L1;PRECT_L1;PS_L1;CLOUD_AMT_L2;kc_L2;DTR_L1;PS_L2
33.7696,-3.6054,TOPK_MI,8,kc_L1;CLOUD_AMT_L1;PRECT_L1;kc_L2;PRECT_L3;PRECT_L6;PRECT_L4;PS_L1
33.7696,-3.6054,LASSO_PATH,8,CLOUD_AMT_L1;PS_L1;DTR_L1;PRECT_L1;WS10M_L2;kc_L1;T2M_L1;DTR_L6
33.7696,-3.6054,OMP,8,kc_L3;DTR_L1;DTR_L6;WS10M_L1;PRECT_L1;PS_L1;PS_L2;CLOUD_AMT_L1
33.7696,-3.6054,ALL,56,all
33.7696,-4.1054,PCMCI,5,CLOUD_AMT_L1;DTR_L1;PRECT_L1;PS_L1;PS_L2
33.7696,-4.1054,TOPK_CORR,5,CLOUD_AMT_L1;kc_L1;PS_L1;PRECT_L1;PS_L2
33.7696,-4.1054,TOPK_MI,5,kc_L1;CLOUD_AMT_L1;PRECT_L1;PS_L1;kc_L2
33.7696,-4.1054,LASSO_PATH,5,CLOUD_AMT_L1;PS_L1;PRECT_L1;T2M_L1;DTR_L1
33.7696,-4.1054,OMP,5,DTR_L1;PRECT_L1;PS_L1;PS_L2;CLOUD_AMT_L1
33.7696,-4.1054,ALL,56,all
33.7696,-4.6054,PCMCI,5,CLOUD_AMT_L1;DTR_L1;PRECT_L1;PS_L1;PS_L2
33.7696,-4.6054,TOPK_CORR,5,CLOUD_AMT_L1;kc_L1;PS_L1;PRECT_L1;PS_L2
33.7696,-4.6054,TOPK_MI,5,kc_L1;CLOUD_AMT_L1;PRECT_L1;PS_L1;kc_L2
33.7696,-4.6054,LASSO_PATH,5,CLOUD_AMT_L1;PS_L1;PRECT_L1;T2M_L1;DTR_L1
33.7696,-4.6054,OMP,5,DTR_L1;PRECT_L1;PS_L1;PS_L2;CLOUD_AMT_L1
33.7696,-4.6054,ALL,56,all
33.7696,-5.1054,PCMCI,7,CLOUD_AMT_L1;DTR_L1;PRECT_L1;PS_L1;PS_L2;PS_L3;T2M_L2
33.7696,-5.1054,TOPK_CORR,7,CLOUD_AMT_L1;PS_L1;kc_L1;PRECT_L1;PS_L2;DTR_L1;CLOUD_AMT_L2
33.7696,-5.1054,TOPK_MI,7,kc_L1;CLOUD_AMT_L1;PRECT_L1;PS_L1;PRECT_L2;PRECT_L3;kc_L2
33.7696,-5.1054,LASSO_PATH,7,CLOUD_AMT_L1;PS_L1;PS_L2;PRECT_L1;DTR_L1;RH2M_L4;T2M_L1
33.7696,-5.1054,OMP,7,kc_L3;DTR_L1;RH2M_L4;PRECT_L1;PS_L1;PS_L2;CLOUD_AMT_L1
33.7696,-5.1054,ALL,56,all
33.7696,-5.6054,PCMCI,6,CLOUD_AMT_L1;PRECT_L1;PS_L1;PS_L2;PS_L3;T2M_L2
33.7696,-5.6054,TOPK_CORR,6,CLOUD_AMT_L1;PS_L1;kc_L1;PRECT_L1;PS_L2;DTR_L1
33.7696,-5.6054,TOPK_MI,6,kc_L1;CLOUD_AMT_L1;PRECT_L1;PS_L1;PRECT_L3;PRECT_L2
33.7696,-5.6054,LASSO_PATH,6,PS_L1;CLOUD_AMT_L1;PS_L2;PRECT_L1;RH2M_L4;PRECT_L4
33.7696,-5.6054,OMP,6,DTR_L1;PRECT_L1;PRECT_L4;PS_L1;PS_L2;CLOUD_AMT_L1
33.7696,-5.6054,ALL,56,all
33.7696,-6.1054,PCMCI,7,CLOUD_AMT_L1;PS_L1;PS_L2;PS_L3;RH2M_L1;RH2M_L2;T2M_L2
33.7696,-6.1054,TOPK_CORR,7,CLOUD_AMT_L1;PS_L1;kc_L1;PRECT_L1;PS_L2;DTR_L1;WS10M_L1
33.7696,-6.1054,TOPK_MI,7,kc_L1;CLOUD_AMT_L1;PRECT_L1;PRECT_L2;PRECT_L6;PS_L1;PRECT_L7
33.7696,-6.1054,LASSO_PATH,7,CLOUD_AMT_L1;PS_L1;PS_L2;PRECT_L1;RH2M_L1;DTR_L5;CLOUD_AMT_L5
33.7696,-6.1054,OMP,7,kc_L3;T2M_L1;RH2M_L1;PRECT_L4;PS_L1;PS_L2;CLOUD_AMT_L1
33.7696,-6.1054,ALL,56,all
33.7696,-6.6054,PCMCI,5,CLOUD_AMT_L1;PS_L1;PS_L2;PS_L3;RH2M_L1
33.7696,-6.6054,TOPK_CORR,5,CLOUD_AMT_L1;PS_L1;kc_L1;PRECT_L1;PS_L2
33.7696,-6.6054,TOPK_MI,5,kc_L1;CLOUD_AMT_L1;PRECT_L1;PS_L1;PRECT_L2
33.7696,-6.6054,LASSO_PATH,5,CLOUD_AMT_L1;PS_L1;PS_L2;PRECT_L1;RH2M_L1
33.7696,-6.6054,OMP,5,kc_L3;RH2M_L1;PS_L1;PS_L2;CLOUD_AMT_L1
33.7696,-6.6054,ALL,56,all
33.7696,-7.1054,PCMCI,6,CLOUD_AMT_L1;PS_L1;PS_L2;PS_L3;RH2M_L1;T2M_L1
33.7696,-7.1054,TOPK_CORR,6,CLOUD_AMT_L1;PS_L1;kc_L1;PRECT_L1;PS_L2;CLOUD_AMT_L2
33.7696,-7.1054,TOPK_MI,6,kc_L1;CLOUD_AMT_L1;PRECT_L1;PS_L1;PRECT_L3;PRECT_L6
33.7696,-7.1054,LASSO_PATH,6,CLOUD_AMT_L1;PS_L1;RH2M_L1;T2M_L1;PS_L2;PRECT_L4
33.7696,-7.1054,OMP,6,T2M_L1;RH2M_L1;PRECT_L3;PS_L1;PS_L2;CLOUD_AMT_L1
33.7696,-7.1054,ALL,56,all
34.2696,-2.1054,PCMCI,10,CLOUD_AMT_L1;DTR_L1;PRECT_L2;PS_L1;PS_L2;PS_L3;PS_L4;T2M_L1;T2M_L2;kc_L2
34.2696,-2.1054,TOPK_CORR,10,CLOUD_AMT_L1;kc_L1;PS_L1;PRECT_L1;CLOUD_AMT_L2;WS10M_L1;kc_L2;PS_L2;DTR_L1;PRECT_L2
34.2696,-2.1054,TOPK_MI,10,kc_L1;CLOUD_AMT_L1;PRECT_L1;PS_L1;kc_L2;PRECT_L2;PRECT_L4;PRECT_L5;PRECT_L3;PRECT_L7
34.2696,-2.1054,LASSO_PATH,10,CLOUD_AMT_L1;PS_L1;DTR_L1;PS_L2;T2M_L1;PRECT_L1;WS10M_L2;kc_L3;DTR_L6;PS_L6
34.2696,-2.1054,OMP,10,kc_L2;kc_L3;T2M_L1;T2M_L2;DTR_L1;WS10M_L2;PRECT_L1;PS_L1;PS_L2;CLOUD_AMT_L1
34.2696,-2.1054,ALL,56,all
34.2696,-2.6054,PCMCI,7,CLOUD_AMT_L1;DTR_L1;PRECT_L1;PS_L1;PS_L2;PS_L4;RH2M_L1
34.2696,-2.6054,TOPK_CORR,7,CLOUD_AMT_L1;kc_L1;PS_L1;PRECT_L1;CLOUD_AMT_L2;PS_L2;DTR_L1
34.2696,-2.6054,TOPK_MI,7,kc_L1;PRECT_L1;CLOUD_AMT_L1;PS_L1;PRECT_L2;PRECT_L3;kc_L2
34.2696,-2.6054,LASSO_PATH,7,CLOUD_AMT_L1;PS_L1;PRECT_L1;DTR_L1;PS_L2;WS10M_L2;T2M_L1
34.2696,-2.6054,OMP,7,DTR_L1;DTR_L6;RH2M_L2;PRECT_L1;PS_L1;PS_L2;CLOUD_AMT_L1
34.2696,-2.6054,ALL,56,all
34.2696,-3.1054,PCMCI,5,CLOUD_AMT_L1;DTR_L1;PS_L1;PS_L2;RH2M_L1
34.2696,-3.1054,TOPK_CORR,5,CLOUD_AMT_L1;kc_L1;PS_L1;PRECT_L1;CLOUD_AMT_L2
34.2696,-3.1054,TOPK_MI,5,kc_L1;CLOUD_AMT_L1;PRECT_L1;PRECT_L2;PS_L1
34.2696,-3.1054,LASSO_PATH,5,CLOUD_AMT_L1;PS_L1;PS_L2;kc_L1;WS10M_L2
34.2696,-3.1054,OMP,5,DTR_L1;RH2M_L1;PS_L1;PS_L2;CLOUD_AMT_L1
34.2696,-3.1054,ALL,56,all
34.2696,-3.6054,PCMCI,6,CLOUD_AMT_L1;DTR_L1;PRECT_L1;PS_L1;PS_L2;RH2M_L1
34.2696,-3.6054,TOPK_CORR,6,CLOUD_AMT_L1;kc_L1;PRECT_L1;PS_L1;DTR_L1;RH2M_L1
34.2696,-3.6054,TOPK_MI,6,kc_L1;CLOUD_AMT_L1;PRECT_L1;PRECT_L2;PRECT_L5;PRECT_L3
34.2696,-3.6054,LASSO_PATH,6,CLOUD_AMT_L1;PS_L1;PRECT_L1;WS10M_L2;PS_L2;T2M_L1
34.2696,-3.6054,OMP,6,DTR_L1;RH2M_L1;PRECT_L1;PS_L1;PS_L2;CLOUD_AMT_L1
34.2696,-3.6054,ALL,56,all
34.2696,-4.1054,PCMCI,6,CLOUD_AMT_L1;PS_L1;PS_L2;PS_L3;T2M_L1;T2M_L2
34.2696,-4.1054,TOPK_CORR,6,CLOUD_AMT_L1;kc_L1;PS_L1;PRECT_L1;DTR_L1;RH2M_L1
34.2696,-4.1054,TOPK_MI,6,PRECT_L1;kc_L1;CLOUD_AMT_L1;PS_L1;PRECT_L2;PRECT_L3
34.2696,-4.1054,LASSO_PATH,6,PS_L1;CLOUD_AMT_L1;PS_L2;PRECT_L1;T2M_L1;RH2M_L4
34.2696,-4.1054,OMP,6,T2M_L1;RH2M_L4;PRECT_L1;PS_L1;PS_L2;CLOUD_AMT_L1
34.2696,-4.1054,ALL,56,all
34.2696,-4.6054,PCMCI,6,CLOUD_AMT_L1;PS_L1;PS_L2;PS_L3;T2M_L1;T2M_L2
34.2696,-4.6054,TOPK_CORR,6,CLOUD_AMT_L1;kc_L1;PS_L1;PRECT_L1;DTR_L1;RH2M_L1
34.2696,-4.6054,TOPK_MI,6,PRECT_L1;kc_L1;CLOUD_AMT_L1;PS_L1;PRECT_L2;PRECT_L3
34.2696,-4.6054,LASSO_PATH,6,PS_L1;CLOUD_AMT_L1;PS_L2;PRECT_L1;T2M_L1;RH2M_L4
34.2696,-4.6054,OMP,6,T2M_L1;RH2M_L4;PRECT_L1;PS_L1;PS_L2;CLOUD_AMT_L1
34.2696,-4.6054,ALL,56,all
34.2696,-5.1054,PCMCI,8,CLOUD_AMT_L1;PS_L1;PS_L2;PS_L3;RH2M_L1;T2M_L1;T2M_L2;kc_L2
34.2696,-5.1054,TOPK_CORR,8,CLOUD_AMT_L1;kc_L1;PS_L1;PRECT_L1;DTR_L1;RH2M_L1;PS_L2;CLOUD_AMT_L2
34.2696,-5.1054,TOPK_MI,8,PRECT_L1;kc_L1;CLOUD_AMT_L1;PRECT_L3;PRECT_L2;PRECT_L6;PRECT_L4;PS_L1
34.2696,-5.1054,LASSO_PATH,8,CLOUD_AMT_L1;PS_L1;PS_L2;RH2M_L4;PRECT_L1;T2M_L1;RH2M_L1;DTR_L4
34.2696,-5.1054,OMP,8,T2M_L1;RH2M_L1;RH2M_L4;WS10M_L3;PS_L1;PS_L2;PS_L4;CLOUD_AMT_L1
34.2696,-5.1054,ALL,56,all
34.2696,-5.6054,PCMCI,7,CLOUD_AMT_L1;PS_L1;PS_L2;PS_L3;RH2M_L1;RH2M_L2;T2M_L1
34.2696,-5.6054,TOPK_CORR,7,CLOUD_AMT_L1;kc_L1;PS_L1;PRECT_L1;DTR_L1;PS_L2;RH2M_L1
34.2696,-5.6054,TOPK_MI,7,kc_L1;PRECT_L1;CLOUD_AMT_L1;PRECT_L6;PRECT_L4;PRECT_L2;PRECT_L5
34.2696,-5.6054,LASSO_PATH,7,CLOUD_AMT_L1;PS_L1;RH2M_L1;PS_L2;RH2M_L4;PRECT_L1;CLOUD_AMT_L5
34.2696,-5.6054,OMP,7,T2M_L1;RH2M_L1;RH2M_L4;PS_L1;PS_L2;PS_L4;CLOUD_AMT_L1
34.2696,-5.6054,ALL,56,all
34.2696,-6.1054,PCMCI,6,CLOUD_AMT_L1;PRECT_L1;PS_L1;PS_L2;RH2M_L1;T2M_L1
34.2696,-6.1054,TOPK_CORR,6,CLOUD_AMT_L1;kc_L1;PS_L1;PRECT_L1;PS_L2;CLOUD_AMT_L2
34.2696,-6.1054,TOPK_MI,6,kc_L1;PRECT_L1;CLOUD_AMT_L1;PRECT_L4;PRECT_L5;PRECT_L7
34.2696,-6.1054,LASSO_PATH,6,CLOUD_AMT_L1;PS_L1;RH2M_L1;T2M_L1;WS10M_L1;RH2M_L4
34.2696,-6.1054,OMP,6,T2M_L1;T2M_L3;RH2M_L1;WS10M_L1;PS_L1;CLOUD_AMT_L1
34.2696,-6.1054,ALL,56,all
34.2696,-6.6054,PCMCI,6,CLOUD_AMT_L1;PRECT_L1;PS_L1;PS_L2;RH2M_L1;WS10M_L1
34.2696,-6.6054,TOPK_CORR,6,CLOUD_AMT_L1;kc_L1;PS_L1;PRECT_L1;RH2M_L1;PS_L2
34.2696,-6.6054,TOPK_MI,6,kc_L1;CLOUD_AMT_L1;PRECT_L1;PRECT_L7;PRECT_L4;PRECT_L6
34.2696,-6.6054,LASSO_PATH,6,CLOUD_AMT_L1;PS_L1;RH2M_L1;WS10M_L1;T2M_L3;PRECT_L4
34.2696,-6.6054,OMP,6,RH2M_L1;WS10M_L1;PRECT_L4;PS_L1;PS_L2;CLOUD_AMT_L1
34.2696,-6.6054,ALL,56,all
34.7696,-2.1054,PCMCI,8,CLOUD_AMT_L1;DTR_L1;PS_L1;PS_L2;PS_L3;PS_L4;RH2M_L1;RH2M_L2
34.7696,-2.1054,TOPK_CORR,8,CLOUD_AMT_L1;kc_L1;PS_L1;PRECT_L1;CLOUD_AMT_L2;PS_L2;kc_L2;RH2M_L1
34.7696,-2.1054,TOPK_MI,8,kc_L1;CLOUD_AMT_L1;PRECT_L1;PS_L1;kc_L2;PRECT_L2;PRECT_L3;PRECT_L4
34.7696,-2.1054,LASSO_PATH,8,CLOUD_AMT_L1;PS_L1;PS_L2;DTR_L1;PRECT_L1;WS10M_L2;RH2M_L2;DTR_L6
34.7696,-2.1054,OMP,8,kc_L3;DTR_L1;RH2M_L1;PS_L1;PS_L2;PS_L3;PS_L7;CLOUD_AMT_L1
34.7696,-2.1054,ALL,56,all
34.7696,-2.6054,PCMCI,7,CLOUD_AMT_L1;DTR_L1;PS_L1;PS_L2;PS_L3;PS_L4;RH2M_L1
34.7696,-2.6054,TOPK_CORR,7,CLOUD_AMT_L1;kc_L1;PRECT_L1;PS_L1;CLOUD_AMT_L2;DTR_L1;RH2M_L1
34.7696,-2.6054,TOPK_MI,7,kc_L1;PRECT_L1;CLOUD_AMT_L1;PRECT_L2;PRECT_L3;PS_L1;kc_L2
34.7696,-2.6054,LASSO_PATH,7,CLOUD_AMT_L1;PS_L1;PS_L2;PRECT_L1;RH2M_L1;WS10M_L2;PS_L7
34.7696,-2.6054,OMP,7,RH2M_L1;PRECT_L1;PS_L1;PS_L2;PS_L3;PS_L6;CLOUD_AMT_L1
34.7696,-2.6054,ALL,56,all
34.7696,-3.1054,PCMCI,6,CLOUD_AMT_L1;PS_L1;PS_L2;PS_L3;PS_L4;RH2M_L1
34.7696,-3.1054,TOPK_CORR,6,CLOUD_AMT_L1;kc_L1;PS_L1;PRECT_L1;CLOUD_AMT_L2;DTR_L1
34.7696,-3.1054,TOPK_MI,6,kc_L1;CLOUD_AMT_L1;PRECT_L1;PRECT_L2;PS_L1;PRECT_L4
34.7696,-3.1054,LASSO_PATH,6,CLOUD_AMT_L1;PS_L1;PS_L2;RH2M_L1;PRECT_L1;WS10M_L2
34.7696,-3.1054,OMP,6,RH2M_L1;WS10M_L5;PS_L1;PS_L2;PS_L3;CLOUD_AMT_L1
34.7696,-3.1054,ALL,56,all
34.7696,-3.6054,PCMCI,7,CLOUD_AMT_L1;DTR_L1;PS_L1;PS_L2;PS_L3;RH2M_L1;T2M_L1
34.7696,-3.6054,TOPK_CORR,7,CLOUD_AMT_L1;kc_L1;PRECT_L1;PS_L1;DTR_L1;RH2M_L1;CLOUD_AMT_L2
34.7696,-3.6054,TOPK_MI,7,kc_L1;CLOUD_AMT_L1;PRECT_L1;PRECT_L2;PRECT_L3;PS_L1;PRECT_L7
34.7696,-3.6054,LASSO_PATH,7,CLOUD_AMT_L1;PS_L1;PS_L2;RH2M_L1;PRECT_L1;WS10M_L2;T2M_L1
34.7696,-3.6054,OMP,7,T2M_L5;RH2M_L1;WS10M_L2;PRECT_L2;PS_L1;PS_L2;CLOUD_AMT_L1
34.7696,-3.6054,ALL,56,all
34.7696,-4.1054,PCMCI,5,CLOUD_AMT_L1;PS_L1;PS_L2;PS_L3;T2M_L1
34.7696,-4.1054,TOPK_CORR,5,CLOUD_AMT_L1;PS_L1;kc_L1;PRECT_L1;DTR_L1
34.7696,-4.1054,TOPK_MI,5,kc_L1;CLOUD_AMT_L1;PRECT_L1;PS_L1;PRECT_L2
34.7696,-4.1054,LASSO_PATH,5,CLOUD_AMT_L1;PS_L1;PRECT_L1;T2M_L1;WS10M_L1
34.7696,-4.1054,OMP,5,RH2M_L4;WS10M_L1;PS_L1;PS_L2;CLOUD_AMT_L1
34.7696,-4.1054,ALL,56,all
34.7696,-4.6054,PCMCI,5,CLOUD_AMT_L1;PS_L1;PS_L2;PS_L3;T2M_L1
34.7696,-4.6054,TOPK_CORR,5,CLOUD_AMT_L1;PS_L1;kc_L1;PRECT_L1;DTR_L1
34.7696,-4.6054,TOPK_MI,5,kc_L1;CLOUD_AMT_L1;PRECT_L1;PS_L1;PRECT_L2
34.7696,-4.6054,LASSO_PATH,5,CLOUD_AMT_L1;PS_L1;PRECT_L1;T2M_L1;WS10M_L1
34.7696,-4.6054,OMP,5,RH2M_L4;WS10M_L1;PS_L1;PS_L2;CLOUD_AMT_L1
34.7696,-4.6054,ALL,56,all
34.7696,-5.1054,PCMCI,5,CLOUD_AMT_L1;PS_L1;PS_L2;PS_L3;T2M_L1
34.7696,-5.1054,TOPK_CORR,5,CLOUD_AMT_L1;kc_L1;PS_L1;PRECT_L1;DTR_L1
34.7696,-5.1054,TOPK_MI,5,kc_L1;PRECT_L1;CLOUD_AMT_L1;PRECT_L2;PS_L1
34.7696,-5.1054,LASSO_PATH,5,CLOUD_AMT_L1;PS_L1;T2M_L1;PRECT_L1;RH2M_L4
34.7696,-5.1054,OMP,5,T2M_L1;RH2M_L4;PS_L1;PS_L2;CLOUD_AMT_L1
34.7696,-5.1054,ALL,56,all
34.7696,-5.6054,PCMCI,6,CLOUD_AMT_L1;PS_L1;PS_L2;RH2M_L1;T2M_L1;T2M_L2
34.7696,-5.6054,TOPK_CORR,6,CLOUD_AMT_L1;kc_L1;PS_L1;PRECT_L1;DTR_L1;PS_L2
34.7696,-5.6054,TOPK_MI,6,kc_L1;PRECT_L1;CLOUD_AMT_L1;PRECT_L2;PRECT_L6;PRECT_L4
34.7696,-5.6054,LASSO_PATH,6,CLOUD_AMT_L1;PS_L1;RH2M_L1;PRECT_L1;T2M_L1;RH2M_L4
34.7696,-5.6054,OMP,6,RH2M_L1;RH2M_L4;PS_L1;PS_L2;PS_L4;CLOUD_AMT_L1
34.7696,-5.6054,ALL,56,all
34.7696,-6.1054,PCMCI,8,CLOUD_AMT_L1;PRECT_L1;PS_L1;PS_L2;RH2M_L1;T2M_L1;T2M_L3;WS10M_L1
34.7696,-6.1054,TOPK_CORR,8,CLOUD_AMT_L1;kc_L1;PS_L1;PRECT_L1;PS_L2;CLOUD_AMT_L2;kc_L2;RH2M_L1
34.7696,-6.1054,TOPK_MI,8,kc_L1;PRECT_L1;CLOUD_AMT_L1;PRECT_L5;PRECT_L2;PRECT_L4;PRECT_L6;PRECT_L3
34.7696,-6.1054,LASSO_PATH,8,CLOUD_AMT_L1;PS_L1;RH2M_L1;T2M_L1;WS10M_L1;T2M_L3;RH2M_L5;PRECT_L4
34.7696,-6.1054,OMP,8,T2M_L1;T2M_L3;RH2M_L1;WS10M_L1;WS10M_L3;PS_L1;PS_L2;CLOUD_AMT_L1
34.7696,-6.1054,ALL,56,all
35.2696,-3.1054,PCMCI,6,CLOUD_AMT_L1;CLOUD_AMT_L2;PS_L1;PS_L2;RH2M_L1;kc_L2
35.2696,-3.1054,TOPK_CORR,6,CLOUD_AMT_L1;kc_L1;RH2M_L1;PS_L1;PRECT_L1;CLOUD_AMT_L2
35.2696,-3.1054,TOPK_MI,6,kc_L1;CLOUD_AMT_L1;PRECT_L1;kc_L2;PRECT_L2;PRECT_L6
35.2696,-3.1054,LASSO_PATH,6,CLOUD_AMT_L1;RH2M_L1;PS_L1;kc_L1;RH2M_L5;PS_L3
35.2696,-3.1054,OMP,6,RH2M_L1;RH2M_L5;PRECT_L2;PS_L1;PS_L2;CLOUD_AMT_L1
35.2696,-3.1054,ALL,56,all
35.2696,-5.1054,PCMCI,6,CLOUD_AMT_L1;PRECT_L1;PS_L1;PS_L2;RH2M_L1;T2M_L1
35.2696,-5.1054,TOPK_CORR,6,CLOUD_AMT_L1;kc_L1;PS_L1;PRECT_L1;PS_L2;RH2M_L1
35.2696,-5.1054,TOPK_MI,6,kc_L1;CLOUD_AMT_L1;PRECT_L1;PRECT_L2;PS_L1;PRECT_L5
35.2696,-5.1054,LASSO_PATH,6,CLOUD_AMT_L1;PS_L1;RH2M_L1;PS_L2;DTR_L7;RH2M_L5
35.2696,-5.1054,OMP,6,RH2M_L1;RH2M_L5;PS_L1;PS_L2;PS_L4;CLOUD_AMT_L1
35.2696,-5.1054,ALL,56,all
35.2696,-5.6054,PCMCI,7,CLOUD_AMT_L1;PRECT_L1;PRECT_L2;PS_L1;PS_L2;RH2M_L1;T2M_L1
35.2696,-5.6054,TOPK_CORR,7,CLOUD_AMT_L1;kc_L1;PS_L1;PRECT_L1;PS_L2;CLOUD_AMT_L2;DTR_L1
35.2696,-5.6054,TOPK_MI,7,kc_L1;CLOUD_AMT_L1;PRECT_L1;PRECT_L2;PS_L1;PRECT_L5;PRECT_L4
35.2696,-5.6054,LASSO_PATH,7,CLOUD_AMT_L1;PS_L1;RH2M_L1;T2M_L1;PS_L2;PRECT_L4;T2M_L2
35.2696,-5.6054,OMP,7,T2M_L1;T2M_L2;RH2M_L1;PRECT_L4;PS_L1;PS_L2;CLOUD_AMT_L1
35.2696,-5.6054,ALL,56,all
35.2696,-6.1054,PCMCI,9,CLOUD_AMT_L1;PRECT_L1;PRECT_L2;PS_L1;PS_L2;T2M_L1;T2M_L3;WS10M_L1;kc_L1
35.2696,-6.1054,TOPK_CORR,9,CLOUD_AMT_L1;kc_L1;PS_L1;PRECT_L1;PS_L2;kc_L2;CLOUD_AMT_L2;RH2M_L1;PRECT_L2
35.2696,-6.1054,TOPK_MI,9,kc_L1;PRECT_L1;CLOUD_AMT_L1;PS_L1;PRECT_L2;PRECT_L4;PRECT_L6;PRECT_L5;PRECT_L3
35.2696,-6.1054,LASSO_PATH,9,CLOUD_AMT_L1;PS_L1;kc_L1;WS10M_L1;DTR_L1;T2M_L1;RH2M_L1;T2M_L3;PRECT_L1
35.2696,-6.1054,OMP,9,T2M_L3;DTR_L1;RH2M_L1;WS10M_L1;WS10M_L5;PS_L1;PS_L2;PS_L4;CLOUD_AMT_L1
35.2696,-6.1054,ALL,56,all
35.7696,-5.6054,PCMCI,5,CLOUD_AMT_L1;PS_L1;PS_L2;RH2M_L1;T2M_L1
35.7696,-5.6054,TOPK_CORR,5,CLOUD_AMT_L1;kc_L1;PS_L1;PRECT_L1;DTR_L1
35.7696,-5.6054,TOPK_MI,5,PRECT_L1;kc_L1;CLOUD_AMT_L1;PRECT_L2;PS_L1
35.7696,-5.6054,LASSO_PATH,5,CLOUD_AMT_L1;PS_L1;RH2M_L1;DTR_L1;PRECT_L1
35.7696,-5.6054,OMP,5,DTR_L5;RH2M_L1;PS_L1;PS_L2;CLOUD_AMT_L1
35.7696,-5.6054,ALL,56,all
