lat,lon,variable,n,years,adf_stat,adf_p,trend_per_year,trend_p,half1_mean,half2_mean,mean_shift,half1_std,half2_std,var_ratio,half1_acf1,half2_acf1
21.7696,-13.1054,kc,2922,8.0,-13.537722011480511,2.548406994482568e-25,0.0006162766972351051,0.523750224978874,-0.003366857154955426,0.003427358439477567,0.006794215594432993,0.12416818716369706,0.11686189865715697,0.8857786229467398,0.48846285640752274,0.45464959998311616
21.7696,-13.1054,T2M,2922,8.0,-17.017344632158704,8.505918211986223e-30,0.19596166258866302,7.610450699574883e-26,-0.43098635637691085,0.4316146018708647,0.8626009582477756,2.3622230510756403,2.2530200721014775,0.909679306537199,0.835084676762439,0.8199509532948859
21.7696,-13.1054,DTR,2922,8.0,-15.683812012704768,1.4617177532517852e-28,-0.01585807610443701,0.39172632438381294,-0.02190117499429607,0.02069978325347951,0.042600958247775586,2.3544215094174366,2.2655557566029283,0.9259362275119171,0.5088364497850194,0.5304641987459777
21.7696,-13.1054,RH2M,2922,8.0,-11.229313783748374,1.9251137473898206e-20,-0.47842110781776204,1.3260953751872985e-08,1.2855321013004792,-1.2797861738535248,-2.565318275154004,11.024738410063389,9.854623656723717,0.7989939665436235,0.7792839342390335,0.7199324878598985
21.7696,-13.1054,WS10M,2922,8.0,-15.60646829170986,1.802101844687959e-28,-0.027887906453942894,0.010766159326107945,0.0529785192790326,-0.05226446497832537,-0.10524298425735797,1.3424458525753498,1.3858383177359002,1.0656916804541599,0.5059896105416833,0.48098033021123576
21.7696,-13.1054,PRECT,2922,8.0,-17.116087286555075,7.30998285530717e-30,-0.005253837183039295,0.008139480177044064,0.01223377790527958,-0.012217520742490828,-0.02445129864777041,0.28090323450730526,0.20903522292922344,0.5537649497844324,0.41615092544009863,0.348549525303219
21.7696,-13.1054,PS,2922,8.0,-17.98528677032273,2.7660170621669455e-30,-0.01687776547733259,1.2792759351742277e-28,0.029677184576774398,-0.02963150809947481,-0.059308692676249206,0.19173636206782674,0.18716097198980797,0.9528435927510281,0.7689685525056665,0.7623020304572871
21.7696,-13.1054,CLOUD_AMT,2922,8.0,-27.652758924366136,0.0,-0.48284867106585855,0.027351356327037606,1.044958567191423,-1.0599284964636084,-2.104887063655031,27.508130077944653,27.08560155737493,0.9695156688318323,0.5812429787848354,0.5654987191123972
21.7696,-13.6054,kc,2922,8.0,-13.537722011480511,2.548406994482568e-25,0.0006162766972351051,0.523750224978874,-0.003366857154955426,0.003427358439477567,0.006794215594432993,0.12416818716369706,0.11686189865715697,0.8857786229467398,0.48846285640752274,0.45464959998311616
21.7696,-13.6054,T2M,2922,8.0,-15.6240091552112,1.7178307184711433e-28,0.20062444052136763,3.836952129513434e-27,-0.4624596395163129,0.4631392653433723,0.9255989048596852,2.3658283457156806,2.2263720607424906,0.8855824978171037,0.8370967156007126,0.8139414276968041
21.7696,-13.6054,DTR,2922,8.0,-19.536744427591696,0.0,-0.016266364768297514,0.383718484140377,-0.027128302532512028,0.025938090349075935,0.05306639288158796,2.370153259181139,2.289552144407666,0.9331430361351432,0.5207043561772222,0.5272669368693217
21.7696,-13.6054,RH2M,2922,8.0,-11.235306747053066,1.8637200108947084e-20,-0.48841703254700153,1.7441521817494282e-08,1.3865629135295456,-1.3810825347935212,-2.7676454483230666,11.296997978266495,10.184503209352942,0.8127436718061609,0.7966511349476237,0.7285760987160088
21.7696,-13.6054,WS10M,2922,8.0,-15.448513753933543,2.804173297764392e-28,-0.025581179932310346,0.023133292775845814,0.04300611453342459,-0.042147889573351575,-0.08515400410677616,1.3704067493631806,1.439583586392118,1.103506244005558,0.513716660741995,0.4797113364155803
21.7696,-13.6054,PRECT,2922,8.0,-16.277741856022246,3.4367674169457886e-29,-0.00680439164392769,0.00047067205923761747,0.017521611212485976,-0.017547122508314084,-0.03506873372080006,0.2938916775012102,0.17654611611336132,0.3608625054732376,0.4125146572547346,0.3420077210647641
21.7696,-13.6054,PS,2922,8.0,-17.93864010118559,2.8660091401987123e-30,-0.017223754442302782,6.638259727203503e-30,0.03070317134382841,-0.03066575404973737,-0.06136892539356578,0.19103359747964926,0.18656968605765134,0.9538117165965049,0.770931995175029,0.7645028510689463
21.7696,-13.6054,CLOUD_AMT,2922,8.0,-27.652758924366136,0.0,-0.48284867106585855,0.027351356327037606,1.044958567191423,-1.0599284964636084,-2.104887063655031,27.508130077944653,27.08560155737493,0.9695156688318323,0.5812429787848354,0.5654987191123972
21.7696,-14.1054,kc,2922,8.0,-15.004741023665058,1.0768907034419877e-27,0.0001345859240570477,0.8887209629534241,-0.0016660646426016595,0.001703498334476556,0.0033695629770782156,0.12148241503560292,0.11852217201516423,0.9518584494440607,0.5001987734918995,0.47585599269814155
21.7696,-14.1054,T2M,2922,8.0,-11.315441263970893,1.2098710763004342e-20,0.19335832908862563,6.802247219281089e-25,-0.47077271275382154,0.47150654802646585,0.9422792607802875,2.411454290261382,2.215611643460407,0.8441686296874694,0.8395589534293206,0.810713229007989
21.7696,-14.1054,DTR,2922,8.0,-15.422556514133843,3.021147968472153e-28,-0.013649518867408542,0.4646427779907481,-0.0412310403832988,0.04048011635865868,0.08171115674195747,2.353453471978233,2.304335783790729,0.958694629774698,0.5242563440315002,0.5091643821876072
21.7696,-14.1054,RH2M,2922,8.0,-10.627341702682742,5.323013464553758e-19,-0.42370619610982924,4.85084383103066e-06,1.3945309491216067,-1.3895073807894132,-2.78403832991102,12.059477790129996,10.918351765406806,0.8197042001127008,0.8116872465997029,0.747210950184988
21.7696,-14.1054,WS10M,2922,8.0,-15.220734449972516,5.489904564633834e-28,-0.022377600159192636,0.0513597293964236,0.03208425735797398,-0.031221697467488034,-0.06330595482546202,1.387851210837794,1.4771807952042502,1.1328736833054727,0.5289171508771813,0.4786153785947921
21.7696,-14.1054,PRECT,2922,8.0,-16.587888174146094,1.809857717368786e-29,-0.006267264800737103,0.0015342859358607362,0.0174064806786502,-0.01739960605421434,-0.03480608673286454,0.3025672329496285,0.1729887264197048,0.3268826089487324,0.37883626633671674,0.3958784358163678
21.7696,-14.1054,PS,2922,8.0,-16.58967452003552,1.8036028944682596e-29,-0.01719024662796091,2.1098912510955582e-30,0.03107430983344769,-0.031040679899612084,-0.062114989733059775,0.18900187778286778,0.184430119062546,0.9522071872448634,0.7727304061273732,0.7654585341119025
21.7696,-14.1054,CLOUD_AMT,2922,8.0,-27.93546083700982,0.0,-0.5164458801817692,0.018496289005281878,1.075326283367556,-1.087206228610541,-2.162532511978097,27.726683748423955,26.96799943094045,0.9460227990115018,0.5934343268658978,0.573022025784767
21.7696,-14.6054,kc,2922,8.0,-15.004741023665058,1.0768907034419877e-27,0.0001345859240570477,0.8887209629534241,-0.0016660646426016595,0.001703498334476556,0.0033695629770782156,0.12148241503560292,0.11852217201516423,0.9518584494440607,0.5001987734918995,0.47585599269814155
21.7696,-14.6054,T2M,2922,8.0,-11.315441263970893,1.2098710763004342e-20,0.19335832908862563,6.802247219281089e-25,-0.47077271275382154,0.47150654802646585,0.9422792607802875,2.411454290261382,2.215611643460407,0.8441686296874694,0.8395589534293206,0.810713229007989
21.7696,-14.6054,DTR,2922,8.0,-15.422556514133843,3.021147968472153e-28,-0.013649518867408542,0.4646427779907481,-0.0412310403832988,0.04048011635865868,0.08171115674195747,2.353453471978233,2.304335783790729,0.958694629774698,0.5242563440315002,0.5091643821876072
21.7696,-14.6054,RH2M,2922,8.0,-10.627341702682742,5.323013464553758e-19,-0.42370619610982924,4.85084383103066e-06,1.3945309491216067,-1.3895073807894132,-2.78403832991102,12.059477790129996,10.918351765406806,0.8197042001127008,0.8116872465997029,0.747210950184988
21.7696,-14.6054,WS10M,2922,8.0,-15.220734449972516,5.489904564633834e-28,-0.022377600159192636,0.0513597293964236,0.03208425735797398,-0.031221697467488034,-0.06330595482546202,1.387851210837794,1.4771807952042502,1.1328736833054727,0.5289171508771813,0.4786153785947921
21.7696,-14.6054,PRECT,2922,8.0,-16.587888174146094,1.809857717368786e-29,-0.006267264800737103,0.0015342859358607362,0.0174064806786502,-0.01739960605421434,-0.03480608673286454,0.3025672329496285,0.1729887264197048,0.3268826089487324,0.37883626633671674,0.3958784358163678
21.7696,-14.6054,PS,2922,8.0,-16.58967452003552,1.8036028944682596e-29,-0.01719024662796091,2.1098912510955582e-30,0.03107430983344769,-0.031040679899612084,-0.062114989733059775,0.18900187778286778,0.184430119062546,0.9522071872448634,0.7727304061273732,0.7654585341119025
21.7696,-14.6054,CLOUD_AMT,2922,8.0,-27.93546083700982,0.0,-0.5164458801817692,0.018496289005281878,1.075326283367556,-1.087206228610541,-2.162532511978097,27.726683748423955,26.96799943094045,0.9460227990115018,0.5934343268658978,0.573022025784767
21.7696,-15.1054,kc,2922,8.0,-16.17009012165977,4.3740263471028456e-29,-3.7267222475750856e-05,0.9680512349553019,-0.0011340114294051717,0.0011186839762643516,0.002252695405669523,0.11698940163577004,0.11520259658093572,0.9696868281182475,0.5213526784397527,0.47889578812092803
21.7696,-15.1054,T2M,2922,8.0,-10.899026929892887,1.1720615680843044e-19,0.16480157489684746,6.719492424790243e-18,-0.4183934177503991,0.4191835843029891,0.8375770020533881,2.4612734349972505,2.262879169746857,0.8452846856749919,0.8338306624380505,0.8078693192616117
21.7696,-15.1054,DTR,2922,8.0,-15.383646522822247,3.3815577242916982e-28,-0.006271569683733453,0.7381216706311793,-0.05458906000456306,0.05427473191877716,0.10886379192334023,2.3586839185873933,2.321274647773506,0.9685310857542565,0.5210778159646152,0.5077677469829689
21.7696,-15.1054,RH2M,2922,8.0,-10.93812737075816,9.445300016733118e-20,-0.25655331266983467,0.009624716121298204,1.087991877709332,-1.083513940223591,-2.171505817932923,12.665608882674793,11.973414462088794,0.8936838018675197,0.8100190895910999,0.7714816619047716
21.7696,-15.1054,WS10M,2922,8.0,-14.9974618253337,1.1022997808594255e-27,-0.019517873918536502,0.09866718265021471,0.03156119096509242,-0.030731759069130712,-0.06229295003422313,1.4230295284069865,1.524935211461166,1.1483518153671035,0.5429968885140771,0.4853041871284619
21.7696,-15.1054,PRECT,2922,8.0,-22.987441174741825,0.0,-0.0038605525411294717,0.061539123366521876,0.011596096942352906,-0.011535233264732308,-0.023131330207085216,0.2858214454925604,0.22560951564224707,0.6230533045447082,0.3698300577738148,0.4467973184258031
21.7696,-15.1054,PS,2922,8.0,-17.918418425164692,2.9121895678774757e-30,-0.016879662858747112,4.9015719503226766e-30,0.03081181838923094,-0.030782979694273602,-0.06159479808350454,0.1869268728449048,0.18202299506293046,0.9482198247648058,0.7723366578314984,0.7642338105756012
21.7696,-15.1054,CLOUD_AMT,2922,8.0,-27.91058141645582,0.0,-0.48046553072861903,0.027431400722908034,1.0570988592288388,-1.067459662331736,-2.1245585215605747,27.61494281937202,26.730778792551188,0.9369899383748359,0.5854765990770816,0.578363445262894
21.7696,-15.6054,kc,2922,8.0,-16.17009012165977,4.3740263471028456e-29,-3.7267222475750856e-05,0.9680512349553019,-0.0011340114294051717,0.0011186839762643516,0.002252695405669523,0.11698940163577004,0.11520259658093572,0.9696868281182475,0.5213526784397527,0.47889578812092803
21.7696,-15.6054,T2M,2922,8.0,-10.992744080790509,6.99295429723629e-20,0.10798457657298481,4.251847608409218e-08,-0.3046841889117044,0.3054663928815879,0.6101505817932923,2.5110788907053223,2.3795836761044056,0.8980101546249071,0.8266283308599206,0.8074344454686552
21.7696,-15.6054,DTR,2922,8.0,-15.074581964502903,8.627354469967647e-28,-0.01858390050787748,0.3480855907388758,-0.025560438056125883,0.025514168377823363,0.051074606433949246,2.445663303844176,2.4969958768370835,1.0424189939209916,0.5308837581288566,0.5252466528907844
21.7696,-15.6054,RH2M,2922,8.0,-11.244684954612648,1.7716005998417773e-20,0.05053935877643731,0.6375407553587742,0.4575705795117497,-0.45375043349304145,-0.9113210130047911,13.305110780724897,13.450409375005108,1.0219602773788286,0.8074033886505056,0.792167061684307
21.7696,-15.6054,WS10M,2922,8.0,-15.057972331286837,9.091457149188558e-28,-0.01847120366480392,0.12276448466444319,0.03798388090349074,-0.03717012320328545,-0.0751540041067762,1.4368093300308307,1.5477965112028367,1.1604580563104845,0.5680400960461818,0.5148837227518672
21.7696,-15.6054,PRECT,2922,8.0,-18.95936108818142,0.0,-0.0006248151682177018,0.7807579652386812,0.0038055741000799425,-0.0037495622846890147,-0.007555136384768957,0.2505171548026301,0.3068358888831563,1.5001592672894646,0.3552691322231084,0.6091314051701925
21.7696,-15.6054,PS,2922,8.0,-13.633387708465229,1.7063930432150044e-25,-0.016441028682902176,5.49178438096798e-29,0.030473454255077165,-0.030450570385579755,-0.060924024640656924,0.1857083544602161,0.1803657028770557,0.9432895723765824,0.769639261555145,0.7610854835854141
21.7696,-15.6054,CLOUD_AMT,2922,8.0,-27.91058141645582,0.0,-0.48046553072861903,0.027431400722908034,1.0570988592288388,-1.067459662331736,-2.1245585215605747,27.61494281937202,26.730778792551188,0.9369899383748359,0.5854765990770816,0.578363445262894
21.7696,-16.1054,kc,2922,8.0,-16.41914262618989,2.5402669717154994e-29,-0.0011307325522677133,0.22580223563238266,0.0008261234234690066,-0.0008413456269124336,-0.0016674690503814403,0.11749905016263834,0.11549212483712974,0.9661310312612562,0.5545676441412286,0.5098612850281928
21.7696,-16.1054,T2M,2922,8.0,-10.83134952674381,1.7049511314306863e-19,0.03369980123172848,0.07180608425548539,-0.13873410905772304,0.13960949121606206,0.27834360027378513,2.348881206838369,2.315484304882082,0.9717657243239819,0.818201239519436,0.7967621235120765
21.7696,-16.1054,DTR,2922,8.0,-15.039472222309302,9.640196984151681e-28,-0.029379337551532388,0.18615261662663604,-0.01704460415240706,0.016938968742870014,0.03398357289527708,2.708789272200948,2.836453685978724,1.096480599356631,0.5541125880076573,0.5446026229802532
21.7696,-16.1054,RH2M,2922,8.0,-11.249577796269763,1.7253844283551482e-20,0.4523959716718613,9.88238195035726e-05,-0.43103608259183207,0.43327603239790086,0.8643121149897329,14.02846585309675,14.978649949721442,1.1400528488383228,0.8012610200236117,0.8063939798795504
21.7696,-16.1054,WS10M,2922,8.0,-14.650409995670026,3.507803786404285e-27,-0.022125085923854333,0.0754774108783578,0.05916116814966917,-0.05844321241159024,-0.11760438056125941,1.4892771339693023,1.6131833684165857,1.1733198789351966,0.6082142651026793,0.5638289364644581
21.7696,-16.1054,PRECT,2922,8.0,-22.935227824178128,0.0,0.0001582105816615458,0.9528002473354991,0.0038040795396643507,-0.0038051278598799742,-0.0076092073995443245,0.27119934921461597,0.38588554250270785,2.0246023160476714,0.4482110209093405,0.7851742552714857
21.7696,-16.1054,PS,2922,8.0,-17.766649332982656,3.32093944101225e-30,-0.016332351477492082,2.675672013012047e-28,0.031078770248688152,-0.031063597992242863,-0.062142368240931015,0.18708406640592012,0.1809801820348048,0.9358116324724887,0.7701413438288068,0.7612394548445693
21.7696,-16.1054,CLOUD_AMT,2922,8.0,-16.117633617079136,4.936368710982869e-29,-0.32121185458140905,0.1445862126626018,0.7861831051791012,-0.794925724389687,-1.5811088295687883,27.85373000389384,27.07484849813738,0.9448553951757486,0.600366799749813,0.5817337624217842
21.7696,-16.6054,kc,2922,8.0,-16.41914262618989,2.5402669717154994e-29,-0.0011307325522677133,0.22580223563238266,0.0008261234234690066,-0.0008413456269124336,-0.0016674690503814403,0.11749905016263834,0.11549212483712974,0.9661310312612562,0.5545676441412286,0.5098612850281928
21.7696,-16.6054,T2M,2922,8.0,-11.058764483567657,4.869054527822771e-20,-0.003787276663860043,0.7351193192640004,-0.020963255760894427,0.02200046771617606,0.04296372347707049,1.4521821485469144,1.3389076337957793,0.8500785307146723,0.8193858676385145,0.7612100324571403
21.7696,-16.6054,DTR,2922,8.0,-14.823981561433559,1.9443141742823827e-27,-0.04197992629024572,0.017572439489250333,0.025053262605521286,-0.024789310974218576,-0.04984257357973986,2.2091783612192155,2.2048355090313034,0.9960722197662841,0.5851540285161789,0.5590016119775827
21.7696,-16.6054,RH2M,2922,8.0,-20.20769411926409,0.0,0.4256407029540472,6.235405560306591e-07,-0.5349470568104041,0.5328558179329221,1.0678028747433261,10.522766171541177,10.808112132749802,1.0549693533455045,0.7630937670092531,0.7335462158637122
21.7696,-16.6054,WS10M,2922,8.0,-14.305436160148853,1.2090605091020314e-26,-0.022536853705919693,0.10665658597795945,0.0525744010951403,-0.05225106091718003,-0.10482546201232032,1.7001444563204307,1.784094580792026,1.1011946701832886,0.6744008956876072,0.6493158247638052
21.7696,-16.6054,PRECT,2922,8.0,-21.135438692849014,0.0,-2.116499547044661e-05,0.9934847843145609,0.004534379425123107,-0.004570336791895795,-0.009104716217018902,0.27894040294126277,0.3624399410551606,1.6882985767498306,0.45329538338715375,0.7254652965057077
21.7696,-16.6054,PS,2922,8.0,-17.703439497382597,3.528459779941376e-30,-0.01634405755952473,7.03272184516295e-28,0.031172587268993676,-0.031168275154004284,-0.06234086242299796,0.1891092191490797,0.18213532724144096,0.927604780121274,0.78220406415498,0.7690870407396287
21.7696,-16.6054,CLOUD_AMT,2922,8.0,-16.117633617079136,4.936368710982869e-29,-0.32121185458140905,0.1445862126626018,0.7861831051791012,-0.794925724389687,-1.5811088295687883,27.85373000389384,27.07484849813738,0.9448553951757486,0.600366799749813,0.5817337624217842
22.2696,-13.1054,kc,2922,8.0,-26.455986699569085,0.0,0.0008799646162335808,0.35916230306754426,-0.0028371619935393224,0.0029073797484885154,0.005744541742027837,0.12138106992266157,0.11803938104147563,0.9456968108876226,0.5511782310341625,0.4217587291574838
22.2696,-13.1054,T2M,2922,8.0,-11.350255402352229,1.0035860932077805e-20,0.22899052339969064,4.013929059761845e-31,-0.5035226443075521,0.5039106205795116,1.0074332648870636,2.5058398730023557,2.3718939767501084,0.895950288295985,0.8415214590710928,0.8225481872215664
22.2696,-13.1054,DTR,2922,8.0,-19.91215428016787,0.0,-0.0036338642995154963,0.8483979734432013,-0.057547923796486114,0.05604550536162473,0.11359342915811085,2.4329249592018365,2.308131356050959,0.900043737113018,0.5127862246197458,0.527012488982013
22.2696,-13.1054,RH2M,2922,8.0,-10.25069984001591,4.493767037498086e-18,-0.6938888975429263,2.831048533612183e-14,1.7318419119324664,-1.7250643166780748,-3.456906228610541,12.002762529238463,10.570198956492554,0.7755394531340112,0.804117146072787,0.7342410571104526
22.2696,-13.1054,WS10M,2922,8.0,-15.59428667816797,1.8633121880285773e-28,-0.02175728234312082,0.04690441294111334,0.044304106776180685,-0.04364250513347023,-0.08794661190965092,1.3329032197893564,1.3982897609607123,1.1005179257559428,0.5026226703218457,0.4780694894834891
22.2696,-13.1054,PRECT,2922,8.0,-19.11481211022403,0.0,-0.0053580129411611565,0.016268123412781152,0.013700862053551413,-0.013624696087317147,-0.02732555814086856,0.31117055430956814,0.24040881057161184,0.5969030149804744,0.4279626980013051,0.2936126136569475
22.2696,-13.1054,PS,2922,8.0,-17.989511116601253,2.7573944712576176e-30,-0.017556826866171243,3.003168280854383e-29,0.030897513118868555,-0.03084102213096048,-0.06173853524982904,0.1974673855820162,0.19212355627646158,0.9466086778499847,0.7787200037562643,0.772096708207419
22.2696,-13.1054,CLOUD_AMT,2922,8.0,-24.018117301722928,0.0,-0.6476089099860004,0.0029168778714114625,1.4809105521332422,-1.489739687428701,-2.970650239561943,27.474261124452042,26.78257519047677,0.9502822613005824,0.5846705951183307,0.5612968471088231
22.2696,-13.6054,kc,2922,8.0,-26.455986699569085,0.0,0.0008799646162335808,0.35916230306754426,-0.0028371619935393224,0.0029073797484885154,0.005744541742027837,0.12138106992266157,0.11803938104147563,0.9456968108876226,0.5511782310341625,0.4217587291574838
22.2696,-13.6054,T2M,2922,8.0,-11.22040605154723,2.0201747076061915e-20,0.2255741180426566,2.9405964762397474e-30,-0.5181783481633583,0.5186389002966006,1.036817248459959,2.5139791460108336,2.3544631017305497,0.8771228719403384,0.8441553264007537,0.8209834510464629
22.2696,-13.6054,DTR,2922,8.0,-19.787447569322538,0.0,-0.0035324788362914943,0.8517026172144502,-0.05613495322838234,0.054919119324663396,0.11105407255304574,2.396789089502888,2.3169381665836384,0.9344783611058158,0.5222259197190707,0.5218029235200689
22.2696,-13.6054,RH2M,2922,8.0,-10.337767795307842,2.7352985097380772e-18,-0.6539194699793853,3.781717369332557e-12,1.754994946383755,-1.7488654232261007,-3.503860369609856,12.230289154286071,11.074468572284125,0.8199216236292941,0.8106093767681553,0.747377240970582
22.2696,-13.6054,WS10M,2922,8.0,-15.413461111226132,3.101468125993458e-28,-0.018224003561455194,0.10798280655920617,0.031122632899840304,-0.030328428017339704,-0.06145106091718001,1.363730660308153,1.4640383643024821,1.1525179689298781,0.5122594945744178,0.47889340613292236
22.2696,-13.6054,PRECT,2922,8.0,-16.102532576168418,5.113395931959067e-29,-0.006630279009351584,0.0028894104446445345,0.017440557962554434,-0.017428928380308448,-0.03486948634286288,0.32741543614177787,0.21601075815914966,0.43526371183054186,0.4056377842053192,0.38706955072791466
22.2696,-13.6054,PS,2922,8.0,-17.949350591847423,2.8422575983638523e-30,-0.017581373359804586,9.880987812373087e-30,0.03123605977640859,-0.031186938170203377,-0.06242299794661196,0.1958562457079015,0.19080600970250075,0.9490940434058758,0.7804931414659072,0.7733442079172498
22.2696,-13.6054,CLOUD_AMT,2922,8.0,-24.018117301722928,0.0,-0.6476089099860004,0.0029168778714114625,1.4809105521332422,-1.489739687428701,-2.970650239561943,27.474261124452042,26.78257519047677,0.9502822613005824,0.5846705951183307,0.5612968471088231
22.2696,-14.1054,kc,2922,8.0,-16.088463977918373,5.284910849398765e-29,0.0007233014081112242,0.43610691324832157,-0.0022548297611635665,0.002322357295583065,0.004577187056746632,0.11857398227550932,0.11311379115765563,0.9100228674782568,0.5510828660796327,0.4393688788002889
22.2696,-14.1054,T2M,2922,8.0,-11.259484908475146,1.6355098945190912e-20,0.20649966508875586,2.523203737764767e-25,-0.4939527264430756,0.49453461099703394,0.9884873374401095,2.5433425865353256,2.3565049814039094,0.8584737058545252,0.8404377417980677,0.8185242642432714
22.2696,-14.1054,DTR,2922,8.0,-16.71291651344409,1.4295955456589917e-29,-0.0011991228007504854,0.9495920572539285,-0.06762361396303902,0.0670786447638604,0.13470225872689942,2.38502641275691,2.346584509190656,0.9680237504491626,0.5280607863775529,0.5105682511872
22.2696,-14.1054,RH2M,2922,8.0,-10.4505815103867,1.4417484480958078e-18,-0.5284236619625271,1.0948544034255136e-07,1.6049257814282456,-1.599974971480721,-3.2049007529089666,12.818680034296497,11.849437776933906,0.8544937193388029,0.8120252795464413,0.7615374634503937
22.2696,-14.1054,WS10M,2922,8.0,-15.135079439159462,7.141030770001565e-28,-0.012351209574795652,0.2789677087669292,0.018724903034451273,-0.017887006616472717,-0.03661190965092399,1.3686482013985264,1.476496836328298,1.1638081105197176,0.5318521788989015,0.48916314425199847
22.2696,-14.1054,PRECT,2922,8.0,-24.268303345657586,0.0,-0.005836264888717582,0.010201882172151625,0.015675798446983163,-0.01569632135491946,-0.031372119801902625,0.32757707600829844,0.23047220248076816,0.49500558638618236,0.40480086846482255,0.5002728035308923
22.2696,-14.1054,PS,2922,8.0,-17.9304774512918,2.8844376225072584e-30,-0.017397204969780724,9.010756812898432e-30,0.03126652977412725,-0.03122491444216298,-0.06249144421629023,0.19370759598135068,0.18851053050194447,0.9470609473363042,0.7811696947352132,0.7732096735111872
22.2696,-14.1054,CLOUD_AMT,2922,8.0,-16.22563361412886,3.8577073267634763e-29,-0.6737802707001092,0.0015982374801880254,1.5263182409308695,-1.543469575633128,-3.0697878165639976,27.149752086517548,26.07259207567967,0.9222245586051002,0.5903134311501546,0.5655828895957744
22.2696,-14.6054,kc,2922,8.0,-16.088463977918373,5.284910849398765e-29,0.0007233014081112242,0.43610691324832157,-0.0022548297611635665,0.002322357295583065,0.004577187056746632,0.11857398227550932,0.11311379115765563,0.9100228674782568,0.5510828660796327,0.4393688788002889
22.2696,-14.6054,T2M,2922,8.0,-11.259484908475146,1.6355098945190912e-20,0.20649966508875586,2.523203737764767e-25,-0.4939527264430756,0.49453461099703394,0.9884873374401095,2.5433425865353256,2.3565049814039094,0.8584737058545252,0.8404377417980677,0.8185242642432714
22.2696,-14.6054,DTR,2922,8.0,-16.71291651344409,1.4295955456589917e-29,-0.0011991228007504854,0.9495920572539285,-0.06762361396303902,0.0670786447638604,0.13470225872689942,2.38502641275691,2.346584509190656,0.9680237504491626,0.5280607863775529,0.5105682511872
22.2696,-14.6054,RH2M,2922,8.0,-10.4505815103867,1.4417484480958078e-18,-0.5284236619625271,1.0948544034255136e-07,1.6049257814282456,-1.599974971480721,-3.2049007529089666,12.818680034296497,11.849437776933906,0.8544937193388029,0.8120252795464413,0.7615374634503937
22.2696,-14.6054,WS10M,2922,8.0,-15.135079439159462,7.141030770001565e-28,-0.012351209574795652,0.2789677087669292,0.018724903034451273,-0.017887006616472717,-0.03661190965092399,1.3686482013985264,1.476496836328298,1.1638081105197176,0.5318521788989015,0.48916314425199847
22.2696,-14.6054,PRECT,2922,8.0,-24.268303345657586,0.0,-0.005836264888717582,0.010201882172151625,0.015675798446983163,-0.01569632135491946,-0.031372119801902625,0.32757707600829844,0.23047220248076816,0.49500558638618236,0.40480086846482255,0.5002728035308923
22.2696,-14.6054,PS,2922,8.0,-17.9304774512918,2.8844376225072584e-30,-0.017397204969780724,9.010756812898432e-30,0.03126652977412725,-0.03122491444216298,-0.06249144421629023,0.19370759598135068,0.18851053050194447,0.9470609473363042,0.7811696947352132,0.7732096735111872
22.2696,-14.6054,CLOUD_AMT,2922,8.0,-16.22563361412886,3.8577073267634763e-29,-0.6737802707001092,0.0015982374801880254,1.5263182409308695,-1.543469575633128,-3.0697878165639976,27.149752086517548,26.07259207567967,0.9222245586051002,0.5903134311501546,0.5655828895957744
22.2696,-15.1054,kc,2922,8.0,-16.19641266790315,4.119949451625996e-29,0.00025508100767180914,0.7801186379498145,-0.001953542446585218,0.001987758146549892,0.0039413005931351105,0.11647141608162542,0.11147637729306764,0.9160664589197699,0.5287067615321571,0.43964998520410387
22.2696,-15.1054,T2M,2922,8.0,-10.86317120092003,1.429225704522588e-19,0.16089167322453998,2.4079935373585183e-15,-0.4074692904403374,0.40810908053844425,0.8155783709787816,2.5896654284525815,2.4406272177310098,0.8882098441836637,0.8313682654111759,0.8179321786003755
22.2696,-15.1054,DTR,2922,8.0,-15.439131304881846,2.8805664906220666e-28,-0.004134062353340903,0.8310707014722255,-0.05917551905087838,0.05906541181838925,0.11824093086926762,2.4052521482525444,2.4295419351956205,1.0202992720952975,0.5230079615579274,0.5162074624537886
22.2696,-15.1054,RH2M,2922,8.0,-10.685383647613422,3.845198744503678e-19,-0.27889873669534476,0.009649821379555048,1.1349978439425055,-1.1306626625598906,-2.265660506502396,13.569535457915368,13.241619008201853,0.9522527066610711,0.8100813033954767,0.7868358876582253
22.2696,-15.1054,WS10M,2922,8.0,-14.85847245819617,1.733763248463872e-27,-0.015034599979878382,0.19391463132287404,0.028713951631302793,-0.027897958019621243,-0.05661190965092404,1.3870315683281162,1.4989322590021095,1.1678614457626202,0.5625215065178962,0.5158625510637277
22.2696,-15.1054,PRECT,2922,8.0,-23.25591145950289,0.0,-0.0027900464137209074,0.25521086515077834,0.008444395096233563,-0.008441747155612371,-0.016886142251845933,0.310632891301586,0.3011051182252889,0.9395965154894952,0.3621477454597812,0.5652603831370415
22.2696,-15.1054,PS,2922,8.0,-17.895490295150747,2.9667311507401123e-30,-0.016975113441740942,6.298582315729263e-29,0.030754232261008665,-0.030717362537074744,-0.06147159479808341,0.1921219864135041,0.18649237423155704,0.9422540642002758,0.7796524749957052,0.7727692286799002
22.2696,-15.1054,CLOUD_AMT,2922,8.0,-16.396537822317892,2.6630718730098566e-29,-0.5776997564910062,0.006232530101763134,1.273082203969884,-1.2863154688569471,-2.5593976728268313,27.0040591119811,25.659113338864575,0.9028699321701951,0.5860979532302766,0.5690777468244661
22.2696,-15.6054,kc,2922,8.0,-16.19641266790315,4.119949451625996e-29,0.00025508100767180914,0.7801186379498145,-0.001953542446585218,0.001987758146549892,0.0039413005931351105,0.11647141608162542,0.11147637729306764,0.9160664589197699,0.5287067615321571,0.43964998520410387
22.2696,-15.6054,T2M,2922,8.0,-10.97220281444429,7.829071904944282e-20,0.09454336207553848,3.908445586811136e-06,-0.27432760666210354,0.27508375541866303,0.5494113620807666,2.5861590738442444,2.5042444360592104,0.937654766544899,0.8255045179042444,0.8128176040036106
22.2696,-15.6054,DTR,2922,8.0,-14.797823825449457,2.122128294959727e-27,-0.018462467804541135,0.3736066064134166,-0.0363902578142825,0.0365666210358201,0.0729568788501026,2.534780562987945,2.642521837703834,1.0868170261645993,0.531460000834857,0.5446329555570824
22.2696,-15.6054,RH2M,2922,8.0,-11.064353666065708,4.7224300688770715e-20,0.0964707493473652,0.40462462388502307,0.3892082477754965,-0.38571303901437354,-0.77492128678987,14.215686959356237,14.661086238361957,1.0636447329800318,0.8073664333159148,0.7953362635848731
22.2696,-15.6054,WS10M,2922,8.0,-14.74731027245993,2.5164242606526992e-27,-0.022058173948414413,0.0660061743089381,0.047366027834816346,-0.046569632671686075,-0.09393566050650243,1.4341187221920462,1.5571962580977077,1.1790072940852063,0.59133535658319,0.5569740722268333
22.2696,-15.6054,PRECT,2922,8.0,-18.960027521797734,0.0,0.0006428340640048943,0.8035710062655468,0.0006813519823351994,-0.0006828041586112332,-0.0013641561409464325,0.26968410389609065,0.36780703079092825,1.8600702924513435,0.35246843111293175,0.6516235578773834
22.2696,-15.6054,PS,2922,8.0,-17.857392474363863,3.0627285129868156e-30,-0.016559059275952262,7.115872351372928e-28,0.030579021218344098,-0.03055034223134781,-0.06112936344969191,0.19142228928035943,0.1850913205799342,0.9349472239743145,0.7779550426612074,0.7712745728494483
22.2696,-15.6054,CLOUD_AMT,2922,8.0,-16.396537822317892,2.6630718730098566e-29,-0.5776997564910062,0.006232530101763134,1.273082203969884,-1.2863154688569471,-2.5593976728268313,27.0040591119811,25.659113338864575,0.9028699321701951,0.5860979532302766,0.5690777468244661
22.2696,-16.1054,kc,2922,8.0,-16.96470143223119,9.252883901495986e-30,-0.001354505098967795,0.15262769258996595,0.0018140354163961204,-0.0018093915098879353,-0.0036234269262840554,0.12002154463010864,0.11630085117351237,0.9389605870692166,0.4961605088516955,0.48650067475142084
22.2696,-16.1054,T2M,2922,8.0,-11.079399222117667,4.349540714973706e-20,0.01974182846430515,0.213026744563378,-0.09360086698608265,0.0945442391056353,0.18814510609171795,2.0219788788666953,1.9294026518878138,0.9105263379476366,0.8192698036806879,0.7812061284291871
22.2696,-16.1054,DTR,2922,8.0,-21.11597695412774,0.0,-0.038813690087107396,0.05845470184518012,-0.009530241843486224,0.009682626055213332,0.019212867898699554,2.526276014109677,2.593809179517655,1.054179213519047,0.5528984766895798,0.5474386917166921
22.2696,-16.1054,RH2M,2922,8.0,-11.743846792617463,1.2550659824494896e-21,0.4215506027523978,8.809704215129811e-05,-0.37286955281770534,0.37261983801049464,0.7454893908282,13.114170752336278,13.733065945922535,1.0966128811249047,0.7914029843569467,0.7797176156095678
22.2696,-16.1054,WS10M,2922,8.0,-14.521083711711539,5.522965203446223e-27,-0.025003731809587704,0.04895736930040328,0.055010323979009824,-0.05445579511749944,-0.10946611909650927,1.5203999267902868,1.6455003300094402,1.1713326994645525,0.6474345181124,0.6202913467738778
22.2696,-16.1054,PRECT,2922,8.0,-19.341987410112946,0.0,0.0023797952712866707,0.38690593439165943,-0.0018716098465824727,0.0018427033391393052,0.0037143131857217777,0.26114137606286764,0.4091575980586922,2.4548777200683225,0.4213768083804336,0.7591620921637385
22.2696,-16.1054,PS,2922,8.0,-17.755230186922173,3.35664136462769e-30,-0.01661431523914677,2.961521197229596e-27,0.03145523613963065,-0.03144004106776153,-0.06289527720739219,0.194899276242469,0.18715845194225922,0.9221433440535698,0.7822293879771114,0.7744024317415709
22.2696,-16.1054,CLOUD_AMT,2922,8.0,-15.990461530200033,6.680155650884033e-29,-0.11828156917659396,0.5308058853887944,0.5280101186402005,-0.5337968628793063,-1.0618069815195068,23.476947732817624,23.608922539028075,1.01127452797516,0.5928377519856118,0.6138328506302605
22.2696,-16.6054,kc,2922,8.0,-16.96470143223119,9.252883901495986e-30,-0.001354505098967795,0.15262769258996595,0.0018140354163961204,-0.0018093915098879353,-0.0036234269262840554,0.12002154463010864,0.11630085117351237,0.9389605870692166,0.4961605088516955,0.48650067475142084
22.2696,-16.6054,T2M,2922,8.0,-9.82893111788345,5.0985180597075916e-17,-0.006740371052846398,0.400046416668388,0.007810552133242038,-0.00685748345881816,-0.014668035592060199,1.0605429655268692,0.9344549882182553,0.7763547919932582,0.842221449349768,0.7911249669597047
22.2696,-16.6054,DTR,2922,8.0,-13.699074372386074,1.3000378793699482e-25,-0.04286205141130626,0.00018147267294302545,0.05862519963495322,-0.05758972165183662,-0.11621492128678984,1.45363890176713,1.4044545875027594,0.9334742196414383,0.5809191472120502,0.580150512329789
22.2696,-16.6054,RH2M,2922,8.0,-22.09073587213119,0.0,0.3706832160099638,3.2038550029983223e-09,-0.5350037075062737,0.5313070385580657,1.0663107460643393,7.8251056551360065,7.810003336235043,0.9961437593411642,0.7055677070638671,0.6839166096632715
22.2696,-16.6054,WS10M,2922,8.0,-21.828287800750896,0.0,-0.026428021957622096,0.07328084786185801,0.047305897786904,-0.04728684690851007,-0.09459274469541407,1.8019826489562367,1.8794241700070606,1.0877983748329125,0.69844663828988,0.6849904770424984
22.2696,-16.6054,PRECT,2922,8.0,-20.14409927062952,0.0,0.0015572260525754543,0.5736688270471672,0.0009199787332406994,-0.0009883451007359108,-0.0019083238339766102,0.28240207860703914,0.39849231666004387,1.9911506796139842,0.44587743304895355,0.7168359842360145
22.2696,-16.6054,PS,2922,8.0,-17.790801545468547,3.247886624748949e-30,-0.016563084184119576,1.8453747820717432e-26,0.031212080766598427,-0.031204072553045862,-0.062416153319644285,0.19789598605565648,0.18909891250682614,0.9130700375270907,0.7936992914543392,0.7821984970421421
22.2696,-16.6054,CLOUD_AMT,2922,8.0,-15.990461530200033,6.680155650884033e-29,-0.11828156917659396,0.5308058853887944,0.5280101186402005,-0.5337968628793063,-1.0618069815195068,23.476947732817624,23.608922539028075,1.01127452797516,0.5928377519856118,0.6138328506302605
22.7696,-13.6054,kc,2922,8.0,-26.455986699569085,0.0,0.0008799646162335808,0.35916230306754426,-0.0028371619935393224,0.0029073797484885154,0.005744541742027837,0.12138106992266157,0.11803938104147563,0.9456968108876226,0.5511782310341625,0.4217587291574838
22.7696,-13.6054,T2M,2922,8.0,-11.42261920763254,6.815079464164575e-21,0.22749963692084044,1.2558706179057547e-28,-0.5227627880447182,0.5231988820442619,1.04596167008898,2.5909053660345474,2.4697702453311448,0.908677987127211,0.8396899742375032,0.8246572308988493
22.7696,-13.6054,DTR,2922,8.0,-18.459679777004837,2.1476769491533343e-30,0.010632876548517998,0.5733414071332201,-0.08576378051562873,0.08493437143509015,0.17069815195071888,2.3777238313228013,2.33124247706021,0.9612847975238656,0.53248870076007,0.5175441318938943
22.7696,-13.6054,RH2M,2922,8.0,-11.04014878212355,5.3914739206353897e-20,-0.7233957848032164,6.730461316220113e-13,1.9239721537759529,-1.9182660392425277,-3.8422381930184804,12.909681265838268,12.01861079897566,0.8667173759532154,0.803340295016501,0.7546539022632096
22.7696,-13.6054,WS10M,2922,8.0,-15.24840038511233,5.048947054539874e-28,-0.010166590381002389,0.3647802288289537,0.02310538443988134,-0.022404540269222017,-0.04550992470910335,1.3510846217678179,1.4466699608391203,1.146499384217998,0.5301925662310727,0.5024607847685173
22.7696,-13.6054,PRECT,2922,8.0,-15.403036882692517,3.196405330998634e-28,-0.00604034244190115,0.005472080820559246,0.013932646425576432,-0.013896016663463571,-0.02782866308904,0.31220844711274137,0.22266491737430624,0.5086444304705807,0.41911327168042833,0.4749412419508601
22.7696,-13.6054,PS,2922,8.0,-14.691811209144182,3.0411550585791314e-27,-0.01755079389600687,2.5045136813234633e-28,0.030830424366871875,-0.030771218343600262,-0.06160164271047214,0.20095161695713595,0.19520918397947096,0.943664205189391,0.7887469749842655,0.7802179702956878
22.7696,-13.6054,CLOUD_AMT,2922,8.0,-24.018117301722928,0.0,-0.6476089099860004,0.0029168778714114625,1.4809105521332422,-1.489739687428701,-2.970650239561943,27.474261124452042,26.78257519047677,0.9502822613005824,0.5846705951183307,0.5612968471088231
22.7696,-14.1054,kc,2922,8.0,-16.088463977918373,5.284910849398765e-29,0.0007233014081112242,0.43610691324832157,-0.0022548297611635665,0.002322357295583065,0.004577187056746632,0.11857398227550932,0.11311379115765563,0.9100228674782568,0.5510828660796327,0.4393688788002889
22.7696,-14.1054,T2M,2922,8.0,-11.473754027623375,5.1909549966452565e-21,0.20065083666907438,1.6162154296199923e-22,-0.4729440908053845,0.47344194615560115,0.9463860369609857,2.61096425156247,2.470559816952506,0.8953418724057983,0.8344510664549442,0.8230067382176462
22.7696,-14.1054,DTR,2922,8.0,-20.041935038183265,0.0,0.004587154985492653,0.8106585989468866,-0.07801817248459955,0.07761495550992475,0.1556331279945243,2.396683431176826,2.3791761895025734,0.9854438027268991,0.519474152914277,0.5166234877196407
22.7696,-14.1054,RH2M,2922,8.0,-10.597861112183017,6.281469562294293e-19,-0.5510647316850869,1.8655018788859286e-07,1.6020742413871776,-1.597699885922884,-3.1997741273100617,13.409672037249099,12.836356123729802,0.9163200765191541,0.8054808676368489,0.7718510248547663
22.7696,-14.1054,WS10M,2922,8.0,-15.050429073365214,9.311034776885573e-28,-0.009695552268583006,0.38502520786807537,0.023512902121834364,-0.022743086926762485,-0.046255989048596846,1.331267975908549,1.4514093706291202,1.1886359883117086,0.5501989746758259,0.5222255364076681
22.7696,-14.1054,PRECT,2922,8.0,-22.0846948774865,0.0,-0.004550702993293812,0.05484126611361611,0.01001201360924162,-0.010067852659002969,-0.020079866268244588,0.31201944337270415,0.2783339277119338,0.7957359530872492,0.4220660359097706,0.5823617589393412
22.7696,-14.1054,PS,2922,8.0,-17.977792195219827,2.7814877868453594e-30,-0.017471804560813004,1.7548467787671952e-28,0.031096634725074162,-0.03104573351585669,-0.06214236824093085,0.19939116337087048,0.1937179994451891,0.943904672906109,0.7871009210477582,0.7808376940728332
22.7696,-14.1054,CLOUD_AMT,2922,8.0,-16.22563361412886,3.8577073267634763e-29,-0.6737802707001092,0.0015982374801880254,1.5263182409308695,-1.543469575633128,-3.0697878165639976,27.149752086517548,26.07259207567967,0.9222245586051002,0.5903134311501546,0.5655828895957744
22.7696,-14.6054,kc,2922,8.0,-16.088463977918373,5.284910849398765e-29,0.0007233014081112242,0.43610691324832157,-0.0022548297611635665,0.002322357295583065,0.004577187056746632,0.11857398227550932,0.11311379115765563,0.9100228674782568,0.5510828660796327,0.4393688788002889
22.7696,-14.6054,T2M,2922,8.0,-11.473754027623375,5.1909549966452565e-21,0.20065083666907438,1.6162154296199923e-22,-0.4729440908053845,0.47344194615560115,0.9463860369609857,2.61096425156247,2.470559816952506,0.8953418724057983,0.8344510664549442,0.8230067382176462
22.7696,-14.6054,DTR,2922,8.0,-20.041935038183265,0.0,0.004587154985492653,0.8106585989468866,-0.07801817248459955,0.07761495550992475,0.1556331279945243,2.396683431176826,2.3791761895025734,0.9854438027268991,0.519474152914277,0.5166234877196407
22.7696,-14.6054,RH2M,2922,8.0,-10.597861112183017,6.281469562294293e-19,-0.5510647316850869,1.8655018788859286e-07,1.6020742413871776,-1.597699885922884,-3.1997741273100617,13.409672037249099,12.836356123729802,0.9163200765191541,0.8054808676368489,0.7718510248547663
22.7696,-14.6054,WS10M,2922,8.0,-15.050429073365214,9.311034776885573e-28,-0.009695552268583006,0.38502520786807537,0.023512902121834364,-0.022743086926762485,-0.046255989048596846,1.331267975908549,1.4514093706291202,1.1886359883117086,0.5501989746758259,0.5222255364076681
22.7696,-14.6054,PRECT,2922,8.0,-22.0846948774865,0.0,-0.004550702993293812,0.05484126611361611,0.01001201360924162,-0.010067852659002969,-0.020079866268244588,0.31201944337270415,0.2783339277119338,0.7957359530872492,0.4220660359097706,0.5823617589393412
22.7696,-14.6054,PS,2922,8.0,-17.977792195219827,2.7814877868453594e-30,-0.017471804560813004,1.7548467787671952e-28,0.031096634725074162,-0.03104573351585669,-0.06214236824093085,0.19939116337087048,0.1937179994451891,0.943904672906109,0.7871009210477582,0.7808376940728332
22.7696,-14.6054,CLOUD_AMT,2922,8.0,-16.22563361412886,3.8577073267634763e-29,-0.6737802707001092,0.0015982374801880254,1.5263182409308695,-1.543469575633128,-3.0697878165639976,27.149752086517548,26.07259207567967,0.9222245586051002,0.5903134311501546,0.5655828895957744
22.7696,-15.1054,kc,2922,8.0,-16.19641266790315,4.119949451625996e-29,0.00025508100767180914,0.7801186379498145,-0.001953542446585218,0.001987758146549892,0.0039413005931351105,0.11647141608162542,0.11147637729306764,0.9160664589197699,0.5287067615321571,0.43964998520410387
22.7696,-15.1054,T2M,2922,8.0,-11.015754776737905,6.162964204508622e-20,0.15475163365125408,9.863145803338028e-14,-0.3873655258955053,0.38793221537759537,0.7752977412731007,2.6237668984323896,2.531106981255136,0.9306159806475024,0.8271193502962056,0.8238515861586484
22.7696,-15.1054,DTR,2922,8.0,-15.223164749459634,5.449544622817365e-28,0.002884162346512667,0.884302760388794,-0.07504117043121135,0.07497251882272424,0.1500136892539356,2.4447360573398123,2.4991050597908844,1.0449730057039406,0.5137900038365952,0.5364974183128857
22.7696,-15.1054,RH2M,2922,8.0,-10.840238212055125,1.622922982067308e-19,-0.2792769940278163,0.014734114843987435,1.100810027378507,-1.0968080424366877,-2.197618069815195,14.228346023622937,14.279714914723082,1.0072336756638052,0.804904120205325,0.7921893367499481
22.7696,-15.1054,WS10M,2922,8.0,-14.87279430966812,1.653610811618659e-27,-0.01608273572650911,0.15017550598066565,0.036011635865845305,-0.035234086242299796,-0.0712457221081451,1.334507033567828,1.4519925708000088,1.1838237657591018,0.5824143753524432,0.5541331926260284
22.7696,-15.1054,PRECT,2922,8.0,-22.86771766702656,0.0,-0.0019282039641304414,0.46466788289248995,0.004022694321709885,-0.004068106025023599,-0.008090800346733484,0.30868739076289287,0.3482326905549772,1.2726274808567493,0.3765000218403492,0.6403204414552011
22.7696,-15.1054,PS,2922,8.0,-17.927635918636362,2.8909200286503455e-30,-0.017239835921014128,3.705617732391564e-28,0.03118512434405633,-0.031142048825005982,-0.06232717316906231,0.19819113039599343,0.19190592714323734,0.9375800276887902,0.7862316433674603,0.7802861721990438
22.7696,-15.1054,CLOUD_AMT,2922,8.0,-16.396537822317892,2.6630718730098566e-29,-0.5776997564910062,0.006232530101763134,1.273082203969884,-1.2863154688569471,-2.5593976728268313,27.0040591119811,25.659113338864575,0.9028699321701951,0.5860979532302766,0.5690777468244661
22.7696,-15.6054,kc,2922,8.0,-16.19641266790315,4.119949451625996e-29,0.00025508100767180914,0.7801186379498145,-0.001953542446585218,0.001987758146549892,0.0039413005931351105,0.11647141608162542,0.11147637729306764,0.9160664589197699,0.5287067615321571,0.43964998520410387
22.7696,-15.6054,T2M,2922,8.0,-11.25270487810673,1.6964886264975233e-20,0.08422626220663355,1.7208266174339482e-05,-0.24114848277435544,0.24196582249600732,0.48311430527036275,2.4710237442034497,2.4025934024446536,0.9453806809455907,0.8224234620961058,0.8090025759347019
22.7696,-15.6054,DTR,2922,8.0,-14.831424726455444,1.896671979827459e-27,-0.006099921961405152,0.7748197851411053,-0.07694875655943428,0.07717855350216744,0.15412731006160174,2.614545286226453,2.703912083187765,1.0695295690708235,0.5331020661960058,0.5548617414598956
22.7696,-15.6054,RH2M,2922,8.0,-11.584805183561354,2.884731682608388e-21,0.11769726061459,0.3162214475502709,0.3255876682637469,-0.3231871435090118,-0.6487748117727588,14.3671492424621,14.929869879100588,1.0798684158627119,0.7986410746058037,0.7863629913938853
22.7696,-15.6054,WS10M,2922,8.0,-14.865036339544572,1.696525105752093e-27,-0.02492959602290115,0.03670961735994844,0.0517026123659594,-0.05095310289755873,-0.10265571526351813,1.4151553965110868,1.5589874004909738,1.213603853930495,0.6185490810249177,0.598397223696143
22.7696,-15.6054,PRECT,2922,8.0,-20.689106548300387,0.0,0.0019338645672982379,0.4697494805036856,-0.0038240876660888034,0.003786769339634956,0.0076108570057237595,0.26984121383736176,0.38735674299938344,2.0606568510336913,0.3680492107944601,0.6877091706128081
22.7696,-15.6054,PS,2922,8.0,-17.870678386492802,3.0284684869479104e-30,-0.016927255802034195,4.639122397492905e-27,0.031239550536162175,-0.031210825918320865,-0.062450376454483036,0.1993790326057509,0.19164224202545851,0.9238969154370249,0.7881582130309274,0.7815244216564656
22.7696,-15.6054,CLOUD_AMT,2922,8.0,-16.396537822317892,2.6630718730098566e-29,-0.5776997564910062,0.006232530101763134,1.273082203969884,-1.2863154688569471,-2.5593976728268313,27.0040591119811,25.659113338864575,0.9028699321701951,0.5860979532302766,0.5690777468244661
22.7696,-16.1054,kc,2922,8.0,-16.96470143223119,9.252883901495986e-30,-0.001354505098967795,0.15262769258996595,0.0018140354163961204,-0.0018093915098879353,-0.0036234269262840554,0.12002154463010864,0.11630085117351237,0.9389605870692166,0.4961605088516955,0.48650067475142084
22.7696,-16.1054,T2M,2922,8.0,-12.017829901327318,3.072773670488566e-22,0.011253602535838545,0.32809803466643805,-0.05159491216062057,0.052600844170659355,0.10419575633127992,1.4993594779813344,1.3677902991049833,0.8321995943968284,0.8223191492911177,0.7771124609762663
22.7696,-16.1054,DTR,2922,8.0,-21.449730425802564,0.0,-0.04196559169078119,0.007880969332623082,0.012775690166552604,-0.011988170203057319,-0.024763860369609925,1.9908387582497218,1.9528110930620317,0.9621622036757411,0.564610112789005,0.5600073814601689
22.7696,-16.1054,RH2M,2922,8.0,-17.87374498602561,3.0206813120208547e-30,0.349804074286933,4.967281297137938e-05,-0.3206089322381934,0.3177483572895273,0.6383572895277208,10.582169719455136,10.952742663783782,1.071263536733405,0.7600093573882509,0.7397715533501142
22.7696,-16.1054,WS10M,2922,8.0,-23.41522345458956,0.0,-0.026139267737266082,0.047561128327392954,0.043462788044718266,-0.04316965548710927,-0.08663244353182753,1.5916455799072684,1.6991260633775251,1.1396158171641708,0.6787508353929771,0.6649222544438121
22.7696,-16.1054,PRECT,2922,8.0,-19.54930786956497,0.0,0.0040031918430945964,0.11976790697606285,-0.006875612546448244,0.006829506814366136,0.01370511936081438,0.23722507648895977,0.38717893998126196,2.663803972765801,0.3950952121243072,0.7134080328090321
22.7696,-16.1054,PS,2922,8.0,-17.864841961848047,3.04341362284149e-30,-0.016997695501437548,3.470860189602824e-26,0.03182125256673567,-0.03180639972621465,-0.06362765229295031,0.2043042141787811,0.19513859484117932,0.9122874426068286,0.7952528379857213,0.7865053588334212
22.7696,-16.1054,CLOUD_AMT,2922,8.0,-15.990461530200033,6.680155650884033e-29,-0.11828156917659396,0.5308058853887944,0.5280101186402005,-0.5337968628793063,-1.0618069815195068,23.476947732817624,23.608922539028075,1.01127452797516,0.5928377519856118,0.6138328506302605
23.2696,-13.1054,kc,2922,8.0,-31.674959046077728,0.0,0.0007718237930047429,0.40438527951869957,-0.0020397497838860854,0.002119939002041618,0.004159688785927703,0.12016446681516389,0.11062547383790595,0.847536011453296,0.5257484917430013,0.44432550657152947
23.2696,-13.1054,T2M,2922,8.0,-11.436681225208572,6.322862111999069e-21,0.24951627402778814,7.468033682515952e-33,-0.5596804814054299,0.5600251996349533,1.1197056810403834,2.616807432538938,2.5423497958725445,0.9439023741583766,0.8400003528690733,0.8316895731911628
23.2696,-13.1054,DTR,2922,8.0,-18.188808884399307,2.42229005965267e-30,0.02427077131951047,0.21384959341120172,-0.12175748345881816,0.12095298882044254,0.2427104722792607,2.4806595216994594,2.3858151904277283,0.9249947730348006,0.5366908450550093,0.5335990441986149
23.2696,-13.1054,RH2M,2922,8.0,-10.055665448038354,1.3752370145255744e-17,-0.9338107309919564,1.5736968428023676e-19,2.3553946269678305,-2.348636858316221,-4.704031485284052,13.330147779276173,12.175467207907014,0.8342598490924208,0.8060442886904233,0.7506652014773899
23.2696,-13.1054,WS10M,2922,8.0,-16.06599786043231,5.572671457483665e-29,0.001652029794041586,0.8774820839228853,0.006953855806525175,-0.006550593201003922,-0.013504449007529097,1.3238171859174939,1.3504098764063421,1.0405792978968318,0.5292083855206924,0.5009075740680317
23.2696,-13.1054,PRECT,2922,8.0,-15.869060604606714,9.026215214392795e-29,-0.006763487495200478,0.0011293951763826774,0.016116632275597346,-0.016151475628007794,-0.03226810790360514,0.31341380580665273,0.18935772266693343,0.36503104142757575,0.40423310270945695,0.3588842458998324
23.2696,-13.1054,PS,2922,8.0,-14.52483578149661,5.449782001286376e-27,-0.018224334139173935,1.0292464062336636e-27,0.03166184120465464,-0.031589356605065046,-0.06325119780971969,0.2114060722665198,0.2048905204294463,0.9393097193728112,0.7951397341056299,0.7857988283364379
23.2696,-13.1054,CLOUD_AMT,2922,8.0,-16.259070522094664,3.581119972384204e-29,-0.7358129134490728,0.000461426477631709,1.7715688227241617,-1.7844955167693357,-3.5560643394934974,26.73168898573081,25.6246791720077,0.9188911610523007,0.5775920636960056,0.5615231931456377
23.2696,-13.6054,kc,2922,8.0,-31.674959046077728,0.0,0.0007718237930047429,0.40438527951869957,-0.0020397497838860854,0.002119939002041618,0.004159688785927703,0.12016446681516389,0.11062547383790595,0.847536011453296,0.5257484917430013,0.44432550657152947
23.2696,-13.6054,T2M,2922,8.0,-11.482338645707735,4.95958034898755e-21,0.22536811044118452,1.0124455107061667e-26,-0.5179678758840975,0.5184113164499203,1.0363791923340178,2.6448369473386277,2.5601400524548645,0.9369785346359125,0.839573249130903,0.830172039933668
23.2696,-13.6054,DTR,2922,8.0,-18.460693641758777,2.1469695370917374e-30,0.030159951302886154,0.11708893193956303,-0.13469638375541865,0.13412634040611454,0.2688227241615332,2.414390472329359,2.3820061313366545,0.9733538092010658,0.527210819495495,0.5138974227160334
23.2696,-13.6054,RH2M,2922,8.0,-10.988993354668256,7.13858567843951e-20,-0.7534889743400246,1.6354773844208403e-12,2.0250858886607346,-2.0200270476842346,-4.045112936344969,13.558529916697513,12.8642243324204,0.9002062054788946,0.8038714439973902,0.7611091791394231
23.2696,-13.6054,WS10M,2922,8.0,-15.761344814857061,1.1906753893864536e-28,-0.002435326524701155,0.8232744601539798,0.010362103582021456,-0.009788478211270813,-0.02015058179329227,1.3318269914764471,1.3888546765721315,1.0874717567018195,0.5498409896711522,0.5259301534063852
23.2696,-13.6054,PRECT,2922,8.0,-22.467957848702543,0.0,-0.006112010987787086,0.0036559685053508435,0.012725928632375113,-0.012799927289382661,-0.025525855921757774,0.3007071281142091,0.21717885183943464,0.521612054836882,0.4627488913632851,0.4410835911614976
23.2696,-13.6054,PS,2922,8.0,-14.612593745233896,4.0007068528869216e-27,-0.017686609218954652,2.285672494322178e-27,0.030815799680584406,-0.030751619895048817,-0.06156741957563322,0.2062514112729258,0.20046206174426162,0.9446491273593974,0.7941962118110756,0.7851649524135449
23.2696,-13.6054,CLOUD_AMT,2922,8.0,-16.259070522094664,3.581119972384204e-29,-0.7358129134490728,0.000461426477631709,1.7715688227241617,-1.7844955167693357,-3.5560643394934974,26.73168898573081,25.6246791720077,0.9188911610523007,0.5775920636960056,0.5615231931456377
23.2696,-14.1054,kc,2922,8.0,-15.932186984579909,7.707084450181779e-29,0.00023031950405693043,0.7942351954352926,-0.0013637957716710863,0.0014212387732264243,0.0027850345448975104,0.11435022540542995,0.10585450155487712,0.8569285512766716,0.5072328807996241,0.4318127266350371
23.2696,-14.1054,T2M,2922,8.0,-11.528621333743157,3.880703439426145e-21,0.19292245109353,4.252787702913346e-20,-0.4487094684006389,0.4492097650011408,0.8979192334017797,2.642223523832747,2.562077114466602,0.9402542059637468,0.834773482152658,0.8299802538936055
23.2696,-14.1054,DTR,2922,8.0,-15.651611240869837,1.5939148157199743e-28,0.017524156183536754,0.36425580752115444,-0.10457227926078037,0.10420253251197796,0.20877481177275833,2.393375219204054,2.422681579301952,1.0246395006271172,0.5193295317298324,0.5217830683601824
23.2696,-14.1054,RH2M,2922,8.0,-10.722722363387257,3.120991483927534e-19,-0.5264718022769279,2.023468279639597e-06,1.5122569130732377,-1.5086602669404516,-3.020917180013689,13.882408698516725,13.659604956129124,0.9681588665609001,0.8059963739348645,0.7776602816174223
23.2696,-14.1054,WS10M,2922,8.0,-15.469346914117676,2.642360965494477e-28,-0.007850423801220958,0.4672485079562501,0.020306091718001393,-0.019611772758384653,-0.039917864476386046,1.3000623698322333,1.3931884899144533,1.1483952298204296,0.5718185433160224,0.545107704295671
23.2696,-14.1054,PRECT,2922,8.0,-21.816082501214304,0.0,-0.004392835730913458,0.07988120511446531,0.007546588161024726,-0.007623977404248417,-0.015170565565273143,0.31196401514172056,0.3139771427098463,1.0129477946360497,0.43868522414466454,0.5322996553530273
23.2696,-14.1054,PS,2922,8.0,-18.080243260415575,2.588270161633366e-30,-0.01777652079512464,7.989265786471587e-28,0.03142379648642534,-0.03136881131644932,-0.06279260780287466,0.20550225208903422,0.19954612298433017,0.9428734724873035,0.7932600564554753,0.7863552536325769
23.2696,-14.1054,CLOUD_AMT,2922,8.0,-16.373986398760152,2.792679079066347e-29,-0.5722040067424968,0.00518097366330277,1.3526674994296142,-1.3616035477983117,-2.7142710472279257,26.017032707706193,25.016963935196642,0.9245995528582011,0.5633073918181076,0.5603981647153927
23.2696,-14.6054,kc,2922,8.0,-15.932186984579909,7.707084450181779e-29,0.00023031950405693043,0.7942351954352926,-0.0013637957716710863,0.0014212387732264243,0.0027850345448975104,0.11435022540542995,0.10585450155487712,0.8569285512766716,0.5072328807996241,0.4318127266350371
23.2696,-14.6054,T2M,2922,8.0,-11.528621333743157,3.880703439426145e-21,0.19292245109353,4.252787702913346e-20,-0.4487094684006389,0.4492097650011408,0.8979192334017797,2.642223523832747,2.562077114466602,0.9402542059637468,0.834773482152658,0.8299802538936055
23.2696,-14.6054,DTR,2922,8.0,-15.651611240869837,1.5939148157199743e-28,0.017524156183536754,0.36425580752115444,-0.10457227926078037,0.10420253251197796,0.20877481177275833,2.393375219204054,2.422681579301952,1.0246395006271172,0.5193295317298324,0.5217830683601824
23.2696,-14.6054,RH2M,2922,8.0,-10.722722363387257,3.120991483927534e-19,-0.5264718022769279,2.023468279639597e-06,1.5122569130732377,-1.5086602669404516,-3.020917180013689,13.882408698516725,13.659604956129124,0.9681588665609001,0.8059963739348645,0.7776602816174223
23.2696,-14.6054,WS10M,2922,8.0,-15.469346914117676,2.642360965494477e-28,-0.007850423801220958,0.4672485079562501,0.020306091718001393,-0.019611772758384653,-0.039917864476386046,1.3000623698322333,1.3931884899144533,1.1483952298204296,0.5718185433160224,0.545107704295671
23.2696,-14.6054,PRECT,2922,8.0,-21.816082501214304,0.0,-0.004392835730913458,0.07988120511446531,0.007546588161024726,-0.007623977404248417,-0.015170565565273143,0.31196401514172056,0.3139771427098463,1.0129477946360497,0.43868522414466454,0.5322996553530273
23.2696,-14.6054,PS,2922,8.0,-18.080243260415575,2.588270161633366e-30,-0.01777652079512464,7.989265786471587e-28,0.03142379648642534,-0.03136881131644932,-0.06279260780287466,0.20550225208903422,0.19954612298433017,0.9428734724873035,0.7932600564554753,0.7863552536325769
23.2696,-14.6054,CLOUD_AMT,2922,8.0,-16.373986398760152,2.792679079066347e-29,-0.5722040067424968,0.00518097366330277,1.3526674994296142,-1.3616035477983117,-2.7142710472279257,26.017032707706193,25.016963935196642,0.9245995528582011,0.5633073918181076,0.5603981647153927
23.2696,-15.1054,kc,2922,8.0,-16.516774108524164,2.0817973352965437e-29,-0.00010006252778483456,0.9051977011243312,-0.0012204489378722298,0.0012475784818038467,0.0024680274196760763,0.10825568020218956,0.10129121029362473,0.8754717455264155,0.5010299536819167,0.44667467505152153
23.2696,-15.1054,T2M,2922,8.0,-11.787225293548653,1.0021182789199878e-21,0.13785217390133125,1.9454774103567518e-11,-0.33873029888204437,0.33931898243212405,0.6780492813141684,2.5663146715801415,2.5356053056048053,0.9762105348005211,0.8248355542255423,0.8266016501363482
23.2696,-15.1054,DTR,2922,8.0,-14.890327962267122,1.5608348374888975e-27,0.018206355279047997,0.37250785203456255,-0.11123558065252115,0.11105736938170199,0.22229295003422314,2.502319749666907,2.587486255167426,1.0692284248791777,0.5228888982564038,0.5541884045627945
23.2696,-15.1054,RH2M,2922,8.0,-11.256496217099455,1.6621113148790743e-20,-0.1873956044934208,0.1101317359687809,0.8307701117955735,-0.8277240702715035,-1.658494182067077,14.415290589203424,14.814862905962777,1.0562056124743593,0.7973454469125036,0.789869859553039
23.2696,-15.1054,WS10M,2922,8.0,-18.157131946957936,2.466957093057369e-30,-0.017617656972882555,0.10895894188011161,0.03778109742185717,-0.03703751996349532,-0.07481861738535249,1.312973512903844,1.4272420656079159,1.1816349956229955,0.6027065519994768,0.5802948779205769
23.2696,-15.1054,PRECT,2922,8.0,-22.52251081025663,0.0,-0.0019744223442765977,0.4867078724687874,0.002455933975584379,-0.0025266347975634105,-0.004982568773147789,0.3159223464427991,0.38875804319423823,1.5142517427380702,0.41349069159363605,0.6231743891728234
23.2696,-15.1054,PS,2922,8.0,-17.95518537714188,2.8295205030262855e-30,-0.01761261251501065,2.4443635978478812e-27,0.03175787132101357,-0.03171235455167625,-0.06347022587268983,0.20595758699248903,0.19893198979272939,0.9329398912420712,0.7940980100178278,0.7876434686396283
23.2696,-15.1054,CLOUD_AMT,2922,8.0,-21.4044275303178,0.0,-0.7364919001724392,0.00012153649700438373,1.5618467488021905,-1.5673455852156055,-3.1291923340177963,24.469608279779525,23.30209117639691,0.9068506328355186,0.5526383057610915,0.5486870252799926
23.2696,-15.6054,kc,2922,8.0,-16.516774108524164,2.0817973352965437e-29,-0.00010006252778483456,0.9051977011243312,-0.0012204489378722298,0.0012475784818038467,0.0024680274196760763,0.10825568020218956,0.10129121029362473,0.8754717455264155,0.5010299536819167,0.44667467505152153
23.2696,-15.6054,T2M,2922,8.0,-18.03831652342548,2.6627104233167853e-30,0.053212967711838824,0.001318258551765399,-0.15151218343600284,0.1523618754277891,0.30387405886379193,2.0991641545839617,2.02724667494942,0.9326536411436644,0.8195107904507607,0.8066630356678984
23.2696,-15.6054,DTR,2922,8.0,-15.046161052279471,9.437793761373176e-28,-0.0038188531313176305,0.8515819400913645,-0.08706278804471829,0.08739306411133926,0.17445585215605755,2.519797227237352,2.570774543193158,1.0408707251046339,0.5484867439029141,0.5776396466495154
23.2696,-15.6054,RH2M,2922,8.0,-14.077859923904084,2.8634618081789907e-26,0.21679540741171063,0.04703968678013904,0.009434109057723251,-0.009368081222906551,-0.0188021902806298,13.321409417575278,13.924857526468159,1.092650247937109,0.7840044110485757,0.7744309777368322
23.2696,-15.6054,WS10M,2922,8.0,-19.502663533132836,0.0,-0.022050439483898204,0.06742546453426082,0.038117419575633124,-0.037508863791923336,-0.07562628336755646,1.4435078283804617,1.5630684557291687,1.1725131183842792,0.6513495504016475,0.64184904302064
23.2696,-15.6054,PRECT,2922,8.0,-23.398681039819483,0.0,0.002436987169334369,0.37121455827798305,-0.005493461596004246,0.005427251545491843,0.010920713141496088,0.274490687286782,0.39487451450211736,2.069488324915375,0.3807794720897534,0.694126702369269
23.2696,-15.6054,PS,2922,8.0,-17.972886215578438,2.791735955848807e-30,-0.017382090628540476,6.144070492779423e-26,0.03196303901437361,-0.03193155373032209,-0.0638945927446957,0.20968940995027208,0.20107980661963323,0.9195681538500822,0.7991951405905976,0.7907541825659556
23.2696,-15.6054,CLOUD_AMT,2922,8.0,-21.4044275303178,0.0,-0.7364919001724392,0.00012153649700438373,1.5618467488021905,-1.5673455852156055,-3.1291923340177963,24.469608279779525,23.30209117639691,0.9068506328355186,0.5526383057610915,0.5486870252799926
23.7696,-12.1054,kc,2922,8.0,-26.553812942740628,0.0,0.0010966336459535607,0.25223171209948847,-0.0026639920644704147,0.002755950951068111,0.005419943015538525,0.1252808523748576,0.1134246186562459,0.8196817326147048,0.5136932536998658,0.4336233354484349
23.7696,-12.1054,T2M,2922,8.0,-10.728661867018744,3.0192126945038042e-19,0.2571336469790701,6.6775575830078145e-34,-0.5731007300935432,0.573305840748346,1.1464065708418891,2.650490850796964,2.578689946319837,0.9465545234417504,0.8486695075361506,0.8391326346278537
23.7696,-12.1054,DTR,2922,8.0,-17.855123554098835,3.0686651168914082e-30,0.03184701589338029,0.1095905527497806,-0.1301389801505817,0.12920393566050653,0.25934291581108826,2.5576678741702508,2.4015143393851153,0.8816212940177971,0.5396547332671129,0.5542677136527124
23.7696,-12.1054,RH2M,2922,8.0,-9.445735056705212,4.761313143955404e-16,-0.9668907402867835,4.773035406518133e-22,2.4224265799680587,-2.414335911476158,-4.836762491444217,13.119077063478196,11.560483118208774,0.7765070468163241,0.8225024729594811,0.7456606375024963
23.7696,-12.1054,WS10M,2922,8.0,-32.169904600619546,0.0,-0.004744367383170205,0.6570235801982574,0.020761179557380813,-0.020600901209217405,-0.04136208076659822,1.3202287570123563,1.3459428134408782,1.0393332931867167,0.5268256837125787,0.4841429060304211
23.7696,-12.1054,PRECT,2922,8.0,-21.33872505567516,0.0,-0.007731056550900549,0.0003746727888352872,0.01941545027255107,-0.019489725460737004,-0.03890517573328807,0.33152444112894836,0.19167636818608336,0.3342766495897974,0.45136524617860124,0.30557554700706213
23.7696,-12.1054,PS,2922,8.0,-13.651816478618496,1.580580714674352e-25,-0.01920194351589223,1.1486432699705733e-27,0.03290763175906856,-0.03283501026694072,-0.06574264202600927,0.22334437505040408,0.21581131760607283,0.9336807268765144,0.7962735919929639,0.7898483124422617
23.7696,-12.1054,CLOUD_AMT,2922,8.0,-16.66769698946733,1.5545442554942082e-29,-0.6358554742323308,0.002782157427819974,1.4375932238193019,-1.4520713894592743,-2.889664613278576,26.961150753115035,26.050829861396416,0.9336116781511914,0.566933182261858,0.5492589025554602
23.7696,-12.6054,kc,2922,8.0,-26.553812942740628,0.0,0.0010966336459535607,0.25223171209948847,-0.0026639920644704147,0.002755950951068111,0.005419943015538525,0.1252808523748576,0.1134246186562459,0.8196817326147048,0.5136932536998658,0.4336233354484349
23.7696,-12.6054,T2M,2922,8.0,-10.817135497784859,1.8449239016085042e-19,0.25527560255621784,3.767684107557239e-34,-0.5666125256673514,0.5668645448323064,1.1334770704996577,2.6170002991519565,2.5551790726048655,0.9533121741136774,0.8446750796227868,0.837137457389959
23.7696,-12.6054,DTR,2922,8.0,-17.919033571324306,2.9107585290093825e-30,0.03431585228206377,0.08671651402395296,-0.14034747889573362,0.13962514259639505,0.27997262149212865,2.568967638002123,2.4217740249904254,0.8886893320600827,0.5450939463746366,0.5591894569712282
23.7696,-12.6054,RH2M,2922,8.0,-9.445681567651688,4.762804869034903e-16,-1.0027417378116377,8.554730704839958e-23,2.4500769906456767,-2.443078382386493,-4.89315537303217,13.275233849718399,11.890656433803656,0.8022824673976099,0.8163257235539828,0.7514600763565957
23.7696,-12.6054,WS10M,2922,8.0,-16.08085131087951,5.380467368828341e-29,0.0046045672664461,0.662426992432023,0.007836116814966921,-0.007653274013232954,-0.015489390828199875,1.313991876064743,1.3182311565502836,1.0064629303652763,0.5326824607400029,0.496695489611937
23.7696,-12.6054,PRECT,2922,8.0,-17.438684384362706,4.722693751775115e-30,-0.008177935836801807,9.795728419040786e-05,0.018951050824296937,-0.01901348790638216,-0.03796453873067909,0.3236700967375004,0.17920021620025298,0.30652923641217833,0.4313999758041756,0.2736687767214374
23.7696,-12.6054,PS,2922,8.0,-14.416707076510942,8.036772184628343e-27,-0.019146023469202626,4.2534311003765055e-28,0.0330651608487337,-0.03299233401779591,-0.0660574948665296,0.22065203116092172,0.2135610117706845,0.9367594441570308,0.7981057765330168,0.7911882016498525
23.7696,-12.6054,CLOUD_AMT,2922,8.0,-16.66769698946733,1.5545442554942082e-29,-0.6358554742323308,0.002782157427819974,1.4375932238193019,-1.4520713894592743,-2.889664613278576,26.961150753115035,26.050829861396416,0.9336116781511914,0.566933182261858,0.5492589025554602
23.7696,-13.1054,kc,2922,8.0,-31.674959046077728,0.0,0.0007718237930047429,0.40438527951869957,-0.0020397497838860854,0.002119939002041618,0.004159688785927703,0.12016446681516389,0.11062547383790595,0.847536011453296,0.5257484917430013,0.44432550657152947
23.7696,-13.1054,T2M,2922,8.0,-11.361850853639169,9.431060514036803e-21,0.24848336271736882,2.6855862463726164e-31,-0.559365001140771,0.5596356833219257,1.1190006844626967,2.6591917129021105,2.614235522465939,0.966473890222474,0.8447171678087934,0.8372700596440695
23.7696,-13.1054,DTR,2922,8.0,-18.11340880356387,2.533619654315281e-30,0.040682001158808136,0.04264621009873686,-0.16126244581336985,0.16063351585671917,0.32189596167008905,2.5404235886920405,2.45871034370132,0.9367041908137771,0.5427071187527955,0.5401320538245654
23.7696,-13.1054,RH2M,2922,8.0,-9.935064245023428,2.757591080273047e-17,-0.9311585027341619,2.8106115574663272e-18,2.3402763974446734,-2.3341041638147386,-4.674380561259412,13.673539680472848,12.725911547190767,0.8661954338504118,0.8078162403453428,0.7626208854349956
23.7696,-13.1054,WS10M,2922,8.0,-18.654835716978724,2.049543376154513e-30,0.007283083919423134,0.4914800384136601,0.00013721195528180734,0.0001372119552817952,-1.214306433183765e-17,1.3177808123655872,1.3243482955508818,1.0099923271812536,0.5509319493686284,0.5251354174551847
23.7696,-13.1054,PRECT,2922,8.0,-22.418830632822363,0.0,-0.006762388691728013,0.0017530333083166036,0.017428814600429332,-0.01752184955317569,-0.034950664153605024,0.3258353904601295,0.1972393223880091,0.3664295567510318,0.46187016810618586,0.3569662450136347
23.7696,-13.1054,PS,2922,8.0,-14.459416958594678,6.88672557136293e-27,-0.01870854002004894,1.552574063920593e-27,0.03240130047912399,-0.03232833675564649,-0.06472963723477049,0.217785329118528,0.2110773209502969,0.9393466816100238,0.7999187278258799,0.7906162747552656
23.7696,-13.1054,CLOUD_AMT,2922,8.0,-16.259070522094664,3.581119972384204e-29,-0.7358129134490728,0.000461426477631709,1.7715688227241617,-1.7844955167693357,-3.5560643394934974,26.73168898573081,25.6246791720077,0.9188911610523007,0.5775920636960056,0.5615231931456377
23.7696,-13.6054,kc,2922,8.0,-31.674959046077728,0.0,0.0007718237930047429,0.40438527951869957,-0.0020397497838860854,0.002119939002041618,0.004159688785927703,0.12016446681516389,0.11062547383790595,0.847536011453296,0.5257484917430013,0.44432550657152947
23.7696,-13.6054,T2M,2922,8.0,-11.526493482137335,3.924641129166306e-21,0.21986707437723438,4.551078136219843e-25,-0.4920920260095824,0.4924391170431213,0.9845311430527037,2.6464426358454527,2.616522733864328,0.9775164072912246,0.8424023210021229,0.8359530712576323
23.7696,-13.6054,DTR,2922,8.0,-15.819811735498998,1.0232982553398335e-28,0.05109233419258163,0.009304194599290987,-0.17612780059320116,0.17556282226785286,0.351690622861054,2.449252901445341,2.443873587353682,0.9956122074835013,0.5388806924292683,0.5270682489720973
23.7696,-13.6054,RH2M,2922,8.0,-11.10025566351631,3.881349849086193e-20,-0.7241836030406356,5.278070210086771e-11,1.8645444672598677,-1.8598360939995435,-3.7243805612594114,13.864136024089241,13.521654679431832,0.9512048583221839,0.8051862680399896,0.7698362359994467
23.7696,-13.6054,WS10M,2922,8.0,-18.152142776162325,2.4742650546972898e-30,0.005287690749785414,0.6197337745871755,-0.001844307551905121,0.002228245493953901,0.004072553045859022,1.311886949665653,1.3472389446814697,1.0546210447619635,0.569789242886077,0.5480185488707177
23.7696,-13.6054,PRECT,2922,8.0,-18.836830795030803,0.0,-0.006226449549843864,0.005299015205646714,0.012607557981594143,-0.012692614479244968,-0.025300172460839113,0.30928908550142614,0.2439645664960402,0.622191850978206,0.5034420867312006,0.356090542630747
23.7696,-13.6054,PS,2922,8.0,-14.580191924518825,4.4814697557482106e-27,-0.01794887271533901,2.1233114294385547e-26,0.030931211498972887,-0.030862080766598726,-0.06179329226557161,0.213660318702443,0.20719074538334237,0.9403574333010263,0.7993211079264159,0.7894285467334624
23.7696,-13.6054,CLOUD_AMT,2922,8.0,-16.259070522094664,3.581119972384204e-29,-0.7358129134490728,0.000461426477631709,1.7715688227241617,-1.7844955167693357,-3.5560643394934974,26.73168898573081,25.6246791720077,0.9188911610523007,0.5775920636960056,0.5615231931456377
23.7696,-14.1054,kc,2922,8.0,-15.932186984579909,7.707084450181779e-29,0.00023031950405693043,0.7942351954352926,-0.0013637957716710863,0.0014212387732264243,0.0027850345448975104,0.11435022540542995,0.10585450155487712,0.8569285512766716,0.5072328807996241,0.4318127266350371
23.7696,-14.1054,T2M,2922,8.0,-11.596431627637203,2.713458099190534e-21,0.17674309619618364,2.1766105389864528e-17,-0.39902069358886616,0.39945979922427555,0.7984804928131417,2.588980556875785,2.5808851616129718,0.9937560453026433,0.8354997431668256,0.8361458701560234
23.7696,-14.1054,DTR,2922,8.0,-15.270939022905793,4.7180735059456985e-28,0.03607320841223961,0.06606821516389251,-0.13561328998402916,0.13507117271275393,0.2706844626967831,2.4141439295284948,2.477530353213619,1.0532019392407892,0.5330201924716784,0.5573565588513255
23.7696,-14.1054,RH2M,2922,8.0,-11.431224952987364,6.509419852104197e-21,-0.41093353888689066,0.0003245619524013487,1.171114202600958,-1.1678933264887066,-2.3390075290896646,14.08592755842892,14.376320966379856,1.0416567188207317,0.8044948266934687,0.7841278654861394
23.7696,-14.1054,WS10M,2922,8.0,-17.98782381529128,2.7608301443938308e-30,-0.004206271185229745,0.6928495222626646,0.011952840520191629,-0.01139418206707737,-0.023347022587269,1.2922854851535401,1.364296262640391,1.114552283694519,0.5907226540943824,0.568556675099509
23.7696,-14.1054,PRECT,2922,8.0,-17.792958326432796,3.241521722916603e-30,-0.005201604265048258,0.061785922103333696,0.009089335806922226,-0.009167121550332995,-0.018256457357255222,0.3258050700112601,0.36788600957595635,1.2750020056185645,0.4615749532406928,0.3595223059999997
23.7696,-14.1054,PS,2922,8.0,-14.73707171194267,2.605461362059457e-27,-0.01802329925815899,7.199701165905045e-27,0.03157582705909198,-0.031517944330367136,-0.06309377138945912,0.21251673325860349,0.20596107507267852,0.9392561281203181,0.7989006931247131,0.7908207768716171
23.7696,-14.1054,CLOUD_AMT,2922,8.0,-16.373986398760152,2.792679079066347e-29,-0.5722040067424968,0.00518097366330277,1.3526674994296142,-1.3616035477983117,-2.7142710472279257,26.017032707706193,25.016963935196642,0.9245995528582011,0.5633073918181076,0.5603981647153927
23.7696,-14.6054,kc,2922,8.0,-15.932186984579909,7.707084450181779e-29,0.00023031950405693043,0.7942351954352926,-0.0013637957716710863,0.0014212387732264243,0.0027850345448975104,0.11435022540542995,0.10585450155487712,0.8569285512766716,0.5072328807996241,0.4318127266350371
23.7696,-14.6054,T2M,2922,8.0,-11.596431627637203,2.713458099190534e-21,0.17674309619618364,2.1766105389864528e-17,-0.39902069358886616,0.39945979922427555,0.7984804928131417,2.588980556875785,2.5808851616129718,0.9937560453026433,0.8354997431668256,0.8361458701560234
23.7696,-14.6054,DTR,2922,8.0,-15.270939022905793,4.7180735059456985e-28,0.03607320841223961,0.06606821516389251,-0.13561328998402916,0.13507117271275393,0.2706844626967831,2.4141439295284948,2.477530353213619,1.0532019392407892,0.5330201924716784,0.5573565588513255
23.7696,-14.6054,RH2M,2922,8.0,-11.431224952987364,6.509419852104197e-21,-0.41093353888689066,0.0003245619524013487,1.171114202600958,-1.1678933264887066,-2.3390075290896646,14.08592755842892,14.376320966379856,1.0416567188207317,0.8044948266934687,0.7841278654861394
23.7696,-14.6054,WS10M,2922,8.0,-17.98782381529128,2.7608301443938308e-30,-0.004206271185229745,0.6928495222626646,0.011952840520191629,-0.01139418206707737,-0.023347022587269,1.2922854851535401,1.364296262640391,1.114552283694519,0.5907226540943824,0.568556675099509
23.7696,-14.6054,PRECT,2922,8.0,-17.792958326432796,3.241521722916603e-30,-0.005201604265048258,0.061785922103333696,0.009089335806922226,-0.009167121550332995,-0.018256457357255222,0.3258050700112601,0.36788600957595635,1.2750020056185645,0.4615749532406928,0.3595223059999997
23.7696,-14.6054,PS,2922,8.0,-14.73707171194267,2.605461362059457e-27,-0.01802329925815899,7.199701165905045e-27,0.03157582705909198,-0.031517944330367136,-0.06309377138945912,0.21251673325860349,0.20596107507267852,0.9392561281203181,0.7989006931247131,0.7908207768716171
23.7696,-14.6054,CLOUD_AMT,2922,8.0,-16.373986398760152,2.792679079066347e-29,-0.5722040067424968,0.00518097366330277,1.3526674994296142,-1.3616035477983117,-2.7142710472279257,26.017032707706193,25.016963935196642,0.9245995528582011,0.5633073918181076,0.5603981647153927
23.7696,-15.1054,kc,2922,8.0,-16.516774108524164,2.0817973352965437e-29,-0.00010006252778483456,0.9051977011243312,-0.0012204489378722298,0.0012475784818038467,0.0024680274196760763,0.10825568020218956,0.10129121029362473,0.8754717455264155,0.5010299536819167,0.44667467505152153
23.7696,-15.1054,T2M,2922,8.0,-11.862247100424245,6.803521618051683e-22,0.10587160255996578,1.4776668315410849e-08,-0.2553411133926534,0.25592514259639526,0.5112662559890486,2.3234939965641552,2.32606224872262,1.0022119029004648,0.8238867495357454,0.8239614236416172
23.7696,-15.1054,DTR,2922,8.0,-14.996936551162,1.1041580505688967e-27,0.032793995150902124,0.11136739724817077,-0.14805268081222905,0.1477926306182979,0.29584531143052695,2.51774516750032,2.614539909129443,1.0783680416704295,0.5492732739451005,0.5781004712382172
23.7696,-15.1054,RH2M,2922,8.0,-11.501653402823917,4.476505754357406e-21,-0.04933456198540114,0.6677854318509614,0.4533325005703856,-0.45177359114761567,-0.9051060917180013,13.945143888116865,14.717669714943007,1.1138638403645729,0.792060009332969,0.7870569367067669
23.7696,-15.1054,WS10M,2922,8.0,-17.656081534487882,3.700796121797404e-30,-0.013528745855480681,0.22247606294893807,0.022099418206707754,-0.021473477070499646,-0.043572895277207396,1.3401836325360938,1.426021143357082,1.1322004162664367,0.6298032628035319,0.6227187874681105
23.7696,-15.1054,PRECT,2922,8.0,-17.9903890625036,2.755611203899588e-30,-0.0026779199415236273,0.3830994872101321,0.004488755172449299,-0.00457862972047235,-0.00906738489292165,0.33202369146262456,0.42815872247677944,1.6629203356948372,0.4399633772392605,0.5502995958138714
23.7696,-15.1054,PS,2922,8.0,-18.03467698330867,2.669465960733211e-30,-0.018066802290397106,1.858169970287712e-26,0.032442813141684027,-0.03239633812457212,-0.06483915126625614,0.2152237467960839,0.2074793929434276,0.9293291545819233,0.8019334032918889,0.7939306866652421
23.7696,-15.1054,CLOUD_AMT,2922,8.0,-21.4044275303178,0.0,-0.7364919001724392,0.00012153649700438373,1.5618467488021905,-1.5673455852156055,-3.1291923340177963,24.469608279779525,23.30209117639691,0.9068506328355186,0.5526383057610915,0.5486870252799926
23.7696,-15.6054,kc,2922,8.0,-16.516774108524164,2.0817973352965437e-29,-0.00010006252778483456,0.9051977011243312,-0.0012204489378722298,0.0012475784818038467,0.0024680274196760763,0.10825568020218956,0.10129121029362473,0.8754717455264155,0.5010299536819167,0.44667467505152153
23.7696,-15.6054,T2M,2922,8.0,-11.432761270167266,6.456333288971955e-21,0.012527657262174674,0.2838143259478234,-0.036724686287930956,0.037477914670316866,0.07420260095824782,1.5091721791243105,1.4053719997222613,0.8671715313736132,0.8245598363895708,0.8036603721404249
23.7696,-15.6054,DTR,2922,8.0,-21.43774303260059,0.0,-0.018589066480145466,0.2489580673150336,-0.03616342687656862,0.03672500570385583,0.07288843258042446,2.029497192610575,1.994123306917156,0.9654440473342193,0.5723024645008521,0.6083734566812341
23.7696,-15.6054,RH2M,2922,8.0,-17.991315516363777,2.7537326685766672e-30,0.2847745960656507,0.0010617302655491706,-0.28112555327401334,0.27916876568560356,0.5602943189596169,10.653127814219367,11.065387336261178,1.0788944676883894,0.751043907637976,0.7523372553171797
23.7696,-15.6054,WS10M,2922,8.0,-19.423321756680714,0.0,-0.020316536217790334,0.10389347003999072,0.022305601186402,-0.022027047684234552,-0.04433264887063655,1.5280306028867445,1.5895104264391726,1.0820881911290685,0.6689444995047005,0.6790457477008044
23.7696,-15.6054,PRECT,2922,8.0,-22.620662087796592,0.0,0.00223239847459867,0.4179810263369565,-0.004984766327743932,0.0048869681561119925,0.009871734483855924,0.2738377083223842,0.4019645876986548,2.1547112801416723,0.38631010210679884,0.658159416559156
23.7696,-15.6054,PS,2922,8.0,-18.09074731902209,2.5705675004197523e-30,-0.017806911692003925,1.1333159452653908e-24,0.03221841204654361,-0.03218952772073906,-0.06440793976728268,0.22102590280252096,0.21138777302010447,0.9146888405384239,0.8085335543534332,0.7983074474150401
23.7696,-15.6054,CLOUD_AMT,2922,8.0,-21.4044275303178,0.0,-0.7364919001724392,0.00012153649700438373,1.5618467488021905,-1.5673455852156055,-3.1291923340177963,24.469608279779525,23.30209117639691,0.9068506328355186,0.5526383057610915,0.5486870252799926
24.2696,-12.1054,kc,2922,8.0,-32.22291286104252,0.0,0.0005308957487706975,0.571828117480455,-0.001439833996151338,0.0015069683263707878,0.002946802322522126,0.12371111973996025,0.1102402773208697,0.7940779167826412,0.5002493649933131,0.4442951058728353
24.2696,-12.1054,T2M,2922,8.0,-10.853807817166686,1.5053185605451048e-19,0.24277360591364588,5.303921104774807e-29,-0.5470448665297741,0.547349383983573,1.0943942505133473,2.7174986278363518,2.650676811948029,0.9514257272293084,0.8532396429359965,0.8436999127576698
24.2696,-12.1054,DTR,2922,8.0,-17.665011106065002,3.667123484115386e-30,0.04452716845221582,0.024820419842379343,-0.15597942048825,0.15505411818389245,0.31103353867214245,2.5582843920407026,2.38260281369369,0.8673725188297788,0.5518625414837351,0.5613011193338422
24.2696,-12.1054,RH2M,2922,8.0,-9.630431059096052,1.6177134449524941e-16,-0.8721300407831597,1.2675518538237577e-17,2.1985440451745384,-2.191284839151266,-4.389828884325804,13.148126745293151,12.076373613500156,0.8436169893002069,0.8168054927429995,0.7635755951119495
24.2696,-12.1054,WS10M,2922,8.0,-15.920737107600916,7.929251793280416e-29,0.0030804367912563068,0.7805543879944401,0.006513381245722128,-0.006409274469541385,-0.012922655715263513,1.3667894386869892,1.3925126579786378,1.0379945532618262,0.5473069698362345,0.5024922957786063
24.2696,-12.1054,PRECT,2922,8.0,-24.093666413500205,0.0,-0.006476209447584612,0.012903191903538424,0.01897249585247582,-0.019047725429100902,-0.03802022128157673,0.37723797306599766,0.26164282137905465,0.4810462593337487,0.43327653762605695,0.2514119140088189
24.2696,-12.1054,PS,2922,8.0,-13.609325515993946,1.8864803679483045e-25,-0.01911003266189844,3.744508664667177e-26,0.0324591033538674,-0.032386892539356366,-0.06484599589322376,0.22913975185864432,0.221309942954481,0.9328267156888451,0.7997292496494726,0.7919557944338366
24.2696,-12.1054,CLOUD_AMT,2922,8.0,-16.40254919398989,2.629737371284302e-29,-0.561031275404561,0.006029243220710571,1.3197355350216742,-1.3247682295231578,-2.644503764544832,25.947173133304634,24.99302029528824,0.9278064435682016,0.5454126341894843,0.5447011154336368
24.2696,-12.6054,kc,2922,8.0,-32.22291286104252,0.0,0.0005308957487706975,0.571828117480455,-0.001439833996151338,0.0015069683263707878,0.002946802322522126,0.12371111973996025,0.1102402773208697,0.7940779167826412,0.5002493649933131,0.4442951058728353
24.2696,-12.6054,T2M,2922,8.0,-10.997950172274912,6.795780222516817e-20,0.23521687889424361,2.313330184180589e-27,-0.5390831051791012,0.5393836983801049,1.078466803559206,2.7039725514608812,2.660165222762151,0.9678602763723304,0.8495111872693055,0.840645986175751
24.2696,-12.6054,DTR,2922,8.0,-17.95386058365999,2.832400070596101e-30,0.047037800522670044,0.019500813655452164,-0.1610771617613506,0.16030545288615108,0.3213826146475017,2.5840936165320274,2.431291705053647,0.885233112087456,0.548840660636146,0.5621052364213105
24.2696,-12.6054,RH2M,2922,8.0,-9.796170934095915,6.166096515662482e-17,-0.8350929380166485,1.3398325872605983e-15,2.1471647387634043,-2.140795562400183,-4.287960301163587,13.36150734982825,12.49474867556301,0.8744684398919441,0.811571892061509,0.7636190054808419
24.2696,-12.6054,WS10M,2922,8.0,-15.888264614402996,8.599722881616895e-29,0.00794053389970558,0.4646067507656546,-0.001308715491672356,0.0014222906684919043,0.0027310061601642606,1.345989711464545,1.363942132834933,1.026853315917227,0.5578496036700142,0.5228471857315847
24.2696,-12.6054,PRECT,2922,8.0,-22.88365110622609,0.0,-0.005650810603591016,0.01939591130959435,0.017071091865366612,-0.017141024142979563,-0.03421211600834617,0.3512921497363824,0.2410817562740594,0.4709684378394318,0.3929177616241867,0.2521906831929124
24.2696,-12.6054,PS,2922,8.0,-14.372170518613885,9.454046886865717e-27,-0.019020082728172127,1.2639552224272454e-26,0.03256462468628803,-0.03248671001597057,-0.0650513347022586,0.22568144429147982,0.218321967297556,0.9358433684153116,0.801398239593103,0.7930709278719167
24.2696,-12.6054,CLOUD_AMT,2922,8.0,-16.40254919398989,2.629737371284302e-29,-0.561031275404561,0.006029243220710571,1.3197355350216742,-1.3247682295231578,-2.644503764544832,25.947173133304634,24.99302029528824,0.9278064435682016,0.5454126341894843,0.5447011154336368
24.2696,-13.1054,kc,2922,8.0,-16.41851634727897,2.5435773408721987e-29,-0.00025366681861487765,0.774348231427713,0.0006560173451409285,-0.0006008472380711504,-0.0012568645832120788,0.11340041536501912,0.10733076722213489,0.8958167466159294,0.4928928163434288,0.44313385883144374
24.2696,-13.1054,T2M,2922,8.0,-11.38712041254218,8.237835553336352e-21,0.24508358931390106,1.6780651505040975e-29,-0.5474537303216974,0.5477344969199178,1.0951882272416151,2.7003025607649422,2.6714368827985626,0.9787346838026473,0.8493195355095055,0.8412619010873619
24.2696,-13.1054,DTR,2922,8.0,-18.00505664583532,2.7262601046314617e-30,0.06032009468635989,0.0031316843818238573,-0.19860919461555998,0.19777684234542547,0.39638603696098546,2.5764453640389386,2.5066452298070763,0.9465506739749829,0.5514606050523746,0.549507052838947
24.2696,-13.1054,RH2M,2922,8.0,-9.966491411760488,2.299698306908429e-17,-0.9041726321939012,2.1974448457169877e-16,2.2319632329454717,-2.2262982318046998,-4.458261464750171,13.927382569703246,13.34542588681362,0.918175848318685,0.8112386997510712,0.7719720815650915
24.2696,-13.1054,WS10M,2922,8.0,-20.331955785070495,0.0,0.013811471204953145,0.19577892505436906,-0.011047889573351607,0.011190303445128877,0.022238193018480484,1.319943108221011,1.3446321615588301,1.037759132255694,0.5684467019595103,0.5520288921009581
24.2696,-13.1054,PRECT,2922,8.0,-21.799165416928478,0.0,-0.006067516787315685,0.01880159461402715,0.016709923404611006,-0.0168001704419265,-0.033510093846537505,0.3733065205897613,0.2607182476664401,0.4877662032471407,0.47061990767265394,0.27485367268711164
24.2696,-13.1054,PS,2922,8.0,-14.390072655278367,8.855058342959973e-27,-0.018860931077854307,1.671523271008805e-26,0.03238693817020286,-0.03230847592972854,-0.0646954140999314,0.22425796387527067,0.217080203554136,0.9370110033886017,0.8033338122274875,0.7928273589235791
24.2696,-13.1054,CLOUD_AMT,2922,8.0,-16.456453753240027,2.3520088274364737e-29,-0.5396378209253763,0.007332326389174058,1.234407346566279,-1.2345043577458361,-2.468911704312115,25.45775049949052,24.73350200938507,0.9439112733849939,0.5449639721743171,0.5378199938235699
24.2696,-13.6054,kc,2922,8.0,-16.41851634727897,2.5435773408721987e-29,-0.00025366681861487765,0.774348231427713,0.0006560173451409285,-0.0006008472380711504,-0.0012568645832120788,0.11340041536501912,0.10733076722213489,0.8958167466159294,0.4928928163434288,0.44313385883144374
24.2696,-13.6054,T2M,2922,8.0,-11.601754548881969,2.6385254035462705e-21,0.21390122408039372,2.0052358966879344e-24,-0.46562989961213774,0.465869073693817,0.9314989733059548,2.6124576821378556,2.5854752141826487,0.9794499061292862,0.8449060675550516,0.8383822504879754
24.2696,-13.6054,DTR,2922,8.0,-15.441714992981012,2.859304901469026e-28,0.06878253145348907,0.0006863394750110082,-0.2053481063198722,0.2046655829340635,0.41001368925393566,2.5212996097532367,2.5232612231677494,1.001556638878618,0.5506048026140357,0.556072480050496
24.2696,-13.6054,RH2M,2922,8.0,-11.2790266311538,1.471887010438296e-20,-0.7062280672371072,3.467478325484032e-10,1.7564366415697015,-1.7519548710928592,-3.508391512662561,13.970124975260383,13.987215134686757,1.0024481689264622,0.8091465449519173,0.7755803599066338
24.2696,-13.6054,WS10M,2922,8.0,-19.774066204016275,0.0,0.014648637756273862,0.16631118734617112,-0.019554699977184557,0.019747148072096737,0.039301848049281295,1.3012579400763997,1.3397717665793534,1.0600707661253108,0.5859014393207163,0.5750814625829785
24.2696,-13.6054,PRECT,2922,8.0,-18.859042151394735,0.0,-0.006343109452797798,0.013893992186130954,0.011534250053286052,-0.011603752339627498,-0.02313800239291355,0.33409010434103065,0.3088368497268694,0.8545372590475564,0.5382369912325681,0.41576943625176077
24.2696,-13.6054,PS,2922,8.0,-14.500800147046808,5.936984967978142e-27,-0.018249256595420777,7.708142815942461e-26,0.0312292265571525,-0.03115954825462026,-0.06238877481177276,0.22024797842436108,0.21262491860943247,0.9319754213419921,0.8042264667062727,0.7911371413119498
24.2696,-13.6054,CLOUD_AMT,2922,8.0,-16.456453753240027,2.3520088274364737e-29,-0.5396378209253763,0.007332326389174058,1.234407346566279,-1.2345043577458361,-2.468911704312115,25.45775049949052,24.73350200938507,0.9439112733849939,0.5449639721743171,0.5378199938235699
24.2696,-14.1054,kc,2922,8.0,-21.74608730336273,0.0,-0.0010096314963457679,0.22163495424002191,0.0007694050334358919,-0.0007159568527056714,-0.0014853618861415633,0.1054131365503748,0.10071557759925949,0.9128592564718104,0.4642095815276514,0.48123541831965594
24.2696,-14.1054,T2M,2922,8.0,-11.788717102708526,9.944063263246945e-22,0.15712163491500375,2.0538828856526653e-15,-0.344765890942277,0.3451588181610768,0.6899247091033538,2.455707438589733,2.462571917882868,1.0055984466072054,0.8364873138579465,0.8352055148150718
24.2696,-14.1054,DTR,2922,8.0,-14.955533084963635,1.2617536966646962e-27,0.05191594588621356,0.010606964070736372,-0.16906670088980155,0.16852399041752217,0.3375906913073237,2.485372433313391,2.5756420705250505,1.0739599016430204,0.5541865724978197,0.5838720303319049
24.2696,-14.1054,RH2M,2922,8.0,-11.20870445536528,2.1523184093677127e-20,-0.31967148041310917,0.0048807184059406605,0.9071297056810407,-0.9046088295687881,-1.8117385352498288,13.823061911142151,14.473361293265981,1.0963022374034581,0.8033815946522547,0.7873568857750031
24.2696,-14.1054,WS10M,2922,8.0,-19.19697795462209,0.0,0.007026460740660413,0.5123227138489559,-0.01617143509012093,0.016504814054300734,0.03267624914442166,1.309479738968073,1.3660880721327147,1.0883280745435224,0.6110100423954957,0.6089728025926394
24.2696,-14.1054,PRECT,2922,8.0,-19.859007333611654,0.0,-0.0057311939585659695,0.06390894738412062,0.010149414304228326,-0.010229155032779795,-0.020378569337008122,0.3458060331603348,0.4223145119056372,1.49144374995626,0.4691218821553676,0.44851097560772246
24.2696,-14.1054,PS,2922,8.0,-14.707760431895839,2.87938747902259e-27,-0.01843247629473733,5.562418557695527e-26,0.03211519507186865,-0.032053182751539885,-0.06416837782340853,0.22151187240987363,0.21426998595659372,0.9356828426544479,0.8048391413013131,0.7942926903093281
24.2696,-14.1054,CLOUD_AMT,2922,8.0,-21.635096395680005,0.0,-0.3581676434276877,0.04677244058331867,0.9438672940908054,-0.9454071754506047,-1.88927446954141,22.883278583398667,22.03909993918138,0.9275796517795318,0.5333050929544662,0.530394274120383
24.2696,-14.6054,kc,2922,8.0,-21.74608730336273,0.0,-0.0010096314963457679,0.22163495424002191,0.0007694050334358919,-0.0007159568527056714,-0.0014853618861415633,0.1054131365503748,0.10071557759925949,0.9128592564718104,0.4642095815276514,0.48123541831965594
24.2696,-14.6054,T2M,2922,8.0,-11.788717102708526,9.944063263246945e-22,0.15712163491500375,2.0538828856526653e-15,-0.344765890942277,0.3451588181610768,0.6899247091033538,2.455707438589733,2.462571917882868,1.0055984466072054,0.8364873138579465,0.8352055148150718
24.2696,-14.6054,DTR,2922,8.0,-14.955533084963635,1.2617536966646962e-27,0.05191594588621356,0.010606964070736372,-0.16906670088980155,0.16852399041752217,0.3375906913073237,2.485372433313391,2.5756420705250505,1.0739599016430204,0.5541865724978197,0.5838720303319049
24.2696,-14.6054,RH2M,2922,8.0,-11.20870445536528,2.1523184093677127e-20,-0.31967148041310917,0.0048807184059406605,0.9071297056810407,-0.9046088295687881,-1.8117385352498288,13.823061911142151,14.473361293265981,1.0963022374034581,0.8033815946522547,0.7873568857750031
24.2696,-14.6054,WS10M,2922,8.0,-19.19697795462209,0.0,0.007026460740660413,0.5123227138489559,-0.01617143509012093,0.016504814054300734,0.03267624914442166,1.309479738968073,1.3660880721327147,1.0883280745435224,0.6110100423954957,0.6089728025926394
24.2696,-14.6054,PRECT,2922,8.0,-19.859007333611654,0.0,-0.0057311939585659695,0.06390894738412062,0.010149414304228326,-0.010229155032779795,-0.020378569337008122,0.3458060331603348,0.4223145119056372,1.49144374995626,0.4691218821553676,0.44851097560772246
24.2696,-14.6054,PS,2922,8.0,-14.707760431895839,2.87938747902259e-27,-0.01843247629473733,5.562418557695527e-26,0.03211519507186865,-0.032053182751539885,-0.06416837782340853,0.22151187240987363,0.21426998595659372,0.9356828426544479,0.8048391413013131,0.7942926903093281
24.2696,-14.6054,CLOUD_AMT,2922,8.0,-21.635096395680005,0.0,-0.3581676434276877,0.04677244058331867,0.9438672940908054,-0.9454071754506047,-1.88927446954141,22.883278583398667,22.03909993918138,0.9275796517795318,0.5333050929544662,0.530394274120383
24.2696,-15.1054,kc,2922,8.0,-14.458926555709848,6.898897213081632e-27,0.0015167962286512726,0.10379897822225287,-0.0029069738291627755,0.0029520247191591855,0.005858998548321961,0.12077963589666363,0.11172560981979736,0.8556931108375987,0.44721631750150637,0.4570480009428474
24.2696,-15.1054,T2M,2922,8.0,-11.817032304836859,8.589438882709539e-22,0.05817052024441554,4.742619215228128e-05,-0.13787047684234535,0.1384197353410906,0.27629021218343597,1.8049343438957872,1.7578133174614115,0.9484680011520422,0.8250003564515803,0.8168917913396666
24.2696,-15.1054,DTR,2922,8.0,-21.067456584102054,0.0,0.02537419992286326,0.15801240744749143,-0.13252786903947072,0.1325508441706594,0.2650787132101301,2.2069000815491018,2.2710227721007454,1.0589553202176973,0.5899326978507687,0.609158985375986
24.2696,-15.1054,RH2M,2922,8.0,-12.075310979547481,2.2974567150351526e-22,0.01915535870288453,0.8451624836507662,0.2359278576317593,-0.2364951403148524,-0.4724229979466117,11.919207088029143,12.546727017422848,1.1080673729105843,0.7764916794959563,0.7740468642254854
24.2696,-15.1054,WS10M,2922,8.0,-19.186421969096205,0.0,-0.008466789324957369,0.4568081035024502,-0.0009764772986538911,0.0012548710928587845,0.0022313483915126758,1.3976952914067815,1.4417378549380726,1.0640146290301746,0.6532784681706045,0.661580322829244
24.2696,-15.1054,PRECT,2922,8.0,-18.072204307220517,2.602070241133802e-30,-0.0027976562346387905,0.3821596948703943,0.005564488821560576,-0.0056839664138147415,-0.011248455235375317,0.341416543122851,0.45005699530775484,1.7376644303685709,0.43197336171026457,0.5261346038197663
24.2696,-15.1054,PS,2922,8.0,-18.179735472224316,2.43478236967499e-30,-0.018470859910825407,4.183959737318033e-25,0.03287693360711839,-0.03283148528405194,-0.06570841889117032,0.2265551910647153,0.21800418210111172,0.9259373754832444,0.8090091574618155,0.7985595852199655
24.2696,-15.1054,CLOUD_AMT,2922,8.0,-20.121232705649103,0.0,-1.1353042825889603,2.094645197973709e-08,1.7017109970339945,-1.7039700433493044,-3.405681040383299,25.31321794878445,25.267205505609287,0.9963678561684571,0.5655848464575047,0.6062126647668448
24.7696,-12.1054,kc,2922,8.0,-32.22291286104252,0.0,0.0005308957487706975,0.571828117480455,-0.001439833996151338,0.0015069683263707878,0.002946802322522126,0.12371111973996025,0.1102402773208697,0.7940779167826412,0.5002493649933131,0.4442951058728353
24.7696,-12.1054,T2M,2922,8.0,-15.927896812535744,7.78949350849562e-29,0.2330618553368478,7.598682809555561e-25,-0.5418432352270135,0.5420855806525211,1.0839288158795346,2.8348710063476745,2.7630262854969008,0.9499558654347287,0.8581725164745247,0.8387742890892347
24.7696,-12.1054,DTR,2922,8.0,-18.026617576298133,2.6845970923877256e-30,0.05386845852868845,0.0072032988841165295,-0.1735881587953457,0.17239404517453796,0.34598220396988366,2.5862132031802942,2.4042724236539903,0.8642486331385962,0.5383608083121111,0.5418737532056903
24.7696,-12.1054,RH2M,2922,8.0,-9.926582678115286,2.8961868582599016e-17,-0.80973073639598,6.014049493016679e-14,2.1205523043577457,-2.113588694957792,-4.234140999315537,13.692442506732053,13.011564164310439,0.9030195721040141,0.8176445112983114,0.772832770934798
24.7696,-12.1054,WS10M,2922,8.0,-15.468382182787751,2.6496238117197077e-28,0.01353300969315946,0.258824011095635,-0.020122769792379647,0.020137326032397918,0.04026009582477756,1.5021325672265429,1.4888958269456305,0.9824537198387975,0.5817170115885335,0.5347744045572015
24.7696,-12.1054,PRECT,2922,8.0,-25.891543927683134,0.0,-0.0063616613876441444,0.04201509615325572,0.020664088770731396,-0.020742141157619548,-0.04140622992835094,0.4372182175403751,0.33618462482798794,0.591233720981285,0.4361193106905037,0.26406320375817005
24.7696,-12.1054,PS,2922,8.0,-13.573000490394753,2.196531089866321e-25,-0.018119458138319784,2.5890256774271408e-23,0.02997960301163612,-0.02990403832991085,-0.05988364134154697,0.23188704625292172,0.22253627830372305,0.9209767445415704,0.8015260945055585,0.7900640412978703
24.7696,-12.1054,CLOUD_AMT,2922,8.0,-16.40254919398989,2.629737371284302e-29,-0.561031275404561,0.006029243220710571,1.3197355350216742,-1.3247682295231578,-2.644503764544832,25.947173133304634,24.99302029528824,0.9278064435682016,0.5454126341894843,0.5447011154336368
24.7696,-12.6054,kc,2922,8.0,-32.22291286104252,0.0,0.0005308957487706975,0.571828117480455,-0.001439833996151338,0.0015069683263707878,0.002946802322522126,0.12371111973996025,0.1102402773208697,0.7940779167826412,0.5002493649933131,0.4442951058728353
24.7696,-12.6054,T2M,2922,8.0,-16.625338265895113,1.6840941151098843e-29,0.2064294157131056,4.868237552435799e-20,-0.49098965320556703,0.4912143166780743,0.9822039698836413,2.799322860565362,2.775200093191989,0.9828395427694436,0.852005781060382,0.8355041990966646
24.7696,-12.6054,DTR,2922,8.0,-18.02120014890401,2.6949021679330326e-30,0.05683746925392972,0.00520784694611472,-0.18066070043349286,0.17954463837554197,0.3602053388090348,2.598056732303069,2.4679049093400574,0.9023179215283136,0.5341437351599326,0.5521211438792122
24.7696,-12.6054,RH2M,2922,8.0,-10.468319892653124,1.3040459732090472e-18,-0.6515021835112168,3.303916932010945e-09,1.79873430298882,-1.792867339721652,-3.591601642710472,13.748713800858,13.58289387966381,0.9760239442695174,0.8046181683381851,0.7693084390031281
24.7696,-12.6054,WS10M,2922,8.0,-20.022535743635604,0.0,0.01118015894200138,0.3275798967687906,-0.018974309833447393,0.01897230207620353,0.03794661190965092,1.4241623255213287,1.4258442686203403,1.0023634051549017,0.5852195240521377,0.5513775449768307
24.7696,-12.6054,PRECT,2922,8.0,-24.789761945579727,0.0,-0.003946724815598089,0.155647887157814,0.015014312603744579,-0.015083609952884774,-0.030097922556629353,0.37868972112811744,0.31118642120345547,0.6752650026299991,0.4164710592361284,0.2625333777498922
24.7696,-12.6054,PS,2922,8.0,-14.374520579906736,9.37304157704294e-27,-0.01800624332183235,4.088612091541408e-24,0.03015565822495984,-0.03007705909194641,-0.06023271731690625,0.22581162345150313,0.21757267420981208,0.9283593446954952,0.8021276307037005,0.7906573929904981
24.7696,-12.6054,CLOUD_AMT,2922,8.0,-16.40254919398989,2.629737371284302e-29,-0.561031275404561,0.006029243220710571,1.3197355350216742,-1.3247682295231578,-2.644503764544832,25.947173133304634,24.99302029528824,0.9278064435682016,0.5454126341894843,0.5447011154336368
24.7696,-13.1054,kc,2922,8.0,-16.41851634727897,2.5435773408721987e-29,-0.00025366681861487765,0.774348231427713,0.0006560173451409285,-0.0006008472380711504,-0.0012568645832120788,0.11340041536501912,0.10733076722213489,0.8958167466159294,0.4928928163434288,0.44313385883144374
24.7696,-13.1054,T2M,2922,8.0,-11.47775415422751,5.0818103260856294e-21,0.2429153851045955,4.497870091436891e-29,-0.5447748231804702,0.5450403718913985,1.0898151950718686,2.7030869222289606,2.6623919340668376,0.9701166424230868,0.8549733132353946,0.8386992569139144
24.7696,-13.1054,DTR,2922,8.0,-17.872511090821543,3.0238092164104e-30,0.08111186609453201,7.32056517550668e-05,-0.2337824435318275,0.23287053388090362,0.46665297741273115,2.5721865837939397,2.517594112822415,0.9580021667585548,0.552719916702096,0.5687614439596869
24.7696,-13.1054,RH2M,2922,8.0,-10.29378356719305,3.514156931465005e-18,-0.8710427085916127,5.221856643001918e-15,2.1571716974674877,-2.1525271389459273,-4.309698836413415,13.84755367188044,13.756645627906202,0.9869132636380101,0.8110807822496459,0.7739278862465592
24.7696,-13.1054,WS10M,2922,8.0,-19.77026165213976,0.0,0.026928537412906385,0.012843041496429886,-0.04416890257814282,0.044147319187770935,0.08831622176591375,1.3321365694858476,1.3686381594310852,1.0555523764338621,0.58855548339926,0.576273902165701
24.7696,-13.1054,PRECT,2922,8.0,-22.95566371284495,0.0,-0.006745350252359795,0.028797931845803752,0.01923340914900879,-0.019317469367338806,-0.0385508785163476,0.43121513964288566,0.33166558522905004,0.5915790961531361,0.46829322760932424,0.2737739406259897
24.7696,-13.1054,PS,2922,8.0,-14.382344223419212,9.108589456335198e-27,-0.018992770098393282,7.366098020559938e-26,0.0324111453342453,-0.032332181154461126,-0.06474332648870643,0.22912138098409526,0.22123172199809077,0.9323169135358897,0.805589814959185,0.7922463288749201
24.7696,-13.1054,CLOUD_AMT,2922,8.0,-16.456453753240027,2.3520088274364737e-29,-0.5396378209253763,0.007332326389174058,1.234407346566279,-1.2345043577458361,-2.468911704312115,25.45775049949052,24.73350200938507,0.9439112733849939,0.5449639721743171,0.5378199938235699
24.7696,-13.6054,kc,2922,8.0,-16.41851634727897,2.5435773408721987e-29,-0.00025366681861487765,0.774348231427713,0.0006560173451409285,-0.0006008472380711504,-0.0012568645832120788,0.11340041536501912,0.10733076722213489,0.8958167466159294,0.4928928163434288,0.44313385883144374
24.7696,-13.6054,T2M,2922,8.0,-11.689332126589004,1.6673249126131659e-21,0.19386786003368672,5.271659839222566e-22,-0.418203593429158,0.41849729637234784,0.8367008898015058,2.5036075800216797,2.4841410456565614,0.9845096695373072,0.8457332824544183,0.8375969505900156
24.7696,-13.6054,DTR,2922,8.0,-15.288109694407227,4.481806905804604e-28,0.0724763518344809,0.0005025826877162653,-0.2104776522929501,0.2097482203969885,0.4202258726899386,2.5804942555802737,2.6063423543001254,1.0201337827425632,0.5752258724760935,0.5994280914668891
24.7696,-13.6054,RH2M,2922,8.0,-10.889284446875964,1.2369165040731908e-19,-0.6095580834714305,3.5215530576958515e-08,1.4881320556696322,-1.485037006616473,-2.9731690622861056,13.44946265057031,14.047862149847125,1.090964471081745,0.8068589364595684,0.7801670513027122
24.7696,-13.6054,WS10M,2922,8.0,-19.528702136568494,0.0,0.025639400553965113,0.015118296572013303,-0.044353274013232934,0.044339402235911464,0.0886926762491444,1.2919516383142058,1.3411416069003863,1.0775979539409388,0.6020373563341361,0.6010339564007048
24.7696,-13.6054,PRECT,2922,8.0,-19.47494035443822,0.0,-0.00827788950221143,0.0036949119509713632,0.01762648608276569,-0.017695923926631798,-0.03532241000939749,0.3589812902363875,0.3522329359102668,0.9627561401116008,0.5349744130079587,0.47593595151737655
24.7696,-13.6054,PS,2922,8.0,-14.479684377014875,6.4030006365481866e-27,-0.018603917296189303,1.0521907214287418e-24,0.031582762947752384,-0.03151100844170685,-0.06309377138945924,0.23027462450711866,0.2218145441341282,0.9278715789059547,0.8089675858397871,0.7939760935823498
24.7696,-13.6054,CLOUD_AMT,2922,8.0,-16.456453753240027,2.3520088274364737e-29,-0.5396378209253763,0.007332326389174058,1.234407346566279,-1.2345043577458361,-2.468911704312115,25.45775049949052,24.73350200938507,0.9439112733849939,0.5449639721743171,0.5378199938235699
24.7696,-14.1054,kc,2922,8.0,-21.74608730336273,0.0,-0.0010096314963457679,0.22163495424002191,0.0007694050334358919,-0.0007159568527056714,-0.0014853618861415633,0.1054131365503748,0.10071557759925949,0.9128592564718104,0.4642095815276514,0.48123541831965594
24.7696,-14.1054,T2M,2922,8.0,-11.792374785322533,9.757521529815151e-22,0.1132543092518543,7.193762133942588e-11,-0.248793132557609,0.2492150809947524,0.49800821355236136,2.1632595241517745,2.1612452031855622,0.998138565322021,0.8344788816008526,0.8314027853381816
24.7696,-14.1054,DTR,2922,8.0,-20.957926282429195,0.0,0.04474691537901427,0.02935018795569741,-0.16288998402920385,0.16257887291809273,0.32546885694729655,2.4958342211660933,2.6199386368746764,1.1019217841245856,0.597351437350633,0.6196322802854258
24.7696,-14.1054,RH2M,2922,8.0,-11.30846715483176,1.2561078908210437e-20,-0.1739223971587065,0.09744929152688396,0.5599615560118637,-0.5590322838238656,-1.1189938398357293,12.582535635927279,13.570463038173274,1.1631962538366154,0.7952397061391112,0.7882695374769669
24.7696,-14.1054,WS10M,2922,8.0,-19.09806106163317,0.0,0.016051714711604468,0.1422838169004561,-0.04223640200775725,0.04227420716404285,0.0845106091718001,1.34444192422626,1.3845333977734684,1.0605295623347217,0.6350695397929068,0.6409595628759388
24.7696,-14.1054,PRECT,2922,8.0,-19.92446434330349,0.0,-0.007354686627772615,0.021451793168267105,0.0168335408187401,-0.01693329559313623,-0.03376683641187633,0.35429003377107493,0.43890942033005387,1.5347298248485106,0.4545823640816231,0.4974241311184569
24.7696,-14.1054,PS,2922,8.0,-14.605702766802036,4.098174204737443e-27,-0.018533971560126573,2.86982425348679e-24,0.031846805840748366,-0.03178769107916968,-0.06363449691991804,0.23155580949181787,0.2230434724035121,0.9278284228770924,0.8115464201325311,0.7968993814535978
24.7696,-14.1054,CLOUD_AMT,2922,8.0,-21.635096395680005,0.0,-0.3581676434276877,0.04677244058331867,0.9438672940908054,-0.9454071754506047,-1.88927446954141,22.883278583398667,22.03909993918138,0.9275796517795318,0.5333050929544662,0.530394274120383
24.7696,-14.6054,kc,2922,8.0,-21.74608730336273,0.0,-0.0010096314963457679,0.22163495424002191,0.0007694050334358919,-0.0007159568527056714,-0.0014853618861415633,0.1054131365503748,0.10071557759925949,0.9128592564718104,0.4642095815276514,0.48123541831965594
24.7696,-14.6054,T2M,2922,8.0,-11.792374785322533,9.757521529815151e-22,0.1132543092518543,7.193762133942588e-11,-0.248793132557609,0.2492150809947524,0.49800821355236136,2.1632595241517745,2.1612452031855622,0.998138565322021,0.8344788816008526,0.8314027853381816
24.7696,-14.6054,DTR,2922,8.0,-20.957926282429195,0.0,0.04474691537901427,0.02935018795569741,-0.16288998402920385,0.16257887291809273,0.32546885694729655,2.4958342211660933,2.6199386368746764,1.1019217841245856,0.597351437350633,0.6196322802854258
24.7696,-14.6054,RH2M,2922,8.0,-11.30846715483176,1.2561078908210437e-20,-0.1739223971587065,0.09744929152688396,0.5599615560118637,-0.5590322838238656,-1.1189938398357293,12.582535635927279,13.570463038173274,1.1631962538366154,0.7952397061391112,0.7882695374769669
24.7696,-14.6054,WS10M,2922,8.0,-19.09806106163317,0.0,0.016051714711604468,0.1422838169004561,-0.04223640200775725,0.04227420716404285,0.0845106091718001,1.34444192422626,1.3845333977734684,1.0605295623347217,0.6350695397929068,0.6409595628759388
24.7696,-14.6054,PRECT,2922,8.0,-19.92446434330349,0.0,-0.007354686627772615,0.021451793168267105,0.0168335408187401,-0.01693329559313623,-0.03376683641187633,0.35429003377107493,0.43890942033005387,1.5347298248485106,0.4545823640816231,0.4974241311184569
24.7696,-14.6054,PS,2922,8.0,-14.605702766802036,4.098174204737443e-27,-0.018533971560126573,2.86982425348679e-24,0.031846805840748366,-0.03178769107916968,-0.06363449691991804,0.23155580949181787,0.2230434724035121,0.9278284228770924,0.8115464201325311,0.7968993814535978
24.7696,-14.6054,CLOUD_AMT,2922,8.0,-21.635096395680005,0.0,-0.3581676434276877,0.04677244058331867,0.9438672940908054,-0.9454071754506047,-1.88927446954141,22.883278583398667,22.03909993918138,0.9275796517795318,0.5333050929544662,0.530394274120383
25.2696,-12.1054,kc,2922,8.0,-32.62366614859123,0.0,-0.0005272714857680657,0.5513416769897006,0.00014927536116741378,-0.00011084199446156228,-0.00026011735562897606,0.11451890350223717,0.10620968234245658,0.860149334584187,0.4843778428230204,0.4441406317508871
25.2696,-12.1054,T2M,2922,8.0,-12.47792672065142,3.138013194130047e-23,0.20944102060146297,3.8044362695691093e-19,-0.4921644307551905,0.4923051106548026,0.9844695414099931,2.9249343257952902,2.8770348544619027,0.9675156710849001,0.8580996465258025,0.829123907374681
25.2696,-12.1054,DTR,2922,8.0,-18.44809903291869,2.1559118939767476e-30,0.0556621345798583,0.007665229007050778,-0.18921469313255762,0.18793794204882505,0.37715263518138264,2.6661434418305876,2.531243672012186,0.9013654082488142,0.5348395424688552,0.5380436566242701
25.2696,-12.1054,RH2M,2922,8.0,-10.497783438854492,1.1039795648087604e-18,-0.6919135085709522,1.2175053493343926e-09,1.9057993155373036,-1.8990329911019848,-3.8048323066392884,14.206815216022058,14.038081194900345,0.9763871080877533,0.8160171115364107,0.7705811736063096
25.2696,-12.1054,WS10M,2922,8.0,-20.519394224288938,0.0,0.017208746682364183,0.1605434120468655,-0.02847478895733519,0.028424595026237745,0.056899383983572936,1.5385578355447138,1.5219302727626571,0.9785023177230021,0.6051868137877078,0.5573681465946
25.2696,-12.1054,PRECT,2922,8.0,-17.319120148204618,5.4951780166580706e-30,-0.009486729259729687,0.00042698690275811866,0.027404588784710793,-0.02746006553818407,-0.05486465432289486,0.3865413970997975,0.27458230965930513,0.5046067823798932,0.44758285728825287,0.2859978343822144
25.2696,-12.1054,PS,2922,8.0,-14.31424044777763,1.1702429284867131e-26,-0.017115097147685263,1.2318786519506333e-20,0.027376522929500314,-0.027298357289527626,-0.054674880219027944,0.23483120017267736,0.2237961095431025,0.9082250364147513,0.8036123602723491,0.7891327628967207
25.2696,-12.1054,CLOUD_AMT,2922,8.0,-17.017020146918718,8.510271077898243e-30,-0.39842638007852593,0.042688210211784414,0.8908233401779606,-0.8912368925393561,-1.7820602327173167,25.052956532579152,23.980712564040125,0.9162335647484807,0.5364674567030745,0.5318216460875261
25.2696,-12.6054,kc,2922,8.0,-32.62366614859123,0.0,-0.0005272714857680657,0.5513416769897006,0.00014927536116741378,-0.00011084199446156228,-0.00026011735562897606,0.11451890350223717,0.10620968234245658,0.860149334584187,0.4843778428230204,0.4441406317508871
25.2696,-12.6054,T2M,2922,8.0,-12.661332224863473,1.302975794162395e-23,0.2027809202018768,3.714510776227029e-19,-0.471108783937942,0.47125261236595944,0.9423613963039015,2.817325939146291,2.80044900437716,0.988055066924247,0.8549712484083458,0.8281330979291908
25.2696,-12.6054,DTR,2922,8.0,-18.32984824744261,2.2569853482916887e-30,0.06153650122632913,0.0030418443988057845,-0.19468794204882506,0.1934982318047,0.38818617385352505,2.6125276925532868,2.558749029312733,0.9592539066605047,0.5384420422566465,0.5569662801779721
25.2696,-12.6054,RH2M,2922,8.0,-10.900864602559661,1.1602191721539576e-19,-0.6410039282237009,2.399340596842197e-08,1.7205318731462471,-1.7149848961898237,-3.435516769336071,14.070118784264967,14.464248542673731,1.0568083201276262,0.802663751851682,0.7679897875537898
25.2696,-12.6054,WS10M,2922,8.0,-20.037566304602663,0.0,0.021632763466928114,0.05562754849982042,-0.041231838923112,0.041054266484143294,0.0822861054072553,1.4106256968570516,1.4098231315049583,0.9988624380698772,0.6002154225783467,0.565294700759602
25.2696,-12.6054,PRECT,2922,8.0,-26.06498154718136,0.0,-0.007607462009072937,0.0038249516791050912,0.021771392390462496,-0.021820315179250552,-0.04359170756971305,0.36991822915481853,0.279228773176879,0.5697821893551172,0.45267871394893233,0.2798385965375453
25.2696,-12.6054,PS,2922,8.0,-14.332356277690472,1.0944346181648938e-26,-0.017580738556886785,4.596070104524375e-22,0.028622610084417213,-0.02854371435090073,-0.05716632443531794,0.23184368006713732,0.22245305308002575,0.9206323209879578,0.8046074543352145,0.7888275373510738
25.2696,-12.6054,CLOUD_AMT,2922,8.0,-17.017020146918718,8.510271077898243e-30,-0.39842638007852593,0.042688210211784414,0.8908233401779606,-0.8912368925393561,-1.7820602327173167,25.052956532579152,23.980712564040125,0.9162335647484807,0.5364674567030745,0.5318216460875261
25.2696,-13.1054,kc,2922,8.0,-32.25479511335143,0.0,-0.000612356051810389,0.468287449289955,0.00033532664839920666,-0.00030952954249682465,-0.0006448561908960313,0.10806426772616762,0.10258480113817266,0.9011598042087592,0.48275239003994597,0.4653756633044142
25.2696,-13.1054,T2M,2922,8.0,-11.79877903860649,9.439429009360681e-22,0.21565273785696398,1.5327651662570972e-24,-0.4924027036276522,0.4927170773442849,0.9851197809719371,2.6296496705280816,2.5887391242409414,0.9691272068615915,0.8528719215994112,0.8324136752250938
25.2696,-13.1054,DTR,2922,8.0,-19.61569427384479,0.0,0.07559892864709801,0.0002362049087647313,-0.22568097193702946,0.22494873374401092,0.4506297056810404,2.5684799199588495,2.548984064594834,0.9848767636494352,0.5625391598610666,0.5796497229357963
25.2696,-13.1054,RH2M,2922,8.0,-10.945275500219108,9.080376446686919e-20,-0.7478129733571341,2.0433154968400892e-11,1.9293682067077345,-1.9259500684462696,-3.855318275154004,13.613963108411106,14.065262915363572,1.067398456527745,0.8051055698371552,0.7673102883476429
25.2696,-13.1054,WS10M,2922,8.0,-19.68717760981861,0.0,0.03353279799458498,0.001998342231332055,-0.06766565138033309,0.06742675108373261,0.1350924024640657,1.340760496176047,1.3658381239903699,1.0377579057088715,0.6079076999754314,0.5970830890093496
25.2696,-13.1054,PRECT,2922,8.0,-17.257617200352136,5.9690360876694155e-30,-0.01099913639761334,4.408373642274057e-05,0.029554648102290165,-0.02961919670127462,-0.05917384480356479,0.38776599189793215,0.27259627010765886,0.49419731671234374,0.4727982136215041,0.325604054372077
25.2696,-13.1054,PS,2922,8.0,-14.38025632306329,9.178386368135544e-27,-0.01858427149279293,9.617552428167988e-24,0.031040406114532897,-0.030965069587041216,-0.06200547570157411,0.23548531921300644,0.22596385282937154,0.9207681064700003,0.8086173862504137,0.7922046342782969
25.2696,-13.1054,CLOUD_AMT,2922,8.0,-24.344409920656947,0.0,-0.37205297078981314,0.057420607215837915,0.8251554186630164,-0.8213743554642938,-1.6465297741273104,24.868677515760396,23.97725310207229,0.9295943469797768,0.536586827575062,0.5305547023474176
25.2696,-13.6054,kc,2922,8.0,-32.25479511335143,0.0,-0.000612356051810389,0.468287449289955,0.00033532664839920666,-0.00030952954249682465,-0.0006448561908960313,0.10806426772616762,0.10258480113817266,0.9011598042087592,0.48275239003994597,0.4653756633044142
25.2696,-13.6054,T2M,2922,8.0,-12.563888560923088,2.0737935420626203e-23,0.16712983230544842,8.821006228019595e-19,-0.3904640771161306,0.39090484827743555,0.7813689253935662,2.3617606807644878,2.318336974354695,0.9635657336629665,0.841925902327599,0.8271802062725794
25.2696,-13.6054,DTR,2922,8.0,-21.531213889849177,0.0,0.06077147762559819,0.0047751430784438295,-0.2080841889117043,0.20778165639972634,0.41586584531143067,2.653384225119685,2.7085860722437025,1.042041454053516,0.5979780284692974,0.617700866924054
25.2696,-13.6054,RH2M,2922,8.0,-13.02370044963026,2.4241078454942662e-24,-0.48138975370700887,5.4981743861907994e-06,1.374183082363678,-1.3729147958019619,-2.74709787816564,12.776240986730791,13.550316263168048,1.124844977784491,0.7977467949590576,0.7619966961784234
25.2696,-13.6054,WS10M,2922,8.0,-19.48652540848221,0.0,0.03222292404512816,0.002651880955952845,-0.0735051448779375,0.0732436573123431,0.14674880219028058,1.3175664806737801,1.3559140849989815,1.0590568384390884,0.6223868854817598,0.6234746133365106
25.2696,-13.6054,PRECT,2922,8.0,-22.28735876456979,0.0,-0.010305652535626,7.382699468268296e-05,0.029042848069163754,-0.02912835241157679,-0.058171200480740544,0.3428919885528536,0.30302990872527935,0.7810094946402477,0.5192150455852301,0.4545457034217923
25.2696,-13.6054,PS,2922,8.0,-14.449832879553814,7.128759269486015e-27,-0.018601282629836284,4.48699678841703e-23,0.03132018024184436,-0.03125339949806003,-0.06257357973990439,0.23947823439877491,0.22946511481294604,0.9181237980230395,0.8127071941290834,0.794576919169417
25.2696,-13.6054,CLOUD_AMT,2922,8.0,-24.344409920656947,0.0,-0.37205297078981314,0.057420607215837915,0.8251554186630164,-0.8213743554642938,-1.6465297741273104,24.868677515760396,23.97725310207229,0.9295943469797768,0.536586827575062,0.5305547023474176
25.2696,-14.1054,kc,2922,8.0,-32.66295046422207,0.0,5.194666394382152e-05,0.9503197031554287,-0.001505623012980315,0.0015250693489690615,0.0030306923619493765,0.10637644655597336,0.10162040995872482,0.912579959866115,0.45028546166601513,0.4802737636385103
25.2696,-14.1054,T2M,2922,8.0,-11.799927554200929,9.38350823821556e-22,0.08401603527396019,1.6399666991522988e-08,-0.19504504905315992,0.19554358886607348,0.3905886379192334,1.8931112228401494,1.8090624734539984,0.9131768004073532,0.8319357965808273,0.8197128233051894
25.2696,-14.1054,DTR,2922,8.0,-21.48570914469646,0.0,0.03624744570883185,0.07276956516602184,-0.161743543235227,0.16188410905772302,0.32362765229295,2.465272017459604,2.56635454075505,1.0836863801621486,0.6303163872337773,0.6395963983342481
25.2696,-14.1054,RH2M,2922,8.0,-13.576991948506876,2.1600205309821183e-25,-0.07093424718405762,0.4456990458559697,0.44264790098106316,-0.44336168149669175,-0.886009582477755,11.21917699132704,11.966487876475696,1.1376571784052962,0.7748145426996733,0.7617795636701172
25.2696,-14.1054,WS10M,2922,8.0,-19.405926190264204,0.0,0.021590597093047705,0.05698378788972777,-0.06471960985626284,0.06447956878850102,0.12919917864476385,1.4079827360982327,1.4207241582477248,1.0181807248612034,0.6466705858995203,0.6573875224512838
25.2696,-14.1054,PRECT,2922,8.0,-22.6378096616248,0.0,-0.009638271868889334,0.0006270321728447643,0.027678304590128107,-0.027797051671802058,-0.05547535626193016,0.33166995539362215,0.3692388441699769,1.2393743418310248,0.45113547857735187,0.4696595114590413
25.2696,-14.1054,PS,2922,8.0,-14.504369108904722,5.861824998557731e-27,-0.018336982376488998,3.723196714366276e-22,0.030901745379876958,-0.030843634496919656,-0.06174537987679661,0.24145080525693946,0.23104683708143095,0.9156779134540438,0.8156259426963501,0.7981299105775528
25.2696,-14.1054,CLOUD_AMT,2922,8.0,-24.509047531617618,0.0,-0.5525889415106412,0.0003460985723420431,1.0600555669632674,-1.0576925507643167,-2.117748117727584,19.52434501726484,18.99805676677349,0.9468156220671254,0.47787910409495377,0.5122435021424095
25.2696,-14.6054,kc,2922,8.0,-32.66295046422207,0.0,5.194666394382152e-05,0.9503197031554287,-0.001505623012980315,0.0015250693489690615,0.0030306923619493765,0.10637644655597336,0.10162040995872482,0.912579959866115,0.45028546166601513,0.4802737636385103
25.2696,-14.6054,T2M,2922,8.0,-11.799927554200929,9.38350823821556e-22,0.08401603527396019,1.6399666991522988e-08,-0.19504504905315992,0.19554358886607348,0.3905886379192334,1.8931112228401494,1.8090624734539984,0.9131768004073532,0.8319357965808273,0.8197128233051894
25.2696,-14.6054,DTR,2922,8.0,-21.48570914469646,0.0,0.03624744570883185,0.07276956516602184,-0.161743543235227,0.16188410905772302,0.32362765229295,2.465272017459604,2.56635454075505,1.0836863801621486,0.6303163872337773,0.6395963983342481
25.2696,-14.6054,RH2M,2922,8.0,-13.576991948506876,2.1600205309821183e-25,-0.07093424718405762,0.4456990458559697,0.44264790098106316,-0.44336168149669175,-0.886009582477755,11.21917699132704,11.966487876475696,1.1376571784052962,0.7748145426996733,0.7617795636701172
25.2696,-14.6054,WS10M,2922,8.0,-19.405926190264204,0.0,0.021590597093047705,0.05698378788972777,-0.06471960985626284,0.06447956878850102,0.12919917864476385,1.4079827360982327,1.4207241582477248,1.0181807248612034,0.6466705858995203,0.6573875224512838
25.2696,-14.6054,PRECT,2922,8.0,-22.6378096616248,0.0,-0.009638271868889334,0.0006270321728447643,0.027678304590128107,-0.027797051671802058,-0.05547535626193016,0.33166995539362215,0.3692388441699769,1.2393743418310248,0.45113547857735187,0.4696595114590413
25.2696,-14.6054,PS,2922,8.0,-14.504369108904722,5.861824998557731e-27,-0.018336982376488998,3.723196714366276e-22,0.030901745379876958,-0.030843634496919656,-0.06174537987679661,0.24145080525693946,0.23104683708143095,0.9156779134540438,0.8156259426963501,0.7981299105775528
25.2696,-14.6054,CLOUD_AMT,2922,8.0,-24.509047531617618,0.0,-0.5525889415106412,0.0003460985723420431,1.0600555669632674,-1.0576925507643167,-2.117748117727584,19.52434501726484,18.99805676677349,0.9468156220671254,0.47787910409495377,0.5122435021424095
25.7696,-12.1054,kc,2922,8.0,-32.62366614859123,0.0,-0.0005272714857680657,0.5513416769897006,0.00014927536116741378,-0.00011084199446156228,-0.00026011735562897606,0.11451890350223717,0.10620968234245658,0.860149334584187,0.4843778428230204,0.4441406317508871
25.7696,-12.1054,T2M,2922,8.0,-12.510441158609364,2.6817114080525966e-23,0.19889633861605707,1.3622422081144061e-17,-0.460766153319644,0.4608834017796031,0.9216495550992471,2.907250661305121,2.86942144582068,0.9741452646969282,0.8601658286040426,0.82433681053334
25.7696,-12.1054,DTR,2922,8.0,-16.13308622703712,4.762479242420098e-29,0.04937767939243502,0.024857523445530258,-0.18694356605065024,0.18560947980835046,0.37255304585900073,2.770236242154217,2.7116345448779318,0.9581394070479167,0.5586294353208836,0.5568202642953688
25.7696,-12.1054,RH2M,2922,8.0,-10.516788928488168,9.91650052820751e-19,-0.6739674113615435,1.0406272281235464e-08,1.7885239676020988,-1.7823521446497832,-3.5708761122518817,14.26853286784669,14.973257565482891,1.1012196455862635,0.8138180992120905,0.7783731160219081
25.7696,-12.1054,WS10M,2922,8.0,-26.290941451504594,0.0,0.023767990718759718,0.04486308005888267,-0.03903899155829342,0.038859707962582715,0.07789869952087614,1.487008710446845,1.4699875192253584,0.9772378282195247,0.6142574085434723,0.567252310234269
25.7696,-12.1054,PRECT,2922,8.0,-17.194426291057617,6.520489945150569e-30,-0.010333098505831657,0.00031309241777892024,0.02989098005797364,-0.029948763325496494,-0.05983974338347013,0.39271688286103695,0.31704124503342457,0.6517370128394869,0.4756316375465284,0.347878021586612
25.7696,-12.1054,PS,2922,8.0,-14.25772021272163,1.4443250612360013e-26,-0.016946713624123807,1.9508514930761319e-19,0.0265171571982664,-0.02643972165183626,-0.05295687885010266,0.24080755974992213,0.22840880133666905,0.8996745511141884,0.8069926351043603,0.7885079470940728
25.7696,-12.1054,CLOUD_AMT,2922,8.0,-17.017020146918718,8.510271077898243e-30,-0.39842638007852593,0.042688210211784414,0.8908233401779606,-0.8912368925393561,-1.7820602327173167,25.052956532579152,23.980712564040125,0.9162335647484807,0.5364674567030745,0.5318216460875261
25.7696,-12.6054,kc,2922,8.0,-32.62366614859123,0.0,-0.0005272714857680657,0.5513416769897006,0.00014927536116741378,-0.00011084199446156228,-0.00026011735562897606,0.11451890350223717,0.10620968234245658,0.860149334584187,0.4843778428230204,0.4441406317508871
25.7696,-12.6054,T2M,2922,8.0,-12.638125960646946,1.4547845078184906e-23,0.1837580373720893,3.166796697229013e-17,-0.4221837782340862,0.42240212183436004,0.8445859000684462,2.710198931197697,2.690749016453886,0.9856983760516259,0.8550299861414231,0.8261053977971949
25.7696,-12.6054,DTR,2922,8.0,-15.523520958078494,2.267561295989401e-28,0.05364058682727727,0.010882425856169883,-0.1845452772073922,0.1838120123203286,0.3683572895277208,2.624644603256275,2.6224048224070704,0.9982939974648718,0.5618442088631456,0.5793937852807994
25.7696,-12.6054,RH2M,2922,8.0,-10.87751124775743,1.3201520245897755e-19,-0.5674625442854093,7.583753193466753e-07,1.5046963609399955,-1.5002659936116811,-3.004962354551677,13.760311573410558,14.758671062785329,1.1503711231700846,0.8008249626055255,0.7734692683962853
25.7696,-12.6054,WS10M,2922,8.0,-20.128043290238395,0.0,0.02609252744439238,0.01601073543446986,-0.05176043805612597,0.051415468856947276,0.10317590691307324,1.351835322329325,1.3510138298316388,0.9987849956588019,0.6120440878356991,0.5768368849513056
25.7696,-12.6054,PRECT,2922,8.0,-14.91982888612608,1.417064026926828e-27,-0.008215749087077376,0.0038607278673729365,0.023849438110821648,-0.023872404413669866,-0.04772184252449151,0.38181222318492686,0.3243939935520889,0.7218483253895797,0.4642019479750076,0.3076466030872142
25.7696,-12.6054,PS,2922,8.0,-14.304560058344714,1.2129965445195711e-26,-0.017574881270186804,1.3498337830833012e-20,0.02805997033995014,-0.02798383527264412,-0.05604380561259426,0.24108979559829874,0.23037606018782672,0.9130972529075544,0.8084448739209446,0.7887203369940685
25.7696,-12.6054,CLOUD_AMT,2922,8.0,-17.017020146918718,8.510271077898243e-30,-0.39842638007852593,0.042688210211784414,0.8908233401779606,-0.8912368925393561,-1.7820602327173167,25.052956532579152,23.980712564040125,0.9162335647484807,0.5364674567030745,0.5318216460875261
25.7696,-13.1054,kc,2922,8.0,-32.25479511335143,0.0,-0.000612356051810389,0.468287449289955,0.00033532664839920666,-0.00030952954249682465,-0.0006448561908960313,0.10806426772616762,0.10258480113817266,0.9011598042087592,0.48275239003994597,0.4653756633044142
25.7696,-13.1054,T2M,2922,8.0,-11.93066732451862,4.789843689298932e-22,0.19491642298394155,8.726151201502665e-23,-0.4499608031028976,0.4503198266027834,0.900280629705681,2.4692242849942034,2.4405405396568423,0.9769019419268653,0.8468278884799911,0.8280213829291451
25.7696,-13.1054,DTR,2922,8.0,-19.562510825567824,0.0,0.07277644671526383,0.0006017293117283911,-0.2263974332648871,0.2259434291581108,0.45234086242299787,2.6290946436830085,2.6507447922608076,1.016537473294242,0.5835737272586143,0.6128912100853259
25.7696,-13.1054,RH2M,2922,8.0,-11.388665839138932,8.170033430202545e-21,-0.6362373778751039,4.982222207492356e-09,1.6858887862194847,-1.6833651494410222,-3.369253935660507,13.014964861170775,13.990433606074248,1.1555170281759404,0.7932608562424115,0.7633005911669165
25.7696,-13.1054,WS10M,2922,8.0,-19.801824977698985,0.0,0.034414100331420984,0.0011748622786597232,-0.07726861738535253,0.07688607118412047,0.154154688569473,1.3199605077668888,1.324707116402271,1.0072049778229524,0.6212376133906637,0.608967961555919
25.7696,-13.1054,PRECT,2922,8.0,-14.876702374996631,1.6324333329938834e-27,-0.011376690122240001,4.567154275434223e-05,0.033583887576463856,-0.03365930103901151,-0.06724318861547537,0.3853015524034893,0.30412221012082236,0.623009627910773,0.4957661450057913,0.3802941816690693
25.7696,-13.1054,PS,2922,8.0,-14.335839678464664,1.0804594303711113e-26,-0.01844499344876356,5.422972247995613e-22,0.03015840748345825,-0.030087999087383452,-0.0602464065708417,0.24424134095056385,0.23316656720448867,0.9113689039854794,0.8123768135754036,0.7921757618949473
25.7696,-13.1054,CLOUD_AMT,2922,8.0,-24.344409920656947,0.0,-0.37205297078981314,0.057420607215837915,0.8251554186630164,-0.8213743554642938,-1.6465297741273104,24.868677515760396,23.97725310207229,0.9295943469797768,0.536586827575062,0.5305547023474176
25.7696,-13.6054,kc,2922,8.0,-32.25479511335143,0.0,-0.000612356051810389,0.468287449289955,0.00033532664839920666,-0.00030952954249682465,-0.0006448561908960313,0.10806426772616762,0.10258480113817266,0.9011598042087592,0.48275239003994597,0.4653756633044142
25.7696,-13.6054,T2M,2922,8.0,-11.963406781867167,4.0525152934979724e-22,0.14088368050533126,1.4772878515450443e-16,-0.3390910221309605,0.3395879648642483,0.6786789869952088,2.1475114301320786,2.080195967284266,0.9382909600245674,0.8327959030154561,0.8175454604423285
25.7696,-13.6054,DTR,2922,8.0,-22.090420098277626,0.0,0.0617445619818875,0.0061540998130953485,-0.22888276294775275,0.2288448208989277,0.45772758384668044,2.7652439486096907,2.8441155867261094,1.057858508898321,0.6196078051714764,0.6336473033633835
25.7696,-13.6054,RH2M,2922,8.0,-13.832275856035107,7.553933628418361e-26,-0.32877620245668737,0.0010518759319453647,1.0915783253479354,-1.0912964179785534,-2.182874743326489,12.02807668355207,12.927543501293378,1.1551533428720975,0.7764314173491805,0.749166789791443
25.7696,-13.6054,WS10M,2922,8.0,-19.579141732710326,0.0,0.03561578313305222,0.0011087213181404135,-0.09209705681040382,0.09164695414099931,0.18374401095140314,1.3507635491639352,1.370816602542702,1.0299118293041734,0.6360479720253583,0.6421392474922314
25.7696,-13.6054,PRECT,2922,8.0,-14.320819468908873,1.1420927689781955e-26,-0.01324369550830674,5.8899293681741556e-08,0.041047694920989704,-0.041151575653426475,-0.08219927057441617,0.33930129710527385,0.2611929665652768,0.5925867222349693,0.5323993661514368,0.3716374966487963
25.7696,-13.6054,PS,2922,8.0,-14.358581153915454,9.937143851391919e-27,-0.01844047662689622,4.742289710223144e-21,0.03027207392197044,-0.03020704996577761,-0.06047912388774805,0.25014083433784967,0.23852676724830854,0.9092955302675395,0.8165320370896672,0.7953215390675563
25.7696,-13.6054,CLOUD_AMT,2922,8.0,-24.344409920656947,0.0,-0.37205297078981314,0.057420607215837915,0.8251554186630164,-0.8213743554642938,-1.6465297741273104,24.868677515760396,23.97725310207229,0.9295943469797768,0.536586827575062,0.5305547023474176
25.7696,-14.1054,kc,2922,8.0,-32.66295046422207,0.0,5.194666394382152e-05,0.9503197031554287,-0.001505623012980315,0.0015250693489690615,0.0030306923619493765,0.10637644655597336,0.10162040995872482,0.912579959866115,0.45028546166601513,0.4802737636385103
25.7696,-14.1054,T2M,2922,8.0,-11.16478247798208,2.7314402456237804e-20,0.05925483243721102,1.8516287779035253e-07,-0.13304785535021688,0.1335572096737393,0.2666050650239562,1.4657077408630763,1.3628889176111887,0.8646217517718234,0.8271129937851067,0.8103371918553652
25.7696,-14.1054,DTR,2922,8.0,-24.643674361191337,0.0,0.019660798858479128,0.2598339845302708,-0.11745531599361164,0.1178424252794889,0.23529774127310055,2.1632211936133965,2.1853940393754767,1.0206049023406567,0.6554359306552736,0.6583907704076393
25.7696,-14.1054,RH2M,2922,8.0,-14.412073732140906,8.17318661412486e-27,0.035459383857008614,0.6470536151370073,0.20602258726899386,-0.20774195756331285,-0.41376454483230674,9.276900482951127,10.032073801098235,1.1694337978482185,0.7265923155199848,0.7232205139529349
25.7696,-14.1054,WS10M,2922,8.0,-24.079407406011352,0.0,0.01773812693083448,0.13784523299254872,-0.0641026694045174,0.06350855578370983,0.12761122518822723,1.5017062493886444,1.479346247537485,0.9704422424084019,0.660271239465036,0.6661999086289562
25.7696,-14.1054,PRECT,2922,8.0,-14.222616808451466,1.6478277253044408e-26,-0.013517673282940004,2.8683439681486277e-08,0.04085601413383518,-0.040986452926987785,-0.08184246706082296,0.32788146736940543,0.27368926839472174,0.6967577327361018,0.49696974026433344,0.282822116452079
25.7696,-14.1054,PS,2922,8.0,-14.346103109773198,1.040363734194538e-26,-0.01810259398977507,6.709687071543894e-20,0.02933584302988851,-0.029281542322610064,-0.05861738535249857,0.25348275680628124,0.24114641373505047,0.9050337432002087,0.8202017137152359,0.7989109879334542
25.7696,-14.1054,CLOUD_AMT,2922,8.0,-24.509047531617618,0.0,-0.5525889415106412,0.0003460985723420431,1.0600555669632674,-1.0576925507643167,-2.117748117727584,19.52434501726484,18.99805676677349,0.9468156220671254,0.47787910409495377,0.5122435021424095
25.7696,-14.6054,kc,2922,8.0,-32.66295046422207,0.0,5.194666394382152e-05,0.9503197031554287,-0.001505623012980315,0.0015250693489690615,0.0030306923619493765,0.10637644655597336,0.10162040995872482,0.912579959866115,0.45028546166601513,0.4802737636385103
25.7696,-14.6054,T2M,2922,8.0,-11.16478247798208,2.7314402456237804e-20,0.05925483243721102,1.8516287779035253e-07,-0.13304785535021688,0.1335572096737393,0.2666050650239562,1.4657077408630763,1.3628889176111887,0.8646217517718234,0.8271129937851067,0.8103371918553652
25.7696,-14.6054,DTR,2922,8.0,-24.643674361191337,0.0,0.019660798858479128,0.2598339845302708,-0.11745531599361164,0.1178424252794889,0.23529774127310055,2.1632211936133965,2.1853940393754767,1.0206049023406567,0.6554359306552736,0.6583907704076393
25.7696,-14.6054,RH2M,2922,8.0,-14.412073732140906,8.17318661412486e-27,0.035459383857008614,0.6470536151370073,0.20602258726899386,-0.20774195756331285,-0.41376454483230674,9.276900482951127,10.032073801098235,1.1694337978482185,0.7265923155199848,0.7232205139529349
25.7696,-14.6054,WS10M,2922,8.0,-24.079407406011352,0.0,0.01773812693083448,0.13784523299254872,-0.0641026694045174,0.06350855578370983,0.12761122518822723,1.5017062493886444,1.479346247537485,0.9704422424084019,0.660271239465036,0.6661999086289562
25.7696,-14.6054,PRECT,2922,8.0,-14.222616808451466,1.6478277253044408e-26,-0.013517673282940004,2.8683439681486277e-08,0.04085601413383518,-0.040986452926987785,-0.08184246706082296,0.32788146736940543,0.27368926839472174,0.6967577327361018,0.49696974026433344,0.282822116452079
25.7696,-14.6054,PS,2922,8.0,-14.346103109773198,1.040363734194538e-26,-0.01810259398977507,6.709687071543894e-20,0.02933584302988851,-0.029281542322610064,-0.05861738535249857,0.25348275680628124,0.24114641373505047,0.9050337432002087,0.8202017137152359,0.7989109879334542
25.7696,-14.6054,CLOUD_AMT,2922,8.0,-24.509047531617618,0.0,-0.5525889415106412,0.0003460985723420431,1.0600555669632674,-1.0576925507643167,-2.117748117727584,19.52434501726484,18.99805676677349,0.9468156220671254,0.47787910409495377,0.5122435021424095
26.2696,-10.1054,kc,2922,8.0,-31.82792605148802,0.0,-0.00014371713716291286,0.8844521242803118,-0.0019191535438710299,0.0018875171383383952,0.003806670682209425,0.12816177971802822,0.11841592999555045,0.8536959105334183,0.48587995010356,0.47994852494731977
26.2696,-10.1054,T2M,2922,8.0,-17.84937347823856,3.083823638997773e-30,0.24619372170544607,1.9465392732953968e-24,-0.5619769221994069,0.5619518936801278,1.1239288158795346,2.9848465127568407,2.9866613545043377,1.0012164065846407,0.861294781072699,0.8417002202861458
26.2696,-10.1054,DTR,2922,8.0,-18.228786922264305,2.3700415986687185e-30,0.026514268191115024,0.21772797560535356,-0.11244032626055192,0.11067397900981082,0.22311430527036274,2.7926832511552306,2.567015902873253,0.8449164342715386,0.565646433636037,0.5544085013996086
26.2696,-10.1054,RH2M,2922,8.0,-10.891725949855493,1.220330562355763e-19,-0.9488526148082654,1.3859640522910587e-16,2.3967615902349997,-2.3871946041524064,-4.783956194387406,14.27898683300364,14.136258839995813,0.9801085799789252,0.8086141452439157,0.7790235355470073
26.2696,-10.1054,WS10M,2922,8.0,-31.149901355197947,0.0,-0.017969723707300572,0.15248572613402356,0.04283416609628107,-0.04252517681953002,-0.0853593429158111,1.5770308978486405,1.5566154405803148,0.9742765812382068,0.5898438347087739,0.5666070382042201
26.2696,-10.1054,PRECT,2922,8.0,-15.180310611268819,6.210910322213362e-28,-0.008357465199848093,0.00210255088223788,0.02561418234745513,-0.02554224778405772,-0.051156430131512845,0.37876772524598246,0.2925455736139189,0.5965421447226145,0.39804545154192494,0.3512701065175391
26.2696,-10.1054,PS,2922,8.0,-13.255773297410608,8.59411673911656e-25,-0.01730871847931203,1.388055341217501e-17,0.02686891398585426,-0.026792961441934948,-0.053661875427789205,0.2606908906928557,0.24544876583054126,0.8864821468291636,0.8065035358590324,0.7943873467809804
26.2696,-10.1054,CLOUD_AMT,2922,8.0,-28.005279976207927,0.0,-0.5736737239495093,0.002966839548288746,1.1419804928131418,-1.1433720054757013,-2.285352498288843,24.774904119756517,23.37323883282469,0.8900488200558884,0.5434043101614445,0.5518556314707832
26.2696,-10.6054,kc,2922,8.0,-31.82792605148802,0.0,-0.00014371713716291286,0.8844521242803118,-0.0019191535438710299,0.0018875171383383952,0.003806670682209425,0.12816177971802822,0.11841592999555045,0.8536959105334183,0.48587995010356,0.47994852494731977
26.2696,-10.6054,T2M,2922,8.0,-18.123033030457446,2.5184314592056054e-30,0.2231327342449119,7.186878916868168e-20,-0.5012976500114077,0.5013306867442392,1.002628336755647,3.033164988040367,3.030789709160056,0.998434408384418,0.8653411792365187,0.8416803408166093
26.2696,-10.6054,DTR,2922,8.0,-18.625560255446707,2.0595739458145692e-30,0.04090555602469548,0.06885691123843558,-0.1505598790782568,0.14862561031257132,0.2991854893908281,2.881204387193237,2.7212204415483066,0.892029700337681,0.5719787625562497,0.5631674979551713
26.2696,-10.6054,RH2M,2922,8.0,-10.950399931942318,8.827568705478761e-20,-0.8234226488545494,2.642830530600619e-12,2.0571977070499656,-2.0483190622861054,-4.105516769336071,14.484103874869932,14.726576635989902,1.0337614718069705,0.814951762002344,0.7874497325638395
26.2696,-10.6054,WS10M,2922,8.0,-26.240582360192327,0.0,-0.007726395374699462,0.5357502411247375,0.02507328313940227,-0.024837736710015938,-0.0499110198494182,1.566758537599169,1.5466951532103577,0.9745526557864557,0.5966090177580325,0.5646100427297034
26.2696,-10.6054,PRECT,2922,8.0,-15.488622989859618,2.501726329190787e-28,-0.006233196409683277,0.02234958121637636,0.021060426407497824,-0.021072456072550937,-0.04213288248004876,0.35836341443503034,0.32055365420115434,0.8001181690142545,0.4380831109046397,0.33681023878030436
26.2696,-10.6054,PS,2922,8.0,-13.342181416472833,5.8902068914125195e-25,-0.018006558088039148,1.3549734021467584e-19,0.028292516541181843,-0.028209879078256634,-0.05650239561943848,0.2552265298565151,0.24108834721598693,0.8922792794738318,0.8055451669208722,0.7926412023561512
26.2696,-10.6054,CLOUD_AMT,2922,8.0,-28.005279976207927,0.0,-0.5736737239495093,0.002966839548288746,1.1419804928131418,-1.1433720054757013,-2.285352498288843,24.774904119756517,23.37323883282469,0.8900488200558884,0.5434043101614445,0.5518556314707832
26.2696,-11.1054,kc,2922,8.0,-16.585881725005958,1.8169148687363812e-29,-0.0009170931672576219,0.3343297052381093,-0.0008152842163670476,0.0008238951479110505,0.0016391793642780983,0.12182098512772666,0.11516884438077539,0.8937700630593787,0.4739258865965096,0.45776821919225646
26.2696,-11.1054,T2M,2922,8.0,-12.465213125659298,3.337372236037268e-23,0.1891586559887038,1.2669522443112043e-15,-0.42012883869495793,0.42021339265343366,0.8403422313483916,2.945845977163566,2.9292651203349895,0.9887745701422218,0.8615670105799109,0.8342548630701236
26.2696,-11.1054,DTR,2922,8.0,-18.206759545910735,2.3982734468033606e-30,0.0392316018127254,0.09661336699332171,-0.16145301163586573,0.15979955509924715,0.3212525667351129,2.9843522931085933,2.9004538719544577,0.9445647803214671,0.5778773760608851,0.5841194735238678
26.2696,-11.1054,RH2M,2922,8.0,-10.379875797281086,2.1529260336883746e-18,-0.622749439774713,9.024536513065874e-08,1.5580399498060689,-1.5512413643623089,-3.1092813141683777,14.06974541510501,14.898355839853318,1.1212545221241634,0.8151761975724111,0.791762078302133
26.2696,-11.1054,WS10M,2922,8.0,-26.20295847420391,0.0,0.010987200522646609,0.354351723580085,-0.007827002053388044,0.007956707734428503,0.015783709787816548,1.4844456968467616,1.4762833102092263,0.9890330164747035,0.6033954859777474,0.5564860525836677
26.2696,-11.1054,PRECT,2922,8.0,-14.873295116670649,1.6508806608839718e-27,-0.00659064925018732,0.03069678773197863,0.022464746018305993,-0.022471355575091962,-0.044936101593397955,0.38305789889848246,0.3770288757115493,0.9687693311292939,0.49377063598420085,0.3591743643891971
26.2696,-11.1054,PS,2922,8.0,-13.501457822755693,2.971400746154368e-25,-0.01805272331037307,1.9567944513482733e-19,0.028124891626739396,-0.028042117271275476,-0.056167008898014875,0.25643384224206434,0.2434576867118035,0.9013558941729484,0.8078269311192696,0.7920041312379942
26.2696,-11.1054,CLOUD_AMT,2922,8.0,-28.91667447778173,0.0,-0.491711688092046,0.010444739024614853,1.0776990189368014,-1.0749224731918776,-2.152621492128679,24.61766528742424,23.262912105743418,0.8929649950435232,0.5176008642893355,0.5225103795695607
26.2696,-11.6054,kc,2922,8.0,-16.585881725005958,1.8169148687363812e-29,-0.0009170931672576219,0.3343297052381093,-0.0008152842163670476,0.0008238951479110505,0.0016391793642780983,0.12182098512772666,0.11516884438077539,0.8937700630593787,0.4739258865965096,0.45776821919225646
26.2696,-11.6054,T2M,2922,8.0,-12.415687246070089,4.245810609053478e-23,0.1740604749918688,3.83507399708761e-15,-0.3865137006616473,0.386703274013233,0.7732169746748803,2.742320686618768,2.7593452233717946,1.0124546933187428,0.8561488674279861,0.8267042202227276
26.2696,-11.6054,DTR,2922,8.0,-15.698599827641072,1.4051253337681646e-28,0.039054382289326506,0.0983515370903773,-0.17000840748345883,0.16897174309833438,0.3389801505817932,2.9389424300461364,2.9493536781641794,1.0070975797372355,0.5944762860381142,0.6079157854702315
26.2696,-11.6054,RH2M,2922,8.0,-10.194291214530809,6.204681704739829e-18,-0.5694373259782084,9.067018475166258e-07,1.399474366872006,-1.3953716290212184,-2.7948459958932244,13.624533939498681,15.195593143545567,1.2439187201973874,0.804767262762921,0.7907074977953864
26.2696,-11.6054,WS10M,2922,8.0,-26.104562660649307,0.0,0.02357915529750647,0.03352107302474801,-0.040098414328085794,0.03997003194159253,0.08006844626967832,1.3930887212637064,1.3749320332267787,0.9741030617263046,0.6112376934671346,0.5645506437214497
26.2696,-11.6054,PRECT,2922,8.0,-15.051111175439367,9.290946766127956e-28,-0.011496419686768101,0.00034243878379493643,0.0339919437849122,-0.03405700447841694,-0.06804894826332913,0.41597239110908507,0.38254496791286074,0.8457382520313994,0.4903464880693869,0.43671653883838724
26.2696,-11.6054,PS,2922,8.0,-14.184102033031046,1.9061164409777315e-26,-0.01744397132236827,1.1824272285988145e-18,0.02689589322381967,-0.02682073921971207,-0.05371663244353174,0.2535555912626256,0.24043667893651832,0.8991974312482484,0.809641944372331,0.7912234124998884
26.2696,-11.6054,CLOUD_AMT,2922,8.0,-28.91667447778173,0.0,-0.491711688092046,0.010444739024614853,1.0776990189368014,-1.0749224731918776,-2.152621492128679,24.61766528742424,23.262912105743418,0.8929649950435232,0.5176008642893355,0.5225103795695607
26.2696,-12.1054,kc,2922,8.0,-33.49876176465754,0.0,-0.00040633652241715867,0.6434926667409878,-0.0017885333230367496,0.0018163341354813954,0.0036048674585181448,0.11355551164725403,0.10537305232532956,0.8610783776388321,0.4505693012445337,0.4372819068132768
26.2696,-12.1054,T2M,2922,8.0,-12.415687246070089,4.245810609053478e-23,0.1740604749918688,3.83507399708761e-15,-0.3865137006616473,0.386703274013233,0.7732169746748803,2.742320686618768,2.7593452233717946,1.0124546933187428,0.8561488674279861,0.8267042202227276
26.2696,-12.1054,DTR,2922,8.0,-15.698599827641072,1.4051253337681646e-28,0.039054382289326506,0.0983515370903773,-0.17000840748345883,0.16897174309833438,0.3389801505817932,2.9389424300461364,2.9493536781641794,1.0070975797372355,0.5944762860381142,0.6079157854702315
26.2696,-12.1054,RH2M,2922,8.0,-10.194291214530809,6.204681704739829e-18,-0.5694373259782084,9.067018475166258e-07,1.399474366872006,-1.3953716290212184,-2.7948459958932244,13.624533939498681,15.195593143545567,1.2439187201973874,0.804767262762921,0.7907074977953864
26.2696,-12.1054,WS10M,2922,8.0,-26.104562660649307,0.0,0.02357915529750647,0.03352107302474801,-0.040098414328085794,0.03997003194159253,0.08006844626967832,1.3930887212637064,1.3749320332267787,0.9741030617263046,0.6112376934671346,0.5645506437214497
26.2696,-12.1054,PRECT,2922,8.0,-15.051111175439367,9.290946766127956e-28,-0.011496419686768101,0.00034243878379493643,0.0339919437849122,-0.03405700447841694,-0.06804894826332913,0.41597239110908507,0.38254496791286074,0.8457382520313994,0.4903464880693869,0.43671653883838724
26.2696,-12.1054,PS,2922,8.0,-14.184102033031046,1.9061164409777315e-26,-0.01744397132236827,1.1824272285988145e-18,0.02689589322381967,-0.02682073921971207,-0.05371663244353174,0.2535555912626256,0.24043667893651832,0.8991974312482484,0.809641944372331,0.7912234124998884
26.2696,-12.1054,CLOUD_AMT,2922,8.0,-29.14480473736337,0.0,-0.34612793351856613,0.06716714016640403,0.9530610768879765,-0.9506076431667807,-1.9036687200547573,24.056916950965913,23.097118348780445,0.9217977876430123,0.4904761243605738,0.4916895607894137
26.2696,-12.6054,kc,2922,8.0,-33.49876176465754,0.0,-0.00040633652241715867,0.6434926667409878,-0.0017885333230367496,0.0018163341354813954,0.0036048674585181448,0.11355551164725403,0.10537305232532956,0.8610783776388321,0.4505693012445337,0.4372819068132768
26.2696,-12.6054,T2M,2922,8.0,-12.558773051522685,2.1253114555693745e-23,0.1617539648537031,2.6893039980099838e-15,-0.3649684348619668,0.3651547684234542,0.730123203285421,2.543397271915536,2.538726299106376,0.9963303541148467,0.8473899750324635,0.8242728687671913
26.2696,-12.6054,DTR,2922,8.0,-17.80733912915055,3.199731074587149e-30,0.04667739467981278,0.036660777126442314,-0.17244503764544836,0.17196290212183427,0.3444079397672826,2.7499888904301857,2.816038787595233,1.0486133588297066,0.5868861773474093,0.6207023773493758
26.2696,-12.6054,RH2M,2922,8.0,-10.564057488109025,7.597028805929642e-19,-0.4521367123627165,4.7462707820599496e-05,1.1908950946840067,-1.187989231120237,-2.3788843258042434,13.085778074956064,14.551937007549972,1.2366377812191547,0.7925764029657082,0.7832386688662607
26.2696,-12.6054,WS10M,2922,8.0,-25.665821513643365,0.0,0.01973691811147772,0.061861208645427324,-0.04687376226328996,0.04650063883185037,0.09337440109514034,1.3185629065319031,1.3184295629800287,0.9997977543447726,0.6134318324845401,0.5777293532148106
26.2696,-12.6054,PRECT,2922,8.0,-14.94528880883521,1.3043595711813515e-27,-0.008509507876574349,0.008929942402685919,0.027031884915661327,-0.027047935588235577,-0.054079820503896904,0.41107498300665585,0.3997179357715495,0.945507932730083,0.4927760912620466,0.3761306929525665
26.2696,-12.6054,PS,2922,8.0,-14.283532284843275,1.3116211571752795e-26,-0.01779163250111294,1.2549870855792842e-19,0.02780523613963059,-0.027732067077344057,-0.05553730321697464,0.250991315042542,0.2390336384144838,0.9069861517689787,0.8106987889347774,0.7900205135681039
26.2696,-12.6054,CLOUD_AMT,2922,8.0,-29.14480473736337,0.0,-0.34612793351856613,0.06716714016640403,0.9530610768879765,-0.9506076431667807,-1.9036687200547573,24.056916950965913,23.097118348780445,0.9217977876430123,0.4904761243605738,0.4916895607894137
26.2696,-13.1054,kc,2922,8.0,-29.137664777467034,0.0,0.001034904136828192,0.2208525397915247,-0.0037491964057319005,0.003801840490375365,0.007551036896107265,0.10897549086963725,0.10175690392583274,0.8719068734020553,0.4326314204461478,0.46398614259951093
26.2696,-13.1054,T2M,2922,8.0,-11.82596001237276,8.2024711461750145e-22,0.16065513505783444,4.773012510836654e-19,-0.3691027492584986,0.3694119666894821,0.7385147159479808,2.2479401612939607,2.218097358519592,0.9736249990925169,0.8392567360965012,0.8229148638934249
26.2696,-13.1054,DTR,2922,8.0,-19.402057211508804,0.0,0.06443760531491671,0.00433542929817558,-0.21678568332192563,0.21651342687656858,0.4332991101984942,2.773318601083617,2.850725837479232,1.0566018696696593,0.6169565650237089,0.6484528101312039
26.2696,-13.1054,RH2M,2922,8.0,-11.302443924616023,1.2974798640098365e-20,-0.42921830960181584,2.8550599395131205e-05,1.2041712639744466,-1.2032414670317135,-2.4074127310061604,12.119446620137529,13.372212238794233,1.217421427840436,0.7790914441318965,0.766542704423865
26.2696,-13.1054,WS10M,2922,8.0,-19.831067817649195,0.0,0.030670993711351836,0.004053825952333041,-0.07465633127994528,0.07417323750855576,0.14882956878850104,1.3316065548888678,1.3294992292684173,0.9968374169603881,0.6265173697537592,0.6187113889568551
26.2696,-13.1054,PRECT,2922,8.0,-15.108331906204958,7.761009301127419e-28,-0.01265308665900514,4.050552351950253e-05,0.038590622612846126,-0.03868372253791909,-0.07727434515076521,0.4066833791819554,0.3583442668163496,0.7764045539931564,0.4874115905842205,0.45190723795737536
26.2696,-13.1054,PS,2922,8.0,-14.248666650540772,1.494149003452972e-26,-0.01832605662184359,4.627395673146678e-20,0.02916931325576133,-0.02909899612137762,-0.05826830937713895,0.25565591244397956,0.24301039098985044,0.9035204912769511,0.8151408486812357,0.7930112352034102
26.2696,-13.1054,CLOUD_AMT,2922,8.0,-23.232919316195257,0.0,-0.7484118223610621,3.031735851675144e-06,1.3486071640428932,-1.3498801733972168,-2.6984873374401097,20.129132580846875,19.86036564369742,0.9734740054410226,0.48855950069853055,0.52136717029486
26.2696,-13.6054,kc,2922,8.0,-29.137664777467034,0.0,0.001034904136828192,0.2208525397915247,-0.0037491964057319005,0.003801840490375365,0.007551036896107265,0.10897549086963725,0.10175690392583274,0.8719068734020553,0.4326314204461478,0.46398614259951093
26.2696,-13.6054,T2M,2922,8.0,-11.480232764023835,5.015351811721388e-21,0.08468104784176962,3.312540218825639e-11,-0.19635685603467926,0.19679851699749057,0.39315537303216985,1.6290307619772812,1.5441923541969416,0.8985540887230345,0.8217940603269133,0.8035892979366911
26.2696,-13.6054,DTR,2922,8.0,-24.68438182304836,0.0,0.0388103576645952,0.05362008042396648,-0.16334720511065476,0.16355217887291815,0.3268993839835729,2.4854516121854613,2.5241233767225375,1.0313605915192017,0.6477584253217463,0.6536320901651402
26.2696,-13.6054,RH2M,2922,8.0,-13.687747285671904,1.3621931285258562e-25,-0.10176486513424621,0.22788231868356612,0.515258920830481,-0.5166781086014152,-1.0319370294318961,10.042122980011623,10.97622160341165,1.1946884415037458,0.730850586608089,0.7287701508833089
26.2696,-13.6054,WS10M,2922,8.0,-24.14969409121059,0.0,0.02254768898358098,0.046836670809545816,-0.06909649783253481,0.06839836869723932,0.13749486652977413,1.421413093119733,1.407029484218652,0.979863934795035,0.6494969820971698,0.6584570007117935
26.2696,-13.6054,PRECT,2922,8.0,-14.091140240536483,2.7202867768535284e-26,-0.016339075212038947,3.372628059272551e-10,0.049655325360607676,-0.04976927280984193,-0.0994245981704496,0.37447723104420844,0.2588664715754912,0.4778601054867744,0.4953953124189637,0.37602058473459055
26.2696,-13.6054,PS,2922,8.0,-14.252021517158424,1.47547918495836e-26,-0.018178143149931963,4.2513630175481525e-19,0.02870975359342917,-0.02864822039698855,-0.05735797399041773,0.26073238810042015,0.2473463092416,0.8999552276118479,0.8194995034162718,0.7958131685638146
26.2696,-13.6054,CLOUD_AMT,2922,8.0,-23.232919316195257,0.0,-0.7484118223610621,3.031735851675144e-06,1.3486071640428932,-1.3498801733972168,-2.6984873374401097,20.129132580846875,19.86036564369742,0.9734740054410226,0.48855950069853055,0.52136717029486
26.2696,-14.1054,kc,2922,8.0,-34.390182386404604,0.0,0.0011400317637251208,0.23309723545029165,-0.002539038166329885,0.0026246812231407396,0.005163719389470625,0.12196581356822801,0.11654659021352579,0.9131096020734,0.38232790441602676,0.4676252766790065
26.2696,-14.1054,T2M,2922,8.0,-9.610015849561114,1.8223217048501331e-16,0.02320381196809635,0.0022245379451552453,-0.034493109742185626,0.0349045630846453,0.06939767282683093,0.9796952890709283,0.9127362881052613,0.8679777554745499,0.835942190742861,0.811974758675433
26.2696,-14.1054,DTR,2922,8.0,-23.98569478732746,0.0,-0.004554699807907682,0.6878150949852567,-0.014503844398813647,0.014969119324663546,0.029472963723477193,1.4127557684080756,1.4159766757340266,1.0045649489203718,0.6537585704492777,0.6550537790565054
26.2696,-14.1054,RH2M,2922,8.0,-14.811208169873462,2.0290735315479808e-27,0.2157954188896968,0.0001618149569862453,-0.3761201003878617,0.37435902349988626,0.750479123887748,6.849601455606467,7.413741928905294,1.1715054758463188,0.6527767121557277,0.660172898108062
26.2696,-14.1054,WS10M,2922,8.0,-23.82002055340631,0.0,-0.0016674343058037775,0.8967611268320823,-0.022835033082363655,0.02183984713666439,0.044674880219028046,1.6337131594538763,1.5724909875094704,0.9264558234444304,0.6633352547893835,0.6736963717664431
26.2696,-14.1054,PRECT,2922,8.0,-14.026716865010115,3.4927503427936884e-26,-0.01521713289437649,8.876684300333745e-10,0.045619924714898584,-0.045759838841059816,-0.0913797635559584,0.3570559502803319,0.24814677298513263,0.4829973119659701,0.49693066450683704,0.25430983520698636
26.2696,-14.1054,PS,2922,8.0,-14.234756432390835,1.574244981830725e-26,-0.017931422076829247,4.31680012287778e-18,0.027822769792380235,-0.027769290440337307,-0.05559206023271754,0.2649741091450343,0.2513356429394345,0.8997073795814708,0.8223684971408327,0.7988574347845246
26.2696,-14.1054,CLOUD_AMT,2922,8.0,-16.48745607608652,2.2081808215644474e-29,-0.6873429902239182,0.000213243215541014,1.0390579169518597,-1.0461029317818844,-2.085160848733744,22.925115388500785,23.406261418332544,1.04241593571092,0.4803662965986458,0.5208378771898834
26.2696,-9.1054,kc,2922,8.0,-26.406452001542668,0.0,-0.0002557125973031726,0.7979259282713603,-0.0014841145334917702,0.0014240172836033373,0.0029081318170951073,0.13162409465846084,0.1171957137816409,0.7927799588816249,0.4936584921941611,0.47056995029287685
26.2696,-9.1054,T2M,2922,8.0,-17.6652992999957,3.666046072644582e-30,0.25112830655312207,7.521219877596338e-27,-0.5711934633812458,0.5712021560574948,1.1423956194387406,2.8849615689523387,2.903007435691097,1.0125494264695254,0.85638373061073,0.8390372262849853
26.2696,-9.1054,DTR,2922,8.0,-16.599124674969367,1.7709499978816512e-29,0.005297937780647008,0.8010034664057044,-0.061283390371891414,0.059640634268765695,0.1209240246406571,2.745907179405155,2.4923246912520787,0.8238298710410064,0.5636585292230255,0.5449811147944701
26.2696,-9.1054,RH2M,2922,8.0,-11.031994472201758,5.63784133470078e-20,-0.9526788068234988,1.5803231728014753e-18,2.412657962582706,-2.4027013803331045,-4.81535934291581,13.579336541747857,13.236051928527027,0.9500792240487438,0.7937857406609717,0.7654650876329877
26.2696,-9.1054,WS10M,2922,8.0,-31.24984605910726,0.0,-0.027344527454230654,0.027259469161240273,0.06807078485055895,-0.06774030344512894,-0.1358110882956879,1.5499213023005167,1.539358532281903,0.9864163720155865,0.5735679248755605,0.5605604107943752
26.2696,-9.1054,PRECT,2922,8.0,-15.144695236788095,6.931384323369702e-28,-0.008412981265986639,0.0005859805966331161,0.024502135493482465,-0.02428969137785292,-0.04879182687133539,0.3526298171594012,0.2476171891605538,0.49308695698302724,0.35964401873781643,0.31579735373622464
26.2696,-9.1054,PS,2922,8.0,-13.356947773869368,5.52448509247867e-25,-0.01692923136259045,1.1657598707073284e-15,0.02598821583390345,-0.02591459046315341,-0.05190280629705686,0.2720414753257348,0.2556480169887089,0.8831096161635109,0.8077390323399474,0.7953577554406016
26.2696,-9.1054,CLOUD_AMT,2922,8.0,-26.87802219980647,0.0,-0.4189700105983977,0.041540885615105286,0.9433460073009357,-0.9443062856490984,-1.8876522929500341,26.624794391978572,24.622669117028703,0.8552591569738165,0.5659320404170942,0.5561783491203336
26.2696,-9.6054,kc,2922,8.0,-26.406452001542668,0.0,-0.0002557125973031726,0.7979259282713603,-0.0014841145334917702,0.0014240172836033373,0.0029081318170951073,0.13162409465846084,0.1171957137816409,0.7927799588816249,0.4936584921941611,0.47056995029287685
26.2696,-9.6054,T2M,2922,8.0,-17.6652992999957,3.666046072644582e-30,0.25112830655312207,7.521219877596338e-27,-0.5711934633812458,0.5712021560574948,1.1423956194387406,2.8849615689523387,2.903007435691097,1.0125494264695254,0.85638373061073,0.8390372262849853
26.2696,-9.6054,DTR,2922,8.0,-16.599124674969367,1.7709499978816512e-29,0.005297937780647008,0.8010034664057044,-0.061283390371891414,0.059640634268765695,0.1209240246406571,2.745907179405155,2.4923246912520787,0.8238298710410064,0.5636585292230255,0.5449811147944701
26.2696,-9.6054,RH2M,2922,8.0,-11.031994472201758,5.63784133470078e-20,-0.9526788068234988,1.5803231728014753e-18,2.412657962582706,-2.4027013803331045,-4.81535934291581,13.579336541747857,13.236051928527027,0.9500792240487438,0.7937857406609717,0.7654650876329877
26.2696,-9.6054,WS10M,2922,8.0,-31.24984605910726,0.0,-0.027344527454230654,0.027259469161240273,0.06807078485055895,-0.06774030344512894,-0.1358110882956879,1.5499213023005167,1.539358532281903,0.9864163720155865,0.5735679248755605,0.5605604107943752
26.2696,-9.6054,PRECT,2922,8.0,-15.144695236788095,6.931384323369702e-28,-0.008412981265986639,0.0005859805966331161,0.024502135493482465,-0.02428969137785292,-0.04879182687133539,0.3526298171594012,0.2476171891605538,0.49308695698302724,0.35964401873781643,0.31579735373622464
26.2696,-9.6054,PS,2922,8.0,-13.356947773869368,5.52448509247867e-25,-0.01692923136259045,1.1657598707073284e-15,0.02598821583390345,-0.02591459046315341,-0.05190280629705686,0.2720414753257348,0.2556480169887089,0.8831096161635109,0.8077390323399474,0.7953577554406016
26.2696,-9.6054,CLOUD_AMT,2922,8.0,-26.87802219980647,0.0,-0.4189700105983977,0.041540885615105286,0.9433460073009357,-0.9443062856490984,-1.8876522929500341,26.624794391978572,24.622669117028703,0.8552591569738165,0.5659320404170942,0.5561783491203336
26.7696,-10.1054,kc,2922,8.0,-31.82792605148802,0.0,-0.00014371713716291286,0.8844521242803118,-0.0019191535438710299,0.0018875171383383952,0.003806670682209425,0.12816177971802822,0.11841592999555045,0.8536959105334183,0.48587995010356,0.47994852494731977
26.7696,-10.1054,T2M,2922,8.0,-17.72844086895507,3.443443237939696e-30,0.23988270083577315,9.36699034354902e-22,-0.5590399041752223,0.5592078713210131,1.1182477754962354,3.095351825519184,3.1004462488846065,1.0032943690608471,0.8636909058277288,0.840762773021351
26.7696,-10.1054,DTR,2922,8.0,-17.097945302052484,7.511660785188611e-30,0.02424882084186817,0.27741271684641566,-0.12545926306182975,0.12373991558293422,0.24919917864476399,2.890619233238628,2.6717212594008863,0.8542805458108108,0.566138127931493,0.559178652703468
26.7696,-10.1054,RH2M,2922,8.0,-11.082040836990856,4.2872136279353066e-20,-0.8901376277906878,3.087197268615301e-14,2.3462276408852385,-2.338474617841661,-4.684702258726899,14.382350363711625,14.636063413871717,1.0355923568526448,0.8095110098177054,0.7893935587436315
26.7696,-10.1054,WS10M,2922,8.0,-31.444788256518134,0.0,-0.01677099912240254,0.178688050375281,0.0371961556011864,-0.03704751311886835,-0.07424366872005475,1.56716744699321,1.54465896522058,0.971481231953302,0.5866573310431933,0.5568232623545221
26.7696,-10.1054,PRECT,2922,8.0,-14.993390233032008,1.1167922023098507e-27,-0.008032875442946948,0.009032130374088412,0.028629017446176762,-0.02856293424907451,-0.05719195169525127,0.4223705696813033,0.33927418439367213,0.6452296727168136,0.38101060697912187,0.40555435853448035
26.7696,-10.1054,PS,2922,8.0,-13.275578539272193,7.878072042194144e-25,-0.01740059536783608,8.530708680981717e-17,0.026831200091261945,-0.026755384439881423,-0.05358658453114337,0.2690272832421524,0.25279236227861723,0.8829482389078444,0.8072504756416138,0.7947264128931378
26.7696,-10.1054,CLOUD_AMT,2922,8.0,-28.005279976207927,0.0,-0.5736737239495093,0.002966839548288746,1.1419804928131418,-1.1433720054757013,-2.285352498288843,24.774904119756517,23.37323883282469,0.8900488200558884,0.5434043101614445,0.5518556314707832
26.7696,-10.6054,kc,2922,8.0,-31.82792605148802,0.0,-0.00014371713716291286,0.8844521242803118,-0.0019191535438710299,0.0018875171383383952,0.003806670682209425,0.12816177971802822,0.11841592999555045,0.8536959105334183,0.48587995010356,0.47994852494731977
26.7696,-10.6054,T2M,2922,8.0,-18.111089158272478,2.537324765888756e-30,0.20541655515646778,2.0054281603687233e-16,-0.4684376796714579,0.4687081108829569,0.9371457905544147,3.1061674885060158,3.0947921261738256,0.9926890400924901,0.867343704803068,0.8410766245897011
26.7696,-10.6054,DTR,2922,8.0,-20.57493994627267,0.0,0.033835508802151505,0.14495118422097317,-0.14589994296144188,0.14408636778462247,0.28998631074606435,2.964426104816858,2.820781005331315,0.9054354266049832,0.5795795316299823,0.5728355185458641
26.7696,-10.6054,RH2M,2922,8.0,-11.272704706245852,1.5229209429588353e-20,-0.6925369951311087,4.425993473910784e-09,1.7985444672598676,-1.7917224731918777,-3.5902669404517455,14.377469990213337,14.941349096910134,1.079977447088941,0.8138074267691091,0.7944138451441474
26.7696,-10.6054,WS10M,2922,8.0,-26.253865056316307,0.0,-0.0032528270690270907,0.7894643199205675,0.007575747205110633,-0.007434519735341109,-0.015010266940451742,1.5319799143918027,1.5082554031779283,0.969267468835912,0.5975525938228475,0.5581364230039294
26.7696,-10.6054,PRECT,2922,8.0,-15.577080043022402,1.9537204257956461e-28,-0.0060617955715059615,0.038440181307052505,0.02194452573312215,-0.02198425418135483,-0.04392877991447698,0.37485593235579123,0.35459081492186106,0.8948004358973086,0.41850626590425577,0.3917494669941519
26.7696,-10.6054,PS,2922,8.0,-13.302027776879623,7.016597562421449e-25,-0.018521986434191298,2.1638860216936915e-19,0.029003821583390293,-0.028922256445356998,-0.05792607802874729,0.2643297675536022,0.24909686021087057,0.8880641913716594,0.8068632289848616,0.794587341501226
26.7696,-10.6054,CLOUD_AMT,2922,8.0,-28.005279976207927,0.0,-0.5736737239495093,0.002966839548288746,1.1419804928131418,-1.1433720054757013,-2.285352498288843,24.774904119756517,23.37323883282469,0.8900488200558884,0.5434043101614445,0.5518556314707832
26.7696,-11.1054,kc,2922,8.0,-16.585881725005958,1.8169148687363812e-29,-0.0009170931672576219,0.3343297052381093,-0.0008152842163670476,0.0008238951479110505,0.0016391793642780983,0.12182098512772666,0.11516884438077539,0.8937700630593787,0.4739258865965096,0.45776821919225646
26.7696,-11.1054,T2M,2922,8.0,-12.48667649951324,3.0079210409455335e-23,0.17346612407023915,9.539724693086659e-14,-0.3757186059776409,0.3761225986767054,0.7518412046543463,2.902766291165833,2.8893812400874723,0.9907989899349422,0.8586178823598853,0.8313823546342505
26.7696,-11.1054,DTR,2922,8.0,-18.090651711798582,2.5707269629205015e-30,0.03595132625204042,0.1506569349339297,-0.1576818389231119,0.15620590919461574,0.3138877481177277,3.134088898497324,3.1017989764146168,0.9795005281222843,0.6043162476847643,0.6119138972394563
26.7696,-11.1054,RH2M,2922,8.0,-10.370152098807978,2.2752121995966163e-18,-0.5408441344503212,2.9648502892603806e-06,1.2933524298425736,-1.2890295003422314,-2.582381930184805,13.804862024825496,14.991942697674677,1.1793743725079264,0.8099461098232651,0.7946372133737801
26.7696,-11.1054,WS10M,2922,8.0,-26.05984600631634,0.0,0.020049033547694495,0.08783322408782161,-0.03816996349532279,0.03833243212411594,0.07650239561943872,1.4709800416597807,1.4600226838132888,0.9851574504676615,0.6139518617879909,0.5522993077614065
26.7696,-11.1054,PRECT,2922,8.0,-15.048624495877169,9.364405418995198e-28,-0.007937752454950318,0.013527272816848044,0.024202461913383055,-0.02425855055710475,-0.048461012470487806,0.39953043388273984,0.40157683644761666,1.0102702735387743,0.4389888454080917,0.44280801862880237
26.7696,-11.1054,PS,2922,8.0,-13.449373832417606,3.7100389015281925e-25,-0.018879048435111314,4.687186405681422e-20,0.02945394706821802,-0.02937562172028327,-0.05882956878850129,0.26413106320122476,0.24976275217072436,0.8941623586994903,0.8091494321622438,0.7934561691756516
26.7696,-11.1054,CLOUD_AMT,2922,8.0,-28.91667447778173,0.0,-0.491711688092046,0.010444739024614853,1.0776990189368014,-1.0749224731918776,-2.152621492128679,24.61766528742424,23.262912105743418,0.8929649950435232,0.5176008642893355,0.5225103795695607
26.7696,-11.6054,kc,2922,8.0,-16.585881725005958,1.8169148687363812e-29,-0.0009170931672576219,0.3343297052381093,-0.0008152842163670476,0.0008238951479110505,0.0016391793642780983,0.12182098512772666,0.11516884438077539,0.8937700630593787,0.4739258865965096,0.45776821919225646
26.7696,-11.6054,T2M,2922,8.0,-12.231823724967331,1.0493779169780798e-22,0.15197309893801694,4.817170396759105e-13,-0.3405114533424596,0.3408916951859457,0.6814031485284053,2.5980358842431874,2.6266824912293862,1.0221740889432775,0.8487348104075414,0.8256922799348229
26.7696,-11.6054,DTR,2922,8.0,-17.49049119142481,4.439601673726162e-30,0.012295863134616978,0.6239827318855717,-0.11290120921743087,0.11198585443759991,0.22488706365503078,3.081011263044881,3.1741366967820497,1.0613648000731573,0.6236097778061299,0.6428477526887736
26.7696,-11.6054,RH2M,2922,8.0,-9.596938922482392,1.9668441168182388e-16,-0.47501406375412375,2.4603445540550022e-05,1.1881262149212866,-1.1857204654346336,-2.3738466803559204,12.868545635070516,15.088297318291529,1.374743049701362,0.8045695688322713,0.8058864429467426
26.7696,-11.6054,WS10M,2922,8.0,-25.648784338540914,0.0,0.0253251444147357,0.023717565180705717,-0.058142584987451514,0.05813393794204882,0.11627652292950033,1.3957856012182468,1.3975281571870504,1.0024984406006738,0.6171945240723881,0.5769060034513455
26.7696,-11.6054,PRECT,2922,8.0,-15.178791488245542,6.239930513998436e-28,-0.01110641832197064,0.0018327541079965987,0.03493971175668249,-0.03503724470756526,-0.06997695646424776,0.44963533186888555,0.43777825703949924,0.9479545491718188,0.43318582588852617,0.5290807666679548
26.7696,-11.6054,PS,2922,8.0,-14.14232621598501,2.234831631515603e-26,-0.018160185079016008,6.439252255211567e-19,0.027891056354095518,-0.027817362537074924,-0.05570841889117044,0.26215475606177024,0.24821291118920502,0.8964648261668893,0.8109925987731712,0.7918171347457039
26.7696,-11.6054,CLOUD_AMT,2922,8.0,-28.91667447778173,0.0,-0.491711688092046,0.010444739024614853,1.0776990189368014,-1.0749224731918776,-2.152621492128679,24.61766528742424,23.262912105743418,0.8929649950435232,0.5176008642893355,0.5225103795695607
26.7696,-12.1054,kc,2922,8.0,-33.49876176465754,0.0,-0.00040633652241715867,0.6434926667409878,-0.0017885333230367496,0.0018163341354813954,0.0036048674585181448,0.11355551164725403,0.10537305232532956,0.8610783776388321,0.4505693012445337,0.4372819068132768
26.7696,-12.1054,T2M,2922,8.0,-12.231823724967331,1.0493779169780798e-22,0.15197309893801694,4.817170396759105e-13,-0.3405114533424596,0.3408916951859457,0.6814031485284053,2.5980358842431874,2.6266824912293862,1.0221740889432775,0.8487348104075414,0.8256922799348229
26.7696,-12.1054,DTR,2922,8.0,-17.49049119142481,4.439601673726162e-30,0.012295863134616978,0.6239827318855717,-0.11290120921743087,0.11198585443759991,0.22488706365503078,3.081011263044881,3.1741366967820497,1.0613648000731573,0.6236097778061299,0.6428477526887736
26.7696,-12.1054,RH2M,2922,8.0,-9.596938922482392,1.9668441168182388e-16,-0.47501406375412375,2.4603445540550022e-05,1.1881262149212866,-1.1857204654346336,-2.3738466803559204,12.868545635070516,15.088297318291529,1.374743049701362,0.8045695688322713,0.8058864429467426
26.7696,-12.1054,WS10M,2922,8.0,-25.648784338540914,0.0,0.0253251444147357,0.023717565180705717,-0.058142584987451514,0.05813393794204882,0.11627652292950033,1.3957856012182468,1.3975281571870504,1.0024984406006738,0.6171945240723881,0.5769060034513455
26.7696,-12.1054,PRECT,2922,8.0,-15.178791488245542,6.239930513998436e-28,-0.01110641832197064,0.0018327541079965987,0.03493971175668249,-0.03503724470756526,-0.06997695646424776,0.44963533186888555,0.43777825703949924,0.9479545491718188,0.43318582588852617,0.5290807666679548
26.7696,-12.1054,PS,2922,8.0,-14.14232621598501,2.234831631515603e-26,-0.018160185079016008,6.439252255211567e-19,0.027891056354095518,-0.027817362537074924,-0.05570841889117044,0.26215475606177024,0.24821291118920502,0.8964648261668893,0.8109925987731712,0.7918171347457039
26.7696,-12.1054,CLOUD_AMT,2922,8.0,-29.14480473736337,0.0,-0.34612793351856613,0.06716714016640403,0.9530610768879765,-0.9506076431667807,-1.9036687200547573,24.056916950965913,23.097118348780445,0.9217977876430123,0.4904761243605738,0.4916895607894137
26.7696,-12.6054,kc,2922,8.0,-33.49876176465754,0.0,-0.00040633652241715867,0.6434926667409878,-0.0017885333230367496,0.0018163341354813954,0.0036048674585181448,0.11355551164725403,0.10537305232532956,0.8610783776388321,0.4505693012445337,0.4372819068132768
26.7696,-12.6054,T2M,2922,8.0,-11.703661700691276,1.547180511334852e-21,0.15235330167204977,1.4437609077317556e-15,-0.3248230321697467,0.3250879876796715,0.6499110198494182,2.3781119581522376,2.367264149947343,0.990897764998798,0.8407538549141125,0.8228939142250131
26.7696,-12.6054,DTR,2922,8.0,-17.753020202504437,3.363639113012672e-30,0.035818663276053896,0.13481358889988393,-0.14237940908053837,0.14169998859228844,0.2840793976728268,2.9222790712339037,3.0485518275250434,1.0882878734908688,0.6233225651897158,0.640698326738727
26.7696,-12.6054,RH2M,2922,8.0,-9.910081049797391,3.186238452638292e-17,-0.42180334654746265,7.508919699230247e-05,0.9850818845539584,-0.984083070955966,-1.9691649555099244,12.390365407008122,14.102762125473008,1.295508099013288,0.7861893046402311,0.7916388258291579
26.7696,-12.6054,WS10M,2922,8.0,-20.05558629139289,0.0,0.024322895139342163,0.025282463327522302,-0.06193895733515857,0.061736607346566275,0.12367556468172484,1.3495259709337015,1.3622354316670775,1.0189241379474407,0.6185035655877067,0.6026200117364238
26.7696,-12.6054,PRECT,2922,8.0,-15.247522558681752,5.062333019251624e-28,-0.009851579914764791,0.004502737953663675,0.028559487318421915,-0.02862999260977547,-0.05718947992819738,0.43404299226381354,0.43017789670483764,0.9822695606442231,0.4377780242321873,0.4668017932247866
26.7696,-12.6054,PS,2922,8.0,-14.20000549479975,1.7946648294682318e-26,-0.018261342153736374,7.107716178287475e-19,0.027921161305042276,-0.027848859228838552,-0.05577002053388083,0.26368809876923144,0.2501986154201869,0.9003031014020774,0.8135233045821291,0.792175575064045
26.7696,-12.6054,CLOUD_AMT,2922,8.0,-29.14480473736337,0.0,-0.34612793351856613,0.06716714016640403,0.9530610768879765,-0.9506076431667807,-1.9036687200547573,24.056916950965913,23.097118348780445,0.9217977876430123,0.4904761243605738,0.4916895607894137
26.7696,-13.1054,kc,2922,8.0,-29.137664777467034,0.0,0.001034904136828192,0.2208525397915247,-0.0037491964057319005,0.003801840490375365,0.007551036896107265,0.10897549086963725,0.10175690392583274,0.8719068734020553,0.4326314204461478,0.46398614259951093
26.7696,-13.1054,T2M,2922,8.0,-11.622394407559566,2.3672969113909597e-21,0.11674782910871209,2.0893466548682324e-14,-0.2629770020533885,0.263415879534565,0.5263928815879535,1.9296110914205085,1.8636995645015522,0.9328508978440924,0.8312104215630335,0.8175273709635474
26.7696,-13.1054,DTR,2922,8.0,-17.795845807543746,3.233040450805016e-30,0.04272353495509476,0.058138332255582334,-0.16389734200319417,0.16374810631987224,0.3276454483230664,2.7714090994858602,2.8478290558661183,1.0559091574035089,0.6583678218687797,0.6749000001937482
26.7696,-13.1054,RH2M,2922,8.0,-11.0702982754899,4.571379493192318e-20,-0.2127272474395014,0.020698647018698287,0.6826434291581112,-0.6835030458590005,-1.3661464750171115,10.716052294732314,12.15668484509396,1.2869470164831498,0.760700869816346,0.7725627592274547
26.7696,-13.1054,WS10M,2922,8.0,-24.431708929039825,0.0,0.026014237914998014,0.019262347594005386,-0.07261003878621947,0.07217435546429388,0.14478439425051334,1.3918781389922261,1.379587547621539,0.9824175310901495,0.6354916009828683,0.638581512342322
26.7696,-13.1054,PRECT,2922,8.0,-14.969554135384632,1.2058405712915336e-27,-0.01288310285596766,0.00016730591184600598,0.04105089600002942,-0.04116339631378565,-0.08221429231381507,0.4423599924613871,0.40825233537886435,0.8517373096191859,0.42435061449175604,0.5481111470059863
26.7696,-13.1054,PS,2922,8.0,-14.180999910439047,1.9286890982067236e-26,-0.018438070349046775,7.878922889025142e-19,0.028477697923796674,-0.028414841432808355,-0.05689253935660503,0.2668067371509882,0.25264635349497205,0.8966696807592328,0.8170855985884893,0.7943022215046605
26.7696,-13.1054,CLOUD_AMT,2922,8.0,-23.232919316195257,0.0,-0.7484118223610621,3.031735851675144e-06,1.3486071640428932,-1.3498801733972168,-2.6984873374401097,20.129132580846875,19.86036564369742,0.9734740054410226,0.48855950069853055,0.52136717029486
26.7696,-9.1054,kc,2922,8.0,-26.406452001542668,0.0,-0.0002557125973031726,0.7979259282713603,-0.0014841145334917702,0.0014240172836033373,0.0029081318170951073,0.13162409465846084,0.1171957137816409,0.7927799588816249,0.4936584921941611,0.47056995029287685
26.7696,-9.1054,T2M,2922,8.0,-17.556716830337862,4.116165105145366e-30,0.256603792678052,1.0488982718921324e-25,-0.5892944216290212,0.5893777207392198,1.178672142368241,3.0184532232964094,3.035068164260532,1.0110392097089955,0.8587341452888515,0.8392978183080226
26.7696,-9.1054,DTR,2922,8.0,-16.624029773461466,1.688303857444148e-29,0.009720160837040368,0.6560682944911108,-0.08862733287702494,0.08703317362537075,0.17566050650239567,2.837990369698651,2.601115472150948,0.8400350941738828,0.5591446946793163,0.5540510308713062
26.7696,-9.1054,RH2M,2922,8.0,-10.876642869946997,1.32651112478338e-19,-1.003954442701014,1.1179406474401931e-18,2.5827931667807436,-2.5743047113848965,-5.15709787816564,14.084388834243041,14.034817065003871,0.9929731374504721,0.8028129341907064,0.7776976932396849
26.7696,-9.1054,WS10M,2922,8.0,-31.24986895781199,0.0,-0.021277130650990392,0.09609132111846504,0.057846737394478646,-0.05757420716404291,-0.11542094455852156,1.59446056454141,1.595127170403679,1.0008363269974656,0.5766786874684894,0.5645985515215027
26.7696,-9.1054,PRECT,2922,8.0,-13.947520015043786,4.7674701143311104e-26,-0.009340622705533893,0.001270490813716661,0.030299858274098267,-0.03008470286133639,-0.06038456113543465,0.41203759058974176,0.3008263539256818,0.5330378911952873,0.3504038536915848,0.3557899351147358
26.7696,-9.1054,PS,2922,8.0,-13.343949772184107,5.845122513363423e-25,-0.017151829046403066,3.32235030304002e-15,0.0262633698380104,-0.026193851243440643,-0.05245722108145104,0.2804190879112495,0.26300441792169316,0.8796520978970569,0.8083121942788635,0.7963304162419479
26.7696,-9.1054,CLOUD_AMT,2922,8.0,-26.87802219980647,0.0,-0.4189700105983977,0.041540885615105286,0.9433460073009357,-0.9443062856490984,-1.8876522929500341,26.624794391978572,24.622669117028703,0.8552591569738165,0.5659320404170942,0.5561783491203336
26.7696,-9.6054,kc,2922,8.0,-26.406452001542668,0.0,-0.0002557125973031726,0.7979259282713603,-0.0014841145334917702,0.0014240172836033373,0.0029081318170951073,0.13162409465846084,0.1171957137816409,0.7927799588816249,0.4936584921941611,0.47056995029287685
26.7696,-9.6054,T2M,2922,8.0,-17.556716830337862,4.116165105145366e-30,0.256603792678052,1.0488982718921324e-25,-0.5892944216290212,0.5893777207392198,1.178672142368241,3.0184532232964094,3.035068164260532,1.0110392097089955,0.8587341452888515,0.8392978183080226
26.7696,-9.6054,DTR,2922,8.0,-16.624029773461466,1.688303857444148e-29,0.009720160837040368,0.6560682944911108,-0.08862733287702494,0.08703317362537075,0.17566050650239567,2.837990369698651,2.601115472150948,0.8400350941738828,0.5591446946793163,0.5540510308713062
26.7696,-9.6054,RH2M,2922,8.0,-10.876642869946997,1.32651112478338e-19,-1.003954442701014,1.1179406474401931e-18,2.5827931667807436,-2.5743047113848965,-5.15709787816564,14.084388834243041,14.034817065003871,0.9929731374504721,0.8028129341907064,0.7776976932396849
26.7696,-9.6054,WS10M,2922,8.0,-31.24986895781199,0.0,-0.021277130650990392,0.09609132111846504,0.057846737394478646,-0.05757420716404291,-0.11542094455852156,1.59446056454141,1.595127170403679,1.0008363269974656,0.5766786874684894,0.5645985515215027
26.7696,-9.6054,PRECT,2922,8.0,-13.947520015043786,4.7674701143311104e-26,-0.009340622705533893,0.001270490813716661,0.030299858274098267,-0.03008470286133639,-0.06038456113543465,0.41203759058974176,0.3008263539256818,0.5330378911952873,0.3504038536915848,0.3557899351147358
26.7696,-9.6054,PS,2922,8.0,-13.343949772184107,5.845122513363423e-25,-0.017151829046403066,3.32235030304002e-15,0.0262633698380104,-0.026193851243440643,-0.05245722108145104,0.2804190879112495,0.26300441792169316,0.8796520978970569,0.8083121942788635,0.7963304162419479
26.7696,-9.6054,CLOUD_AMT,2922,8.0,-26.87802219980647,0.0,-0.4189700105983977,0.041540885615105286,0.9433460073009357,-0.9443062856490984,-1.8876522929500341,26.624794391978572,24.622669117028703,0.8552591569738165,0.5659320404170942,0.5561783491203336
27.2696,-10.1054,kc,2922,8.0,-16.32617369136236,3.093007729803081e-29,-0.0010052160658316103,0.3019727935762304,-0.0018997828019135495,0.0018797029998878821,0.0037794858018014316,0.12800282875971122,0.1146614291333944,0.8024085846128034,0.43473172907276486,0.48099818768895614
27.2696,-10.1054,T2M,2922,8.0,-11.978264261442542,3.757089300428433e-22,0.2195706158513569,7.290636942749479e-18,-0.5029654004106776,0.5031879192334019,1.0061533196440795,3.1475448942982602,3.177483630453929,1.0191140221437076,0.8579933486344352,0.836078930148081
27.2696,-10.1054,DTR,2922,8.0,-22.888012963947627,0.0,0.045570280822990354,0.051914774421839144,-0.18285339949806065,0.1813355122062514,0.36418891170431206,2.9602729613295766,2.8803911255274333,0.9467589331057507,0.5528026410683408,0.5749928422070159
27.2696,-10.1054,RH2M,2922,8.0,-11.568013699963764,3.1516695912349205e-21,-0.8127904068161437,3.5644104139577594e-11,2.1365432808578597,-2.1299043577458368,-4.2664476386036965,14.882772888928196,15.56311683472492,1.0935167672715451,0.8070195853521748,0.7909299320716972
27.2696,-10.1054,WS10M,2922,8.0,-26.091190066579113,0.0,-0.009534038846893378,0.47923294485933104,0.02485748345881816,-0.024766062057951167,-0.04962354551676933,1.6980739219757643,1.6644163098012232,0.9607507693321133,0.6072579489075425,0.5883455865735643
27.2696,-10.1054,PRECT,2922,8.0,-15.25948535871473,4.88317557424386e-28,-0.005177462834426838,0.14267529864156064,0.022288285962762316,-0.022286382271761194,-0.04457466823452351,0.4604582771187014,0.4190485628918604,0.8282246324828264,0.380619018543927,0.4574042814558996
27.2696,-10.1054,PS,2922,8.0,-13.269875849656323,8.0777049381682895e-25,-0.01681153866740348,6.316159612400168e-15,0.025045220168834433,-0.024968469085101197,-0.05001368925393563,0.2778595586643965,0.26041269254076044,0.8783621494256517,0.8110873441786405,0.7957191277022966
27.2696,-10.1054,CLOUD_AMT,2922,8.0,-28.250487472868855,0.0,-0.7406886039290084,3.449588188774308e-05,1.664438113164499,-1.6632073351585672,-3.327645448323066,22.873156734074442,21.685525257074325,0.8988509462984566,0.4993149765896124,0.5210848515686367
27.2696,-10.6054,kc,2922,8.0,-16.32617369136236,3.093007729803081e-29,-0.0010052160658316103,0.3019727935762304,-0.0018997828019135495,0.0018797029998878821,0.0037794858018014316,0.12800282875971122,0.1146614291333944,0.8024085846128034,0.43473172907276486,0.48099818768895614
27.2696,-10.6054,T2M,2922,8.0,-13.646769885962811,1.6140459615355602e-25,0.1737397343759717,5.924357041824667e-12,-0.39857734428473635,0.39891067761806986,0.7974880219028062,3.137371998266292,3.138627233861515,1.0008003428987113,0.8584074473050722,0.8314221682546548
27.2696,-10.6054,DTR,2922,8.0,-22.565659934813155,0.0,0.043650338430769535,0.08060676559755704,-0.1912352384211727,0.18960665069587052,0.3808418891170432,3.1100510721999,3.114909375033795,1.0031266994466328,0.5820165885888993,0.5788433086769045
27.2696,-10.6054,RH2M,2922,8.0,-11.265620796843976,1.5822399134145158e-20,-0.5146544151069978,3.175556083690047e-05,1.4138318503308238,-1.4091044946383753,-2.8229363449691993,14.870791812512588,15.899868606960375,1.1431912285243733,0.8020787719721011,0.792881288597168
27.2696,-10.6054,WS10M,2922,8.0,-25.678088476777496,0.0,-0.000398717135919144,0.9760805165001873,0.0026516883413187065,-0.002577606662103622,-0.0052292950034223285,1.6738898587127122,1.644706077636516,0.9654345528488921,0.6221982776477261,0.5797511100945414
27.2696,-10.6054,PRECT,2922,8.0,-15.706865500313459,1.3745569894918647e-28,-0.003749295888722144,0.2674381903181497,0.01806413572522489,-0.018131179249381006,-0.036195314974605895,0.42108708743578604,0.4219654093605355,1.00417603850695,0.3727629548804752,0.4693056511718063
27.2696,-10.6054,PS,2922,8.0,-13.2769747765904,7.82997452901436e-25,-0.017191594412937872,1.0726392038586864e-16,0.02591243440565856,-0.025832945471138093,-0.05174537987679666,0.2668498704780857,0.2505018091423794,0.8812268897783738,0.8079031630950482,0.7918445477088675
27.2696,-10.6054,CLOUD_AMT,2922,8.0,-28.250487472868855,0.0,-0.7406886039290084,3.449588188774308e-05,1.664438113164499,-1.6632073351585672,-3.327645448323066,22.873156734074442,21.685525257074325,0.8988509462984566,0.4993149765896124,0.5210848515686367
27.2696,-11.1054,kc,2922,8.0,-33.7296200196549,0.0,-0.0015334187378863023,0.13041245666999735,-0.0018335939882853116,0.001789072152494563,0.003622666140779875,0.13137906961761203,0.12147085654073005,0.8548537550859022,0.4280649473958566,0.44800473714200606
27.2696,-11.1054,T2M,2922,8.0,-13.653235580410165,1.571300558411997e-25,0.12914406986907953,1.1192929675848136e-08,-0.2808295117499429,0.2813813027606664,0.5622108145106093,2.8096842595437064,2.820965658492106,1.0080464894627263,0.8474835208494995,0.8220098529983554
27.2696,-11.1054,DTR,2922,8.0,-18.161183473520712,2.4610779009815706e-30,0.031441758647696424,0.24512977593294982,-0.1561905658224959,0.15480190508783934,0.3109924709103352,3.3281565904389674,3.4161783924107967,1.0535947049872199,0.6283417586223823,0.6266941222589518
27.2696,-11.1054,RH2M,2922,8.0,-10.821290708019083,1.8028448147724345e-19,-0.23572300070167979,0.04423932011516188,0.5944107460643394,-0.592830869267625,-1.1872416153319643,13.876477511407641,15.315448439884682,1.218150541995273,0.7848194733126191,0.7898296739959443
27.2696,-11.1054,WS10M,2922,8.0,-25.368959828831418,0.0,0.017917572363726146,0.16664133966232444,-0.041275815651380394,0.04137989961213776,0.08265571526351816,1.6279798887811443,1.6044879348912098,0.9713479777842673,0.6338742591554853,0.5793763497406176
27.2696,-11.1054,PRECT,2922,8.0,-15.203224105557036,5.7904443894802845e-28,-0.006165323768317739,0.10540328233877208,0.023425448602625,-0.023506780940963513,-0.04693222954358851,0.46173941833541626,0.4872222069624227,1.1134231486866961,0.4129979585790047,0.5480879375933014
27.2696,-11.1054,PS,2922,8.0,-13.438068625942478,3.8940750526524803e-25,-0.01788501880340122,1.1451621117712189e-17,0.02698005932010035,-0.02690084417065955,-0.0538809034907599,0.2685807196654474,0.25323062117413464,0.8889611350661972,0.8096554603742776,0.7918618125784082
27.2696,-11.1054,CLOUD_AMT,2922,8.0,-29.762341433686466,0.0,-0.5034519724743832,0.004094894590027641,1.2769464179785537,-1.2680022473191876,-2.544948665297741,22.12168032738674,21.598915054426275,0.9532957316499531,0.45008135915086733,0.5027160087550492
27.2696,-11.6054,kc,2922,8.0,-33.7296200196549,0.0,-0.0015334187378863023,0.13041245666999735,-0.0018335939882853116,0.001789072152494563,0.003622666140779875,0.13137906961761203,0.12147085654073005,0.8548537550859022,0.4280649473958566,0.44800473714200606
27.2696,-11.6054,T2M,2922,8.0,-12.568862585377515,2.0249255665774904e-23,0.08744347648061047,3.55685045981018e-06,-0.19726145334245945,0.1977693474788958,0.3950308008213552,2.3523137765460627,2.347306612349622,0.9957473062560825,0.8283093273187075,0.8109771420453494
27.2696,-11.6054,DTR,2922,8.0,-17.828709274249476,3.139666106853163e-30,-0.01980710746194435,0.4709909057236651,-0.03835084417065927,0.03741233173625378,0.07576317590691306,3.3341238674439837,3.520465739658393,1.1149022285171073,0.6421357452583859,0.6619370669421921
27.2696,-11.6054,RH2M,2922,8.0,-10.188173813298334,6.425893067551827e-18,0.004952385974697174,0.9635910112972778,0.11068628793064057,-0.11085375313712081,-0.22154004106776137,12.623994802058169,14.392895509176485,1.2998784110483725,0.7637238614555594,0.7840022516435305
27.2696,-11.6054,WS10M,2922,8.0,-24.81192150374287,0.0,0.016417296774931804,0.19483927340676008,-0.04765188227241619,0.047673237508555774,0.09532511978097197,1.5937509421580822,1.56558188209006,0.9649630069889985,0.640408588838855,0.6099284373631532
27.2696,-11.6054,PRECT,2922,8.0,-15.18014080525544,6.214146914616286e-28,-0.006977193387105487,0.08217189935691191,0.029044092075488425,-0.029148215915114153,-0.05819230799060258,0.4819095578519287,0.5177656530997394,1.1543443855282496,0.41251267392183993,0.6282316468812232
27.2696,-11.6054,PS,2922,8.0,-14.111100488312617,2.5190190242952844e-26,-0.01733576758389446,9.809238844449691e-17,0.025412388774811324,-0.025340520191650097,-0.050752908966461424,0.26830953254219825,0.25288806838000705,0.8883507495826245,0.8127163874363406,0.7912296561734041
27.2696,-11.6054,CLOUD_AMT,2922,8.0,-29.762341433686466,0.0,-0.5034519724743832,0.004094894590027641,1.2769464179785537,-1.2680022473191876,-2.544948665297741,22.12168032738674,21.598915054426275,0.9532957316499531,0.45008135915086733,0.5027160087550492
27.2696,-12.1054,kc,2922,8.0,-30.103673929906112,0.0,0.0009526342900968683,0.31900608093582755,-0.005194772622258617,0.005186345724523845,0.010381118346782462,0.12219754927594127,0.11609729166037497,0.9026495813054941,0.39137406857727414,0.4478531494413226
27.2696,-12.1054,T2M,2922,8.0,-12.568862585377515,2.0249255665774904e-23,0.08744347648061047,3.55685045981018e-06,-0.19726145334245945,0.1977693474788958,0.3950308008213552,2.3523137765460627,2.347306612349622,0.9957473062560825,0.8283093273187075,0.8109771420453494
27.2696,-12.1054,DTR,2922,8.0,-17.828709274249476,3.139666106853163e-30,-0.01980710746194435,0.4709909057236651,-0.03835084417065927,0.03741233173625378,0.07576317590691306,3.3341238674439837,3.520465739658393,1.1149022285171073,0.6421357452583859,0.6619370669421921
27.2696,-12.1054,RH2M,2922,8.0,-10.188173813298334,6.425893067551827e-18,0.004952385974697174,0.9635910112972778,0.11068628793064057,-0.11085375313712081,-0.22154004106776137,12.623994802058169,14.392895509176485,1.2998784110483725,0.7637238614555594,0.7840022516435305
27.2696,-12.1054,WS10M,2922,8.0,-24.81192150374287,0.0,0.016417296774931804,0.19483927340676008,-0.04765188227241619,0.047673237508555774,0.09532511978097197,1.5937509421580822,1.56558188209006,0.9649630069889985,0.640408588838855,0.6099284373631532
27.2696,-12.1054,PRECT,2922,8.0,-15.18014080525544,6.214146914616286e-28,-0.006977193387105487,0.08217189935691191,0.029044092075488425,-0.029148215915114153,-0.05819230799060258,0.4819095578519287,0.5177656530997394,1.1543443855282496,0.41251267392183993,0.6282316468812232
27.2696,-12.1054,PS,2922,8.0,-14.111100488312617,2.5190190242952844e-26,-0.01733576758389446,9.809238844449691e-17,0.025412388774811324,-0.025340520191650097,-0.050752908966461424,0.26830953254219825,0.25288806838000705,0.8883507495826245,0.8127163874363406,0.7912296561734041
27.2696,-12.1054,CLOUD_AMT,2922,8.0,-30.695966543865982,0.0,-0.5331830063610298,0.002729492783785895,1.33344568788501,-1.3276562970568107,-2.661101984941821,22.33788596977984,22.01930901225254,0.9716799317305258,0.41512929608094923,0.48772465432564266
27.2696,-12.6054,kc,2922,8.0,-30.103673929906112,0.0,0.0009526342900968683,0.31900608093582755,-0.005194772622258617,0.005186345724523845,0.010381118346782462,0.12219754927594127,0.11609729166037497,0.9026495813054941,0.39137406857727414,0.4478531494413226
27.2696,-12.6054,T2M,2922,8.0,-12.175128019894812,1.3918870653266688e-22,0.09929683220460613,1.101766555345102e-09,-0.20516018708647038,0.20557218799908744,0.4107323750855578,2.0431718565697277,2.0154540662071754,0.9730519195616835,0.8239062401274493,0.8156304187913888
27.2696,-12.6054,DTR,2922,8.0,-12.55894022779137,2.1236073057205287e-23,0.014429675548949358,0.5677288001554356,-0.07463947068218124,0.0741284964636094,0.14876796714579066,3.0597709032190505,3.2384322429844232,1.1201903030246378,0.6474537880201584,0.65420169098069
27.2696,-12.6054,RH2M,2922,8.0,-10.229267024797466,5.079341129185593e-18,-0.0611263529529989,0.5303391532278743,0.19401673511293593,-0.19482652292950062,-0.3888432580424366,11.366459616848914,12.894383321257243,1.2869175596444606,0.7487559082407417,0.772398549247305
27.2696,-12.6054,WS10M,2922,8.0,-24.299413974218787,0.0,0.023794077663569203,0.046087383379579155,-0.0670945585215606,0.0670190622861054,0.13411362080766598,1.4977503745412988,1.4773062225697586,0.9728865077394211,0.6392257482661743,0.6309466646210498
27.2696,-12.6054,PRECT,2922,8.0,-15.472002629354822,2.622480294636589e-28,-0.007286775275542251,0.07379626861223391,0.027103184499619123,-0.027193088307196172,-0.054296272806815295,0.49664287921676703,0.5190807393057101,1.0923992744082878,0.42243329113729916,0.5790039720896971
27.2696,-12.6054,PS,2922,8.0,-14.166043655098479,2.041517260168199e-26,-0.017902233440457282,2.0166599379453837e-17,0.02651649555099245,-0.026447227926078006,-0.05296372347707046,0.2705633037912551,0.25589221910488513,0.8944918219960518,0.8138698051949144,0.7912866810225989
27.2696,-12.6054,CLOUD_AMT,2922,8.0,-30.695966543865982,0.0,-0.5331830063610298,0.002729492783785895,1.33344568788501,-1.3276562970568107,-2.661101984941821,22.33788596977984,22.01930901225254,0.9716799317305258,0.41512929608094923,0.48772465432564266
27.2696,-13.1054,kc,2922,8.0,-34.96523010532025,0.0,0.002483015555882195,0.011452726315608931,-0.007089775124566618,0.007123028336327011,0.014212803460893628,0.12764033789675983,0.116915036173752,0.839005574392437,0.36009159556939596,0.46438575354684974
27.2696,-13.1054,T2M,2922,8.0,-11.56175592096791,3.2574500049431405e-21,0.05138060089132419,5.644938288566937e-06,-0.11250668491900524,0.11305115217887288,0.22555783709787813,1.4658815744886453,1.3526876221623358,0.8515247197909277,0.816938975433075,0.8029573645363223
27.2696,-13.1054,DTR,2922,8.0,-17.942639867777736,2.8570826853731943e-30,0.0002876646900715436,0.9884272903747308,-0.04644419347478901,0.04649215149441021,0.09293634496919922,2.4694117740997146,2.4791898920283253,1.0079350695697207,0.6711508426717755,0.6601344585692381
27.2696,-13.1054,RH2M,2922,8.0,-12.235151170949901,1.0321764979188563e-22,0.1524320579338477,0.04846143888592494,-0.14789022359114803,0.14553208989276706,0.2934223134839151,9.138843925546336,10.118659071702403,1.2259236010781573,0.7093243227954336,0.723612174899407
27.2696,-13.1054,WS10M,2922,8.0,-23.98007244943835,0.0,0.011728815765787241,0.33294050465517344,-0.047205407255304616,0.046887679671457884,0.09409308692676249,1.5348697081902094,1.486740522930514,0.9382689133138301,0.6430298362668442,0.6530951029044634
27.2696,-13.1054,PRECT,2922,8.0,-14.942781100269283,1.315022198383223e-27,-0.008906894353786068,0.015530999697736083,0.0343336017840593,-0.034429012946539404,-0.0687626147305987,0.4527916184744982,0.46365451101045335,1.04855742704052,0.408965167118257,0.640602387210357
27.2696,-13.1054,PS,2922,8.0,-14.155927220356105,2.1217390743977646e-26,-0.018109053870757636,6.632722921525786e-17,0.02660161989504981,-0.026540063883184327,-0.05314168377823414,0.2787844007134982,0.26263382828397336,0.8874918832741607,0.8186051808158924,0.7942864830629557
27.2696,-13.1054,CLOUD_AMT,2922,8.0,-28.284609684587135,0.0,-0.6719707992414693,0.00031932086602026754,1.2551706707734427,-1.2578409650924023,-2.513011635865845,23.454582634908807,23.12327866621123,0.9719488440177568,0.48729477005645855,0.5482176328126193
27.2696,-9.1054,kc,2922,8.0,-32.34346783299658,0.0,-2.7697229611799074e-06,0.9976959229377972,-0.003292156832447898,0.003268410962080307,0.006560567794528205,0.12661611994580727,0.11222685035898634,0.785625457139804,0.4389411020311273,0.5119681008255029
27.2696,-9.1054,T2M,2922,8.0,-17.92674388535598,2.8929622349025152e-30,0.26099144327830964,4.294120286322765e-25,-0.5779118640200775,0.5780771845767739,1.1559890485968514,3.107297611147482,3.1390299901255405,1.0205287113401336,0.8582952999507092,0.8390636482967629
27.2696,-9.1054,DTR,2922,8.0,-16.872262821719616,1.0787941101280813e-29,0.03986361692665667,0.07344464550746131,-0.1533251654118183,0.1519178188455396,0.30524298425735785,2.8581850715217247,2.690084090397646,0.8858312944946864,0.5488751833000992,0.5615410154737088
27.2696,-9.1054,RH2M,2922,8.0,-11.02229289875048,5.945843904933362e-20,-1.084862946987046,8.991122287260338e-20,2.6491263289984026,-2.6421809947524526,-5.291307323750855,14.655384860913728,14.834783685104611,1.0246321540141412,0.8109950584500882,0.7849856654969577
27.2696,-9.1054,WS10M,2922,8.0,-22.543845202091124,0.0,-0.015328685314958866,0.2742835590978279,0.04350126625598904,-0.043322826830937695,-0.08682409308692673,1.745151813020609,1.7533178931543387,1.009380485779615,0.6027022671116611,0.6023649682503418
27.2696,-9.1054,PRECT,2922,8.0,-14.466689894905716,6.7088491139243e-27,-0.008364056792655776,0.0068465970734736805,0.027132498109348334,-0.027059903066807348,-0.05419240117615568,0.43469189069730063,0.3284208931474508,0.570819076908939,0.3813521144067567,0.41637146594270297
27.2696,-9.1054,PS,2922,8.0,-13.351622884178138,5.6535856803777645e-25,-0.017148132666313955,3.041576894561075e-14,0.02570312571298226,-0.025631576545744435,-0.051334702258726696,0.29078931221378523,0.2727338526206582,0.8796729025993267,0.8116413982817798,0.7985871456591439
27.2696,-9.1054,CLOUD_AMT,2922,8.0,-27.913723391797728,0.0,-0.42257114594692974,0.030201801695663985,1.1121687999087384,-1.1139571412274696,-2.2261259411362078,25.111654237872013,23.48593897824785,0.8747122535053901,0.538559396958164,0.5629376413452866
27.2696,-9.6054,kc,2922,8.0,-32.34346783299658,0.0,-2.7697229611799074e-06,0.9976959229377972,-0.003292156832447898,0.003268410962080307,0.006560567794528205,0.12661611994580727,0.11222685035898634,0.785625457139804,0.4389411020311273,0.5119681008255029
27.2696,-9.6054,T2M,2922,8.0,-17.92674388535598,2.8929622349025152e-30,0.26099144327830964,4.294120286322765e-25,-0.5779118640200775,0.5780771845767739,1.1559890485968514,3.107297611147482,3.1390299901255405,1.0205287113401336,0.8582952999507092,0.8390636482967629
27.2696,-9.6054,DTR,2922,8.0,-16.872262821719616,1.0787941101280813e-29,0.03986361692665667,0.07344464550746131,-0.1533251654118183,0.1519178188455396,0.30524298425735785,2.8581850715217247,2.690084090397646,0.8858312944946864,0.5488751833000992,0.5615410154737088
27.2696,-9.6054,RH2M,2922,8.0,-11.02229289875048,5.945843904933362e-20,-1.084862946987046,8.991122287260338e-20,2.6491263289984026,-2.6421809947524526,-5.291307323750855,14.655384860913728,14.834783685104611,1.0246321540141412,0.8109950584500882,0.7849856654969577
27.2696,-9.6054,WS10M,2922,8.0,-22.543845202091124,0.0,-0.015328685314958866,0.2742835590978279,0.04350126625598904,-0.043322826830937695,-0.08682409308692673,1.745151813020609,1.7533178931543387,1.009380485779615,0.6027022671116611,0.6023649682503418
27.2696,-9.6054,PRECT,2922,8.0,-14.466689894905716,6.7088491139243e-27,-0.008364056792655776,0.0068465970734736805,0.027132498109348334,-0.027059903066807348,-0.05419240117615568,0.43469189069730063,0.3284208931474508,0.570819076908939,0.3813521144067567,0.41637146594270297
27.2696,-9.6054,PS,2922,8.0,-13.351622884178138,5.6535856803777645e-25,-0.017148132666313955,3.041576894561075e-14,0.02570312571298226,-0.025631576545744435,-0.051334702258726696,0.29078931221378523,0.2727338526206582,0.8796729025993267,0.8116413982817798,0.7985871456591439
27.2696,-9.6054,CLOUD_AMT,2922,8.0,-27.913723391797728,0.0,-0.42257114594692974,0.030201801695663985,1.1121687999087384,-1.1139571412274696,-2.2261259411362078,25.111654237872013,23.48593897824785,0.8747122535053901,0.538559396958164,0.5629376413452866
27.7696,-10.1054,kc,2922,8.0,-16.32617369136236,3.093007729803081e-29,-0.0010052160658316103,0.3019727935762304,-0.0018997828019135495,0.0018797029998878821,0.0037794858018014316,0.12800282875971122,0.1146614291333944,0.8024085846128034,0.43473172907276486,0.48099818768895614
27.7696,-10.1054,T2M,2922,8.0,-12.286758700279163,7.993479172426615e-23,0.18343526761217951,5.606933326528916e-13,-0.4142305612594115,0.4143662902121834,0.8285968514715949,3.1623251189757373,3.1615350673223506,0.9995003973763805,0.8506906164301371,0.8270497418801503
27.7696,-10.1054,DTR,2922,8.0,-22.705957550489295,0.0,0.05278963790818152,0.03370809957096146,-0.20650298882044263,0.2051054985169975,0.41160848733744015,3.11572238308992,3.076869529723406,0.9752156306916558,0.5677631882532278,0.5836674516791321
27.7696,-10.1054,RH2M,2922,8.0,-11.55971953552463,3.2926443462049433e-21,-0.59904562036935,1.267490238858483e-06,1.5827274127310067,-1.5776764202600957,-3.1604038329911024,14.953184078185242,15.79352621224666,1.115554652459626,0.7969406121519702,0.7895198499089479
27.7696,-10.1054,WS10M,2922,8.0,-25.384638126571506,0.0,-0.0073189546763600235,0.6041551063575756,0.020994889345197363,-0.021024275610312552,-0.04201916495550992,1.774359863171365,1.7485876806777854,0.9711614138547504,0.6201406975661445,0.6065379748259605
27.7696,-10.1054,PRECT,2922,8.0,-15.189160831098603,6.044717637519926e-28,-0.0015277042022700327,0.5900222046445694,0.012394030853468222,-0.012481776149985519,-0.02487580700345374,0.3577354225635784,0.34940275965887607,0.9539569367632987,0.4054167398554901,0.482008282305333
27.7696,-10.1054,PS,2922,8.0,-13.290660847050713,7.374253594006797e-25,-0.017477114300715902,2.8654065872039085e-15,0.026249942961441636,-0.026173054985170092,-0.05242299794661173,0.28537365612001653,0.2671439399036124,0.876320345632607,0.8097543796627613,0.7940870233051947
27.7696,-10.1054,CLOUD_AMT,2922,8.0,-28.250487472868855,0.0,-0.7406886039290084,3.449588188774308e-05,1.664438113164499,-1.6632073351585672,-3.327645448323066,22.873156734074442,21.685525257074325,0.8988509462984566,0.4993149765896124,0.5210848515686367
27.7696,-10.6054,kc,2922,8.0,-16.32617369136236,3.093007729803081e-29,-0.0010052160658316103,0.3019727935762304,-0.0018997828019135495,0.0018797029998878821,0.0037794858018014316,0.12800282875971122,0.1146614291333944,0.8024085846128034,0.43473172907276486,0.48099818768895614
27.7696,-10.6054,T2M,2922,8.0,-13.805349662128702,8.422237853262286e-26,0.14450526628752614,3.7704553225390905e-09,-0.32177251882272406,0.322053627652293,0.643826146475017,3.072090254593632,3.030827240740842,0.9733172551571836,0.8487410085791239,0.8178827073841656
27.7696,-10.6054,DTR,2922,8.0,-22.253479719856873,0.0,0.048955993986003664,0.07692994515271963,-0.20521545744923586,0.2035593543235227,0.40877481177275854,3.438611977686861,3.4585082174320223,1.0116057298367351,0.6074185524034899,0.5953570777813498
27.7696,-10.6054,RH2M,2922,8.0,-11.728026241622135,1.362718810801047e-21,-0.3695352501843797,0.003175574010332502,0.9734207278120005,-0.9712267738991562,-1.9446475017111569,15.096799292272369,16.109394418029964,1.1386458485253674,0.7855637471055537,0.7842479415858998
27.7696,-10.6054,WS10M,2922,8.0,-23.499700655233305,0.0,0.0035777814528155684,0.7925211482694926,-0.0021124686287930265,0.0020627538215834047,0.004175222450376432,1.709094288465171,1.6853619810287663,0.9724210239237554,0.6305672073295553,0.5896911880080874
27.7696,-10.6054,PRECT,2922,8.0,-15.858848745199799,9.26267115222755e-29,0.0009277105748417911,0.7525725735564045,0.008161266533166907,-0.008271642594923542,-0.01643290912809045,0.3588644416095039,0.37519266804319046,1.0930696343522686,0.4081556431127688,0.525969681666616
27.7696,-10.6054,PS,2922,8.0,-13.325507024099034,6.333397050767537e-25,-0.017482154073695456,3.9039352696562984e-16,0.025984736481861868,-0.025904380561259294,-0.05188911704312116,0.2767381879861049,0.2594104504154567,0.8786921561943454,0.8093034437733964,0.7907696001800607
27.7696,-10.6054,CLOUD_AMT,2922,8.0,-28.250487472868855,0.0,-0.7406886039290084,3.449588188774308e-05,1.664438113164499,-1.6632073351585672,-3.327645448323066,22.873156734074442,21.685525257074325,0.8988509462984566,0.4993149765896124,0.5210848515686367
27.7696,-11.1054,kc,2922,8.0,-33.7296200196549,0.0,-0.0015334187378863023,0.13041245666999735,-0.0018335939882853116,0.001789072152494563,0.003622666140779875,0.13137906961761203,0.12147085654073005,0.8548537550859022,0.4280649473958566,0.44800473714200606
27.7696,-11.1054,T2M,2922,8.0,-12.866663153836077,4.978483994236458e-24,0.09730172979110184,9.956459074389755e-07,-0.20493149669176355,0.20555447182295236,0.4104859685147159,2.5322731499585656,2.4230669492662473,0.9156083137656904,0.8363392237720539,0.8042388571092745
27.7696,-11.1054,DTR,2922,8.0,-25.722582460679426,0.0,0.014771266864002175,0.604002887750121,-0.10540331964407945,0.10407648870636561,0.20947980835044505,3.520138580782217,3.5842746646344423,1.0367714818201907,0.6487149098942564,0.6404967938121348
27.7696,-11.1054,RH2M,2922,8.0,-11.800817309355377,9.340418053017084e-22,-0.07900221718388076,0.4852511490188301,0.19758189596166953,-0.19893418891170467,-0.3965160848733742,13.743750918609157,14.49609268558505,1.1124778246805094,0.7519805329062647,0.7579954822048987
27.7696,-11.1054,WS10M,2922,8.0,-25.30100602035124,0.0,0.011256508340338228,0.3858921261705694,-0.023568822724161508,0.02365225872689941,0.04722108145106092,1.6377105483826429,1.6017873642462024,0.9566111403339459,0.6292704277817166,0.5888598233512968
27.7696,-11.1054,PRECT,2922,8.0,-15.120563093286151,7.470588428250312e-28,0.0010992656964427644,0.7179429343922085,0.007270892208850791,-0.00737587834808558,-0.014646770556936372,0.36753545917540376,0.39145405394397426,1.1343918540759057,0.41420155389926555,0.5295036748149543
27.7696,-11.1054,PS,2922,8.0,-14.147574724291864,2.1904599408437008e-26,-0.01805021484330855,6.888316316397664e-17,0.026729226557152576,-0.026652019164955642,-0.053381245722108214,0.27823480907322906,0.2616573649466757,0.8843883284162972,0.8100574296357697,0.7894372274158421
27.7696,-11.1054,CLOUD_AMT,2922,8.0,-29.762341433686466,0.0,-0.5034519724743832,0.004094894590027641,1.2769464179785537,-1.2680022473191876,-2.544948665297741,22.12168032738674,21.598915054426275,0.9532957316499531,0.45008135915086733,0.5027160087550492
27.7696,-11.6054,kc,2922,8.0,-33.7296200196549,0.0,-0.0015334187378863023,0.13041245666999735,-0.0018335939882853116,0.001789072152494563,0.003622666140779875,0.13137906961761203,0.12147085654073005,0.8548537550859022,0.4280649473958566,0.44800473714200606
27.7696,-11.6054,T2M,2922,8.0,-12.361412611883853,5.535785889235092e-23,0.06712483528211191,1.8902261483127929e-06,-0.1304214921286788,0.13107063655030818,0.26149212867898697,1.8142911787087792,1.6966251713434255,0.8744960133333252,0.8080078267007071,0.7883167438538823
27.7696,-11.6054,DTR,2922,8.0,-18.20887147801519,2.395507997259233e-30,0.002086692352369994,0.9329645763301684,-0.04468425735797396,0.043850992470910365,0.08853524982888433,3.0244830074292706,3.1643781084127283,1.0946478918795348,0.6408483093541115,0.6311408647012046
27.7696,-11.6054,RH2M,2922,8.0,-12.191750468194781,1.2810505825000207e-22,0.13133699713389993,0.1622605082085473,-0.29367470910335364,0.2916435660506502,0.5853182751540038,11.37398511604319,12.066360389761158,1.1254527678217943,0.7017041926456721,0.713412168181706
27.7696,-11.6054,WS10M,2922,8.0,-24.97566650759072,0.0,0.0011497475487179032,0.9273611166519826,-0.006062240474560767,0.00616226328998406,0.012224503764544828,1.6070979074624174,1.5395838197413474,0.9177449538016915,0.6343601822458099,0.60416674978114
27.7696,-11.6054,PRECT,2922,8.0,-15.30087794138836,4.314455539854282e-28,-0.00025092055401558104,0.9355830765340383,0.011153688243969279,-0.011220504477487184,-0.022374192721456465,0.3658723003183011,0.40748225816313005,1.240390258124601,0.38889074619958885,0.5871186697562913
27.7696,-11.6054,PS,2922,8.0,-14.173514749144276,1.9843161556704596e-26,-0.017970764339020787,2.301730310332363e-16,0.026062103582021788,-0.02599128450832707,-0.05205338809034886,0.2815208758415292,0.26551730827017955,0.8895379141355281,0.812151920036777,0.7878927611566341
27.7696,-11.6054,CLOUD_AMT,2922,8.0,-29.762341433686466,0.0,-0.5034519724743832,0.004094894590027641,1.2769464179785537,-1.2680022473191876,-2.544948665297741,22.12168032738674,21.598915054426275,0.9532957316499531,0.45008135915086733,0.5027160087550492
27.7696,-12.1054,kc,2922,8.0,-30.103673929906112,0.0,0.0009526342900968683,0.31900608093582755,-0.005194772622258617,0.005186345724523845,0.010381118346782462,0.12219754927594127,0.11609729166037497,0.9026495813054941,0.39137406857727414,0.4478531494413226
27.7696,-12.1054,T2M,2922,8.0,-12.361412611883853,5.535785889235092e-23,0.06712483528211191,1.8902261483127929e-06,-0.1304214921286788,0.13107063655030818,0.26149212867898697,1.8142911787087792,1.6966251713434255,0.8744960133333252,0.8080078267007071,0.7883167438538823
27.7696,-12.1054,DTR,2922,8.0,-18.20887147801519,2.395507997259233e-30,0.002086692352369994,0.9329645763301684,-0.04468425735797396,0.043850992470910365,0.08853524982888433,3.0244830074292706,3.1643781084127283,1.0946478918795348,0.6408483093541115,0.6311408647012046
27.7696,-12.1054,RH2M,2922,8.0,-12.191750468194781,1.2810505825000207e-22,0.13133699713389993,0.1622605082085473,-0.29367470910335364,0.2916435660506502,0.5853182751540038,11.37398511604319,12.066360389761158,1.1254527678217943,0.7017041926456721,0.713412168181706
27.7696,-12.1054,WS10M,2922,8.0,-24.97566650759072,0.0,0.0011497475487179032,0.9273611166519826,-0.006062240474560767,0.00616226328998406,0.012224503764544828,1.6070979074624174,1.5395838197413474,0.9177449538016915,0.6343601822458099,0.60416674978114
27.7696,-12.1054,PRECT,2922,8.0,-15.30087794138836,4.314455539854282e-28,-0.00025092055401558104,0.9355830765340383,0.011153688243969279,-0.011220504477487184,-0.022374192721456465,0.3658723003183011,0.40748225816313005,1.240390258124601,0.38889074619958885,0.5871186697562913
27.7696,-12.1054,PS,2922,8.0,-14.173514749144276,1.9843161556704596e-26,-0.017970764339020787,2.301730310332363e-16,0.026062103582021788,-0.02599128450832707,-0.05205338809034886,0.2815208758415292,0.26551730827017955,0.8895379141355281,0.812151920036777,0.7878927611566341
27.7696,-12.1054,CLOUD_AMT,2922,8.0,-30.695966543865982,0.0,-0.5331830063610298,0.002729492783785895,1.33344568788501,-1.3276562970568107,-2.661101984941821,22.33788596977984,22.01930901225254,0.9716799317305258,0.41512929608094923,0.48772465432564266
27.7696,-12.6054,kc,2922,8.0,-30.103673929906112,0.0,0.0009526342900968683,0.31900608093582755,-0.005194772622258617,0.005186345724523845,0.010381118346782462,0.12219754927594127,0.11609729166037497,0.9026495813054941,0.39137406857727414,0.4478531494413226
27.7696,-12.6054,T2M,2922,8.0,-11.638884493195501,2.1710631798375707e-21,0.041134564983732316,7.672639096046391e-05,-0.07119723933378964,0.07166381473876349,0.14286105407255312,1.3684103386655997,1.2230972184248223,0.7988941914860549,0.8117593016473997,0.8014610607861419
27.7696,-12.6054,DTR,2922,8.0,-25.224793405302815,0.0,-0.0006402277302762072,0.9729723523216797,-0.011668457677389913,0.011377401323294584,0.023045859000684496,2.3448302628111075,2.370965381186586,1.022415923064648,0.6142334925942149,0.614998039899122
27.7696,-12.6054,RH2M,2922,8.0,-12.739364914044248,9.014455203973905e-24,0.24268502718935864,0.001164275678255699,-0.527365411818389,0.5250507415012551,1.052416153319644,9.08003978009509,9.551152796780945,1.1064609301450143,0.6826716834035641,0.6917417099554614
27.7696,-12.6054,WS10M,2922,8.0,-24.58990797333992,0.0,-0.0021800455676057543,0.8619337625880474,-0.004736265115217854,0.004777766370066187,0.009514031485284041,1.6111247755502294,1.5157765198668038,0.8851400633491553,0.6317504471758154,0.6324625611226402
27.7696,-12.6054,PRECT,2922,8.0,-15.246526169161909,5.077573598051164e-28,0.0013066508153612615,0.6843966403708688,0.007866504328929387,-0.007966107579110532,-0.015832611908039917,0.38085467711175086,0.4202878332079168,1.2177974186520497,0.40260375321362774,0.5988823649709379
27.7696,-12.6054,PS,2922,8.0,-14.14760017294668,2.190247055639941e-26,-0.018449416279977534,1.372509019504161e-16,0.026649691991785733,-0.02658097193702982,-0.05323066392881555,0.2871160270671112,0.2703041120540367,0.8863197632118407,0.8169547006794632,0.7923304946580995
27.7696,-12.6054,CLOUD_AMT,2922,8.0,-30.695966543865982,0.0,-0.5331830063610298,0.002729492783785895,1.33344568788501,-1.3276562970568107,-2.661101984941821,22.33788596977984,22.01930901225254,0.9716799317305258,0.41512929608094923,0.48772465432564266
27.7696,-9.1054,kc,2922,8.0,-32.34346783299658,0.0,-2.7697229611799074e-06,0.9976959229377972,-0.003292156832447898,0.003268410962080307,0.006560567794528205,0.12661611994580727,0.11222685035898634,0.785625457139804,0.4389411020311273,0.5119681008255029
27.7696,-9.1054,T2M,2922,8.0,-18.523113533635286,2.107524063665345e-30,0.23280066555923618,3.375578083266934e-20,-0.508243132557609,0.508375621720283,1.016618754277892,3.1262696831722323,3.1485026698038485,1.014273908320949,0.8533730810148633,0.8378017656915561
27.7696,-9.1054,DTR,2922,8.0,-16.80448661762928,1.2128587793171002e-29,0.03861747566754736,0.09633008158851968,-0.15965354779831167,0.1582177732146932,0.31787132101300486,2.978658972403379,2.807044890820556,0.8880903456831571,0.5672193917095382,0.571501088355157
27.7696,-9.1054,RH2M,2922,8.0,-11.209328353530335,2.1450567803796552e-20,-0.9008589653555721,4.9635476976247875e-14,2.1818569130732377,-2.1765345995893224,-4.3583915126625605,14.634455732808155,15.035156125076355,1.0555109272512992,0.8014366777276962,0.7893663436150251
27.7696,-9.1054,WS10M,2922,8.0,-14.187806318004505,1.8795243350413104e-26,-0.015050639001752499,0.28777410410137744,0.037789482089892745,-0.03782995665069588,-0.07561943874058863,1.762085116115098,1.7708804280189885,1.0100077599925639,0.6002937138757192,0.6169675609084813
27.7696,-9.1054,PRECT,2922,8.0,-14.390669141438224,8.835802031526853e-27,-0.005127867119657928,0.03621059983962033,0.016929590421368875,-0.016976090023075034,-0.033905680444443906,0.3423660260039457,0.26267981115635236,0.5886702215517505,0.4242926906401236,0.3833660573584317
27.7696,-9.1054,PS,2922,8.0,-13.29990245312186,7.082082969262502e-25,-0.017686285668574525,1.1146901146964504e-14,0.026810666210357714,-0.026741695185946095,-0.05355236139630381,0.29529330658315256,0.2761494075957253,0.8745427140458276,0.8092068769400709,0.795367127232515
27.7696,-9.1054,CLOUD_AMT,2922,8.0,-27.913723391797728,0.0,-0.42257114594692974,0.030201801695663985,1.1121687999087384,-1.1139571412274696,-2.2261259411362078,25.111654237872013,23.48593897824785,0.8747122535053901,0.538559396958164,0.5629376413452866
27.7696,-9.6054,kc,2922,8.0,-32.34346783299658,0.0,-2.7697229611799074e-06,0.9976959229377972,-0.003292156832447898,0.003268410962080307,0.006560567794528205,0.12661611994580727,0.11222685035898634,0.785625457139804,0.4389411020311273,0.5119681008255029
27.7696,-9.6054,T2M,2922,8.0,-18.523113533635286,2.107524063665345e-30,0.23280066555923618,3.375578083266934e-20,-0.508243132557609,0.508375621720283,1.016618754277892,3.1262696831722323,3.1485026698038485,1.014273908320949,0.8533730810148633,0.8378017656915561
27.7696,-9.6054,DTR,2922,8.0,-16.80448661762928,1.2128587793171002e-29,0.03861747566754736,0.09633008158851968,-0.15965354779831167,0.1582177732146932,0.31787132101300486,2.978658972403379,2.807044890820556,0.8880903456831571,0.5672193917095382,0.571501088355157
27.7696,-9.6054,RH2M,2922,8.0,-11.209328353530335,2.1450567803796552e-20,-0.9008589653555721,4.9635476976247875e-14,2.1818569130732377,-2.1765345995893224,-4.3583915126625605,14.634455732808155,15.035156125076355,1.0555109272512992,0.8014366777276962,0.7893663436150251
27.7696,-9.6054,WS10M,2922,8.0,-14.187806318004505,1.8795243350413104e-26,-0.015050639001752499,0.28777410410137744,0.037789482089892745,-0.03782995665069588,-0.07561943874058863,1.762085116115098,1.7708804280189885,1.0100077599925639,0.6002937138757192,0.6169675609084813
27.7696,-9.6054,PRECT,2922,8.0,-14.390669141438224,8.835802031526853e-27,-0.005127867119657928,0.03621059983962033,0.016929590421368875,-0.016976090023075034,-0.033905680444443906,0.3423660260039457,0.26267981115635236,0.5886702215517505,0.4242926906401236,0.3833660573584317
27.7696,-9.6054,PS,2922,8.0,-13.29990245312186,7.082082969262502e-25,-0.017686285668574525,1.1146901146964504e-14,0.026810666210357714,-0.026741695185946095,-0.05355236139630381,0.29529330658315256,0.2761494075957253,0.8745427140458276,0.8092068769400709,0.795367127232515
27.7696,-9.6054,CLOUD_AMT,2922,8.0,-27.913723391797728,0.0,-0.42257114594692974,0.030201801695663985,1.1121687999087384,-1.1139571412274696,-2.2261259411362078,25.111654237872013,23.48593897824785,0.8747122535053901,0.538559396958164,0.5629376413452866
28.2696,-10.1054,kc,2922,8.0,-16.77423939332105,1.2795483457619564e-29,0.00033195355678258554,0.7592987764644525,-0.004994016683444698,0.005023560587572272,0.010017577271016969,0.14381743135022493,0.1257728327671093,0.7648048434580733,0.4226648528152533,0.46597326412293494
28.2696,-10.1054,T2M,2922,8.0,-13.831206023247987,7.586591603835842e-26,0.16220367675039,4.439953384744038e-10,-0.3573545744923567,0.35741613050422094,0.7147707049965777,3.235042180440174,3.236848898073365,1.001117278875125,0.8474693525113747,0.8255908089416857
28.2696,-10.1054,DTR,2922,8.0,-22.22819325889497,0.0,0.05031254176142354,0.057443712080611456,-0.1893307551905087,0.1882530914898472,0.37758384668035594,3.3344271991930756,3.2652934741221054,0.9589632429320557,0.5858061226448873,0.6026089318049962
28.2696,-10.1054,RH2M,2922,8.0,-11.71148818330719,1.485313177082088e-21,-0.5243632461174248,3.5727754610003883e-05,1.2766233744010953,-1.2749235112936348,-2.55154688569473,15.352665130359735,16.23747764459955,1.1185865107209187,0.7953259025745659,0.7939904197833669
28.2696,-10.1054,WS10M,2922,8.0,-13.736822716214448,1.11333098813552e-25,-0.003920569172260332,0.7920983282173895,0.014050752908966497,-0.014217556468172484,-0.02826830937713898,1.863706110558274,1.8481850039356176,0.9834131830421301,0.6355085783073532,0.6175772690507272
28.2696,-10.1054,PRECT,2922,8.0,-15.696319385538253,1.4136914386188032e-28,-4.305834419562375e-05,0.9886542036455002,0.010054163486587886,-0.01017420527019429,-0.020228368756782175,0.37052057945585953,0.3847432764220731,1.0782448908829474,0.4666310561557286,0.5529814820198897
28.2696,-10.1054,PS,2922,8.0,-13.27388658636668,7.936765123903629e-25,-0.017862320207006566,3.3278465357043318e-15,0.026795094684006298,-0.026723043577458225,-0.05351813826146452,0.2925863191325858,0.27343541708970354,0.8733765001023431,0.8102881494508213,0.7936018112756041
28.2696,-10.1054,CLOUD_AMT,2922,8.0,-18.512524274478718,2.1136548285823506e-30,-0.7337328150827302,4.171687107910256e-06,1.916304369153548,-1.9187401209217427,-3.8350444900752905,20.53774195358801,19.108312171631617,0.8656438934444856,0.43109903668716293,0.47295565905498055
28.2696,-10.6054,kc,2922,8.0,-16.77423939332105,1.2795483457619564e-29,0.00033195355678258554,0.7592987764644525,-0.004994016683444698,0.005023560587572272,0.010017577271016969,0.14381743135022493,0.1257728327671093,0.7648048434580733,0.4226648528152533,0.46597326412293494
28.2696,-10.6054,T2M,2922,8.0,-13.819746993090432,7.945750357965668e-26,0.1069892468836389,1.0251944369592486e-06,-0.23475395847592984,0.23497910107232484,0.46973305954825467,2.764862568881429,2.6895290259637994,0.9462488686956227,0.838942538424708,0.8084346920850294
28.2696,-10.6054,DTR,2922,8.0,-22.31102246559653,0.0,0.03240632469841297,0.2691353285155724,-0.16131363221537762,0.1600005361624458,0.32131416837782345,3.6407496079934853,3.671512802723826,1.0169707712643683,0.645658376943104,0.6269996955653033
28.2696,-10.6054,RH2M,2922,8.0,-11.976119869203655,3.7983356731490506e-22,-0.17736768926935942,0.13611737168808918,0.4313828428017339,-0.4317999087383072,-0.8631827515400411,14.356352201763798,15.320871161075448,1.1388819564207326,0.7608260291319593,0.7727782629746082
28.2696,-10.6054,WS10M,2922,8.0,-23.3001915753863,0.0,0.004356610552977759,0.7522468037982536,-0.0007157996805840646,0.000577834816335839,0.0012936344969199038,1.731501861987674,1.712671165017242,0.978367563874036,0.6334641100942844,0.5959823295468989
28.2696,-10.6054,PRECT,2922,8.0,-15.144280789028066,6.940281931050412e-28,0.0009016336933717381,0.7707161608310168,0.009021888990886668,-0.009146114752856892,-0.018168003743743562,0.3780371928751871,0.3936846439506347,1.0844958408946759,0.4772254025992154,0.591652522071849
28.2696,-10.6054,PS,2922,8.0,-13.408571989276133,4.420045820954045e-25,-0.018092256481929327,2.1736860681304299e-16,0.027056217202829073,-0.02698211270819103,-0.0540383299110201,0.28372794961355413,0.2663518708481988,0.8812665053060914,0.8082550421271327,0.7872395746663506
28.2696,-10.6054,CLOUD_AMT,2922,8.0,-18.512524274478718,2.1136548285823506e-30,-0.7337328150827302,4.171687107910256e-06,1.916304369153548,-1.9187401209217427,-3.8350444900752905,20.53774195358801,19.108312171631617,0.8656438934444856,0.43109903668716293,0.47295565905498055
28.2696,-11.1054,kc,2922,8.0,-29.392729590483285,0.0,0.0007000273297709503,0.5687994264396953,-0.0033035336940539536,0.0033008285081243534,0.006604362202178307,0.15805098813764892,0.14832377865768567,0.8806982452348677,0.43326366490474993,0.48354156741073606
28.2696,-11.1054,T2M,2922,8.0,-10.70301930320634,3.48410773045635e-19,0.04430306984600645,0.0005337105740605431,-0.08842053388090355,0.08890321697467492,0.17732375085557847,1.665220731338366,1.5224687239400394,0.8358977212415968,0.8339877794135934,0.7997550019011074
28.2696,-11.1054,DTR,2922,8.0,-25.65521300229365,0.0,0.003162113205036782,0.8801221110682617,-0.0415662673967602,0.04063770248688115,0.08220396988364134,2.5632633614488487,2.6676663746627525,1.083119985705553,0.6483137838201984,0.6027449963324835
28.2696,-11.1054,RH2M,2922,8.0,-12.70311887066848,1.0692421735741095e-23,0.10405271622447332,0.23170214710401982,-0.2883634496919915,0.2858117727583847,0.5741752224503762,10.506812135472858,11.190059315355246,1.1342867087089188,0.6968849732477841,0.709409175836516
28.2696,-11.1054,WS10M,2922,8.0,-23.458457484771667,0.0,-0.018458658401423363,0.17221153319896912,0.04257298653890035,-0.04238936801277659,-0.08496235455167694,1.7211028563282789,1.652158482045975,0.9214881569368035,0.6285036222844486,0.5978483509477918
28.2696,-11.1054,PRECT,2922,8.0,-14.948079304491017,1.2926032947737272e-27,-0.0008119455397653709,0.7597077840739905,0.009933819939754994,-0.010025251430733271,-0.019959071370488267,0.33329190028286193,0.3288911387523946,0.9737664920009207,0.45561415171733677,0.5816614665369282
28.2696,-11.1054,PS,2922,8.0,-14.181921124594886,1.9219567684672628e-26,-0.018862307850603006,5.1782313486294366e-17,0.028025165411817893,-0.027950193931097968,-0.055975359342915865,0.2893309192862527,0.27258852078434403,0.8876166333397715,0.8107376485170146,0.7871651155443595
28.2696,-11.1054,CLOUD_AMT,2922,8.0,-29.547882945146856,0.0,-0.7318781027895837,5.302132523730432e-05,1.6512713324207164,-1.6483932808578599,-3.2996646132785763,22.441366920737728,22.69021426773716,1.022300518006653,0.4931626199957898,0.5418168209650736
28.2696,-11.6054,kc,2922,8.0,-29.392729590483285,0.0,0.0007000273297709503,0.5687994264396953,-0.0033035336940539536,0.0033008285081243534,0.006604362202178307,0.15805098813764892,0.14832377865768567,0.8806982452348677,0.43326366490474993,0.48354156741073606
28.2696,-11.6054,T2M,2922,8.0,-8.97544558124455,7.553990855184288e-15,0.009611185848158184,0.2012436298548599,-0.01738417750399274,0.01773560346794427,0.035119780971937006,0.992354369253641,0.8811058775410748,0.7883564481312858,0.85009393753906,0.8384816112960097
28.2696,-11.6054,DTR,2922,8.0,-22.641600182607416,0.0,-0.013524368994773179,0.20893506581273477,0.030784439881359805,-0.031008852384211687,-0.061793292265571495,1.3186237697452123,1.3667969591267402,1.074400514196315,0.5962843584754902,0.5686275415959672
28.2696,-11.6054,RH2M,2922,8.0,-22.555216955900136,0.0,0.3512824971952135,2.803005570893368e-09,-0.7917341318731463,0.7906820214464978,1.5824161533196441,7.099638977384004,7.603594118944762,1.1470050291944425,0.6499330234455416,0.6594847672032749
28.2696,-11.6054,WS10M,2922,8.0,-24.923932755970394,0.0,-0.038353505113501475,0.005875479972925723,0.07343974446725986,-0.07318585443759983,-0.14662559890485968,1.7864158926738771,1.6860368121610054,0.8907769235500835,0.6268698271309538,0.6188989748665438
28.2696,-11.6054,PRECT,2922,8.0,-13.829428954750327,7.641163961367302e-26,-0.002694820966687407,0.2823816992781197,0.012804659034867594,-0.012864937351175621,-0.025669596386043214,0.32500071740763126,0.2996408258583607,0.8500281954061893,0.42375760489981673,0.5218291172381981
28.2696,-11.6054,PS,2922,8.0,-14.128029460375917,2.3605374642865378e-26,-0.01904648238954807,8.398194022873347e-17,0.02783563769107952,-0.027763267168605648,-0.05559890485968517,0.29436677563866975,0.27700168489164756,0.8854972969123577,0.8144478636462609,0.7895049476845535
28.2696,-11.6054,CLOUD_AMT,2922,8.0,-29.547882945146856,0.0,-0.7318781027895837,5.302132523730432e-05,1.6512713324207164,-1.6483932808578599,-3.2996646132785763,22.441366920737728,22.69021426773716,1.022300518006653,0.4931626199957898,0.5418168209650736
28.2696,-9.1054,kc,2922,8.0,-16.231163579761777,3.810290698090408e-29,7.877323067627357e-05,0.936603261567577,-0.0039027544528432486,0.003880791161477869,0.007783545614321118,0.13040444747724586,0.11622554520948915,0.794361848017311,0.42463799883258485,0.47869766189992435
28.2696,-9.1054,T2M,2922,8.0,-18.365440676407506,2.223202602825564e-30,0.21680365047985595,3.6103501606005095e-17,-0.47889768423454265,0.4788641227469768,0.9577618069815195,3.169498548613885,3.2202134908120446,1.032257901164114,0.8532400645753356,0.8448574461393896
28.2696,-9.1054,DTR,2922,8.0,-17.023321297809993,8.426275126243414e-30,0.015900281421485352,0.466092656394014,-0.09478913985854442,0.09375979922427562,0.18854893908282006,2.831270329345418,2.605415540127844,0.8468204219161096,0.5380964720827078,0.5431083188640728
28.2696,-9.1054,RH2M,2922,8.0,-11.269265568472159,1.5514327142619736e-20,-0.7515381585070092,7.822145195835895e-11,1.855111978097194,-1.8522939082819985,-3.7074058863791928,14.194998192919956,14.506742355937204,1.0444054097437052,0.8081607897165402,0.7983103358490116
28.2696,-9.1054,WS10M,2922,8.0,-13.97809529570864,4.2257580817642375e-26,-0.015655013836244045,0.25713507668593366,0.03704260780287475,-0.03733795345653661,-0.07438056125941137,1.7284136710329692,1.7188927032144938,0.9890133422930806,0.5992737371240008,0.6176176461590073
28.2696,-9.1054,PRECT,2922,8.0,-15.812324088396705,1.0431856934877444e-28,-0.0018634454948191924,0.41784701291528015,0.010572973711734154,-0.01064735625707212,-0.021220329968806274,0.3016662366287091,0.2711850541180703,0.8081241589054086,0.4356186608104829,0.43671384745051167
28.2696,-9.1054,PS,2922,8.0,-13.38668256479298,4.857481907772862e-25,-0.018609141244000545,1.1820665133982934e-14,0.028632032854209292,-0.028554825462012327,-0.05718685831622162,0.3105100145929333,0.29128322125273465,0.8799940064219456,0.8096629997534974,0.7975053993257136
28.2696,-9.1054,CLOUD_AMT,2922,8.0,-17.967137668173265,2.803867185186801e-30,-0.4217373952677672,0.023535632518728578,1.1805891170431206,-1.177946132785764,-2.3585352498288845,23.613164874428108,22.816604621013465,0.9336704943017567,0.5135994888768414,0.5279772728147275
28.2696,-9.6054,kc,2922,8.0,-16.231163579761777,3.810290698090408e-29,7.877323067627357e-05,0.936603261567577,-0.0039027544528432486,0.003880791161477869,0.007783545614321118,0.13040444747724586,0.11622554520948915,0.794361848017311,0.42463799883258485,0.47869766189992435
28.2696,-9.6054,T2M,2922,8.0,-18.365440676407506,2.223202602825564e-30,0.21680365047985595,3.6103501606005095e-17,-0.47889768423454265,0.4788641227469768,0.9577618069815195,3.169498548613885,3.2202134908120446,1.032257901164114,0.8532400645753356,0.8448574461393896
28.2696,-9.6054,DTR,2922,8.0,-17.023321297809993,8.426275126243414e-30,0.015900281421485352,0.466092656394014,-0.09478913985854442,0.09375979922427562,0.18854893908282006,2.831270329345418,2.605415540127844,0.8468204219161096,0.5380964720827078,0.5431083188640728
28.2696,-9.6054,RH2M,2922,8.0,-11.269265568472159,1.5514327142619736e-20,-0.7515381585070092,7.822145195835895e-11,1.855111978097194,-1.8522939082819985,-3.7074058863791928,14.194998192919956,14.506742355937204,1.0444054097437052,0.8081607897165402,0.7983103358490116
28.2696,-9.6054,WS10M,2922,8.0,-13.97809529570864,4.2257580817642375e-26,-0.015655013836244045,0.25713507668593366,0.03704260780287475,-0.03733795345653661,-0.07438056125941137,1.7284136710329692,1.7188927032144938,0.9890133422930806,0.5992737371240008,0.6176176461590073
28.2696,-9.6054,PRECT,2922,8.0,-15.812324088396705,1.0431856934877444e-28,-0.0018634454948191924,0.41784701291528015,0.010572973711734154,-0.01064735625707212,-0.021220329968806274,0.3016662366287091,0.2711850541180703,0.8081241589054086,0.4356186608104829,0.43671384745051167
28.2696,-9.6054,PS,2922,8.0,-13.38668256479298,4.857481907772862e-25,-0.018609141244000545,1.1820665133982934e-14,0.028632032854209292,-0.028554825462012327,-0.05718685831622162,0.3105100145929333,0.29128322125273465,0.8799940064219456,0.8096629997534974,0.7975053993257136
28.2696,-9.6054,CLOUD_AMT,2922,8.0,-17.967137668173265,2.803867185186801e-30,-0.4217373952677672,0.023535632518728578,1.1805891170431206,-1.177946132785764,-2.3585352498288845,23.613164874428108,22.816604621013465,0.9336704943017567,0.5135994888768414,0.5279772728147275
28.7696,-10.1054,kc,2922,8.0,-16.77423939332105,1.2795483457619564e-29,0.00033195355678258554,0.7592987764644525,-0.004994016683444698,0.005023560587572272,0.010017577271016969,0.14381743135022493,0.1257728327671093,0.7648048434580733,0.4226648528152533,0.46597326412293494
28.7696,-10.1054,T2M,2922,8.0,-13.646871095754234,1.613367639957874e-25,0.1496670391351314,5.482711539666687e-09,-0.3173834474104494,0.31718876340406116,0.6345722108145105,3.205563180824708,3.186453686146103,0.988112831113174,0.8504087554714542,0.8314184050412617
28.7696,-10.1054,DTR,2922,8.0,-13.305757404719229,6.903186853293239e-25,0.03321115524409872,0.17331706672755912,-0.12148045859000682,0.12121632443531834,0.24269678302532516,3.0872385834272182,2.995299564942995,0.9413261862566485,0.5924368677042658,0.5778548133431795
28.7696,-10.1054,RH2M,2922,8.0,-11.7852731328216,1.012301969368019e-21,-0.5568885137916789,2.8863435620757434e-05,1.226258464522017,-1.2275471480720965,-2.4538056125941132,16.197861205157395,16.982911708253823,1.0992815955139918,0.7964995727689906,0.7961810409706357
28.7696,-10.1054,WS10M,2922,8.0,-24.78961438816214,0.0,0.0012826760995413168,0.9340304887097621,0.012996680355920586,-0.013163483915126627,-0.026160164271047212,1.9464297840831373,1.9206427781605893,0.9736787955667121,0.6090465487279147,0.6072887660955311
28.7696,-10.1054,PRECT,2922,8.0,-15.67683635514635,1.4892886605542409e-28,-0.002073731718928731,0.553548399427739,0.015069317208301061,-0.01523204341137616,-0.03030136061967722,0.4342061712557853,0.43882353192126416,1.021381138935885,0.5414790848085226,0.5728473877556614
28.7696,-10.1054,PS,2922,8.0,-13.330679630414302,6.192345023100366e-25,-0.01751531198513767,1.0154697034188607e-14,0.02600740360483665,-0.025936470454027267,-0.051943874058863915,0.29199662366660856,0.27315979871101487,0.8751407534922551,0.8073162392787542,0.7887178715449202
28.7696,-10.1054,CLOUD_AMT,2922,8.0,-18.512524274478718,2.1136548285823506e-30,-0.7337328150827302,4.171687107910256e-06,1.916304369153548,-1.9187401209217427,-3.8350444900752905,20.53774195358801,19.108312171631617,0.8656438934444856,0.43109903668716293,0.47295565905498055
28.7696,-10.6054,kc,2922,8.0,-16.77423939332105,1.2795483457619564e-29,0.00033195355678258554,0.7592987764644525,-0.004994016683444698,0.005023560587572272,0.010017577271016969,0.14381743135022493,0.1257728327671093,0.7648048434580733,0.4226648528152533,0.46597326412293494
28.7696,-10.6054,T2M,2922,8.0,-10.773408044085887,2.3527219642474936e-19,0.05379856725449964,0.00034206454200522005,-0.1134322267853068,0.1134603125712982,0.226892539356605,1.9249147793237142,1.8199940131226358,0.8939575667891926,0.8370126104892052,0.8082691185782138
28.7696,-10.6054,DTR,2922,8.0,-17.94729954359949,2.8467686482052297e-30,0.011443578435580956,0.5736323133220559,-0.056296109970340055,0.05575727812000914,0.1120533880903492,2.507838343644298,2.5660170546213172,1.0469356789027195,0.6202910250730015,0.5939790678694834
28.7696,-10.6054,RH2M,2922,8.0,-21.011352933134386,0.0,-0.012232475076665326,0.8958823798690702,-0.04601884553958489,0.043584166096281164,0.08960301163586606,11.23992782442555,12.072952111343536,1.1537186442774043,0.7178515335507886,0.7402514980592461
28.7696,-10.6054,WS10M,2922,8.0,-23.632905070639634,0.0,-0.0053790698684938985,0.7139912826529302,0.022737040839607595,-0.02258807894136433,-0.04532511978097192,1.859318612236385,1.8028277991587456,0.9401580281564109,0.6227887052287847,0.5893469716852666
28.7696,-10.6054,PRECT,2922,8.0,-14.190699086456462,1.859028405096313e-26,-0.0012142327882153242,0.6972958951838669,0.012309911099799318,-0.012442553701178395,-0.024752464800977713,0.3907094413695353,0.38795318358506137,0.9859407759816409,0.5153252697650337,0.5815790264664816
28.7696,-10.6054,PS,2922,8.0,-13.45955513952962,3.5519976675127805e-25,-0.019234851664009303,5.3522113862911054e-17,0.02911962126397408,-0.029046018708647425,-0.0581656399726215,0.2955751099505966,0.277570734109263,0.881884335306944,0.8074528821120314,0.7846095596943693
28.7696,-10.6054,CLOUD_AMT,2922,8.0,-18.512524274478718,2.1136548285823506e-30,-0.7337328150827302,4.171687107910256e-06,1.916304369153548,-1.9187401209217427,-3.8350444900752905,20.53774195358801,19.108312171631617,0.8656438934444856,0.43109903668716293,0.47295565905498055
28.7696,-8.6054,kc,2922,8.0,-32.276469744232344,0.0,-0.0008890902472023632,0.35520005132838095,-0.0014279604845967792,0.001383355839003172,0.002811316323599951,0.1232793565155178,0.11662266613166018,0.8949220601507398,0.43699622959847745,0.5107145078820119
28.7696,-8.6054,T2M,2922,8.0,-17.764013664198647,3.3291124913019654e-30,0.20555532781773142,4.1230205518619265e-20,-0.5082363906000456,0.5081222678530687,1.0163586584531141,2.7795557846033945,2.7534586817131075,0.9813102576521153,0.8424748090059168,0.8363522342117574
28.7696,-8.6054,DTR,2922,8.0,-13.218402968532656,1.0133806650062288e-24,-0.025872364440589317,0.18478327967105834,0.01458221537759523,-0.01590375313712076,-0.030485968514715987,2.5562445805935003,2.306781642933739,0.8143444936404433,0.4861363346564369,0.47006737277616806
28.7696,-8.6054,RH2M,2922,8.0,-10.630908628005143,5.217533924049462e-19,-0.6164728244618847,1.036795276338626e-10,1.779813677846224,-1.7807544261921062,-3.56056810403833,12.198293731354674,11.417532379228225,0.8760851726327132,0.8033856774513617,0.7884064188058444
28.7696,-8.6054,WS10M,2922,8.0,-22.566795249601547,0.0,-0.0150587028727643,0.1675832564665464,0.054557437827971726,-0.05469649783253477,-0.1092539356605065,1.405804471585722,1.314160897950349,0.8738708264655599,0.5028419924954998,0.5288746648552568
28.7696,-8.6054,PRECT,2922,8.0,-35.69079177625562,0.0,-0.0020354132157747876,0.3147390685767124,0.010074220342239903,-0.01013805226942561,-0.020212272611665513,0.27097584887388515,0.2324687954451873,0.7359836383805052,0.37457461010749327,0.4142543575791301
28.7696,-8.6054,PS,2922,8.0,-13.671595264823338,1.456208618489255e-25,-0.015949136943269316,1.7912733914968606e-09,0.023685854437599938,-0.023610517910106942,-0.04729637234770688,0.34028124354236783,0.3214770182998398,0.8925320921640658,0.8111119758796057,0.7977373898651889
28.7696,-8.6054,CLOUD_AMT,2922,8.0,-17.351528800295156,5.267693197540538e-30,-0.21738967137002557,0.2697492159131592,0.7568068104038329,-0.7497708761122519,-1.506577686516085,24.861158308501647,24.275472941644967,0.9534384923892503,0.5308880316355561,0.5642979709273493
28.7696,-9.1054,kc,2922,8.0,-16.231163579761777,3.810290698090408e-29,7.877323067627357e-05,0.936603261567577,-0.0039027544528432486,0.003880791161477869,0.007783545614321118,0.13040444747724586,0.11622554520948915,0.794361848017311,0.42463799883258485,0.47869766189992435
28.7696,-9.1054,T2M,2922,8.0,-18.151613353393493,2.47504496894802e-30,0.21153794797965778,6.005382163567838e-16,-0.49306302760666226,0.49284388546657526,0.9859069130732375,3.230511153496061,3.2578408523687226,1.016991305954424,0.848557792446716,0.8461475054502305
28.7696,-9.1054,DTR,2922,8.0,-15.139587906958232,7.041896092019962e-28,-0.00022958285835356125,0.9906047804762287,-0.05034032626055217,0.049830789413643585,0.10017111567419576,2.549746762989469,2.3089687020647145,0.8200531365366525,0.47012752807040403,0.4653217663577923
28.7696,-9.1054,RH2M,2922,8.0,-11.073918765728644,4.4817889457130195e-20,-0.7190304257993277,3.0362801829335797e-09,1.919233515856719,-1.9194796942733288,-3.838713210130048,15.084221412645475,15.025591131780603,0.9922413845076041,0.8088179719455866,0.7992302647146672
28.7696,-9.1054,WS10M,2922,8.0,-14.139018614322516,2.2632771927355425e-26,-0.01689922521249794,0.267133678502026,0.05323130276066619,-0.053606479580196244,-0.10683778234086244,1.9236135957115164,1.8755594675310046,0.9506617087864088,0.5839243116172413,0.6033951402728546
28.7696,-9.1054,PRECT,2922,8.0,-15.873309046497695,8.929849539536944e-29,-0.0024100695479306357,0.41247770187383065,0.014108395163442047,-0.01424073267094207,-0.02834912783438412,0.37114109158132497,0.36220825885285735,0.9524421698097997,0.5029622886114027,0.5122405041437614
28.7696,-9.1054,PS,2922,8.0,-13.412987828692005,4.336851317679395e-25,-0.015246827654404443,3.94297227983407e-10,0.021856160164270978,-0.021785181382615072,-0.04364134154688605,0.31426596568221543,0.29407811296463016,0.8756503085541478,0.8121376383290431,0.7952478533897128
28.7696,-9.1054,CLOUD_AMT,2922,8.0,-17.967137668173265,2.803867185186801e-30,-0.4217373952677672,0.023535632518728578,1.1805891170431206,-1.177946132785764,-2.3585352498288845,23.613164874428108,22.816604621013465,0.9336704943017567,0.5135994888768414,0.5279772728147275
28.7696,-9.6054,kc,2922,8.0,-16.231163579761777,3.810290698090408e-29,7.877323067627357e-05,0.936603261567577,-0.0039027544528432486,0.003880791161477869,0.007783545614321118,0.13040444747724586,0.11622554520948915,0.794361848017311,0.42463799883258485,0.47869766189992435
28.7696,-9.6054,T2M,2922,8.0,-18.151613353393493,2.47504496894802e-30,0.21153794797965778,6.005382163567838e-16,-0.49306302760666226,0.49284388546657526,0.9859069130732375,3.230511153496061,3.2578408523687226,1.016991305954424,0.848557792446716,0.8461475054502305
28.7696,-9.6054,DTR,2922,8.0,-15.139587906958232,7.041896092019962e-28,-0.00022958285835356125,0.9906047804762287,-0.05034032626055217,0.049830789413643585,0.10017111567419576,2.549746762989469,2.3089687020647145,0.8200531365366525,0.47012752807040403,0.4653217663577923
28.7696,-9.6054,RH2M,2922,8.0,-11.073918765728644,4.4817889457130195e-20,-0.7190304257993277,3.0362801829335797e-09,1.919233515856719,-1.9194796942733288,-3.838713210130048,15.084221412645475,15.025591131780603,0.9922413845076041,0.8088179719455866,0.7992302647146672
28.7696,-9.6054,WS10M,2922,8.0,-14.139018614322516,2.2632771927355425e-26,-0.01689922521249794,0.267133678502026,0.05323130276066619,-0.053606479580196244,-0.10683778234086244,1.9236135957115164,1.8755594675310046,0.9506617087864088,0.5839243116172413,0.6033951402728546
28.7696,-9.6054,PRECT,2922,8.0,-15.873309046497695,8.929849539536944e-29,-0.0024100695479306357,0.41247770187383065,0.014108395163442047,-0.01424073267094207,-0.02834912783438412,0.37114109158132497,0.36220825885285735,0.9524421698097997,0.5029622886114027,0.5122405041437614
28.7696,-9.6054,PS,2922,8.0,-13.412987828692005,4.336851317679395e-25,-0.015246827654404443,3.94297227983407e-10,0.021856160164270978,-0.021785181382615072,-0.04364134154688605,0.31426596568221543,0.29407811296463016,0.8756503085541478,0.8121376383290431,0.7952478533897128
28.7696,-9.6054,CLOUD_AMT,2922,8.0,-17.967137668173265,2.803867185186801e-30,-0.4217373952677672,0.023535632518728578,1.1805891170431206,-1.177946132785764,-2.3585352498288845,23.613164874428108,22.816604621013465,0.9336704943017567,0.5135994888768414,0.5279772728147275
29.2696,-10.1054,kc,2922,8.0,-24.35368212756723,0.0,0.0029998152081188723,0.019338489128720552,-0.009510930877455507,0.009555484578111345,0.01906641545556685,0.16711695540745916,0.15219671202603216,0.8294104649647484,0.4217905588855709,0.5176264111176665
29.2696,-10.1054,T2M,2922,8.0,-16.92628636685578,9.853667450270207e-30,0.10537063267012044,5.04051437537758e-07,-0.23521957563312793,0.23515003422313485,0.47036960985626275,2.626245053026467,2.5973019722404964,0.978080039311831,0.8513252257400707,0.8336360119444131
29.2696,-10.1054,DTR,2922,8.0,-15.554141111903338,2.0818605382875787e-28,0.00920839227025549,0.5893791542175324,-0.05521487565594337,0.05552434405658228,0.11073921971252565,2.1616206103475575,2.0943210625141795,0.9387016381355003,0.5419483704213404,0.5281814974013195
29.2696,-10.1054,RH2M,2922,8.0,-18.756417725569328,2.026925227245178e-30,-0.42891613170075754,0.00016401717457346376,0.9784271047227927,-0.98137440109514,-1.9598015058179326,13.746054981457256,14.609795223543756,1.1296193007250634,0.7822512683438811,0.7886494419962837
29.2696,-10.1054,WS10M,2922,8.0,-23.591316647604646,0.0,0.0018741311720675451,0.8906748706299127,0.021938934519735328,-0.022065172256445373,-0.044004106776180704,1.7148805139138092,1.6875418217123916,0.9683700704143665,0.5690352027755133,0.5741010455451055
29.2696,-10.1054,PRECT,2922,8.0,-13.832320129937333,7.552585269280584e-26,-0.004396698976000141,0.26901108228020487,0.02210162567875985,-0.0222975528582382,-0.044399178536998055,0.5040151112097597,0.4876496920299997,0.9361141146223627,0.5701820241186152,0.5822537161367597
29.2696,-10.1054,PS,2922,8.0,-13.436212016436063,3.9251895578721335e-25,-0.01792946115656173,3.894458499400724e-15,0.02682340862423007,-0.026763175906912986,-0.05358658453114305,0.29435070657867995,0.275236353885894,0.8743421731677967,0.8027753844569785,0.7797970502752232
29.2696,-10.1054,CLOUD_AMT,2922,8.0,-24.833358053159845,0.0,-0.8099947057788033,0.000118449067608968,2.0673271617613507,-2.0806057608943647,-4.147932922655715,26.434169137569768,25.9815469477984,0.9660479473420998,0.48368951720205383,0.5534965908952135
29.2696,-8.1054,kc,2922,8.0,-15.977243526526497,6.898721453103388e-29,-0.0024463864045537456,0.0157693054096415,0.0009557231513510255,-0.0009683602974420939,-0.0019240834487931195,0.12931572894975382,0.12363026388781047,0.9140014568340051,0.44468341694140273,0.4950043813065492
29.2696,-8.1054,T2M,2922,8.0,-11.990984790272563,3.521619077823072e-22,0.18321461064503597,3.858900843950798e-19,-0.46484987451517235,0.46468469085101516,0.9295345653661875,2.566214319720872,2.4977738539376877,0.9473716455230692,0.8395703201801658,0.8290529954625011
29.2696,-8.1054,DTR,2922,8.0,-13.215202340374862,1.0278258256276626e-24,-0.009567862305859494,0.5974687894069036,-0.01661089436459041,0.015319290440337805,0.031930184804928215,2.375624298598584,2.1402165232360866,0.8116333947820976,0.44632958868554645,0.40976208703921463
29.2696,-8.1054,RH2M,2922,8.0,-9.912486491405508,3.14220464415011e-17,-0.5789158189841912,9.961600726450144e-12,1.6600691763632216,-1.6625386265115216,-3.322607802874743,11.003185260907667,10.022187071883602,0.8296370896980211,0.8057470852493394,0.7986733953005203
29.2696,-8.1054,WS10M,2922,8.0,-21.67264781444476,0.0,-0.01948939211530269,0.10253877968456684,0.0663768993839836,-0.06651153319644078,-0.13288843258042438,1.5682410720416866,1.4040338113256985,0.8015479085062358,0.5133369227538073,0.5293607355432702
29.2696,-8.1054,PRECT,2922,8.0,-39.934271029068945,0.0,0.0009629050124907441,0.7234703186435689,0.00496718014032618,-0.005044998046025417,-0.010012178186351597,0.3335922689508339,0.3454091377787062,1.0721009744455205,0.30518042342932494,0.2820709160062077
29.2696,-8.1054,PS,2922,8.0,-13.776548519597588,9.466775904910379e-26,-0.013591602763758568,1.6577507218422484e-06,0.01837141227469734,-0.018281565138033726,-0.03665297741273107,0.3646078686343655,0.3434815221841441,0.8874720489801557,0.8147446247288159,0.8012276170540981
29.2696,-8.1054,CLOUD_AMT,2922,8.0,-27.790877638591372,0.0,-0.16515004949003195,0.38423983059448474,0.5342315309148983,-0.530587086470454,-1.0648186173853524,23.595936416043244,23.763159871474066,1.0142241448217404,0.5142712719976995,0.5344307508500559
29.2696,-8.6054,kc,2922,8.0,-15.977243526526497,6.898721453103388e-29,-0.0024463864045537456,0.0157693054096415,0.0009557231513510255,-0.0009683602974420939,-0.0019240834487931195,0.12931572894975382,0.12363026388781047,0.9140014568340051,0.44468341694140273,0.4950043813065492
29.2696,-8.6054,T2M,2922,8.0,-17.60151130651879,3.919283429414156e-30,0.20388872390910234,8.697554521945585e-18,-0.5221688683550079,0.521944752452658,1.044113620807666,2.982936429493483,2.885140529926267,0.9355046430464958,0.8381587316681806,0.8342111559552262
29.2696,-8.6054,DTR,2922,8.0,-14.762865175583734,2.3872946482360227e-27,-0.02626390227173944,0.17924620475248196,-0.03859701117955734,0.03783693817020303,0.07643394934976037,2.527936415596253,2.349183188899801,0.8635778140654572,0.4716092612835968,0.4534230642389323
29.2696,-8.6054,RH2M,2922,8.0,-10.567408587052473,7.455051404060356e-19,-0.7054548731840626,2.2032516057017774e-10,2.085187086470454,-2.087078485055898,-4.172265571526352,14.236121388635814,13.269112180023553,0.8687610998711314,0.7955279934216486,0.7873564761515593
29.2696,-8.6054,WS10M,2922,8.0,-14.922487909865138,1.4048198584870293e-27,-0.025450857645679968,0.12002376081991428,0.10395205338809037,-0.10428887748117723,-0.2082409308692676,2.115379656157072,1.9628179189569819,0.8609608062885248,0.5708505816424293,0.5811994001544979
29.2696,-8.6054,PRECT,2922,8.0,-16.25810286846992,3.588792270633563e-29,-0.0028443400778415152,0.31924324307504076,0.01686509177745957,-0.016989585754108836,-0.03385467753156841,0.3716120762700292,0.33961268937975425,0.8351955665756078,0.46917132624493285,0.5149445706887964
29.2696,-8.6054,PS,2922,8.0,-13.597011478478564,1.9861577557149855e-25,-0.010663390423822285,0.0001114092479725588,0.01132725302304337,-0.011239482089893081,-0.02256673511293645,0.35682011363257793,0.33190633349548676,0.8652317051968227,0.8240456251523017,0.8079409256949659
29.2696,-8.6054,CLOUD_AMT,2922,8.0,-27.790877638591372,0.0,-0.16515004949003195,0.38423983059448474,0.5342315309148983,-0.530587086470454,-1.0648186173853524,23.595936416043244,23.763159871474066,1.0142241448217404,0.5142712719976995,0.5344307508500559
29.2696,-9.1054,kc,2922,8.0,-16.644486480306867,1.623943102652756e-29,0.0008654436108852674,0.41358801281086316,-0.007443748532536006,0.007477583355819612,0.014921331888355618,0.1415331156707022,0.1214659391303567,0.7365341536708065,0.4275116049551551,0.4895386331073124
29.2696,-9.1054,T2M,2922,8.0,-17.817238045456044,3.171609948672168e-30,0.20023391784783534,1.0362959392902926e-13,-0.4770614761578828,0.4769836983801049,0.9540451745379877,3.3346715170291557,3.349436149468612,1.0088748282387494,0.8493214891021091,0.8421039061875362
29.2696,-9.1054,DTR,2922,8.0,-15.33801396846072,3.8651622945275968e-28,-0.005978998740115335,0.7790201994746981,-0.08096046087154911,0.08089443303673291,0.161854893908282,2.7456070269476545,2.566734882423014,0.8739473507983292,0.5153816595571538,0.5076968524123904
29.2696,-9.1054,RH2M,2922,8.0,-10.860114443215839,1.4536296690722522e-19,-0.8141013609261,8.890040519856404e-10,2.1667729523157653,-2.170174344056582,-4.336947296372347,16.39485327668017,16.58101922474019,1.0228392307799106,0.8104248186898909,0.7989745060562189
29.2696,-9.1054,WS10M,2922,8.0,-30.532002517481242,0.0,-0.008955594891733892,0.5181887783695754,0.05633214693132557,-0.05667948893451974,-0.11301163586584531,1.750472348497057,1.7065328215631206,0.9504270348683339,0.5266273725139884,0.5702314216602651
29.2696,-9.1054,PRECT,2922,8.0,-15.65394768630067,1.5838891615749406e-28,-0.0046027810280687646,0.23955483102304562,0.023712312951855437,-0.023909312051055308,-0.04762162500291074,0.5018616527000191,0.473372840659389,0.8896898770748869,0.5730633197306717,0.5684751965636662
29.2696,-9.1054,PS,2922,8.0,-13.540128945108009,2.5226388885411518e-25,-0.012953470351600018,7.993429657648959e-08,0.016321857175450545,-0.01625856719142132,-0.03258042436687186,0.31173365387232954,0.29081403337975664,0.8702886899876467,0.8192147408144741,0.7992471437770855
29.2696,-9.1054,CLOUD_AMT,2922,8.0,-18.318056766625446,2.2688460837075322e-30,-0.5363002631855418,0.0011629238856862428,1.5058438284280165,-1.5087352270134615,-3.014579055441478,21.147109759523392,19.972748718885057,0.8920180396454551,0.4699786219679258,0.4945000793937399
29.2696,-9.6054,kc,2922,8.0,-16.644486480306867,1.623943102652756e-29,0.0008654436108852674,0.41358801281086316,-0.007443748532536006,0.007477583355819612,0.014921331888355618,0.1415331156707022,0.1214659391303567,0.7365341536708065,0.4275116049551551,0.4895386331073124
29.2696,-9.6054,T2M,2922,8.0,-17.817238045456044,3.171609948672168e-30,0.20023391784783534,1.0362959392902926e-13,-0.4770614761578828,0.4769836983801049,0.9540451745379877,3.3346715170291557,3.349436149468612,1.0088748282387494,0.8493214891021091,0.8421039061875362
29.2696,-9.6054,DTR,2922,8.0,-15.33801396846072,3.8651622945275968e-28,-0.005978998740115335,0.7790201994746981,-0.08096046087154911,0.08089443303673291,0.161854893908282,2.7456070269476545,2.566734882423014,0.8739473507983292,0.5153816595571538,0.5076968524123904
29.2696,-9.6054,RH2M,2922,8.0,-10.860114443215839,1.4536296690722522e-19,-0.8141013609261,8.890040519856404e-10,2.1667729523157653,-2.170174344056582,-4.336947296372347,16.39485327668017,16.58101922474019,1.0228392307799106,0.8104248186898909,0.7989745060562189
29.2696,-9.6054,WS10M,2922,8.0,-30.532002517481242,0.0,-0.008955594891733892,0.5181887783695754,0.05633214693132557,-0.05667948893451974,-0.11301163586584531,1.750472348497057,1.7065328215631206,0.9504270348683339,0.5266273725139884,0.5702314216602651
29.2696,-9.6054,PRECT,2922,8.0,-15.65394768630067,1.5838891615749406e-28,-0.0046027810280687646,0.23955483102304562,0.023712312951855437,-0.023909312051055308,-0.04762162500291074,0.5018616527000191,0.473372840659389,0.8896898770748869,0.5730633197306717,0.5684751965636662
29.2696,-9.6054,PS,2922,8.0,-13.540128945108009,2.5226388885411518e-25,-0.012953470351600018,7.993429657648959e-08,0.016321857175450545,-0.01625856719142132,-0.03258042436687186,0.31173365387232954,0.29081403337975664,0.8702886899876467,0.8192147408144741,0.7992471437770855
29.2696,-9.6054,CLOUD_AMT,2922,8.0,-18.318056766625446,2.2688460837075322e-30,-0.5363002631855418,0.0011629238856862428,1.5058438284280165,-1.5087352270134615,-3.014579055441478,21.147109759523392,19.972748718885057,0.8920180396454551,0.4699786219679258,0.4945000793937399
29.7696,-5.6054,kc,2922,8.0,-18.965389173798904,0.0,-0.0024281222539781107,0.00675660241632848,0.002991651741331349,-0.0030304298812712286,-0.0060220816226025774,0.10899255019913734,0.1147154055164168,1.107770666068806,0.3964131833117984,0.4139905740062898
29.7696,-5.6054,T2M,2922,8.0,-15.031381554347732,9.89127493381732e-28,0.14898132227105315,1.0021295635314137e-16,-0.37243536390600046,0.37226005019393127,0.7446954140999318,2.2482276419198404,2.193034667333713,0.9515035824188751,0.8234841967080938,0.8131911873167099
29.7696,-5.6054,DTR,2922,8.0,-12.801625612822509,6.734967068000768e-24,0.0030909353422776645,0.8534906217202585,-0.03372942048825002,0.03331370066164734,0.06704312114989736,2.181734898744219,1.9905628723537958,0.8324302266409486,0.3898430698556442,0.37725907571851036
29.7696,-5.6054,RH2M,2922,8.0,-10.203387650892044,5.889841717297061e-18,-0.24630858853210952,0.0008357885856563872,0.805793201003879,-0.8071773671001599,-1.6129705681040387,9.494646323995857,8.841073098567179,0.8670664437223717,0.7559131245633854,0.7270126824081877
29.7696,-5.6054,WS10M,2922,8.0,-31.50982184121908,0.0,-0.008805528126161335,0.36143870738685185,0.05300412959160392,-0.05314234542550766,-0.10614647501711158,1.2749372142547708,1.126233678169224,0.7803320130843454,0.4046609686239908,0.3873301829016437
29.7696,-5.6054,PRECT,2922,8.0,-35.46521291843508,0.0,0.0024253837840143705,0.3530990343305649,-0.004328602487556987,0.004282564494201483,0.00861116698175847,0.29608914890797133,0.3532279663471179,1.423197521091556,0.31979782630953624,0.19584368913455524
29.7696,-5.6054,PS,2922,8.0,-12.42006484456074,4.156200093900556e-23,-0.011067548183825335,0.00037469301008231606,0.012935341090577132,-0.012827834816335737,-0.02576317590691287,0.4016708463156205,0.374729173257395,0.8703509088760486,0.8132788137767811,0.803338165414443
29.7696,-5.6054,CLOUD_AMT,2922,8.0,-19.366401464512982,0.0,0.13545045298810046,0.4873980906379602,0.0809553730321699,-0.0751431895961672,-0.1560985626283371,24.246510049783737,24.431595554247654,1.0153252512055342,0.47614165012041026,0.5082473027284572
29.7696,-6.1054,kc,2922,8.0,-17.824473725843596,3.151381128069258e-30,-0.0025209786901445293,0.007094881098482241,0.0025539189426453356,-0.0025902391498281016,-0.005144158092473437,0.11441070003469621,0.11930568884663358,1.0873992257225176,0.42818732840989143,0.43764568872745013
29.7696,-6.1054,T2M,2922,8.0,-12.025127144259093,2.961153044366854e-22,0.14362643493861565,3.235798377490696e-15,-0.3583746520647958,0.3582920146018709,0.7166666666666667,2.2949955998701155,2.2199817781649824,0.9356967155567218,0.8364820570989505,0.8148915590421641
29.7696,-6.1054,DTR,2922,8.0,-12.886310998658583,4.5462705183147005e-24,-0.005891971886429306,0.7360784121484518,-0.01376049509468393,0.0127829682865617,0.02654346338124563,2.290997143556555,2.0657789405600884,0.8130525121774824,0.4097463443368098,0.3861312520728851
29.7696,-6.1054,RH2M,2922,8.0,-10.088957939826587,1.1355252928798535e-17,-0.24655701666287388,0.0011745944607380856,0.8179192904403375,-0.8202121263974449,-1.6381314168377825,9.810416174914957,9.084120622080636,0.8574146940219207,0.7762977058695243,0.7462078416915948
29.7696,-6.1054,WS10M,2922,8.0,-31.587671685329394,0.0,-0.0060363011228633,0.5022355222118009,0.04586744239105636,-0.04604220853296826,-0.09190965092402462,1.1964183645731312,1.0415969382210573,0.7579372434201996,0.4128984813639622,0.42293714470422905
29.7696,-6.1054,PRECT,2922,8.0,-35.325994132663716,0.0,0.0025978828447901633,0.3256625563946666,-0.003788748609175103,0.0037271299612851214,0.007515878570460224,0.2962970517607646,0.36023655638515273,1.4781581577534604,0.29056388570771563,0.17981357913979087
29.7696,-6.1054,PS,2922,8.0,-12.43777856994438,3.812886151854955e-23,-0.01110429911491846,0.0002948328101731159,0.012794649783253478,-0.012687896417978538,-0.025482546201232015,0.39557464909902773,0.37001382939525146,0.8749414862561554,0.8160785797999849,0.8040672671793507
29.7696,-6.1054,CLOUD_AMT,2922,8.0,-28.086711587361904,0.0,0.032053327427245565,0.8685435402273305,0.2341061145334243,-0.23150647958019643,-0.46561259411362077,23.856972827880504,24.469120411959338,1.0519765148295037,0.4791959392690498,0.5159644276379524
29.7696,-6.6054,kc,2922,8.0,-17.824473725843596,3.151381128069258e-30,-0.0025209786901445293,0.007094881098482241,0.0025539189426453356,-0.0025902391498281016,-0.005144158092473437,0.11441070003469621,0.11930568884663358,1.0873992257225176,0.42818732840989143,0.43764568872745013
29.7696,-6.6054,T2M,2922,8.0,-12.519643282261377,2.565325454562043e-23,0.14412066531796422,1.766044700745522e-14,-0.3809317020305728,0.3809916381473876,0.7619233401779604,2.357272208090967,2.2954263002233097,0.9482159028616095,0.8468006051686877,0.8246742461994897
29.7696,-6.6054,DTR,2922,8.0,-13.109943076803892,1.6427234480495974e-24,-0.005317082007752806,0.7665185636032302,-0.018333436002737787,0.017046440793976717,0.035379876796714504,2.332010407148471,2.1323146624636937,0.8360680321021469,0.4218972003632044,0.3811514241661731
29.7696,-6.6054,RH2M,2922,8.0,-9.077336539613006,4.144993403953936e-15,-0.29230442448263855,0.00023657734238729795,1.0713717773214693,-1.0741244581336984,-2.145496235455168,10.098885008471637,9.645339248116546,0.9121959936425176,0.8030437380161293,0.793390490945639
29.7696,-6.6054,WS10M,2922,8.0,-26.17911873748587,0.0,-0.0025363172857420166,0.7615828764303806,0.02653440565822496,-0.026682569016655267,-0.05321697467488023,1.108705654712356,0.9724305583916881,0.7692804059860487,0.43777379024021035,0.4325650306713619
29.7696,-6.6054,PRECT,2922,8.0,-39.37073614280995,0.0,0.002102893541033807,0.5568232556370469,0.003504438177050525,-0.003602425929318784,-0.007106864106369309,0.42714450564846,0.4652310937575267,1.186281663304061,0.34894833030484723,0.2702908507521655
29.7696,-6.6054,PS,2922,8.0,-12.47527419082737,3.1785769583205273e-23,-0.0117606908951342,0.00010152690929597863,0.014104004106776098,-0.014000034223134953,-0.02810403832991105,0.38975217660375544,0.36542295399273284,0.8790519660659237,0.8187668642879447,0.8056551080342852
29.7696,-6.6054,CLOUD_AMT,2922,8.0,-28.086711587361904,0.0,0.032053327427245565,0.8685435402273305,0.2341061145334243,-0.23150647958019643,-0.46561259411362077,23.856972827880504,24.469120411959338,1.0519765148295037,0.4791959392690498,0.5159644276379524
29.7696,-7.1054,kc,2922,8.0,-28.912316080869232,0.0,-0.002586437756740716,0.008598436675646508,0.0018238893507245854,-0.0018420407946737973,-0.003665930145398383,0.12206861843007122,0.12369740216315295,1.026864403524337,0.4373505093357039,0.46815147084015873
29.7696,-7.1054,T2M,2922,8.0,-12.519643282261377,2.565325454562043e-23,0.14412066531796422,1.766044700745522e-14,-0.3809317020305728,0.3809916381473876,0.7619233401779604,2.357272208090967,2.2954263002233097,0.9482159028616095,0.8468006051686877,0.8246742461994897
29.7696,-7.1054,DTR,2922,8.0,-13.109943076803892,1.6427234480495974e-24,-0.005317082007752806,0.7665185636032302,-0.018333436002737787,0.017046440793976717,0.035379876796714504,2.332010407148471,2.1323146624636937,0.8360680321021469,0.4218972003632044,0.3811514241661731
29.7696,-7.1054,RH2M,2922,8.0,-9.077336539613006,4.144993403953936e-15,-0.29230442448263855,0.00023657734238729795,1.0713717773214693,-1.0741244581336984,-2.145496235455168,10.098885008471637,9.645339248116546,0.9121959936425176,0.8030437380161293,0.793390490945639
29.7696,-7.1054,WS10M,2922,8.0,-26.17911873748587,0.0,-0.0025363172857420166,0.7615828764303806,0.02653440565822496,-0.026682569016655267,-0.05321697467488023,1.108705654712356,0.9724305583916881,0.7692804059860487,0.43777379024021035,0.4325650306713619
29.7696,-7.1054,PRECT,2922,8.0,-39.37073614280995,0.0,0.002102893541033807,0.5568232556370469,0.003504438177050525,-0.003602425929318784,-0.007106864106369309,0.42714450564846,0.4652310937575267,1.186281663304061,0.34894833030484723,0.2702908507521655
29.7696,-7.1054,PS,2922,8.0,-12.47527419082737,3.1785769583205273e-23,-0.0117606908951342,0.00010152690929597863,0.014104004106776098,-0.014000034223134953,-0.02810403832991105,0.38975217660375544,0.36542295399273284,0.8790519660659237,0.8187668642879447,0.8056551080342852
29.7696,-7.1054,CLOUD_AMT,2922,8.0,-15.8886572279505,8.591243610171387e-29,-0.013104740256097314,0.9482110590950986,0.3222644193474786,-0.320692459502624,-0.6429568788501026,24.8966789045293,25.447411224774726,1.0447307545337714,0.5174223706866973,0.540174463239223
29.7696,-7.6054,kc,2922,8.0,-28.912316080869232,0.0,-0.002586437756740716,0.008598436675646508,0.0018238893507245854,-0.0018420407946737973,-0.003665930145398383,0.12206861843007122,0.12369740216315295,1.026864403524337,0.4373505093357039,0.46815147084015873
29.7696,-7.6054,T2M,2922,8.0,-11.862753301786055,6.785826111014936e-22,0.16792323522739236,5.6315875918048974e-18,-0.44263325347935195,0.4425549737622632,0.8851882272416152,2.4485089444840766,2.351166880288768,0.9220692120390712,0.8459092652581762,0.8215357607177187
29.7696,-7.6054,DTR,2922,8.0,-15.090122121,8.216163563190916e-28,-0.012925125874274145,0.47737310678229167,-0.010040269221994053,0.00914522016883406,0.019185489390828113,2.366285109628432,2.169364681674544,0.8404869777853455,0.41540775764228216,0.38761999706190087
29.7696,-7.6054,RH2M,2922,8.0,-9.403246415623702,6.107118992912977e-16,-0.5110319714038855,2.8769350848437904e-09,1.6106367328313942,-1.6134631987223365,-3.224099931553731,11.283338691389488,9.974852875405348,0.7815157744865382,0.8039045131481377,0.7822471961040068
29.7696,-7.6054,WS10M,2922,8.0,-21.0021368913626,0.0,-0.002892008370028726,0.7723854497876362,0.03220779146703172,-0.03249446725986765,-0.06470225872689936,1.322557126640065,1.1669355391557323,0.7785111785585623,0.5077130462829229,0.5078509766979651
29.7696,-7.6054,PRECT,2922,8.0,-25.728464918010474,0.0,-0.0016667584797798068,0.590039561833934,0.014009907303882229,-0.014127789394935924,-0.028137696698818153,0.3959806198119598,0.3752991568482173,0.8982708680938221,0.4302903499970782,0.406246586136834
29.7696,-7.6054,PS,2922,8.0,-12.365510603239189,5.42571067329363e-23,-0.010413018648331222,0.0005611669047778278,0.011158464522016511,-0.01105234998859246,-0.02221081451060897,0.38940646206813995,0.36391754532897247,0.8733728366057096,0.8221212494171902,0.8090580339923317
29.7696,-7.6054,CLOUD_AMT,2922,8.0,-15.8886572279505,8.591243610171387e-29,-0.013104740256097314,0.9482110590950986,0.3222644193474786,-0.320692459502624,-0.6429568788501026,24.8966789045293,25.447411224774726,1.0447307545337714,0.5174223706866973,0.540174463239223
29.7696,-8.1054,kc,2922,8.0,-15.977243526526497,6.898721453103388e-29,-0.0024463864045537456,0.0157693054096415,0.0009557231513510255,-0.0009683602974420939,-0.0019240834487931195,0.12931572894975382,0.12363026388781047,0.9140014568340051,0.44468341694140273,0.4950043813065492
29.7696,-8.1054,T2M,2922,8.0,-17.823143275635534,3.155080178738685e-30,0.1872119154264488,3.54341732775628e-18,-0.48678361852612373,0.4866113164499201,0.9733949349760438,2.7124199200940042,2.6079589795815177,0.9244590149489192,0.8380765823581826,0.8332375938857514
29.7696,-8.1054,DTR,2922,8.0,-14.715001819669936,2.808981360819041e-27,-0.012728816000031855,0.5220051624440581,-0.03445633127994524,0.0341336755646817,0.06859000684462693,2.565862517492423,2.39234652583857,0.8693234757250243,0.4380582065256189,0.4363628544161246
29.7696,-8.1054,RH2M,2922,8.0,-9.869450707340263,4.031208093250473e-17,-0.6736375021184499,1.0378095956656806e-10,2.0300656057494866,-2.0333019507186854,-4.063367556468172,13.39876936569296,12.374677715882852,0.8529782766552713,0.7955485233730114,0.8047786760527678
29.7696,-8.1054,WS10M,2922,8.0,-25.17849865996723,0.0,-0.01023312434418827,0.40529612177761626,0.06109982888432584,-0.061282101300479105,-0.12238193018480495,1.6073234554599394,1.4554216413460443,0.8199192672725323,0.5283022126862104,0.5355805603484306
29.7696,-8.1054,PRECT,2922,8.0,-37.60905901884925,0.0,0.0006645348341410993,0.8588908049817193,0.009331886065800502,-0.00944793068088438,-0.018779816746684882,0.45789423398361345,0.4746007194852382,1.0743021257383998,0.37301130741923,0.32264854770905504
29.7696,-8.1054,PS,2922,8.0,-14.34548577927598,1.0427306271952797e-26,-0.009612474486368922,0.0006812749390623794,0.009108430298881842,-0.009016141911932654,-0.018124572210814496,0.36570562889009706,0.3405018112010042,0.8669130941623137,0.8317138267177704,0.8158853194072004
29.7696,-8.1054,CLOUD_AMT,2922,8.0,-27.790877638591372,0.0,-0.16515004949003195,0.38423983059448474,0.5342315309148983,-0.530587086470454,-1.0648186173853524,23.595936416043244,23.763159871474066,1.0142241448217404,0.5142712719976995,0.5344307508500559
29.7696,-8.6054,kc,2922,8.0,-15.977243526526497,6.898721453103388e-29,-0.0024463864045537456,0.0157693054096415,0.0009557231513510255,-0.0009683602974420939,-0.0019240834487931195,0.12931572894975382,0.12363026388781047,0.9140014568340051,0.44468341694140273,0.4950043813065492
29.7696,-8.6054,T2M,2922,8.0,-18.000085852234726,2.7361143123011248e-30,0.21046075594486488,1.0399027676397526e-17,-0.5080580994752454,0.5079925507643166,1.016050650239562,3.0658853255382996,3.017418701206163,0.9686331807870875,0.8467032422929329,0.8437985168786494
29.7696,-8.6054,DTR,2922,8.0,-14.989717255147033,1.1300412680748653e-27,0.008366576256051833,0.7076635825059012,-0.12332045402692221,0.12372266712297499,0.24704312114989718,2.8976694073778804,2.6599040815611525,0.8426248840919142,0.4946263137103913,0.501751421975735
29.7696,-8.6054,RH2M,2922,8.0,-10.757517382557143,2.5704441089135616e-19,-0.9373925812738059,7.113512940629749e-15,2.4583942162902117,-2.462872039698836,-4.921266255989048,15.122644838246272,14.686750757096869,0.9431829557403147,0.8078344568218842,0.8002188220126429
29.7696,-8.6054,WS10M,2922,8.0,-30.010182235970646,0.0,0.0045129483398088305,0.7011033358257625,0.03341634725074149,-0.03347619210586358,-0.06689253935660507,1.4755911949064382,1.4579219933783458,0.9761947438425003,0.4921324885222899,0.5719828876164297
29.7696,-8.6054,PRECT,2922,8.0,-23.565150940884777,0.0,-0.004740026188066501,0.18680482077379557,0.02469531447864317,-0.02487337001793274,-0.04956868449657591,0.4724227105237961,0.4209671964364092,0.7940264618692667,0.5363066723209978,0.5277741540433619
29.7696,-8.6054,PS,2922,8.0,-13.526333841958984,2.674074182225306e-25,-0.011449429866165595,3.8135998231407317e-06,0.013200068446269751,-0.013144900752909134,-0.026344969199178885,0.32004757919132415,0.2984531737768172,0.8696075666502864,0.8245454956844304,0.8023637723823906
29.7696,-8.6054,CLOUD_AMT,2922,8.0,-27.790877638591372,0.0,-0.16515004949003195,0.38423983059448474,0.5342315309148983,-0.530587086470454,-1.0648186173853524,23.595936416043244,23.763159871474066,1.0142241448217404,0.5142712719976995,0.5344307508500559
29.7696,-9.1054,kc,2922,8.0,-16.644486480306867,1.623943102652756e-29,0.0008654436108852674,0.41358801281086316,-0.007443748532536006,0.007477583355819612,0.014921331888355618,0.1415331156707022,0.1214659391303567,0.7365341536708065,0.4275116049551551,0.4895386331073124
29.7696,-9.1054,T2M,2922,8.0,-18.373448510417354,2.216011280243837e-30,0.16888076925464413,1.505631111432824e-11,-0.384020784850559,0.3839737394478668,0.7679945242984259,3.115934006480011,3.1076267425543613,0.9946749898550568,0.8519076976176659,0.8384278453877729
29.7696,-9.1054,DTR,2922,8.0,-31.091572630287537,0.0,0.029556800982140835,0.1334039116010381,-0.13003964179785535,0.13049423910563535,0.2605338809034907,2.5389807132245688,2.3669395359725693,0.8690715320663581,0.5084436826903379,0.49203456262339806
29.7696,-9.1054,RH2M,2922,8.0,-11.174625168012605,2.5892512308156167e-20,-0.8050423013573422,3.4736581882083664e-11,1.9445108829568793,-1.9482680355920596,-3.892778918548939,14.828933427294077,15.35688404785654,1.072473029407063,0.7999694990987007,0.7990220255038399
29.7696,-9.1054,WS10M,2922,8.0,-29.400182184986523,0.0,0.012389418385836723,0.16166990866712985,-0.006559206023271733,0.006466119096509242,0.013025325119780974,1.0639500113255311,1.1442920888496313,1.1567282542484014,0.47665610154963123,0.5905289197291428
29.7696,-9.1054,PRECT,2922,8.0,-15.939171594930368,7.575019928618851e-29,-0.006639938467968414,0.10649760054115406,0.029404449807487854,-0.029623914359296337,-0.05902836416678419,0.5398386260750524,0.4837718638405085,0.8030698128273698,0.5793713149589063,0.558022902080533
29.7696,-9.1054,PS,2922,8.0,-12.881976522470639,4.638186845526398e-24,-0.017629662302416145,3.031026116766649e-14,0.02663613963039005,-0.02658767967145815,-0.0532238193018482,0.2987468822926079,0.28053627404923437,0.8818024188316352,0.7941368699019985,0.7720341089728786
29.7696,-9.1054,CLOUD_AMT,2922,8.0,-18.318056766625446,2.2688460837075322e-30,-0.5363002631855418,0.0011629238856862428,1.5058438284280165,-1.5087352270134615,-3.014579055441478,21.147109759523392,19.972748718885057,0.8920180396454551,0.4699786219679258,0.4945000793937399
29.7696,-9.6054,kc,2922,8.0,-16.644486480306867,1.623943102652756e-29,0.0008654436108852674,0.41358801281086316,-0.007443748532536006,0.007477583355819612,0.014921331888355618,0.1415331156707022,0.1214659391303567,0.7365341536708065,0.4275116049551551,0.4895386331073124
29.7696,-9.6054,T2M,2922,8.0,-18.373448510417354,2.216011280243837e-30,0.16888076925464413,1.505631111432824e-11,-0.384020784850559,0.3839737394478668,0.7679945242984259,3.115934006480011,3.1076267425543613,0.9946749898550568,0.8519076976176659,0.8384278453877729
29.7696,-9.6054,DTR,2922,8.0,-31.091572630287537,0.0,0.029556800982140835,0.1334039116010381,-0.13003964179785535,0.13049423910563535,0.2605338809034907,2.5389807132245688,2.3669395359725693,0.8690715320663581,0.5084436826903379,0.49203456262339806
29.7696,-9.6054,RH2M,2922,8.0,-11.174625168012605,2.5892512308156167e-20,-0.8050423013573422,3.4736581882083664e-11,1.9445108829568793,-1.9482680355920596,-3.892778918548939,14.828933427294077,15.35688404785654,1.072473029407063,0.7999694990987007,0.7990220255038399
29.7696,-9.6054,WS10M,2922,8.0,-29.400182184986523,0.0,0.012389418385836723,0.16166990866712985,-0.006559206023271733,0.006466119096509242,0.013025325119780974,1.0639500113255311,1.1442920888496313,1.1567282542484014,0.47665610154963123,0.5905289197291428
29.7696,-9.6054,PRECT,2922,8.0,-15.939171594930368,7.575019928618851e-29,-0.006639938467968414,0.10649760054115406,0.029404449807487854,-0.029623914359296337,-0.05902836416678419,0.5398386260750524,0.4837718638405085,0.8030698128273698,0.5793713149589063,0.558022902080533
29.7696,-9.6054,PS,2922,8.0,-12.881976522470639,4.638186845526398e-24,-0.017629662302416145,3.031026116766649e-14,0.02663613963039005,-0.02658767967145815,-0.0532238193018482,0.2987468822926079,0.28053627404923437,0.8818024188316352,0.7941368699019985,0.7720341089728786
29.7696,-9.6054,CLOUD_AMT,2922,8.0,-18.318056766625446,2.2688460837075322e-30,-0.5363002631855418,0.0011629238856862428,1.5058438284280165,-1.5087352270134615,-3.014579055441478,21.147109759523392,19.972748718885057,0.8920180396454551,0.4699786219679258,0.4945000793937399
30.2696,-5.1054,kc,2922,8.0,-15.612503606718214,1.7726014276261037e-28,-0.003769206656107374,0.00010042274646880094,0.004297869182593709,-0.004346363719686734,-0.008644232902280443,0.1176707134688078,0.12424134332669852,1.114796261105004,0.35481854243547817,0.4033914897047849
30.2696,-5.1054,T2M,2922,8.0,-12.310237992581794,7.119029143895451e-23,0.15173490963955258,3.817098247784634e-17,-0.3909398129135294,0.3906412959160394,0.7815811088295688,2.2656451893769525,2.1912743321908073,0.9354265808794006,0.8079766164631986,0.8030477579118835
30.2696,-5.1054,DTR,2922,8.0,-13.148480229442292,1.3825223010395034e-24,0.014758825253865522,0.3914080031555983,-0.06777878165639978,0.06732046543463371,0.1350992470910335,2.214558405595928,2.078996397071038,0.8813191281196479,0.3871281604201062,0.38902717420832056
30.2696,-5.1054,RH2M,2922,8.0,-10.245528072750464,4.628525487594358e-18,-0.25846220545056775,0.0006364587076578639,0.8483212183436,-0.8491120465434636,-1.6974332648870636,9.610814464113021,9.212429700201412,0.9188148103224837,0.7308040456413013,0.7134527518122151
30.2696,-5.1054,WS10M,2922,8.0,-30.965511489248225,0.0,-0.006109003918092622,0.5148886404200653,0.04487028291124801,-0.04522554186630163,-0.09009582477754964,1.2316723825791722,1.10425130265338,0.8037952465555603,0.40349554935377907,0.39744266637273057
30.2696,-5.1054,PRECT,2922,8.0,-34.50938347030109,0.0,0.001259138884860427,0.6169049186869561,-0.0019210249523696913,0.0019017903056653893,0.0038228152580350805,0.30077374157767167,0.3268565735752937,1.1809584299403344,0.34661368089608546,0.2544196479712321
30.2696,-5.1054,PS,2922,8.0,-12.39727732598879,4.6448144609067574e-23,-0.01012672399647556,0.0014565590859830847,0.011054095368469527,-0.010930846452201347,-0.021984941820670872,0.41186013486184175,0.38190069496555085,0.8598078039666655,0.8143936449293281,0.804420838875763
30.2696,-5.1054,CLOUD_AMT,2922,8.0,-28.66099794619417,0.0,0.07579200331034507,0.7064490213658904,0.26565011407711603,-0.2604826716860598,-0.5261327857631759,24.69459208211516,25.518357182545316,1.0678289986801288,0.4753630855821957,0.5145157926838175
30.2696,-5.6054,kc,2922,8.0,-15.612503606718214,1.7726014276261037e-28,-0.003769206656107374,0.00010042274646880094,0.004297869182593709,-0.004346363719686734,-0.008644232902280443,0.1176707134688078,0.12424134332669852,1.114796261105004,0.35481854243547817,0.4033914897047849
30.2696,-5.6054,T2M,2922,8.0,-15.096841964948103,8.044938104133585e-28,0.14826181767031313,1.2225213471997977e-15,-0.3762793406342688,0.37617788044718237,0.7524572210814512,2.349617664716288,2.2369507116335776,0.9063969447144918,0.8197075168384623,0.8071171918067293
30.2696,-5.6054,DTR,2922,8.0,-12.6008365806705,1.7376970116997555e-23,0.007326933926503181,0.6711622997352439,-0.0441507871321013,0.043583641341546846,0.08773442847364815,2.2226430847383245,2.081193004861945,0.8767691447166794,0.3926876743786589,0.36112046636428624
30.2696,-5.6054,RH2M,2922,8.0,-10.452780597317375,1.4239104279101203e-18,-0.2536857843265286,0.0011668337451723786,0.7947301962126402,-0.7970630960529317,-1.5917932922655718,10.009699446564928,9.433483609267588,0.8881823190790523,0.7507827875692354,0.7357846264635481
30.2696,-5.6054,WS10M,2922,8.0,-16.303224120479694,3.250605400199288e-29,-0.0030392349195949536,0.7310448024414377,0.03728450832762948,-0.0376915354779831,-0.07497604380561258,1.1752260400295174,1.0249949672713627,0.7606776471602467,0.42346743834458844,0.412838731036573
30.2696,-5.6054,PRECT,2922,8.0,-34.09844262303683,0.0,0.0012676700210822714,0.6206251124446339,-0.0024170305137466374,0.00238495563944914,0.0048019861531957775,0.2987155639779056,0.33916739197868206,1.289176800014268,0.35966677349427584,0.3064502298269889
30.2696,-5.6054,PS,2922,8.0,-12.337564280874535,6.223222962967982e-23,-0.00940420173943027,0.0028178996436048144,0.009041033538672047,-0.008919267624914573,-0.01796030116358662,0.4074098495600069,0.3781836281076166,0.8616728302387275,0.8190614513036385,0.8076632733082234
30.2696,-5.6054,CLOUD_AMT,2922,8.0,-28.66099794619417,0.0,0.07579200331034507,0.7064490213658904,0.26565011407711603,-0.2604826716860598,-0.5261327857631759,24.69459208211516,25.518357182545316,1.0678289986801288,0.4753630855821957,0.5145157926838175
30.2696,-6.1054,kc,2922,8.0,-34.97399292715644,0.0,-0.0035913514979646365,0.0006055872074402799,0.0038566805989247435,-0.003904604939237676,-0.007761285538162419,0.12671026242816735,0.13468947370654838,1.1299096847362864,0.3859473972862754,0.4221947976739711
30.2696,-6.1054,T2M,2922,8.0,-15.035289190977313,9.769142814850327e-28,0.14675632223298837,6.6669090552531505e-15,-0.3742665411818389,0.37428924252794904,0.7485557837097879,2.39789963835714,2.2662159573238734,0.8931832747931181,0.8403477473573959,0.8175411110907773
30.2696,-6.1054,DTR,2922,8.0,-14.579544754578178,4.491673537177164e-27,-0.0050959468887805575,0.7867102050605393,-0.026394056582249574,0.025823602555327337,0.05221765913757691,2.425518549331235,2.2717796038053146,0.8772496258350424,0.4050758216235209,0.37806976586253216
30.2696,-6.1054,RH2M,2922,8.0,-10.553060127940613,8.082413981572566e-19,-0.30523441883851443,0.0003134598204972262,0.9675042208532967,-0.9710926306182981,-1.9385968514715948,10.942489337276923,10.112650730478725,0.8540784257077367,0.7700898340370802,0.7470074636391439
30.2696,-6.1054,WS10M,2922,8.0,-21.126442711509455,0.0,-0.0013143834511798469,0.8825714926600126,0.0313624914442163,-0.03184079397672826,-0.06320328542094455,1.1818786048010532,1.0329518541995983,0.7638611414386797,0.4394912263600455,0.4442596750932329
30.2696,-6.1054,PRECT,2922,8.0,-32.85785737211236,0.0,0.0023038559028101184,0.38228737843778143,-0.0032710408664229345,0.0032198420165151717,0.006490882882938106,0.3072767040433709,0.34946529706033763,1.2934476002655517,0.3466853795479244,0.35113998848177363
30.2696,-6.1054,PS,2922,8.0,-12.284980046383629,8.064034460151131e-23,-0.008436665174138002,0.005419864817001597,0.0066619324663474205,-0.006555042208532673,-0.013216974674880094,0.392406814529795,0.3645795962170262,0.863200409622734,0.8264675119401077,0.8117393582210543
30.2696,-6.1054,CLOUD_AMT,2922,8.0,-28.389584934691385,0.0,-0.0271246780454115,0.8896643146732781,0.41338060689025774,-0.40811836641569726,-0.821498973305955,23.62124681127419,25.143789599474644,1.1330676307585312,0.45808602331935244,0.48537978942518345
30.2696,-6.6054,kc,2922,8.0,-34.97399292715644,0.0,-0.0035913514979646365,0.0006055872074402799,0.0038566805989247435,-0.003904604939237676,-0.007761285538162419,0.12671026242816735,0.13468947370654838,1.1299096847362864,0.3859473972862754,0.4221947976739711
30.2696,-6.6054,T2M,2922,8.0,-11.778130155111826,1.0504695519314849e-21,0.15485198990218296,1.8136115632820456e-15,-0.41280740360483686,0.41296261692904396,0.8257700205338808,2.47859415469907,2.334255730229895,0.8869232196808168,0.8528692361632277,0.8257411857770993
30.2696,-6.6054,DTR,2922,8.0,-14.968743585818697,1.2089994738488511e-27,-0.0045729451212877985,0.8160365958049636,-0.032724344056582096,0.03217640885238428,0.06490075290896638,2.530535796477116,2.372011090773685,0.8786349214749501,0.4254850852260212,0.39122392758953856
30.2696,-6.6054,RH2M,2922,8.0,-10.023311745267952,1.6569524209753584e-17,-0.3923420186943606,1.2095379042578832e-05,1.3304215263518138,-1.3342328199863105,-2.664654346338124,11.59437289584049,10.638968299301329,0.8419852853386952,0.7997855916404795,0.7772123257615128
30.2696,-6.6054,WS10M,2922,8.0,-20.420847317180243,0.0,-0.0020335214590909956,0.8378351319118688,0.018479352041980354,-0.01909765001140773,-0.037577002053388084,1.322051118550698,1.1514575596698493,0.7585764832069105,0.5046164374135604,0.49283640562206116
30.2696,-6.6054,PRECT,2922,8.0,-30.545201681268587,0.0,0.001160262731012248,0.7275073419961166,0.005452263300403932,-0.005560421876431463,-0.011012685176835395,0.41290612217120987,0.4180269037704497,1.0249574166736852,0.40455098027444547,0.3892396304626083
30.2696,-6.6054,PS,2922,8.0,-12.316279482461978,6.91025110783621e-23,-0.00844284191193733,0.0048973924904785835,0.006411898243212471,-0.0063054186630159825,-0.012717316906228453,0.3885678415232587,0.36014009352861176,0.8590317906712551,0.8311788160409288,0.8157425023279159
30.2696,-6.6054,CLOUD_AMT,2922,8.0,-28.389584934691385,0.0,-0.0271246780454115,0.8896643146732781,0.41338060689025774,-0.40811836641569726,-0.821498973305955,23.62124681127419,25.143789599474644,1.1330676307585312,0.45808602331935244,0.48537978942518345
30.2696,-7.1054,kc,2922,8.0,-31.744310170467834,0.0,-0.0030266683028117762,0.007182262275967275,0.0014094250750255508,-0.0014209445047710504,-0.0028303695797966015,0.13912385927829132,0.1420008228656311,1.0417859335943722,0.46941925418300706,0.4982594277781323
30.2696,-7.1054,T2M,2922,8.0,-11.778130155111826,1.0504695519314849e-21,0.15485198990218296,1.8136115632820456e-15,-0.41280740360483686,0.41296261692904396,0.8257700205338808,2.47859415469907,2.334255730229895,0.8869232196808168,0.8528692361632277,0.8257411857770993
30.2696,-7.1054,DTR,2922,8.0,-14.968743585818697,1.2089994738488511e-27,-0.0045729451212877985,0.8160365958049636,-0.032724344056582096,0.03217640885238428,0.06490075290896638,2.530535796477116,2.372011090773685,0.8786349214749501,0.4254850852260212,0.39122392758953856
30.2696,-7.1054,RH2M,2922,8.0,-10.023311745267952,1.6569524209753584e-17,-0.3923420186943606,1.2095379042578832e-05,1.3304215263518138,-1.3342328199863105,-2.664654346338124,11.59437289584049,10.638968299301329,0.8419852853386952,0.7997855916404795,0.7772123257615128
30.2696,-7.1054,WS10M,2922,8.0,-20.420847317180243,0.0,-0.0020335214590909956,0.8378351319118688,0.018479352041980354,-0.01909765001140773,-0.037577002053388084,1.322051118550698,1.1514575596698493,0.7585764832069105,0.5046164374135604,0.49283640562206116
30.2696,-7.1054,PRECT,2922,8.0,-30.545201681268587,0.0,0.001160262731012248,0.7275073419961166,0.005452263300403932,-0.005560421876431463,-0.011012685176835395,0.41290612217120987,0.4180269037704497,1.0249574166736852,0.40455098027444547,0.3892396304626083
30.2696,-7.1054,PS,2922,8.0,-12.316279482461978,6.91025110783621e-23,-0.00844284191193733,0.0048973924904785835,0.006411898243212471,-0.0063054186630159825,-0.012717316906228453,0.3885678415232587,0.36014009352861176,0.8590317906712551,0.8311788160409288,0.8157425023279159
30.2696,-7.1054,CLOUD_AMT,2922,8.0,-28.027971862229972,0.0,0.11794861768150998,0.567784035096197,0.3306722108145108,-0.3257343600273783,-0.6564065708418891,25.354950067508415,26.158718988455913,1.064406273779801,0.5358948725379331,0.5336017557187875
30.2696,-7.6054,kc,2922,8.0,-31.744310170467834,0.0,-0.0030266683028117762,0.007182262275967275,0.0014094250750255508,-0.0014209445047710504,-0.0028303695797966015,0.13912385927829132,0.1420008228656311,1.0417859335943722,0.46941925418300706,0.4982594277781323
30.2696,-7.6054,T2M,2922,8.0,-15.362694782712685,3.5948713627758704e-28,0.15144850079344507,1.6533660292767948e-14,-0.42263580880675333,0.4225387291809263,0.8451745379876796,2.4923679749698078,2.3831246455622885,0.9142588890139323,0.8368543460741174,0.8232000412359358
30.2696,-7.6054,DTR,2922,8.0,-14.970698647774634,1.2013951945297824e-27,0.0020989875596196554,0.9221015267894968,-0.0749616016427105,0.07496310746064334,0.14992470910335384,2.7624701564868475,2.589534171967747,0.8787151272821119,0.46820030693492326,0.45771640591833795
30.2696,-7.6054,RH2M,2922,8.0,-9.891629488122009,3.5453128900130904e-17,-0.4580534503471095,7.001570602860976e-06,1.6607185945699292,-1.664106867442391,-3.32482546201232,13.118259596289798,12.12756080242776,0.8546621669166581,0.7689035218660455,0.7627714154848501
30.2696,-7.6054,WS10M,2922,8.0,-21.11390244373952,0.0,-0.0016592213966530947,0.8895913764596856,0.031208749714807242,-0.0319124001825234,-0.06312114989733064,1.5860212007490573,1.3896998339324464,0.7677574415076474,0.5753813385919809,0.5679656878751176
30.2696,-7.6054,PRECT,2922,8.0,-25.280650947162183,0.0,-0.002000334476791666,0.5904903119004752,0.016198432586348205,-0.01636609085221404,-0.03256452343856224,0.47062920614296677,0.4564021425265773,0.9404540889821649,0.4870587386357368,0.38837417666239343
30.2696,-7.6054,PS,2922,8.0,-14.359521812565587,9.902881082502707e-27,-0.006327540093016218,0.03033781318376129,0.001597775496235942,-0.0015028405201911734,-0.0031006160164271154,0.3786073969476252,0.3503012969733652,0.8560621613212293,0.8388225709986735,0.822225298076159
30.2696,-7.6054,CLOUD_AMT,2922,8.0,-28.027971862229972,0.0,0.11794861768150998,0.567784035096197,0.3306722108145108,-0.3257343600273783,-0.6564065708418891,25.354950067508415,26.158718988455913,1.064406273779801,0.5358948725379331,0.5336017557187875
30.2696,-8.1054,kc,2922,8.0,-32.250720540234234,0.0,-0.0009033773102976011,0.4455613037014719,-0.004094435550594128,0.004115217721490789,0.008209653272084918,0.15233508294725165,0.14296050976140204,0.8807087464547383,0.4560826596343735,0.49157057962490497
30.2696,-8.1054,T2M,2922,8.0,-18.06967867794519,2.6064514418319794e-30,0.18408928356634616,7.038728215283412e-17,-0.48325098106319886,0.48320350216746516,0.9664544832306641,2.7875201704571673,2.663393465973542,0.9129239963022694,0.8454416040584989,0.8357033155716151
30.2696,-8.1054,DTR,2922,8.0,-14.985613866508983,1.1450425898672727e-27,-0.007031419992052063,0.7337861537471718,-0.038521355236139546,0.038884531143052826,0.07740588637919238,2.6763741650403476,2.4790683956548882,0.8579922393128447,0.4645333524752486,0.4830214785390801
30.2696,-8.1054,RH2M,2922,8.0,-10.062284939293884,1.3238253705359018e-17,-0.6907522435071196,1.7180616693535895e-10,2.1063306297056807,-2.111335352498289,-4.21766598220397,13.935601680443607,12.80490021627583,0.8443080851754601,0.7865264256798932,0.7840282730657939
30.2696,-8.1054,WS10M,2922,8.0,-30.34321126803564,0.0,0.006601426807399271,0.42966514043134446,0.01013650467716175,-0.010192037417294124,-0.020328542094455872,1.067228873586024,1.0182532374029094,0.9103249924176942,0.47750834671339326,0.53731405237547
30.2696,-8.1054,PRECT,2922,8.0,-29.518385968385427,0.0,-0.0017012142738510553,0.6363818042306789,0.015964046583243782,-0.01611077162751819,-0.03207481821076197,0.46298866364966784,0.4340342276236582,0.8788347950001598,0.4504893724748805,0.4236019749860471
30.2696,-8.1054,PS,2922,8.0,-13.647653686996781,1.6081325827829614e-25,-0.008495324711647824,0.0015246845571494966,0.006484565366187466,-0.00641755646817254,-0.012902121834360007,0.34638971545830655,0.32245776050874,0.8665940219837485,0.8302486391880393,0.8076445551445908
30.2696,-8.1054,CLOUD_AMT,2922,8.0,-24.166253127643667,0.0,-0.8996199135098593,5.505893361527214e-06,2.5593887405886377,-2.5574490417522244,-5.116837782340863,24.049309129091977,25.163334153282996,1.094790852498674,0.5267831066672308,0.5574586118050578
30.2696,-8.6054,kc,2922,8.0,-32.250720540234234,0.0,-0.0009033773102976011,0.4455613037014719,-0.004094435550594128,0.004115217721490789,0.008209653272084918,0.15233508294725165,0.14296050976140204,0.8807087464547383,0.4560826596343735,0.49157057962490497
30.2696,-8.6054,T2M,2922,8.0,-17.854208376994208,3.0710668205918728e-30,0.2117966389527954,6.088900784853135e-19,-0.5072394934976044,0.507346406570842,1.0145859000684463,2.978374680334112,2.9204159917542762,0.9614590094284969,0.8599079130511378,0.8516789463768063
30.2696,-8.6054,DTR,2922,8.0,-14.918921121340567,1.4212701719960295e-27,0.009056878165742785,0.6509767634233521,-0.0860365617157198,0.08656439653205562,0.17260095824777544,2.6100463344459293,2.3777882061590145,0.8299461276224016,0.4509594609480535,0.48049447573956855
30.2696,-8.6054,RH2M,2922,8.0,-10.408034726865576,1.834883163115883e-18,-0.8631123414939861,1.0337775015084082e-15,2.3202771731690626,-2.3260883299110198,-4.646365503080082,13.634908471273484,12.950429204182102,0.902119084017391,0.8160867823324676,0.8030840457949648
30.2696,-8.6054,WS10M,2922,8.0,-30.254434207259532,0.0,0.017285547294398518,0.012506976526331546,-0.02263523842117269,0.02251876568560348,0.04515400410677617,0.847185939087214,0.8801017853265329,1.0792158767561968,0.4409658923070034,0.5315632079967075
30.2696,-8.6054,PRECT,2922,8.0,-23.533602871756905,0.0,-0.0053149368987995375,0.15909682221565366,0.02538828307690293,-0.025596159399014225,-0.05098444247591716,0.5006078896397212,0.4380745381022059,0.7657740473893772,0.5637523468136817,0.5043651029653164
30.2696,-8.6054,PS,2922,8.0,-13.59814874572078,1.976727349172448e-25,-0.013453322016194954,1.8475661211565847e-07,0.01695322838238575,-0.016872918092631167,-0.033826146475016916,0.33312985715643034,0.3110321995820205,0.8717331993957911,0.8172521610247524,0.7981797443639355
30.2696,-8.6054,CLOUD_AMT,2922,8.0,-24.166253127643667,0.0,-0.8996199135098593,5.505893361527214e-06,2.5593887405886377,-2.5574490417522244,-5.116837782340863,24.049309129091977,25.163334153282996,1.094790852498674,0.5267831066672308,0.5574586118050578
30.2696,-9.1054,kc,2922,8.0,-33.78023766861259,0.0,0.0002693739314329607,0.7978836284134613,-0.004904665042932469,0.0049433187413057255,0.009847983784238195,0.1369352618104707,0.12512906276909422,0.8349986827738205,0.399314997646941,0.48230233059183414
30.2696,-9.1054,T2M,2922,8.0,-18.312279487608127,2.274781278947212e-30,0.1942526413716053,1.4066885624271558e-17,-0.44288291124800355,0.4430719142140087,0.8859548254620122,2.8193736583339994,2.827271309670584,1.005610262261098,0.8514508605582836,0.8505933251267022
30.2696,-9.1054,DTR,2922,8.0,-23.768120552980246,0.0,0.038374629293250015,0.0357548226435499,-0.1339902349988592,0.13440127766370055,0.2683915126625598,2.3596334299759523,2.1922096916632112,0.8631278025421922,0.4865847577111797,0.4761848081308246
30.2696,-9.1054,RH2M,2922,8.0,-11.01047559961888,6.344118008459095e-20,-0.9801699576474019,1.880129453361389e-20,2.3537270020533883,-2.3593941478439424,-4.713121149897331,13.018291979778773,13.145636400914276,1.019659608249485,0.801146964092936,0.814102958943505
30.2696,-9.1054,WS10M,2922,8.0,-25.819368082965873,0.0,0.015838106457854766,0.06266791346094504,-0.021250695870408398,0.0208779831165868,0.0421286789869952,1.0580383754639429,1.0654756819279545,1.0141080820835817,0.5202376703330004,0.5632677542090655
30.2696,-9.1054,PRECT,2922,8.0,-26.43153270170354,0.0,-0.0074832295053723075,0.051793007775817586,0.028772630982271105,-0.028999112886489466,-0.05777174386876057,0.5220205325133559,0.432630487870047,0.6868455232710068,0.5605104087071076,0.5259344550751816
30.2696,-9.1054,PS,2922,8.0,-13.4370149591241,3.9117017903992707e-25,-0.01901062510167681,1.3367108303936281e-14,0.028752977412731053,-0.0286734428473649,-0.05742642026009595,0.3178293151836028,0.298296380993555,0.8808623842614157,0.8048396674102376,0.789554493387951
30.2696,-9.1054,CLOUD_AMT,2922,8.0,-24.008920766806824,0.0,-0.5571943087224616,0.0016167207425984785,1.453883926534337,-1.45599971480721,-2.9098836413415468,22.491138733420843,21.544815187329412,0.9176195488743767,0.47744294071633814,0.5141370816270201
30.2696,-9.6054,kc,2922,8.0,-33.78023766861259,0.0,0.0002693739314329607,0.7978836284134613,-0.004904665042932469,0.0049433187413057255,0.009847983784238195,0.1369352618104707,0.12512906276909422,0.8349986827738205,0.399314997646941,0.48230233059183414
30.2696,-9.6054,T2M,2922,8.0,-18.312279487608127,2.274781278947212e-30,0.1942526413716053,1.4066885624271558e-17,-0.44288291124800355,0.4430719142140087,0.8859548254620122,2.8193736583339994,2.827271309670584,1.005610262261098,0.8514508605582836,0.8505933251267022
30.2696,-9.6054,DTR,2922,8.0,-23.768120552980246,0.0,0.038374629293250015,0.0357548226435499,-0.1339902349988592,0.13440127766370055,0.2683915126625598,2.3596334299759523,2.1922096916632112,0.8631278025421922,0.4865847577111797,0.4761848081308246
30.2696,-9.6054,RH2M,2922,8.0,-11.01047559961888,6.344118008459095e-20,-0.9801699576474019,1.880129453361389e-20,2.3537270020533883,-2.3593941478439424,-4.713121149897331,13.018291979778773,13.145636400914276,1.019659608249485,0.801146964092936,0.814102958943505
30.2696,-9.6054,WS10M,2922,8.0,-25.819368082965873,0.0,0.015838106457854766,0.06266791346094504,-0.021250695870408398,0.0208779831165868,0.0421286789869952,1.0580383754639429,1.0654756819279545,1.0141080820835817,0.5202376703330004,0.5632677542090655
30.2696,-9.6054,PRECT,2922,8.0,-26.43153270170354,0.0,-0.0074832295053723075,0.051793007775817586,0.028772630982271105,-0.028999112886489466,-0.05777174386876057,0.5220205325133559,0.432630487870047,0.6868455232710068,0.5605104087071076,0.5259344550751816
30.2696,-9.6054,PS,2922,8.0,-13.4370149591241,3.9117017903992707e-25,-0.01901062510167681,1.3367108303936281e-14,0.028752977412731053,-0.0286734428473649,-0.05742642026009595,0.3178293151836028,0.298296380993555,0.8808623842614157,0.8048396674102376,0.789554493387951
30.2696,-9.6054,CLOUD_AMT,2922,8.0,-24.008920766806824,0.0,-0.5571943087224616,0.0016167207425984785,1.453883926534337,-1.45599971480721,-2.9098836413415468,22.491138733420843,21.544815187329412,0.9176195488743767,0.47744294071633814,0.5141370816270201
30.7696,-4.1054,kc,2922,8.0,-15.228014773207518,5.369957733584668e-28,-0.0024524769044540645,0.0063335583255496415,0.0027922144862407208,-0.002835328478311034,-0.005627542964551755,0.10927362819940557,0.11492320948980407,1.1060754830722772,0.3404151867034082,0.4050425095231578
30.7696,-4.1054,T2M,2922,8.0,-14.805342879895836,2.0693052099717262e-27,0.14862143879369644,3.633537534523132e-16,-0.3910592744695415,0.39073401779603,0.7817932922655715,2.2856915665250104,2.22342413769971,0.9462575995440633,0.8109624180981071,0.8065005433357204
30.7696,-4.1054,DTR,2922,8.0,-13.076940469921958,1.9054865568839343e-24,0.022192438571983913,0.2175979556132002,-0.09507953456536632,0.09401697467488017,0.18909650924024649,2.2709932728422837,2.217359347598817,0.9533238683512825,0.4076042348952078,0.4285323390890569
30.7696,-4.1054,RH2M,2922,8.0,-9.733917096885364,8.853766784266363e-17,-0.28572108018860914,0.0001866734973895699,0.9100216290212183,-0.9109845311430523,-1.8210061601642706,9.657117414204567,9.360550519649097,0.9395237427045493,0.7195316325698518,0.6912625726423824
30.7696,-4.1054,WS10M,2922,8.0,-31.75906910260136,0.0,-0.004000202972962431,0.673548741416114,0.03564808350444899,-0.03600147159479813,-0.07164955509924711,1.2503825297309834,1.1143538934255517,0.7942559470627881,0.37308399642824425,0.36854580882819193
30.7696,-4.1054,PRECT,2922,8.0,-33.64734326063181,0.0,0.0009103396714023667,0.7100886540446608,-0.0004781578092154553,0.00046253919681294147,0.0009406970060283967,0.2981080373836525,0.3128748452717258,1.1015239011034759,0.3555872263993589,0.25565924857120964
30.7696,-4.1054,PS,2922,8.0,-12.399688322064282,4.590452420964224e-23,-0.009992288667139962,0.0019145181640661739,0.011065993611682022,-0.010932637462924577,-0.0219986310746066,0.4175343780161714,0.38580357660124887,0.8537840168648915,0.8146784003074068,0.8058903400399097
30.7696,-4.1054,CLOUD_AMT,2922,8.0,-15.763402079641166,1.1842905887128637e-28,-0.10164903878306171,0.5718608031790757,0.3382336185261239,-0.33093818161076893,-0.6691718001368928,21.778678982475,23.073192454492325,1.1224120232836938,0.43126957886902173,0.4721195779692349
30.7696,-4.6054,kc,2922,8.0,-15.228014773207518,5.369957733584668e-28,-0.0024524769044540645,0.0063335583255496415,0.0027922144862407208,-0.002835328478311034,-0.005627542964551755,0.10927362819940557,0.11492320948980407,1.1060754830722772,0.3404151867034082,0.4050425095231578
30.7696,-4.6054,T2M,2922,8.0,-14.805342879895836,2.0693052099717262e-27,0.14862143879369644,3.633537534523132e-16,-0.3910592744695415,0.39073401779603,0.7817932922655715,2.2856915665250104,2.22342413769971,0.9462575995440633,0.8109624180981071,0.8065005433357204
30.7696,-4.6054,DTR,2922,8.0,-13.076940469921958,1.9054865568839343e-24,0.022192438571983913,0.2175979556132002,-0.09507953456536632,0.09401697467488017,0.18909650924024649,2.2709932728422837,2.217359347598817,0.9533238683512825,0.4076042348952078,0.4285323390890569
30.7696,-4.6054,RH2M,2922,8.0,-9.733917096885364,8.853766784266363e-17,-0.28572108018860914,0.0001866734973895699,0.9100216290212183,-0.9109845311430523,-1.8210061601642706,9.657117414204567,9.360550519649097,0.9395237427045493,0.7195316325698518,0.6912625726423824
30.7696,-4.6054,WS10M,2922,8.0,-31.75906910260136,0.0,-0.004000202972962431,0.673548741416114,0.03564808350444899,-0.03600147159479813,-0.07164955509924711,1.2503825297309834,1.1143538934255517,0.7942559470627881,0.37308399642824425,0.36854580882819193
30.7696,-4.6054,PRECT,2922,8.0,-33.64734326063181,0.0,0.0009103396714023667,0.7100886540446608,-0.0004781578092154553,0.00046253919681294147,0.0009406970060283967,0.2981080373836525,0.3128748452717258,1.1015239011034759,0.3555872263993589,0.25565924857120964
30.7696,-4.6054,PS,2922,8.0,-12.399688322064282,4.590452420964224e-23,-0.009992288667139962,0.0019145181640661739,0.011065993611682022,-0.010932637462924577,-0.0219986310746066,0.4175343780161714,0.38580357660124887,0.8537840168648915,0.8146784003074068,0.8058903400399097
30.7696,-4.6054,CLOUD_AMT,2922,8.0,-15.763402079641166,1.1842905887128637e-28,-0.10164903878306171,0.5718608031790757,0.3382336185261239,-0.33093818161076893,-0.6691718001368928,21.778678982475,23.073192454492325,1.1224120232836938,0.43126957886902173,0.4721195779692349
30.7696,-5.1054,kc,2922,8.0,-15.612503606718214,1.7726014276261037e-28,-0.003769206656107374,0.00010042274646880094,0.004297869182593709,-0.004346363719686734,-0.008644232902280443,0.1176707134688078,0.12424134332669852,1.114796261105004,0.35481854243547817,0.4033914897047849
30.7696,-5.1054,T2M,2922,8.0,-12.143789791382405,1.628196343899254e-22,0.14503225138476628,9.853116009651979e-15,-0.3808349874515171,0.38058869495779146,0.7614236824093086,2.3791135754039936,2.2568621599313743,0.8998698883972692,0.8153868101530883,0.8069632971897215
30.7696,-5.1054,DTR,2922,8.0,-13.114225919387463,1.6114702283712928e-24,0.01959027190295526,0.27478197527037945,-0.0827242299794661,0.08171793292265576,0.16444216290212188,2.2770566804321875,2.196321753294432,0.9303454621705012,0.42082978450042974,0.404572964052468
30.7696,-5.1054,RH2M,2922,8.0,-10.329394409336938,2.868825730467112e-18,-0.23231715069998737,0.003097056778145704,0.7705415126625599,-0.7724975017111568,-1.5430390143737167,10.005811131650926,9.543524430528644,0.9097309650706472,0.7382871247765125,0.7184800725384164
30.7696,-5.1054,WS10M,2922,8.0,-30.28615240510521,0.0,-0.0006967222618941525,0.9346639079031148,0.028233664156970078,-0.028747855350216765,-0.05698151950718684,1.115906890225674,1.001241934051238,0.8050486806104128,0.40552205562955385,0.4209703430368017
30.7696,-5.1054,PRECT,2922,8.0,-32.7029986484185,0.0,0.0006040316438196204,0.831113826904577,-0.0007304944763945528,0.000711745409841852,0.0014422398862364047,0.34137688351278905,0.3650448103963993,1.143468325047424,0.39233818124021946,0.31263311371904734
30.7696,-5.1054,PS,2922,8.0,-12.365112254672416,5.436311813437371e-23,-0.009427508200611272,0.0033155990813863094,0.00944705681040354,-0.009314065708419037,-0.018761122518822577,0.41627907077474463,0.3845873353462275,0.8535339580508797,0.8181286161656558,0.8091247953033975
30.7696,-5.1054,CLOUD_AMT,2922,8.0,-28.66099794619417,0.0,0.07579200331034507,0.7064490213658904,0.26565011407711603,-0.2604826716860598,-0.5261327857631759,24.69459208211516,25.518357182545316,1.0678289986801288,0.4753630855821957,0.5145157926838175
30.7696,-5.6054,kc,2922,8.0,-15.612503606718214,1.7726014276261037e-28,-0.003769206656107374,0.00010042274646880094,0.004297869182593709,-0.004346363719686734,-0.008644232902280443,0.1176707134688078,0.12424134332669852,1.114796261105004,0.35481854243547817,0.4033914897047849
30.7696,-5.6054,T2M,2922,8.0,-15.040776715769699,9.600359879474063e-28,0.1413047460419394,1.4701962983492351e-13,-0.3749281314168378,0.375037645448323,0.7499657768651609,2.447426722107736,2.28516731516333,0.871799493381473,0.832275334511264,0.8187328105294087
30.7696,-5.6054,DTR,2922,8.0,-14.268190064174238,1.388873893613818e-26,0.00818161494799241,0.6564576505235845,-0.05371543463381249,0.0528485626283367,0.10656399726214918,2.324152058848318,2.2646856894456313,0.9494821278583029,0.4101448344956039,0.3870404282352473
30.7696,-5.6054,RH2M,2922,8.0,-10.69927250463549,3.5578450433720264e-19,-0.22797717122215835,0.007837886816994549,0.782428621948437,-0.7865241501254846,-1.5689527720739216,11.065610409510098,10.272432162759582,0.8617788122303569,0.756490248675997,0.7376375994674427
30.7696,-5.6054,WS10M,2922,8.0,-15.61673347407183,1.7522443010636307e-28,-0.0010334732046994636,0.9071588937651187,0.030615970796258263,-0.031232078485055877,-0.06184804928131414,1.1677916102966228,1.0391619349120031,0.7918369398991968,0.48075523959749866,0.4770340523698551
30.7696,-5.6054,PRECT,2922,8.0,-26.33118914088958,0.0,0.0009445298665119743,0.7625694587227935,0.0011684541273106427,-0.001222659361898008,-0.0023911134892086504,0.3724522664757026,0.4070381980044421,1.1943430621328364,0.41170387525418417,0.39743450324771606
30.7696,-5.6054,PS,2922,8.0,-12.245211385814539,9.818988735474194e-23,-0.0074557216180728275,0.01793884994159545,0.004520385580652469,-0.004391318731462615,-0.008911704312115083,0.408682113287027,0.37714758657834513,0.8516308888434729,0.8277726083474344,0.8157391578331077
30.7696,-5.6054,CLOUD_AMT,2922,8.0,-28.66099794619417,0.0,0.07579200331034507,0.7064490213658904,0.26565011407711603,-0.2604826716860598,-0.5261327857631759,24.69459208211516,25.518357182545316,1.0678289986801288,0.4753630855821957,0.5145157926838175
30.7696,-6.1054,kc,2922,8.0,-34.97399292715644,0.0,-0.0035913514979646365,0.0006055872074402799,0.0038566805989247435,-0.003904604939237676,-0.007761285538162419,0.12671026242816735,0.13468947370654838,1.1299096847362864,0.3859473972862754,0.4221947976739711
30.7696,-6.1054,T2M,2922,8.0,-11.863006853724297,6.776980188851276e-22,0.12910347937587394,6.707181985776548e-11,-0.351904859685147,0.3521403148528406,0.7040451745379877,2.5297688041456046,2.371749099103757,0.8789735834434219,0.8441897799547426,0.8249477472332547
30.7696,-6.1054,DTR,2922,8.0,-14.980072771926778,1.1656398222591661e-27,-0.00027938238595245815,0.9886292880050628,-0.047484633812457114,0.047121800136892635,0.09460643394934976,2.4909484760257596,2.3996663184589373,0.9280518113085281,0.410139242420399,0.3940576057813395
30.7696,-6.1054,RH2M,2922,8.0,-10.999648797507971,6.73267122345228e-20,-0.22260400080439602,0.01755888514190224,0.8610878507871325,-0.8664001711156738,-1.7274880219028064,12.205349126144995,11.109658383815631,0.8285161842354886,0.762568788234884,0.743226571206153
30.7696,-6.1054,WS10M,2922,8.0,-20.64297714842885,0.0,0.0027808745241759717,0.779861644044808,0.015859810631987218,-0.016549498060689036,-0.032409308692676254,1.3184021880321255,1.159345587147907,0.773267925443316,0.49445338955671886,0.4917492645563325
30.7696,-6.1054,PRECT,2922,8.0,-25.333223383582805,0.0,0.0025558734935126524,0.4589937078221045,0.001735910373116862,-0.0018272558532112036,-0.0035631662263280657,0.4099528289051982,0.450505621683887,1.2076265546482479,0.4283196409172069,0.43692149904181804
30.7696,-6.1054,PS,2922,8.0,-12.236614760241284,1.0247017529317544e-22,-0.006636576969326748,0.027539654109473156,0.002324070271503408,-0.0022207620351360167,-0.004544832306639424,0.3905185172548692,0.3607424395429874,0.8533186005116167,0.8351329222510975,0.8198077521438516
30.7696,-6.1054,CLOUD_AMT,2922,8.0,-28.389584934691385,0.0,-0.0271246780454115,0.8896643146732781,0.41338060689025774,-0.40811836641569726,-0.821498973305955,23.62124681127419,25.143789599474644,1.1330676307585312,0.45808602331935244,0.48537978942518345
30.7696,-6.6054,kc,2922,8.0,-34.97399292715644,0.0,-0.0035913514979646365,0.0006055872074402799,0.0038566805989247435,-0.003904604939237676,-0.007761285538162419,0.12671026242816735,0.13468947370654838,1.1299096847362864,0.3859473972862754,0.4221947976739711
30.7696,-6.6054,T2M,2922,8.0,-13.401133689656508,4.563933002784148e-25,0.13237647402818645,1.1410797979122329e-10,-0.37080760894364595,0.370965149441022,0.7417727583846679,2.628283219695152,2.4576764692890993,0.8743898309854774,0.843016039247158,0.8232213833153161
30.7696,-6.6054,DTR,2922,8.0,-15.434547251339383,2.9187166086424545e-28,0.015357195520352753,0.44608189010512594,-0.09669349760438047,0.09688624229979473,0.1935797399041752,2.5931894797209667,2.4306289665946568,0.8785547605245941,0.44312569370951205,0.41374457416403654
30.7696,-6.6054,RH2M,2922,8.0,-11.159054107752457,2.817807103141751e-20,-0.24957769794460902,0.009655855899408075,1.0635129135295458,-1.0681913985854439,-2.13170431211499,12.538788564462484,11.422446385303145,0.8298643308681786,0.7625321026177435,0.7427744050689231
30.7696,-6.6054,WS10M,2922,8.0,-24.323300724381795,0.0,0.00572735150267338,0.6355084221722275,0.0039771959844855246,-0.004640189368012777,-0.008617385352498301,1.6058199600739114,1.4029696536502076,0.7633133375346701,0.5364810125687982,0.5145500112635324
30.7696,-6.6054,PRECT,2922,8.0,-25.188537967911998,0.0,0.0010059494735775902,0.8000014748633089,0.009252657943785693,-0.00939996119760717,-0.018652619141392865,0.490650511632234,0.5000739039299854,1.0387806983202748,0.46321690538598326,0.44009723282569785
30.7696,-6.6054,PS,2922,8.0,-12.332531698844782,6.379097131436318e-23,-0.006703235667772339,0.02637608859677383,0.001915080994752608,-0.0018015514487793604,-0.003716632443531968,0.39203691394841955,0.3609733399633518,0.8478056998258496,0.8396686117738673,0.8252342791750482
30.7696,-6.6054,CLOUD_AMT,2922,8.0,-28.389584934691385,0.0,-0.0271246780454115,0.8896643146732781,0.41338060689025774,-0.40811836641569726,-0.821498973305955,23.62124681127419,25.143789599474644,1.1330676307585312,0.45808602331935244,0.48537978942518345
30.7696,-7.1054,kc,2922,8.0,-31.744310170467834,0.0,-0.0030266683028117762,0.007182262275967275,0.0014094250750255508,-0.0014209445047710504,-0.0028303695797966015,0.13912385927829132,0.1420008228656311,1.0417859335943722,0.46941925418300706,0.4982594277781323
30.7696,-7.1054,T2M,2922,8.0,-13.401133689656508,4.563933002784148e-25,0.13237647402818645,1.1410797979122329e-10,-0.37080760894364595,0.370965149441022,0.7417727583846679,2.628283219695152,2.4576764692890993,0.8743898309854774,0.843016039247158,0.8232213833153161
30.7696,-7.1054,DTR,2922,8.0,-15.434547251339383,2.9187166086424545e-28,0.015357195520352753,0.44608189010512594,-0.09669349760438047,0.09688624229979473,0.1935797399041752,2.5931894797209667,2.4306289665946568,0.8785547605245941,0.44312569370951205,0.41374457416403654
30.7696,-7.1054,RH2M,2922,8.0,-11.159054107752457,2.817807103141751e-20,-0.24957769794460902,0.009655855899408075,1.0635129135295458,-1.0681913985854439,-2.13170431211499,12.538788564462484,11.422446385303145,0.8298643308681786,0.7625321026177435,0.7427744050689231
30.7696,-7.1054,WS10M,2922,8.0,-24.323300724381795,0.0,0.00572735150267338,0.6355084221722275,0.0039771959844855246,-0.004640189368012777,-0.008617385352498301,1.6058199600739114,1.4029696536502076,0.7633133375346701,0.5364810125687982,0.5145500112635324
30.7696,-7.1054,PRECT,2922,8.0,-25.188537967911998,0.0,0.0010059494735775902,0.8000014748633089,0.009252657943785693,-0.00939996119760717,-0.018652619141392865,0.490650511632234,0.5000739039299854,1.0387806983202748,0.46321690538598326,0.44009723282569785
30.7696,-7.1054,PS,2922,8.0,-12.332531698844782,6.379097131436318e-23,-0.006703235667772339,0.02637608859677383,0.001915080994752608,-0.0018015514487793604,-0.003716632443531968,0.39203691394841955,0.3609733399633518,0.8478056998258496,0.8396686117738673,0.8252342791750482
30.7696,-7.1054,CLOUD_AMT,2922,8.0,-28.027971862229972,0.0,0.11794861768150998,0.567784035096197,0.3306722108145108,-0.3257343600273783,-0.6564065708418891,25.354950067508415,26.158718988455913,1.064406273779801,0.5358948725379331,0.5336017557187875
30.7696,-7.6054,kc,2922,8.0,-31.744310170467834,0.0,-0.0030266683028117762,0.007182262275967275,0.0014094250750255508,-0.0014209445047710504,-0.0028303695797966015,0.13912385927829132,0.1420008228656311,1.0417859335943722,0.46941925418300706,0.4982594277781323
30.7696,-7.6054,T2M,2922,8.0,-13.593618869609275,2.014567875535168e-25,0.1455251679446077,8.771300125091424e-12,-0.4074110654802646,0.4072706593657312,0.8146817248459959,2.7211969398544857,2.556021443768551,0.8822852895474014,0.8232438546594417,0.8102906343019505
30.7696,-7.6054,DTR,2922,8.0,-15.640782197734062,1.6413097081399655e-28,0.023413134423734192,0.2808467988572351,-0.13139057723020758,0.13189484371435078,0.26328542094455837,2.800747742419581,2.6081717591520794,0.8672102195287118,0.4487968285722148,0.43779935406651677
30.7696,-7.6054,RH2M,2922,8.0,-10.43738382503791,1.5536388286281499e-18,-0.4872902427277878,9.52747326361985e-06,1.7004341546885695,-1.7033646132785758,-3.403798767967145,14.108673459636167,13.176455832282041,0.8722176229240844,0.7439239904959023,0.7339071820319012
30.7696,-7.6054,WS10M,2922,8.0,-24.94552133234087,0.0,0.013970139725744058,0.22248577975007053,0.0006686972393337818,-0.001117750399269943,-0.001786447638603725,1.479948296476794,1.3764207478044157,0.8649865103681832,0.5161759629722187,0.5321031337020294
30.7696,-7.6054,PRECT,2922,8.0,-28.484098613642967,0.0,-0.0039834133640035425,0.3369097254910176,0.022632993635534785,-0.022830191998194912,-0.0454631856337297,0.5374069341639335,0.4960804231173601,0.8521138923565343,0.513581120687702,0.44673269126116927
30.7696,-7.6054,PS,2922,8.0,-14.314049243345735,1.1710718751656405e-26,-0.006380293445261651,0.026440665806395213,0.0007753935660509454,-0.0006893566050646807,-0.001464750171115626,0.37226032788332775,0.3448734666391533,0.8582741927840365,0.8433641477106817,0.8246898247171051
30.7696,-7.6054,CLOUD_AMT,2922,8.0,-28.027971862229972,0.0,0.11794861768150998,0.567784035096197,0.3306722108145108,-0.3257343600273783,-0.6564065708418891,25.354950067508415,26.158718988455913,1.064406273779801,0.5358948725379331,0.5336017557187875
30.7696,-8.1054,kc,2922,8.0,-32.250720540234234,0.0,-0.0009033773102976011,0.4455613037014719,-0.004094435550594128,0.004115217721490789,0.008209653272084918,0.15233508294725165,0.14296050976140204,0.8807087464547383,0.4560826596343735,0.49157057962490497
30.7696,-8.1054,T2M,2922,8.0,-12.204722479311261,1.2008370652290476e-22,0.14852328063571177,2.644680467346406e-10,-0.3967531713438284,0.3968744809491217,0.7936276522929502,2.9967748728322077,2.8337592113177705,0.8941649712854006,0.8369164619593692,0.8192227381878099
30.7696,-8.1054,DTR,2922,8.0,-15.457269491060204,2.734880773707837e-28,0.021133459934741815,0.3228604605867574,-0.11494103353867201,0.11610619438740599,0.231047227926078,2.7647285279058442,2.561858014539086,0.8586281542916717,0.44936149672924164,0.44810512013600423
30.7696,-8.1054,RH2M,2922,8.0,-10.282050309990431,3.75737287818969e-18,-0.4717315268544472,3.225223540977639e-05,1.6214397102441256,-1.6261852041980378,-3.2476249144421634,14.554422728611925,13.605640053925526,0.8738723236137017,0.7687955097350556,0.7539478914152146
30.7696,-8.1054,WS10M,2922,8.0,-30.172758260870722,0.0,0.0176706624308993,0.028358936362473226,-0.02126937029431895,0.020941444216290232,0.04221081451060918,1.0094066693072012,1.002556578107414,0.9864735429751825,0.4676246885770961,0.4984468297705683
30.7696,-8.1054,PRECT,2922,8.0,-24.679309247766184,0.0,-0.0016508312287497042,0.6991471438809307,0.018754117594861706,-0.018951135689242463,-0.037705253284104165,0.5421160917444197,0.5230876471442908,0.9310314056253978,0.5003600239648787,0.4423730671752662
30.7696,-8.1054,PS,2922,8.0,-14.348117345184713,1.0326802260342428e-26,-0.007990121435924223,0.0034962542488246517,0.00435101528633344,-0.004259525439196978,-0.008610540725530419,0.3548549447846007,0.32786704064819583,0.8536774285982885,0.8413846540540488,0.8211093920950234
30.7696,-8.1054,CLOUD_AMT,2922,8.0,-24.166253127643667,0.0,-0.8996199135098593,5.505893361527214e-06,2.5593887405886377,-2.5574490417522244,-5.116837782340863,24.049309129091977,25.163334153282996,1.094790852498674,0.5267831066672308,0.5574586118050578
30.7696,-8.6054,kc,2922,8.0,-32.250720540234234,0.0,-0.0009033773102976011,0.4455613037014719,-0.004094435550594128,0.004115217721490789,0.008209653272084918,0.15233508294725165,0.14296050976140204,0.8807087464547383,0.4560826596343735,0.49157057962490497
30.7696,-8.6054,T2M,2922,8.0,-17.83310505939282,3.1276055964355264e-30,0.165130940399619,1.535530374481253e-12,-0.4138193931097422,0.41412037417294095,0.8279397672826831,2.940482800418234,2.852929928448896,0.9413365528773437,0.8443989776472218,0.8304917130322227
30.7696,-8.6054,DTR,2922,8.0,-15.078390377212203,8.52457496433861e-28,0.04470744369667053,0.03670118968012714,-0.20402694501482996,0.2051311658681269,0.40915811088295684,2.7497817200708585,2.5744834681166173,0.87656428905664,0.5066060328313547,0.49213746711631806
30.7696,-8.6054,RH2M,2922,8.0,-10.104962268260287,1.0357313174385405e-17,-0.6846042194131868,9.677173226035703e-10,1.9803639972621494,-1.986596988364134,-3.966960985626283,14.02781136319908,13.71950134696862,0.956526087344463,0.7816831928470651,0.7724941646539428
30.7696,-8.6054,WS10M,2922,8.0,-25.187465967105922,0.0,0.024218944697539258,0.015139411647581666,-0.033357791467031675,0.03278868355007991,0.06614647501711159,1.262086922650363,1.2263564471167854,0.9441802323275093,0.5306765623023608,0.5021812150032422
30.7696,-8.6054,PRECT,2922,8.0,-23.441104303979827,0.0,-0.00621446308227377,0.15703811727669137,0.028021889003036596,-0.02826750878955703,-0.05628939779259363,0.5812994670212568,0.5111639472953938,0.7732511611388783,0.5591723046869034,0.48188181646606115
30.7696,-8.6054,PS,2922,8.0,-14.345447070680889,1.0428792275559973e-26,-0.009694831087962047,0.00015222892260767002,0.008440006844627151,-0.008363552361396187,-0.01680355920602334,0.33222028726384367,0.30665789992515463,0.8520322148995323,0.8352142171748669,0.8106748447773857
30.7696,-8.6054,CLOUD_AMT,2922,8.0,-24.166253127643667,0.0,-0.8996199135098593,5.505893361527214e-06,2.5593887405886377,-2.5574490417522244,-5.116837782340863,24.049309129091977,25.163334153282996,1.094790852498674,0.5267831066672308,0.5574586118050578
30.7696,-9.1054,kc,2922,8.0,-33.78023766861259,0.0,0.0002693739314329607,0.7978836284134613,-0.004904665042932469,0.0049433187413057255,0.009847983784238195,0.1369352618104707,0.12512906276909422,0.8349986827738205,0.399314997646941,0.48230233059183414
30.7696,-9.1054,T2M,2922,8.0,-17.95013492873988,2.840537183820222e-30,0.17806122492601675,1.977064925733031e-14,-0.42986931325576094,0.4301785991330139,0.8600479123887748,2.9049082054369983,2.867664631629482,0.9745225508754417,0.8529370908369865,0.8474596361453339
30.7696,-9.1054,DTR,2922,8.0,-15.467457273129755,2.6566074218691296e-28,0.052391904892468255,0.00874951753746557,-0.21358528405201915,0.21419705681040385,0.427782340862423,2.5607694601484408,2.4087856225541717,0.8848208281854073,0.535393800124906,0.5206876753142944
30.7696,-9.1054,RH2M,2922,8.0,-10.207440021361723,5.754812393131885e-18,-0.8936665917864701,3.812485142282527e-16,2.3468294889345196,-2.3520206137348847,-4.698850102669404,13.546047234553603,13.590075804007311,1.0065111425465207,0.8070855865292738,0.8050561910950363
30.7696,-9.1054,WS10M,2922,8.0,-24.98390283336037,0.0,0.03345866777120812,0.012699258062016739,-0.06957725302304353,0.0692523157654575,0.13882956878850103,1.657026956782407,1.6923341121392657,1.043069075475083,0.567791542807333,0.5763785610142054
30.7696,-9.1054,PRECT,2922,8.0,-29.18643261073557,0.0,-0.007277421020503084,0.09658238147092045,0.030206493415659747,-0.0304697044842027,-0.06067619789986245,0.5913214641340709,0.49609149661362545,0.7038437828815702,0.5633845110746781,0.5232110530840355
30.7696,-9.1054,PS,2922,8.0,-13.567524331302526,2.2476659318282917e-25,-0.013906411427483204,4.7426985107824065e-09,0.018445790554414195,-0.0183783025325127,-0.0368240930869269,0.30793112916360127,0.2848734147580373,0.8558480271297821,0.8144633580785262,0.7850057007948471
30.7696,-9.1054,CLOUD_AMT,2922,8.0,-24.008920766806824,0.0,-0.5571943087224616,0.0016167207425984785,1.453883926534337,-1.45599971480721,-2.9098836413415468,22.491138733420843,21.544815187329412,0.9176195488743767,0.47744294071633814,0.5141370816270201
30.7696,-9.6054,kc,2922,8.0,-33.78023766861259,0.0,0.0002693739314329607,0.7978836284134613,-0.004904665042932469,0.0049433187413057255,0.009847983784238195,0.1369352618104707,0.12512906276909422,0.8349986827738205,0.399314997646941,0.48230233059183414
30.7696,-9.6054,T2M,2922,8.0,-17.95013492873988,2.840537183820222e-30,0.17806122492601675,1.977064925733031e-14,-0.42986931325576094,0.4301785991330139,0.8600479123887748,2.9049082054369983,2.867664631629482,0.9745225508754417,0.8529370908369865,0.8474596361453339
30.7696,-9.6054,DTR,2922,8.0,-15.467457273129755,2.6566074218691296e-28,0.052391904892468255,0.00874951753746557,-0.21358528405201915,0.21419705681040385,0.427782340862423,2.5607694601484408,2.4087856225541717,0.8848208281854073,0.535393800124906,0.5206876753142944
30.7696,-9.6054,RH2M,2922,8.0,-10.207440021361723,5.754812393131885e-18,-0.8936665917864701,3.812485142282527e-16,2.3468294889345196,-2.3520206137348847,-4.698850102669404,13.546047234553603,13.590075804007311,1.0065111425465207,0.8070855865292738,0.8050561910950363
30.7696,-9.6054,WS10M,2922,8.0,-24.98390283336037,0.0,0.03345866777120812,0.012699258062016739,-0.06957725302304353,0.0692523157654575,0.13882956878850103,1.657026956782407,1.6923341121392657,1.043069075475083,0.567791542807333,0.5763785610142054
30.7696,-9.6054,PRECT,2922,8.0,-29.18643261073557,0.0,-0.007277421020503084,0.09658238147092045,0.030206493415659747,-0.0304697044842027,-0.06067619789986245,0.5913214641340709,0.49609149661362545,0.7038437828815702,0.5633845110746781,0.5232110530840355
30.7696,-9.6054,PS,2922,8.0,-13.567524331302526,2.2476659318282917e-25,-0.013906411427483204,4.7426985107824065e-09,0.018445790554414195,-0.0183783025325127,-0.0368240930869269,0.30793112916360127,0.2848734147580373,0.8558480271297821,0.8144633580785262,0.7850057007948471
30.7696,-9.6054,CLOUD_AMT,2922,8.0,-24.008920766806824,0.0,-0.5571943087224616,0.0016167207425984785,1.453883926534337,-1.45599971480721,-2.9098836413415468,22.491138733420843,21.544815187329412,0.9176195488743767,0.47744294071633814,0.5141370816270201
31.2696,-4.1054,kc,2922,8.0,-16.587507045076183,1.8111956567150782e-29,-0.0026225251904143376,0.009427787784016832,0.003028728240736358,-0.0030603304814708528,-0.00608905872220721,0.1257926923221763,0.1263800515716189,1.0093603293828863,0.37120737546236104,0.4102170135838234
31.2696,-4.1054,T2M,2922,8.0,-12.14224500649477,1.6408513949846707e-22,0.13155404380585195,4.5650700207258544e-12,-0.3651976271959843,0.36495979922427585,0.7301574264202602,2.4092207106366046,2.2981013857619508,0.90988225123494,0.824777495283373,0.8158838925410826
31.2696,-4.1054,DTR,2922,8.0,-14.046797082036587,3.2299881697893733e-26,0.02920296775048918,0.11131615471268685,-0.11475347935204197,0.1131657540497376,0.22791923340177955,2.3020641899052112,2.270176686234883,0.9724884686238886,0.44811819945495396,0.4370306274258185
31.2696,-4.1054,RH2M,2922,8.0,-9.468328010832348,4.171353173733929e-16,-0.18372297036700155,0.024068420832471394,0.7183104836869721,-0.7208544718229524,-1.4391649555099244,10.367149551900862,9.909164066463465,0.9135983597174071,0.7393004172267017,0.7044621007187734
31.2696,-4.1054,WS10M,2922,8.0,-31.297364040484446,0.0,-0.007145742785587819,0.43216665226781714,0.026915765457449253,-0.02730736938170201,-0.05422313483915126,1.2062290912646374,1.0587879526681347,0.7704747053229821,0.3976165611919045,0.3877591965598879
31.2696,-4.1054,PRECT,2922,8.0,-16.273357295920505,3.47004449440373e-29,-0.0007369650477413133,0.8249086591139959,0.005908002168878518,-0.005937940076645273,-0.01184594224552379,0.40669030954164,0.4243729075120718,1.0888489879228889,0.4099471030133528,0.32463897900820504
31.2696,-4.1054,PS,2922,8.0,-12.329693445638105,6.468758972939307e-23,-0.009124105200195473,0.004345792292516955,0.009435329682865742,-0.009298414328085976,-0.01873374401095172,0.4152121585412797,0.38290396178622754,0.8504320031910748,0.8200200099582512,0.8105696696467111
31.2696,-4.1054,CLOUD_AMT,2922,8.0,-15.432901852020542,2.9325447914753483e-28,0.16380439643184538,0.4091551738750936,-0.1312357973990411,0.13395927446954195,0.26519507186858304,24.403477233033264,25.121917864588756,1.0597469044255048,0.4599466351632427,0.4794423892005706
31.2696,-4.6054,kc,2922,8.0,-16.587507045076183,1.8111956567150782e-29,-0.0026225251904143376,0.009427787784016832,0.003028728240736358,-0.0030603304814708528,-0.00608905872220721,0.1257926923221763,0.1263800515716189,1.0093603293828863,0.37120737546236104,0.4102170135838234
31.2696,-4.6054,T2M,2922,8.0,-12.14224500649477,1.6408513949846707e-22,0.13155404380585195,4.5650700207258544e-12,-0.3651976271959843,0.36495979922427585,0.7301574264202602,2.4092207106366046,2.2981013857619508,0.90988225123494,0.824777495283373,0.8158838925410826
31.2696,-4.6054,DTR,2922,8.0,-14.046797082036587,3.2299881697893733e-26,0.02920296775048918,0.11131615471268685,-0.11475347935204197,0.1131657540497376,0.22791923340177955,2.3020641899052112,2.270176686234883,0.9724884686238886,0.44811819945495396,0.4370306274258185
31.2696,-4.6054,RH2M,2922,8.0,-9.468328010832348,4.171353173733929e-16,-0.18372297036700155,0.024068420832471394,0.7183104836869721,-0.7208544718229524,-1.4391649555099244,10.367149551900862,9.909164066463465,0.9135983597174071,0.7393004172267017,0.7044621007187734
31.2696,-4.6054,WS10M,2922,8.0,-31.297364040484446,0.0,-0.007145742785587819,0.43216665226781714,0.026915765457449253,-0.02730736938170201,-0.05422313483915126,1.2062290912646374,1.0587879526681347,0.7704747053229821,0.3976165611919045,0.3877591965598879
31.2696,-4.6054,PRECT,2922,8.0,-16.273357295920505,3.47004449440373e-29,-0.0007369650477413133,0.8249086591139959,0.005908002168878518,-0.005937940076645273,-0.01184594224552379,0.40669030954164,0.4243729075120718,1.0888489879228889,0.4099471030133528,0.32463897900820504
31.2696,-4.6054,PS,2922,8.0,-12.329693445638105,6.468758972939307e-23,-0.009124105200195473,0.004345792292516955,0.009435329682865742,-0.009298414328085976,-0.01873374401095172,0.4152121585412797,0.38290396178622754,0.8504320031910748,0.8200200099582512,0.8105696696467111
31.2696,-4.6054,CLOUD_AMT,2922,8.0,-15.432901852020542,2.9325447914753483e-28,0.16380439643184538,0.4091551738750936,-0.1312357973990411,0.13395927446954195,0.26519507186858304,24.403477233033264,25.121917864588756,1.0597469044255048,0.4599466351632427,0.4794423892005706
31.2696,-5.1054,kc,2922,8.0,-32.645966066998305,0.0,-0.0013946498190198751,0.21570327852216453,-0.0014488986103975343,0.0014044097359601799,0.002853308346357714,0.13813384494717418,0.1429824772850938,1.0714340239465001,0.4550334622710709,0.4671744076942964
31.2696,-5.1054,T2M,2922,8.0,-11.952718384527563,4.27958111748128e-22,0.12468408658009067,1.735609756910503e-10,-0.35067622632899836,0.3504736710015971,0.7011498973305954,2.507524159637347,2.330637883521511,0.863891798020727,0.8375523044447999,0.8256969520770593
31.2696,-5.1054,DTR,2922,8.0,-12.979934626594014,2.958244576245595e-24,0.0150919600453638,0.41921555976245006,-0.07858115446041523,0.07742842801733968,0.15600958247775493,2.3572838833325784,2.302715298016824,0.9542380248033091,0.457011473602617,0.41250490076891655
31.2696,-5.1054,RH2M,2922,8.0,-10.094407260394549,1.1005039610605129e-17,-0.09137316450308572,0.28693609510690565,0.49275690166552627,-0.4963532968286559,-0.9891101984941821,11.11502089983835,10.261624184641471,0.8523375920249585,0.76596390503832,0.7373921993287617
31.2696,-5.1054,WS10M,2922,8.0,-30.19981545362244,0.0,-0.008293935535646576,0.31311733231143085,0.027676465890942276,-0.028134622404745593,-0.05581108829568787,1.0801593869675337,0.9682219823035376,0.8034783679750287,0.4559883114200583,0.4409480265417081
31.2696,-5.1054,PRECT,2922,8.0,-15.867839570997297,9.054127598869007e-29,-0.0012817591637066855,0.7442061684993478,0.007906572398094565,-0.007963479774346435,-0.015870052172441,0.47374288433465167,0.5059738843671179,1.14069832339404,0.4286849175557264,0.4060171355528264
31.2696,-5.1054,PS,2922,8.0,-12.279777882192795,8.274063612969534e-23,-0.0076350715962821706,0.017059639393377363,0.0053944558521558696,-0.005255783709787967,-0.010650239561943838,0.41597692559383437,0.3824253085452288,0.8451908171904539,0.8276572129388431,0.8179844589040486
31.2696,-5.1054,CLOUD_AMT,2922,8.0,-28.17482418138332,0.0,-0.4719111388938244,0.015017267307645856,1.4005359571070046,-1.3989643851243438,-2.7995003422313482,23.165127273334196,25.16406782079065,1.1800280006820731,0.5235156080703909,0.5461918607726904
31.2696,-5.6054,kc,2922,8.0,-32.645966066998305,0.0,-0.0013946498190198751,0.21570327852216453,-0.0014488986103975343,0.0014044097359601799,0.002853308346357714,0.13813384494717418,0.1429824772850938,1.0714340239465001,0.4550334622710709,0.4671744076942964
31.2696,-5.6054,T2M,2922,8.0,-12.931453393880219,3.693162101872881e-24,0.10747543388837988,6.433642589449332e-08,-0.3234124115902349,0.32374706821811544,0.6471594798083504,2.570601067113619,2.3561312436920128,0.840097301398801,0.8466750096529929,0.8305621967230006
31.2696,-5.6054,DTR,2922,8.0,-15.030416726995096,9.921682233505575e-28,0.006660636526958073,0.7260359248623459,-0.059864145562400196,0.05962250741501245,0.11948665297741265,2.3995898653671404,2.342460538986756,0.9529509096591826,0.43029345885364717,0.4084682295740365
31.2696,-5.6054,RH2M,2922,8.0,-11.898577751858175,5.645301102982749e-22,-0.048046572925093414,0.6226083228712759,0.48827443531827547,-0.49494938398357274,-0.9832238193018482,12.766416424420047,11.547345244799768,0.8181374792280172,0.7621549579503647,0.746255206359091
31.2696,-5.6054,WS10M,2922,8.0,-23.996479404176274,0.0,-0.002295194951841054,0.8344686216195789,0.026950707278120007,-0.027655726671229734,-0.05460643394934974,1.4590766895394387,1.2752290484683142,0.7638712340655933,0.5433593343502511,0.5281427533392536
31.2696,-5.6054,PRECT,2922,8.0,-24.63330572343819,0.0,-2.0217497523724065e-05,0.9962172123401714,0.009597461022497174,-0.009720129895035904,-0.01931759091753308,0.5105712914285003,0.5526555927251304,1.171645842077637,0.4626230125103517,0.4499763765044457
31.2696,-5.6054,PS,2922,8.0,-12.212346064989083,1.156104975260539e-22,-0.004562487563074726,0.14463006350098662,-0.0025202486881128272,0.002647444672599187,0.005167693360712014,0.40679266481094173,0.37315660748755847,0.8414649789218596,0.83898705824165,0.8268709146758365
31.2696,-5.6054,CLOUD_AMT,2922,8.0,-28.17482418138332,0.0,-0.4719111388938244,0.015017267307645856,1.4005359571070046,-1.3989643851243438,-2.7995003422313482,23.165127273334196,25.16406782079065,1.1800280006820731,0.5235156080703909,0.5461918607726904
31.2696,-6.1054,kc,2922,8.0,-15.507616048208064,2.371153246469611e-28,-0.0012184225443021082,0.31350121996644015,-0.003983838927427136,0.003953153667908278,0.007936992595335413,0.1510450504809759,0.15056780675281323,0.9936907594895554,0.44195317551434005,0.4665210157361328
31.2696,-6.1054,T2M,2922,8.0,-14.227764564486401,1.6161941268126147e-26,0.09520608929428305,6.505574217058122e-06,-0.29635281770476835,0.29674095368469094,0.5930937713894593,2.7143788476101385,2.527217398728393,0.8668506536819772,0.8354813435437719,0.8170326392617424
31.2696,-6.1054,DTR,2922,8.0,-15.407916826289876,3.1515723234084253e-28,-0.0029671159790786946,0.8760168990995597,-0.03714610997033991,0.03759037189139853,0.07473648186173844,2.4429419777106527,2.3004357506622566,0.8867351255961468,0.41564029203336106,0.3916032539542855
31.2696,-6.1054,RH2M,2922,8.0,-11.433006475889757,6.447901069479964e-21,-0.02853870271582047,0.792366581561066,0.5650055897786904,-0.5717295231576547,-1.136735112936345,14.22936788402538,12.763400152245854,0.8045657762804933,0.7425914830184096,0.7283602984786905
31.2696,-6.1054,WS10M,2922,8.0,-24.081582542181593,0.0,0.0108809913771042,0.33015098426545764,-0.006900958247775508,0.006343394934976042,0.01324435318275155,1.482841973453493,1.2998920877284605,0.7684663570396028,0.5308051099805482,0.5204224826554719
31.2696,-6.1054,PRECT,2922,8.0,-24.435893402493825,0.0,0.002383130313043349,0.5955692075895387,0.008983282283406295,-0.009141572818126102,-0.018124855101532396,0.5394104406178694,0.5802326497975018,1.1570859748785858,0.4861077191449908,0.46147408836617215
31.2696,-6.1054,PS,2922,8.0,-12.283418831237343,8.126488197320624e-23,-0.004101404846966233,0.1709925500922488,-0.004137314624686465,0.004240508783937732,0.008377823408624196,0.3890610151076822,0.35803102060807324,0.8468488105448047,0.8444992721634629,0.8289705829763795
31.2696,-6.1054,CLOUD_AMT,2922,8.0,-15.208358655028395,5.7005127867186995e-28,0.026403982310783388,0.8952440298318721,0.857971503536391,-0.8572988592288383,-1.7152703627652293,24.282292612715093,25.71292700123398,1.1213047379612584,0.5315216224033472,0.540034072493628
31.2696,-6.6054,kc,2922,8.0,-15.507616048208064,2.371153246469611e-28,-0.0012184225443021082,0.31350121996644015,-0.003983838927427136,0.003953153667908278,0.007936992595335413,0.1510450504809759,0.15056780675281323,0.9936907594895554,0.44195317551434005,0.4665210157361328
31.2696,-6.6054,T2M,2922,8.0,-15.607195569121698,1.7985183422008766e-28,0.10975348506216205,1.1219430661308818e-06,-0.3094904517453798,0.30959236824093084,0.6190828199863107,2.895234425796933,2.7044147051163816,0.8725274707607386,0.8334146141417319,0.8101933365160919
31.2696,-6.6054,DTR,2922,8.0,-15.678476726240017,1.4827536311983886e-28,0.010109221531343759,0.6258906729229591,-0.09513389231120241,0.09600231576545752,0.19113620807665993,2.687802871918773,2.4795717926548937,0.851056802042267,0.4282767983351753,0.4265270035390793
31.2696,-6.6054,RH2M,2922,8.0,-10.798804795101592,2.0427295242424495e-19,-0.11517977542499871,0.3027791371381467,0.7984088866073467,-0.803090086698608,-1.6014989733059548,14.567786258460188,13.251923871134839,0.8275052219562381,0.7491131612370173,0.7242906738705595
31.2696,-6.6054,WS10M,2922,8.0,-30.483702017892437,0.0,0.013236973100402047,0.16341382771999435,-0.004004449007529088,0.0036478439425051403,0.007652292950034228,1.205648062893261,1.1647100282671683,0.9332425339393019,0.42112450873856977,0.4711230984907707
31.2696,-6.6054,PRECT,2922,8.0,-21.68943784282656,0.0,0.0023901649571041097,0.5941204585471266,0.010062655128264998,-0.010229387525673334,-0.02029204265393833,0.5489622722565362,0.5700848062116418,1.0784349055627362,0.4957366131027336,0.4452910168080333
31.2696,-6.6054,PS,2922,8.0,-14.368964943025867,9.565731382841442e-27,-0.006599731461968713,0.01794304029593239,0.0011139516313030018,-0.0010215719826599818,-0.0021355236139629836,0.3619879195164028,0.33367141459238825,0.8496691510332227,0.8421885261491142,0.8239461551179638
31.2696,-6.6054,CLOUD_AMT,2922,8.0,-15.208358655028395,5.7005127867186995e-28,0.026403982310783388,0.8952440298318721,0.857971503536391,-0.8572988592288383,-1.7152703627652293,24.282292612715093,25.71292700123398,1.1213047379612584,0.5315216224033472,0.540034072493628
31.2696,-7.1054,kc,2922,8.0,-34.9303471038444,0.0,-3.2979493303775836e-05,0.9781040415614817,-0.007040429501018301,0.0070353485031329896,0.014075778004151291,0.15235732182780207,0.14714800040592346,0.9327861087181458,0.38492718859533165,0.43116477405143844
31.2696,-7.1054,T2M,2922,8.0,-15.607195569121698,1.7985183422008766e-28,0.10975348506216205,1.1219430661308818e-06,-0.3094904517453798,0.30959236824093084,0.6190828199863107,2.895234425796933,2.7044147051163816,0.8725274707607386,0.8334146141417319,0.8101933365160919
31.2696,-7.1054,DTR,2922,8.0,-15.678476726240017,1.4827536311983886e-28,0.010109221531343759,0.6258906729229591,-0.09513389231120241,0.09600231576545752,0.19113620807665993,2.687802871918773,2.4795717926548937,0.851056802042267,0.4282767983351753,0.4265270035390793
31.2696,-7.1054,RH2M,2922,8.0,-10.798804795101592,2.0427295242424495e-19,-0.11517977542499871,0.3027791371381467,0.7984088866073467,-0.803090086698608,-1.6014989733059548,14.567786258460188,13.251923871134839,0.8275052219562381,0.7491131612370173,0.7242906738705595
31.2696,-7.1054,WS10M,2922,8.0,-30.483702017892437,0.0,0.013236973100402047,0.16341382771999435,-0.004004449007529088,0.0036478439425051403,0.007652292950034228,1.205648062893261,1.1647100282671683,0.9332425339393019,0.42112450873856977,0.4711230984907707
31.2696,-7.1054,PRECT,2922,8.0,-21.68943784282656,0.0,0.0023901649571041097,0.5941204585471266,0.010062655128264998,-0.010229387525673334,-0.02029204265393833,0.5489622722565362,0.5700848062116418,1.0784349055627362,0.4957366131027336,0.4452910168080333
31.2696,-7.1054,PS,2922,8.0,-14.368964943025867,9.565731382841442e-27,-0.006599731461968713,0.01794304029593239,0.0011139516313030018,-0.0010215719826599818,-0.0021355236139629836,0.3619879195164028,0.33367141459238825,0.8496691510332227,0.8421885261491142,0.8239461551179638
31.2696,-7.1054,CLOUD_AMT,2922,8.0,-28.646632174366214,0.0,-0.17478610450378615,0.4014720456844681,1.2941673967602099,-1.2931495094684007,-2.5873169062286108,25.70261329301486,26.22482471580055,1.0410476878447608,0.5136889356697524,0.5082914492181992
31.2696,-7.6054,kc,2922,8.0,-34.9303471038444,0.0,-3.2979493303775836e-05,0.9781040415614817,-0.007040429501018301,0.0070353485031329896,0.014075778004151291,0.15235732182780207,0.14714800040592346,0.9327861087181458,0.38492718859533165,0.43116477405143844
31.2696,-7.6054,T2M,2922,8.0,-12.149951860732223,1.5786981049942128e-22,0.13213918305783628,1.771460317312118e-08,-0.34156338124572183,0.34178364134154715,0.683347022587269,2.999233470188317,2.828626465050356,0.889468664627551,0.8423174514781722,0.8199655207557565
31.2696,-7.6054,DTR,2922,8.0,-16.2779234335181,3.435397389636117e-29,0.01769647150302941,0.4028546780675892,-0.11662600958247768,0.1172480492813142,0.23387405886379187,2.7191297635033895,2.552808016042241,0.8814068928117962,0.4151314021228139,0.4081012286096983
31.2696,-7.6054,RH2M,2922,8.0,-10.339725629521514,2.7049919196577715e-18,-0.33578966408501787,0.0022356192490648762,1.2636447524526582,-1.267806308464522,-2.5314510609171803,14.185280333902945,13.11140709218746,0.854324297233813,0.7720542960296867,0.7333277450149598
31.2696,-7.6054,WS10M,2922,8.0,-30.14115802172723,0.0,0.019000839239909004,0.0077059599110613115,-0.020949098790782557,0.020495117499429623,0.04144421629021218,0.8452111052812914,0.9327820841842654,1.2179515230678135,0.36399496358381955,0.4756941619213804
31.2696,-7.6054,PRECT,2922,8.0,-31.885729946243092,0.0,-0.0009272220012063765,0.8327608284530866,0.018832594979614606,-0.0190283587556957,-0.0378609537353103,0.5685065345120768,0.5258637919434248,0.8556095348325956,0.519888743676302,0.43928035098306034
31.2696,-7.6054,PS,2922,8.0,-14.604019524147628,4.122362518577949e-27,-0.009289348089026513,0.0004832283702467006,0.006619472963723551,-0.006535900068445894,-0.013155373032169446,0.3454344473030468,0.31888814262603316,0.8522077001930725,0.8309307385190441,0.8076602451869416
31.2696,-7.6054,CLOUD_AMT,2922,8.0,-28.646632174366214,0.0,-0.17478610450378615,0.4014720456844681,1.2941673967602099,-1.2931495094684007,-2.5873169062286108,25.70261329301486,26.22482471580055,1.0410476878447608,0.5136889356697524,0.5082914492181992
31.2696,-8.1054,kc,2922,8.0,-35.843455432261806,0.0,-0.0003064413897587403,0.7900964068298286,-0.005018211961152682,0.005036035748973345,0.010054247710126026,0.14626468479410565,0.14081673845992893,0.9268930017383412,0.3499553109768051,0.42761151950839704
31.2696,-8.1054,T2M,2922,8.0,-13.0533470500943,2.1195627633256597e-24,0.12514690944091317,9.685828339894556e-07,-0.3001257129819758,0.3002986538900297,0.6004243668720055,3.244770513162633,3.115391891485584,0.9218439229989772,0.8476708174907722,0.8276115521393016
31.2696,-8.1054,DTR,2922,8.0,-15.358809595358899,3.6360174729854714e-28,0.029935179536202727,0.15238506614495184,-0.13900535021674656,0.13987897558749718,0.2788843258042437,2.690291491076885,2.520494729984152,0.8777541902228524,0.44624723191635807,0.44781630027816166
31.2696,-8.1054,RH2M,2922,8.0,-10.10836544939392,1.0156761954230318e-17,-0.31757844383803707,0.003587113736169348,1.097023716632444,-1.1009160506502396,-2.1979397672826835,13.959684369489729,13.173704852933959,0.8905630262915237,0.7969694016641661,0.7657829977000692
31.2696,-8.1054,WS10M,2922,8.0,-35.31775891457615,0.0,0.014978995577812963,0.012462825938219029,-0.025417499429614417,0.025075313712069353,0.05049281314168377,0.7355939104560073,0.7601862070515011,1.067981476597621,0.38278883769606453,0.4174856987150598
31.2696,-8.1054,PRECT,2922,8.0,-16.47848433082866,2.2486894784333845e-29,0.000267438569029942,0.9524354994618772,0.01617908401696133,-0.016377464461723956,-0.03255654847868529,0.5689196723200277,0.5493774010460685,0.932480328063208,0.5148441363694001,0.4330375079986087
31.2696,-8.1054,PS,2922,8.0,-14.866974736852258,1.6856922719904236e-27,-0.012612590554577686,7.636228197449457e-07,0.013644227697924286,-0.013556319872233321,-0.027200547570157607,0.3314570065082738,0.3053676644512625,0.8487732568752396,0.8131994761377331,0.7861536415681285
31.2696,-8.1054,CLOUD_AMT,2922,8.0,-28.79807261665989,0.0,-0.36572111386127326,0.08482414846853695,1.6182434861966688,-1.6210172940908052,-3.239260780287474,26.595453170421273,26.279236395118744,0.9763616071241706,0.47506084138215077,0.5174404574094913
31.2696,-8.6054,kc,2922,8.0,-35.843455432261806,0.0,-0.0003064413897587403,0.7900964068298286,-0.005018211961152682,0.005036035748973345,0.010054247710126026,0.14626468479410565,0.14081673845992893,0.9268930017383412,0.3499553109768051,0.42761151950839704
31.2696,-8.6054,T2M,2922,8.0,-12.816474590311657,6.284639613071632e-24,0.14094277076013434,3.5296654281083566e-08,-0.31380704996577685,0.31394106776180686,0.6277481177275837,3.214669779969788,3.1511247604230572,0.9608563427617124,0.8477840652609125,0.830810407347311
31.2696,-8.6054,DTR,2922,8.0,-14.89138245846604,1.5554354454799383e-27,0.06365970030977677,0.0025615146264896423,-0.22812229066849196,0.2288660734656627,0.45698836413415467,2.6728784782449613,2.5782141566625993,0.9304210968190808,0.5074208356969783,0.4860286196045146
31.2696,-8.6054,RH2M,2922,8.0,-10.001086189843866,1.8834819224070063e-17,-0.5404979747795844,9.676694389260323e-07,1.399703000228154,-1.4036508669860825,-2.803353867214237,13.71281941643098,13.74011041182554,1.0039843232201835,0.804299589628724,0.7768431235238693
31.2696,-8.6054,WS10M,2922,8.0,-29.481265501767133,0.0,0.02149491490068672,0.0063628361197259195,-0.03904664613278577,0.03863302532511978,0.07767967145790555,0.9952537052567906,0.9703815373757876,0.9506429761680822,0.4842897025687832,0.45686784142874354
31.2696,-8.6054,PRECT,2922,8.0,-30.42821462292013,0.0,-0.004232040201331455,0.33078986385158765,0.02444342977714157,-0.024675364438392,-0.04911879421553357,0.5783817967908776,0.504053814500684,0.7594944054825774,0.5524638241162755,0.47120600369131554
31.2696,-8.6054,PS,2922,8.0,-14.890168279854114,1.5616542127629177e-27,-0.014509956743217445,3.9776573365184913e-08,0.0166940793976731,-0.01658449691991776,-0.03327857631759086,0.34296930053978947,0.3167493244178148,0.8529447473961181,0.808086286515236,0.7828968582401855
31.2696,-8.6054,CLOUD_AMT,2922,8.0,-28.79807261665989,0.0,-0.36572111386127326,0.08482414846853695,1.6182434861966688,-1.6210172940908052,-3.239260780287474,26.595453170421273,26.279236395118744,0.9763616071241706,0.47506084138215077,0.5174404574094913
31.2696,-9.1054,kc,2922,8.0,-15.600036175367578,1.8341404547132247e-28,6.505597571249342e-05,0.9525096143184623,-0.004828924923542475,0.0048748130248428894,0.009703737948385364,0.14029740485638562,0.1320182917567562,0.8854599903770652,0.38961354677827387,0.45068879560260144
31.2696,-9.1054,T2M,2922,8.0,-12.8575702690048,5.192576146821953e-24,0.10167300054356464,3.235526717286953e-06,-0.22389630390143753,0.2241872005475701,0.44808350444900763,2.7529452795284097,2.6889798320561638,0.9540693231488239,0.8451273400555503,0.8290332703633342
31.2696,-9.1054,DTR,2922,8.0,-15.405038693139996,3.1779305481490694e-28,0.04756800092011285,0.015157829068028424,-0.18526563997262144,0.18586372347707045,0.3711293634496919,2.464342054970726,2.411898139832291,0.9578906809022326,0.540969674436759,0.5180099175577902
31.2696,-9.1054,RH2M,2922,8.0,-10.708235131740215,3.3840214905123953e-19,-0.4999391534961654,1.0636010814011636e-06,1.2163451517225643,-1.2210333561487565,-2.437378507871321,12.419577402806036,13.077623033938858,1.108776447490342,0.7924130641960211,0.7791287777919758
31.2696,-9.1054,WS10M,2922,8.0,-25.569854315879674,0.0,0.028631598861243217,0.02724231338927652,-0.06555613734884783,0.06545686744239106,0.1310130047912389,1.6501082127685682,1.5840358338344784,0.9215208209465188,0.5496059391610988,0.5386519176245751
31.2696,-9.1054,PRECT,2922,8.0,-29.697405712277963,0.0,-0.005356452577599064,0.1973948291563288,0.02576925469723594,-0.026022085141529847,-0.051791339838765785,0.5596667839720605,0.47258213062893945,0.7130098459439373,0.5452995071036479,0.519987252963419
31.2696,-9.1054,PS,2922,8.0,-14.588743957397185,4.348912367954358e-27,-0.015571369767663299,1.3771023497175179e-09,0.01927500570385558,-0.019171263974446878,-0.03844626967830246,0.3346140886418265,0.30712800206805535,0.8424621225999075,0.8105472376447972,0.7832407440729481
31.2696,-9.1054,CLOUD_AMT,2922,8.0,-30.050060587346252,0.0,-0.5605106509271461,0.00218523031886707,1.6763599247091032,-1.6836400752908964,-3.3599999999999994,23.382620888772486,22.17078150940561,0.8990329878966107,0.4794851328144103,0.4930742890271132
31.2696,-9.6054,kc,2922,8.0,-15.600036175367578,1.8341404547132247e-28,6.505597571249342e-05,0.9525096143184623,-0.004828924923542475,0.0048748130248428894,0.009703737948385364,0.14029740485638562,0.1320182917567562,0.8854599903770652,0.38961354677827387,0.45068879560260144
31.2696,-9.6054,T2M,2922,8.0,-12.8575702690048,5.192576146821953e-24,0.10167300054356464,3.235526717286953e-06,-0.22389630390143753,0.2241872005475701,0.44808350444900763,2.7529452795284097,2.6889798320561638,0.9540693231488239,0.8451273400555503,0.8290332703633342
31.2696,-9.6054,DTR,2922,8.0,-15.405038693139996,3.1779305481490694e-28,0.04756800092011285,0.015157829068028424,-0.18526563997262144,0.18586372347707045,0.3711293634496919,2.464342054970726,2.411898139832291,0.9578906809022326,0.540969674436759,0.5180099175577902
31.2696,-9.6054,RH2M,2922,8.0,-10.708235131740215,3.3840214905123953e-19,-0.4999391534961654,1.0636010814011636e-06,1.2163451517225643,-1.2210333561487565,-2.437378507871321,12.419577402806036,13.077623033938858,1.108776447490342,0.7924130641960211,0.7791287777919758
31.2696,-9.6054,WS10M,2922,8.0,-25.569854315879674,0.0,0.028631598861243217,0.02724231338927652,-0.06555613734884783,0.06545686744239106,0.1310130047912389,1.6501082127685682,1.5840358338344784,0.9215208209465188,0.5496059391610988,0.5386519176245751
31.2696,-9.6054,PRECT,2922,8.0,-29.697405712277963,0.0,-0.005356452577599064,0.1973948291563288,0.02576925469723594,-0.026022085141529847,-0.051791339838765785,0.5596667839720605,0.47258213062893945,0.7130098459439373,0.5452995071036479,0.519987252963419
31.2696,-9.6054,PS,2922,8.0,-14.588743957397185,4.348912367954358e-27,-0.015571369767663299,1.3771023497175179e-09,0.01927500570385558,-0.019171263974446878,-0.03844626967830246,0.3346140886418265,0.30712800206805535,0.8424621225999075,0.8105472376447972,0.7832407440729481
31.2696,-9.6054,CLOUD_AMT,2922,8.0,-30.050060587346252,0.0,-0.5605106509271461,0.00218523031886707,1.6763599247091032,-1.6836400752908964,-3.3599999999999994,23.382620888772486,22.17078150940561,0.8990329878966107,0.4794851328144103,0.4930742890271132
31.7696,-3.1054,kc,2922,8.0,-16.109303820173107,5.0331301885488995e-29,-0.0027289855129397486,0.004820698600566868,0.003558685247138481,-0.003582555813704373,-0.007141241060842854,0.12136652574421068,0.12030517491307975,0.9825864658203199,0.35841479367131257,0.3919093289615902
31.7696,-3.1054,T2M,2922,8.0,-10.9145964011876,1.0754727176819017e-19,0.1729255738671081,6.424177798139365e-19,-0.46759075975359365,0.4674879534565365,0.9350787132101301,2.459621653964446,2.3390006110982338,0.9043239960456242,0.8078840480272671,0.8003058388865353
31.7696,-3.1054,DTR,2922,8.0,-14.370367877914205,9.516682208226939e-27,0.056256397659755715,0.005190869907022753,-0.19824089664613287,0.19809722792607798,0.39633812457221085,2.486241351154817,2.5245452749761337,1.0310500714510804,0.4240861766663965,0.4416163186808192
31.7696,-3.1054,RH2M,2922,8.0,-9.447707958234034,4.7066183350562125e-16,-0.5549956383651928,1.2410332772850715e-10,1.6544450718685833,-1.658436516084873,-3.3128815879534566,10.924835077068598,10.416610040610202,0.9091238121464255,0.7119354965883881,0.6537004251238672
31.7696,-3.1054,WS10M,2922,8.0,-22.03906645604914,0.0,-0.004823120424104567,0.6486844452654146,0.011363871777321486,-0.011942083048140529,-0.023305954825462015,1.3818229958168229,1.2572059134779832,0.8277667903078114,0.4267974756838242,0.43785313614275995
31.7696,-3.1054,PRECT,2922,8.0,-14.608439663250959,4.0591652099046324e-27,-0.005016631741921675,0.14028360215396035,0.016340882491419732,-0.016377722809279283,-0.03271860530069902,0.45568394030916004,0.3902669889650553,0.7334933645647219,0.3580604516541262,0.28040529148520055
31.7696,-3.1054,PS,2922,8.0,-12.312470297711965,7.041146478072072e-23,-0.008565705557090447,0.006692729974298043,0.009191147615787761,-0.009056627880447476,-0.018247775496235238,0.41019800559228936,0.37772607151667537,0.8479433425893789,0.8209527222122587,0.8109413777779095
31.7696,-3.1054,CLOUD_AMT,2922,8.0,-16.39089174220589,2.6948388667092505e-29,0.2465043754552397,0.20951923971794992,-0.4448948323066391,0.4482947638603698,0.8931895961670089,24.212155013251568,24.806081222357896,1.0496618941051705,0.4597032770324876,0.46422079459093957
31.7696,-3.6054,kc,2922,8.0,-16.109303820173107,5.0331301885488995e-29,-0.0027289855129397486,0.004820698600566868,0.003558685247138481,-0.003582555813704373,-0.007141241060842854,0.12136652574421068,0.12030517491307975,0.9825864658203199,0.35841479367131257,0.3919093289615902
31.7696,-3.6054,T2M,2922,8.0,-11.474095791999924,5.181537646440288e-21,0.13706051990827453,3.693142924891746e-12,-0.39165271503536403,0.3915916381473876,0.7832443531827517,2.5141802505799977,2.364184437813745,0.8842394509808184,0.8192835692850828,0.8072157385039529
31.7696,-3.6054,DTR,2922,8.0,-14.434991298261442,7.521428112711173e-27,0.047601432897759345,0.014401382753017944,-0.17410430070727803,0.17406818389231113,0.34817248459958916,2.4289011998045518,2.4156723563831215,0.9891368010939914,0.44591156518267067,0.450398662905293
31.7696,-3.6054,RH2M,2922,8.0,-9.635296272342888,1.5724580472349778e-16,-0.28327134293494227,0.0016435626208327395,1.051928872918093,-1.0565242413871776,-2.1084531143052705,11.436609656955566,10.934232242866317,0.9140753369418023,0.7243579930751336,0.6750750410213096
31.7696,-3.6054,WS10M,2922,8.0,-22.133437300990604,0.0,-0.007468718680762415,0.49293165748137535,0.009798208989276773,-0.010475576089436445,-0.02027378507871322,1.438751314246216,1.2748074485182792,0.7850868768603387,0.45490731066216256,0.45499108642294767
31.7696,-3.6054,PRECT,2922,8.0,-16.438814778949354,2.4388524518594795e-29,-0.0020561515168429616,0.5766258387413264,0.012196118582503187,-0.012240626320207646,-0.024436744902710833,0.4667820708014218,0.4518812237768531,0.9371740610654924,0.3959660276498011,0.3395927308673804
31.7696,-3.6054,PS,2922,8.0,-12.245971648407629,9.7820241265581e-23,-0.007377386410977761,0.019025867489066137,0.0059837097878159586,-0.005850650239562582,-0.01183436002737854,0.40865300368638613,0.37607682665043185,0.8469226668057447,0.8277781714774313,0.8176867178833132
31.7696,-3.6054,CLOUD_AMT,2922,8.0,-16.39089174220589,2.6948388667092505e-29,0.2465043754552397,0.20951923971794992,-0.4448948323066391,0.4482947638603698,0.8931895961670089,24.212155013251568,24.806081222357896,1.0496618941051705,0.4597032770324876,0.46422079459093957
31.7696,-4.1054,kc,2922,8.0,-16.587507045076183,1.8111956567150782e-29,-0.0026225251904143376,0.009427787784016832,0.003028728240736358,-0.0030603304814708528,-0.00608905872220721,0.1257926923221763,0.1263800515716189,1.0093603293828863,0.37120737546236104,0.4102170135838234
31.7696,-4.1054,T2M,2922,8.0,-11.310590313091845,1.2418452943331957e-20,0.11414038168755213,1.3597710715439299e-08,-0.3447707734428474,0.34470903490759747,0.6894798083504449,2.581922859304959,2.3975192675393506,0.8622589022505933,0.8390363038525614,0.8225966871410949
31.7696,-4.1054,DTR,2922,8.0,-14.638376673636321,3.657264358207922e-27,0.03304034553189515,0.09657292763537936,-0.14301291352954604,0.14231905087839372,0.28533196440793973,2.497730691643738,2.4572836915222402,0.9678752308867149,0.47945189351611983,0.44107603091519415
31.7696,-4.1054,RH2M,2922,8.0,-9.765859373503856,7.353200703552897e-17,-0.07293889711542975,0.43304585924007694,0.5757907255304584,-0.5810402121834362,-1.1568309377138946,11.983574447596274,11.193750366769027,0.8725262032224688,0.7658056694877611,0.7290403368475151
31.7696,-4.1054,WS10M,2922,8.0,-21.726232756316683,0.0,-0.011006478561991027,0.2854561761053399,0.014685945699292753,-0.015314054300707276,-0.030000000000000027,1.3670034080075304,1.1991874250534504,0.7695466234094742,0.4878680634292144,0.4630896633633708
31.7696,-4.1054,PRECT,2922,8.0,-15.82481677560026,1.0102418448312694e-28,-0.003885791017367634,0.3804366063829882,0.017905337409447976,-0.01797631582771259,-0.03588165323716057,0.5536918160498115,0.5514467481177997,0.9919069912150849,0.4278397662489407,0.4092521996729383
31.7696,-4.1054,PS,2922,8.0,-12.247483755951041,9.708925671526998e-23,-0.00686357259586257,0.030094260869883496,0.004255099247090296,-0.004115879534566038,-0.008370978781656335,0.4113929451258337,0.3779502864650874,0.8440257141312717,0.8316572892904506,0.8221881274325021
31.7696,-4.1054,CLOUD_AMT,2922,8.0,-15.432901852020542,2.9325447914753483e-28,0.16380439643184538,0.4091551738750936,-0.1312357973990411,0.13395927446954195,0.26519507186858304,24.403477233033264,25.121917864588756,1.0597469044255048,0.4599466351632427,0.4794423892005706
31.7696,-4.6054,kc,2922,8.0,-16.587507045076183,1.8111956567150782e-29,-0.0026225251904143376,0.009427787784016832,0.003028728240736358,-0.0030603304814708528,-0.00608905872220721,0.1257926923221763,0.1263800515716189,1.0093603293828863,0.37120737546236104,0.4102170135838234
31.7696,-4.6054,T2M,2922,8.0,-11.310590313091845,1.2418452943331957e-20,0.11414038168755213,1.3597710715439299e-08,-0.3447707734428474,0.34470903490759747,0.6894798083504449,2.581922859304959,2.3975192675393506,0.8622589022505933,0.8390363038525614,0.8225966871410949
31.7696,-4.6054,DTR,2922,8.0,-14.638376673636321,3.657264358207922e-27,0.03304034553189515,0.09657292763537936,-0.14301291352954604,0.14231905087839372,0.28533196440793973,2.497730691643738,2.4572836915222402,0.9678752308867149,0.47945189351611983,0.44107603091519415
31.7696,-4.6054,RH2M,2922,8.0,-9.765859373503856,7.353200703552897e-17,-0.07293889711542975,0.43304585924007694,0.5757907255304584,-0.5810402121834362,-1.1568309377138946,11.983574447596274,11.193750366769027,0.8725262032224688,0.7658056694877611,0.7290403368475151
31.7696,-4.6054,WS10M,2922,8.0,-21.726232756316683,0.0,-0.011006478561991027,0.2854561761053399,0.014685945699292753,-0.015314054300707276,-0.030000000000000027,1.3670034080075304,1.1991874250534504,0.7695466234094742,0.4878680634292144,0.4630896633633708
31.7696,-4.6054,PRECT,2922,8.0,-15.82481677560026,1.0102418448312694e-28,-0.003885791017367634,0.3804366063829882,0.017905337409447976,-0.01797631582771259,-0.03588165323716057,0.5536918160498115,0.5514467481177997,0.9919069912150849,0.4278397662489407,0.4092521996729383
31.7696,-4.6054,PS,2922,8.0,-12.247483755951041,9.708925671526998e-23,-0.00686357259586257,0.030094260869883496,0.004255099247090296,-0.004115879534566038,-0.008370978781656335,0.4113929451258337,0.3779502864650874,0.8440257141312717,0.8316572892904506,0.8221881274325021
31.7696,-4.6054,CLOUD_AMT,2922,8.0,-15.432901852020542,2.9325447914753483e-28,0.16380439643184538,0.4091551738750936,-0.1312357973990411,0.13395927446954195,0.26519507186858304,24.403477233033264,25.121917864588756,1.0597469044255048,0.4599466351632427,0.4794423892005706
31.7696,-5.1054,kc,2922,8.0,-32.645966066998305,0.0,-0.0013946498190198751,0.21570327852216453,-0.0014488986103975343,0.0014044097359601799,0.002853308346357714,0.13813384494717418,0.1429824772850938,1.0714340239465001,0.4550334622710709,0.4671744076942964
31.7696,-5.1054,T2M,2922,8.0,-11.372722591741963,8.897584869108531e-21,0.10639605576567948,2.435681861005102e-07,-0.32527336299338344,0.32533580880675345,0.6506091718001369,2.6630709955634737,2.446153164660167,0.8437267223622119,0.8439420113223928,0.8285531000468623
31.7696,-5.1054,DTR,2922,8.0,-15.293097483712879,4.415607726043983e-28,0.015545052970321323,0.4374720791079267,-0.09741518366415695,0.09723916267396761,0.19465434633812456,2.5541136683782018,2.4373208954239463,0.9106363478512092,0.4755010877300905,0.43954412418894234
31.7696,-5.1054,RH2M,2922,8.0,-10.183414621598711,6.6034699670634775e-18,-0.0072308397564184316,0.9409618335617298,0.38672349988592325,-0.39344077116130505,-0.7801642710472283,12.75302575332109,11.571736069569155,0.8233236028351334,0.7737269979216355,0.7522217584540306
31.7696,-5.1054,WS10M,2922,8.0,-13.644849950880317,1.6269698158605853e-25,-0.006137158657277047,0.5809353185840772,0.013063917408167914,-0.013767020305726655,-0.026830937713894568,1.4827590892105444,1.2846816584715715,0.7506713787159524,0.5293698032602348,0.5033058125878904
31.7696,-5.1054,PRECT,2922,8.0,-15.576151733515298,1.9587338437338257e-28,-0.0053748215145941565,0.29266782878712083,0.024838268078539193,-0.024972153820998072,-0.049810421899537265,0.6364069947522295,0.6374557534005012,1.0032985897421904,0.44500154535355396,0.46685117131612197
31.7696,-5.1054,PS,2922,8.0,-12.253287961464297,9.433475635322714e-23,-0.005337949982449251,0.08965300700301923,-0.00026808122290689827,0.000402692219940372,0.0006707734428472703,0.40928566227917546,0.3750666662666766,0.8397768037346618,0.8395715061978424,0.8287541901763049
31.7696,-5.1054,CLOUD_AMT,2922,8.0,-28.17482418138332,0.0,-0.4719111388938244,0.015017267307645856,1.4005359571070046,-1.3989643851243438,-2.7995003422313482,23.165127273334196,25.16406782079065,1.1800280006820731,0.5235156080703909,0.5461918607726904
31.7696,-5.6054,kc,2922,8.0,-32.645966066998305,0.0,-0.0013946498190198751,0.21570327852216453,-0.0014488986103975343,0.0014044097359601799,0.002853308346357714,0.13813384494717418,0.1429824772850938,1.0714340239465001,0.4550334622710709,0.4671744076942964
31.7696,-5.6054,T2M,2922,8.0,-17.904395742571122,2.9452661776441964e-30,0.09507579599542426,7.78680259081268e-06,-0.3022376226328998,0.3026289071412275,0.6048665297741274,2.751486421145316,2.5252720075069983,0.8423286674423709,0.8404740183117841,0.8203560990069011
31.7696,-5.6054,DTR,2922,8.0,-15.50403785263401,2.395168741596657e-28,0.010055456827955403,0.5893674795694577,-0.07621898243212415,0.07679949806068899,0.15301848049281314,2.3971716593766006,2.2473401082684075,0.8788997404679386,0.4208069355401613,0.4115622868594318
31.7696,-5.6054,RH2M,2922,8.0,-11.145077132613771,3.0403274471191976e-20,0.0049040425702115,0.9639493543049702,0.4730170887519962,-0.4811444444444447,-0.9541615331964409,14.203336980919525,12.822629842216344,0.8150296886570946,0.7496784780718699,0.7362577812152781
31.7696,-5.6054,WS10M,2922,8.0,-13.779499709969201,9.353807702948362e-26,0.012639700855566767,0.28598453346245195,-0.008994923568332223,0.008321982660278329,0.017316906228610554,1.5692024856780442,1.3814995000607924,0.7750745724145345,0.5448280064803177,0.543536446525606
31.7696,-5.6054,PRECT,2922,8.0,-21.26096734082297,0.0,-0.0032043517558243083,0.5432897454224701,0.023597128919489688,-0.02378783877188161,-0.047384967691371294,0.651295695767519,0.6634557157355033,1.0376895990822783,0.4804004082833163,0.48463290443311124
31.7696,-5.6054,PS,2922,8.0,-12.367016932230893,5.385813693007912e-23,-0.004075662827358314,0.18352761824862263,-0.004642596395163497,0.004755076431667424,0.00939767282683092,0.39837260119274664,0.3657757248143473,0.843045154141652,0.846193457739032,0.8333269565722152
31.7696,-5.6054,CLOUD_AMT,2922,8.0,-28.17482418138332,0.0,-0.4719111388938244,0.015017267307645856,1.4005359571070046,-1.3989643851243438,-2.7995003422313482,23.165127273334196,25.16406782079065,1.1800280006820731,0.5235156080703909,0.5461918607726904
31.7696,-6.1054,kc,2922,8.0,-15.507616048208064,2.371153246469611e-28,-0.0012184225443021082,0.31350121996644015,-0.003983838927427136,0.003953153667908278,0.007936992595335413,0.1510450504809759,0.15056780675281323,0.9936907594895554,0.44195317551434005,0.4665210157361328
31.7696,-6.1054,T2M,2922,8.0,-17.941378878054717,2.8598895779023023e-30,0.10257579394578385,6.370284499789944e-06,-0.3107176477298655,0.3111783139402236,0.6218959616700891,2.931801097647582,2.7110997344081387,0.8551099949322339,0.838624253153322,0.8170527632741287
31.7696,-6.1054,DTR,2922,8.0,-19.65534941060361,0.0,0.000632185234085928,0.9741101669403369,-0.05568757700205327,0.05635896646132793,0.11204654346338119,2.500792295906374,2.3572081551570987,0.8884656145077565,0.4032482064840034,0.4039348369428201
31.7696,-6.1054,RH2M,2922,8.0,-11.423393645233825,6.786986735308432e-21,-0.03840428231957919,0.7359084403543802,0.7028933835272647,-0.7095912160620579,-1.4124845995893227,14.916804983870037,13.426096718700064,0.8101173229226925,0.747838464936113,0.7256187528818444
31.7696,-6.1054,WS10M,2922,8.0,-30.419225460796802,0.0,0.015878502235220717,0.024287926974264722,-0.014056468172484621,0.013636892539356587,0.027693360711841208,0.8988028407336853,0.8605466491434376,0.9166846581821314,0.4318822623650714,0.4636352553268872
31.7696,-6.1054,PRECT,2922,8.0,-21.05777170269176,0.0,0.0008839239161738415,0.8610848074888711,0.016832941520575802,-0.017036239179592738,-0.03386918070016854,0.6211642485485895,0.6388581657525982,1.0577815726674324,0.5170594184706764,0.47678956392686545
31.7696,-6.1054,PS,2922,8.0,-14.478032348540445,6.4410537765166965e-27,-0.006625482265749875,0.017471017905872462,0.0009740018252343169,-0.0008808920830476373,-0.0018548939082819542,0.36227081263182204,0.3331794733843125,0.8458430481670419,0.8403837284143876,0.8218276244939337
31.7696,-6.1054,CLOUD_AMT,2922,8.0,-15.208358655028395,5.7005127867186995e-28,0.026403982310783388,0.8952440298318721,0.857971503536391,-0.8572988592288383,-1.7152703627652293,24.282292612715093,25.71292700123398,1.1213047379612584,0.5315216224033472,0.540034072493628
31.7696,-6.6054,kc,2922,8.0,-15.507616048208064,2.371153246469611e-28,-0.0012184225443021082,0.31350121996644015,-0.003983838927427136,0.003953153667908278,0.007936992595335413,0.1510450504809759,0.15056780675281323,0.9936907594895554,0.44195317551434005,0.4665210157361328
31.7696,-6.6054,T2M,2922,8.0,-17.68765984381915,3.584196597982431e-30,0.1004854927622512,5.846118425299657e-05,-0.26896899383983575,0.26924455852156054,0.5382135523613962,3.2041691622032626,3.0183388309657544,0.8873707501685606,0.845741247438874,0.8249421850476275
31.7696,-6.6054,DTR,2922,8.0,-19.73615053442982,0.0,0.011494959114358567,0.5830763339031153,-0.10838746292493726,0.10914847136664378,0.21753593429158102,2.683394514386718,2.536517999087974,0.8935252744861388,0.4271504100302358,0.4291936897231348
31.7696,-6.6054,RH2M,2922,8.0,-10.264471607210195,4.153879509989485e-18,-0.018091450973245413,0.8701752510033987,0.6028811088295684,-0.6079197125256678,-1.2108008213552361,14.397197807632553,13.174692160666282,0.8373846765329755,0.7808966817116592,0.7425573513777712
31.7696,-6.6054,WS10M,2922,8.0,-31.203078502656776,0.0,0.013735468195846772,0.02926449631792929,-0.008805247547342007,0.008367921514944091,0.0171731690622861,0.7372332743424032,0.8328970215391606,1.2763587533446847,0.3242694656600968,0.42786679002300654
31.7696,-6.6054,PRECT,2922,8.0,-21.22721024587409,0.0,0.0048619868161863845,0.2966396962566101,0.009495104304885784,-0.009736577724597817,-0.019231682029483603,0.5704930422122425,0.5918738425772763,1.0763600990296485,0.5170647819148143,0.44028472957348125
31.7696,-6.6054,PS,2922,8.0,-14.893908985213935,1.5425797971773239e-27,-0.011710096399859326,9.318283250639975e-06,0.011427948893452172,-0.011337280401551224,-0.022765229295003395,0.34355653762590543,0.31591239406582494,0.8455453294634034,0.8152438938088175,0.7923169817828273
31.7696,-6.6054,CLOUD_AMT,2922,8.0,-15.208358655028395,5.7005127867186995e-28,0.026403982310783388,0.8952440298318721,0.857971503536391,-0.8572988592288383,-1.7152703627652293,24.282292612715093,25.71292700123398,1.1213047379612584,0.5315216224033472,0.540034072493628
31.7696,-7.1054,kc,2922,8.0,-34.9303471038444,0.0,-3.2979493303775836e-05,0.9781040415614817,-0.007040429501018301,0.0070353485031329896,0.014075778004151291,0.15235732182780207,0.14714800040592346,0.9327861087181458,0.38492718859533165,0.43116477405143844
31.7696,-7.1054,T2M,2922,8.0,-17.68765984381915,3.584196597982431e-30,0.1004854927622512,5.846118425299657e-05,-0.26896899383983575,0.26924455852156054,0.5382135523613962,3.2041691622032626,3.0183388309657544,0.8873707501685606,0.845741247438874,0.8249421850476275
31.7696,-7.1054,DTR,2922,8.0,-19.73615053442982,0.0,0.011494959114358567,0.5830763339031153,-0.10838746292493726,0.10914847136664378,0.21753593429158102,2.683394514386718,2.536517999087974,0.8935252744861388,0.4271504100302358,0.4291936897231348
31.7696,-7.1054,RH2M,2922,8.0,-10.264471607210195,4.153879509989485e-18,-0.018091450973245413,0.8701752510033987,0.6028811088295684,-0.6079197125256678,-1.2108008213552361,14.397197807632553,13.174692160666282,0.8373846765329755,0.7808966817116592,0.7425573513777712
31.7696,-7.1054,WS10M,2922,8.0,-31.203078502656776,0.0,0.013735468195846772,0.02926449631792929,-0.008805247547342007,0.008367921514944091,0.0171731690622861,0.7372332743424032,0.8328970215391606,1.2763587533446847,0.3242694656600968,0.42786679002300654
31.7696,-7.1054,PRECT,2922,8.0,-21.22721024587409,0.0,0.0048619868161863845,0.2966396962566101,0.009495104304885784,-0.009736577724597817,-0.019231682029483603,0.5704930422122425,0.5918738425772763,1.0763600990296485,0.5170647819148143,0.44028472957348125
31.7696,-7.1054,PS,2922,8.0,-14.893908985213935,1.5425797971773239e-27,-0.011710096399859326,9.318283250639975e-06,0.011427948893452172,-0.011337280401551224,-0.022765229295003395,0.34355653762590543,0.31591239406582494,0.8455453294634034,0.8152438938088175,0.7923169817828273
31.7696,-7.1054,CLOUD_AMT,2922,8.0,-28.646632174366214,0.0,-0.17478610450378615,0.4014720456844681,1.2941673967602099,-1.2931495094684007,-2.5873169062286108,25.70261329301486,26.22482471580055,1.0410476878447608,0.5136889356697524,0.5082914492181992
31.7696,-7.6054,kc,2922,8.0,-34.9303471038444,0.0,-3.2979493303775836e-05,0.9781040415614817,-0.007040429501018301,0.0070353485031329896,0.014075778004151291,0.15235732182780207,0.14714800040592346,0.9327861087181458,0.38492718859533165,0.43116477405143844
31.7696,-7.6054,T2M,2922,8.0,-12.755251096754419,8.366547508080908e-24,0.09925574394158501,0.00011806981650973587,-0.22929334930412965,0.22962519963495323,0.4589185489390829,3.2738166810495093,3.1505988365540816,0.9261418347020164,0.8481181538826938,0.8278309188375321
31.7696,-7.6054,DTR,2922,8.0,-15.078409285618397,8.524067974084405e-28,0.030929128939130683,0.13628118115477336,-0.15649572210814497,0.15697450376454475,0.3134702258726897,2.6365099725533323,2.5351655563178,0.9245998416319057,0.46387951370131536,0.4441808922712006
31.7696,-7.6054,RH2M,2922,8.0,-9.846493075335017,4.604852820177806e-17,-0.10826061013930162,0.30109929172213495,0.6166569929272187,-0.62082418434862,-1.2374811772758387,13.391788442783014,12.699761201254908,0.8993193745996461,0.8064976245479519,0.756841674447456
31.7696,-7.6054,WS10M,2922,8.0,-36.593461621603915,0.0,0.011263569351574586,0.08866619030429547,-0.007799760438056133,0.007354243668720052,0.015154004106776186,0.8232246345325132,0.8282280915144977,1.0121926919244282,0.36046508367572594,0.3816731466336116
31.7696,-7.6054,PRECT,2922,8.0,-31.5842529000123,0.0,0.004050781096249521,0.37170373763105174,0.00931907007887936,-0.009552049562090938,-0.018871119640970296,0.571049624397615,0.5605220239013489,0.9634688155930923,0.5358151138043961,0.44334279695756196
31.7696,-7.6054,PS,2922,8.0,-14.880485041880448,1.6122111425631659e-27,-0.014002816557299796,1.0579621440043252e-07,0.015650182523386007,-0.015547627195984159,-0.031197809719370168,0.3430071435465459,0.31454728990137637,0.8409410749977724,0.8085463892066344,0.7856905296111212
31.7696,-7.6054,CLOUD_AMT,2922,8.0,-28.646632174366214,0.0,-0.17478610450378615,0.4014720456844681,1.2941673967602099,-1.2931495094684007,-2.5873169062286108,25.70261329301486,26.22482471580055,1.0410476878447608,0.5136889356697524,0.5082914492181992
31.7696,-8.1054,kc,2922,8.0,-35.843455432261806,0.0,-0.0003064413897587403,0.7900964068298286,-0.005018211961152682,0.005036035748973345,0.010054247710126026,0.14626468479410565,0.14081673845992893,0.9268930017383412,0.3499553109768051,0.42761151950839704
31.7696,-8.1054,T2M,2922,8.0,-12.911378185651074,4.050173649343156e-24,0.10712200736394809,1.228897961654357e-05,-0.246267065936573,0.2463818046999773,0.4926488706365503,3.1159380258421496,2.987110875610335,0.9190202135278572,0.8384608756239953,0.8198921641579789
31.7696,-8.1054,DTR,2922,8.0,-16.726189832826005,1.3953181076076943e-29,0.05061854165624766,0.019488895567811335,-0.20048450832762948,0.20130878393794202,0.4017932922655715,2.7585583900327713,2.635313338475873,0.9126413843939495,0.5219907892362491,0.4715827812639441
31.7696,-8.1054,RH2M,2922,8.0,-10.232369594507938,4.99003714209862e-18,-0.24831123567198876,0.015044146089134467,0.8213891626739681,-0.8254280857859916,-1.6468172484599597,12.822376313412823,12.62470746560946,0.9694057921075907,0.7966212433726071,0.7582971963185066
31.7696,-8.1054,WS10M,2922,8.0,-25.362199912362314,0.0,0.01519567594974188,0.03739198778299436,-0.021976271959844862,0.021863563769107898,0.04383983572895276,0.9459008771116673,0.8748080703307679,0.8553311827631186,0.4353664059446656,0.4033768459496305
31.7696,-8.1054,PRECT,2922,8.0,-32.85583613972809,0.0,0.0032570570708428874,0.45518735403684035,0.012227733707743722,-0.01235812121305399,-0.024585854920797713,0.5573662721801271,0.5305246749678998,0.9060033559633164,0.5093029818132462,0.40506108276164016
31.7696,-8.1054,PS,2922,8.0,-14.751271772757294,2.482847484995673e-27,-0.014789778045024791,1.8984112350735908e-08,0.01721237736710014,-0.017099737622632664,-0.0343121149897328,0.34329052765703677,0.31356503381852785,0.834318003450374,0.8101438973228263,0.7867696516576113
31.7696,-8.1054,CLOUD_AMT,2922,8.0,-28.79807261665989,0.0,-0.36572111386127326,0.08482414846853695,1.6182434861966688,-1.6210172940908052,-3.239260780287474,26.595453170421273,26.279236395118744,0.9763616071241706,0.47506084138215077,0.5174404574094913
31.7696,-8.6054,kc,2922,8.0,-35.843455432261806,0.0,-0.0003064413897587403,0.7900964068298286,-0.005018211961152682,0.005036035748973345,0.010054247710126026,0.14626468479410565,0.14081673845992893,0.9268930017383412,0.3499553109768051,0.42761151950839704
31.7696,-8.6054,T2M,2922,8.0,-12.89992260756216,4.26959805184709e-24,0.10235327092744359,3.921610215320749e-06,-0.23325344512890706,0.2333242413871778,0.4665776865160849,2.8187697597221604,2.7048439189096385,0.9207997902749767,0.8334444289249868,0.8220438186324497
31.7696,-8.6054,DTR,2922,8.0,-18.37974055363028,2.2104643872965372e-30,0.05159448731055904,0.022237472243455163,-0.20100224731918778,0.2015850216746521,0.4025872689938399,2.839370029776689,2.780355608926686,0.9588633165382648,0.5578861600043645,0.5179457496268535
31.7696,-8.6054,RH2M,2922,8.0,-10.508688198876763,1.0380459691094074e-18,-0.27868983910088485,0.0036587447208797177,0.8006057837097877,-0.8042881245722108,-1.6048939082819986,11.825420283136896,12.069017217166811,1.0416231993966614,0.7827703346850322,0.7596517740547245
31.7696,-8.6054,WS10M,2922,8.0,-25.319307675956964,0.0,0.0206583462587562,0.010640837213527442,-0.038576112251882226,0.03856283367556471,0.07713894592744694,1.0537530679265614,0.9622427513775622,0.8338570258015073,0.4942021826369303,0.45599719123533056
31.7696,-8.6054,PRECT,2922,8.0,-30.206354108576914,0.0,8.603017088302381e-05,0.9842453440484138,0.015389569907225242,-0.01563398243737873,-0.031023552344603973,0.5669836282389642,0.5187736034538057,0.8371720152091622,0.5474199478232162,0.49451319461328
31.7696,-8.6054,PS,2922,8.0,-14.642939458123164,3.5998122217028124e-27,-0.015350081804077109,4.592919804324223e-09,0.018330549851699917,-0.01821291352954596,-0.03654346338124588,0.3418718412836311,0.3119310172383407,0.8325119208001573,0.8104942424393937,0.7850588217895789
31.7696,-8.6054,CLOUD_AMT,2922,8.0,-28.79807261665989,0.0,-0.36572111386127326,0.08482414846853695,1.6182434861966688,-1.6210172940908052,-3.239260780287474,26.595453170421273,26.279236395118744,0.9763616071241706,0.47506084138215077,0.5174404574094913
31.7696,-9.1054,kc,2922,8.0,-15.600036175367578,1.8341404547132247e-28,6.505597571249342e-05,0.9525096143184623,-0.004828924923542475,0.0048748130248428894,0.009703737948385364,0.14029740485638562,0.1320182917567562,0.8854599903770652,0.38961354677827387,0.45068879560260144
31.7696,-9.1054,T2M,2922,8.0,-12.299340161367105,7.512062803145919e-23,0.05234084922809957,0.000532144443662691,-0.12243015058179314,0.12274438740588646,0.2451745379876796,1.9326724116493652,1.8327862326820288,0.8993052593621933,0.8318892763017014,0.8180805498940862
31.7696,-9.1054,DTR,2922,8.0,-26.76198307433797,0.0,0.0313211478501673,0.0573486640705408,-0.12578602555327406,0.12593197581565138,0.2517180013689254,2.066700721439238,2.0394106712827065,0.9737650718773264,0.5414566649318497,0.5242589674648508
31.7696,-9.1054,RH2M,2922,8.0,-11.805802928096304,9.102663268837116e-22,-0.15690229206017325,0.027755511387203443,0.4339105863563769,-0.43811542322610086,-0.8720260095824778,8.643950597473813,9.128371654367385,1.1152239183730486,0.7122405489712079,0.7121498316862906
31.7696,-9.1054,WS10M,2922,8.0,-25.1143170239593,0.0,0.01016705916304632,0.3920421895884838,-0.019233629933835285,0.019301619895049048,0.03853524982888433,1.54583100742621,1.4157093792202948,0.8387338865207372,0.5456627713802549,0.5273025046194417
31.7696,-9.1054,PRECT,2922,8.0,-22.086456548823346,0.0,-0.001176481134507617,0.783903919002018,0.01639211737139137,-0.016686426005663613,-0.033078543377054986,0.5617066982054861,0.507036546544037,0.8148155756592206,0.536291941052766,0.5388976784912752
31.7696,-9.1054,PS,2922,8.0,-14.6425380856808,3.6048274895603005e-27,-0.016017127029568576,2.0680260497229523e-09,0.01946056354095375,-0.019348471366643815,-0.038809034907597566,0.34860110855038295,0.3187232139848096,0.8359299097641407,0.8103580405352862,0.7822551540446725
31.7696,-9.1054,CLOUD_AMT,2922,8.0,-30.050060587346252,0.0,-0.5605106509271461,0.00218523031886707,1.6763599247091032,-1.6836400752908964,-3.3599999999999994,23.382620888772486,22.17078150940561,0.8990329878966107,0.4794851328144103,0.4930742890271132
31.7696,-9.6054,kc,2922,8.0,-15.600036175367578,1.8341404547132247e-28,6.505597571249342e-05,0.9525096143184623,-0.004828924923542475,0.0048748130248428894,0.009703737948385364,0.14029740485638562,0.1320182917567562,0.8854599903770652,0.38961354677827387,0.45068879560260144
31.7696,-9.6054,T2M,2922,8.0,-12.299340161367105,7.512062803145919e-23,0.05234084922809957,0.000532144443662691,-0.12243015058179314,0.12274438740588646,0.2451745379876796,1.9326724116493652,1.8327862326820288,0.8993052593621933,0.8318892763017014,0.8180805498940862
31.7696,-9.6054,DTR,2922,8.0,-26.76198307433797,0.0,0.0313211478501673,0.0573486640705408,-0.12578602555327406,0.12593197581565138,0.2517180013689254,2.066700721439238,2.0394106712827065,0.9737650718773264,0.5414566649318497,0.5242589674648508
31.7696,-9.6054,RH2M,2922,8.0,-11.805802928096304,9.102663268837116e-22,-0.15690229206017325,0.027755511387203443,0.4339105863563769,-0.43811542322610086,-0.8720260095824778,8.643950597473813,9.128371654367385,1.1152239183730486,0.7122405489712079,0.7121498316862906
31.7696,-9.6054,WS10M,2922,8.0,-25.1143170239593,0.0,0.01016705916304632,0.3920421895884838,-0.019233629933835285,0.019301619895049048,0.03853524982888433,1.54583100742621,1.4157093792202948,0.8387338865207372,0.5456627713802549,0.5273025046194417
31.7696,-9.6054,PRECT,2922,8.0,-22.086456548823346,0.0,-0.001176481134507617,0.783903919002018,0.01639211737139137,-0.016686426005663613,-0.033078543377054986,0.5617066982054861,0.507036546544037,0.8148155756592206,0.536291941052766,0.5388976784912752
31.7696,-9.6054,PS,2922,8.0,-14.6425380856808,3.6048274895603005e-27,-0.016017127029568576,2.0680260497229523e-09,0.01946056354095375,-0.019348471366643815,-0.038809034907597566,0.34860110855038295,0.3187232139848096,0.8359299097641407,0.8103580405352862,0.7822551540446725
31.7696,-9.6054,CLOUD_AMT,2922,8.0,-30.050060587346252,0.0,-0.5605106509271461,0.00218523031886707,1.6763599247091032,-1.6836400752908964,-3.3599999999999994,23.382620888772486,22.17078150940561,0.8990329878966107,0.4794851328144103,0.4930742890271132
32.2696,-1.6054,kc,2922,8.0,-15.680783203274656,1.473618716087495e-28,-0.0015687713477808808,0.1574479335245932,0.00022334541295605345,-0.0002095412615255584,-0.00043288667448161184,0.14327829614571114,0.13353618308593243,0.8686345518718868,0.3660286131244205,0.4056192717416273
32.2696,-1.6054,T2M,2922,8.0,-13.533480174569307,2.5944847693015477e-25,0.21904902716452868,3.831540300438689e-26,-0.5503057266712298,0.549940679899612,1.1002464065708417,2.6054221674132987,2.4943890358290264,0.9165837850285634,0.7894122377493115,0.7801139213820633
32.2696,-1.6054,DTR,2922,8.0,-13.9208235331473,5.299671853487219e-26,0.08781102063542838,8.872400839321263e-06,-0.26567627195984495,0.26550100387862197,0.531177275838467,2.447172131195228,2.464906149056297,1.0145459933399186,0.36508792863338135,0.35692344384388
32.2696,-1.6054,RH2M,2922,8.0,-10.126321806461348,9.161523861928718e-18,-0.857350841225132,5.597105910528432e-19,2.3161541181838916,-2.319321583390372,-4.635475701574263,12.146869990799452,11.603801475275812,0.9125818218896697,0.6902107622785518,0.6341096908875622
32.2696,-1.6054,WS10M,2922,8.0,-21.32625280659489,0.0,0.004730008773632209,0.692232347427734,-0.008906662103582055,0.008376020990189324,0.01728268309377138,1.5350610369218383,1.4458129335078989,0.8871006832946582,0.4716054164072253,0.4754817101620388
32.2696,-1.6054,PRECT,2922,8.0,-14.45083814165205,7.102956597063977e-27,-0.012201616352147587,0.0013203018039888734,0.0333901786173838,-0.03344105210470596,-0.06683123072208977,0.538138819390577,0.3981039833742724,0.5472734794163058,0.330188774994919,0.280057345922925
32.2696,-1.6054,PS,2922,8.0,-12.180756954497502,1.3532989177193527e-22,-0.006431206806024278,0.03803248772741933,0.004807209673738966,-0.00467259867670595,-0.009479808350444915,0.4033058334024059,0.3698796112038909,0.841108026862978,0.8288918056494803,0.8171814227695933
32.2696,-1.6054,CLOUD_AMT,2922,8.0,-16.4881506466892,2.2050814988133374e-29,0.2147896536025709,0.2896892219515918,-0.1434928245493954,0.14233879762719617,0.2858316221765916,25.192712009869282,25.437669836312978,1.019541265188233,0.47770609307025286,0.4737335911345109
32.2696,-2.1054,kc,2922,8.0,-16.880418728351064,1.0639728619834614e-29,-0.0017925060687423106,0.09843668964596418,0.0007812396685748376,-0.0007534523629977731,-0.0015346920315726107,0.13819855850186827,0.13251296622161585,0.9194110622185507,0.36486120109642073,0.42374585256219505
32.2696,-2.1054,T2M,2922,8.0,-13.533480174569307,2.5944847693015477e-25,0.21904902716452868,3.831540300438689e-26,-0.5503057266712298,0.549940679899612,1.1002464065708417,2.6054221674132987,2.4943890358290264,0.9165837850285634,0.7894122377493115,0.7801139213820633
32.2696,-2.1054,DTR,2922,8.0,-13.9208235331473,5.299671853487219e-26,0.08781102063542838,8.872400839321263e-06,-0.26567627195984495,0.26550100387862197,0.531177275838467,2.447172131195228,2.464906149056297,1.0145459933399186,0.36508792863338135,0.35692344384388
32.2696,-2.1054,RH2M,2922,8.0,-10.126321806461348,9.161523861928718e-18,-0.857350841225132,5.597105910528432e-19,2.3161541181838916,-2.319321583390372,-4.635475701574263,12.146869990799452,11.603801475275812,0.9125818218896697,0.6902107622785518,0.6341096908875622
32.2696,-2.1054,WS10M,2922,8.0,-21.32625280659489,0.0,0.004730008773632209,0.692232347427734,-0.008906662103582055,0.008376020990189324,0.01728268309377138,1.5350610369218383,1.4458129335078989,0.8871006832946582,0.4716054164072253,0.4754817101620388
32.2696,-2.1054,PRECT,2922,8.0,-14.45083814165205,7.102956597063977e-27,-0.012201616352147587,0.0013203018039888734,0.0333901786173838,-0.03344105210470596,-0.06683123072208977,0.538138819390577,0.3981039833742724,0.5472734794163058,0.330188774994919,0.280057345922925
32.2696,-2.1054,PS,2922,8.0,-12.180756954497502,1.3532989177193527e-22,-0.006431206806024278,0.03803248772741933,0.004807209673738966,-0.00467259867670595,-0.009479808350444915,0.4033058334024059,0.3698796112038909,0.841108026862978,0.8288918056494803,0.8171814227695933
32.2696,-2.1054,CLOUD_AMT,2922,8.0,-16.682499324647434,1.5121992369485114e-29,0.15257069385481498,0.45129383595551087,-0.033879123887747865,0.03139808350444891,0.06527720739219678,25.068767494210462,25.480661518675067,1.0331310943323637,0.4764258278167355,0.47813681970077176
32.2696,-2.6054,kc,2922,8.0,-16.880418728351064,1.0639728619834614e-29,-0.0017925060687423106,0.09843668964596418,0.0007812396685748376,-0.0007534523629977731,-0.0015346920315726107,0.13819855850186827,0.13251296622161585,0.9194110622185507,0.36486120109642073,0.42374585256219505
32.2696,-2.6054,T2M,2922,8.0,-13.537793648624833,2.5476361402692697e-25,0.21334268740418671,1.0267360276787616e-25,-0.5482308806753364,0.5478471480720968,1.0960780287474332,2.5779786153517636,2.4277398818016414,0.8868408397617723,0.7940980917031701,0.7815020720060104
32.2696,-2.6054,DTR,2922,8.0,-13.722570327275527,1.1803175900058233e-25,0.09167506687391064,4.234781016840219e-06,-0.2809422541638147,0.28107006616472735,0.5620123203285421,2.4470516875446697,2.50403672937384,1.0471167436728777,0.37432255043887114,0.37837975990532374
32.2696,-2.6054,RH2M,2922,8.0,-10.103185645812676,1.0463589326560008e-17,-0.8549111425246154,3.605025068007708e-20,2.3200979237964865,-2.324248414328086,-4.644346338124572,11.72775519156859,11.159937105896807,0.9055109584470783,0.6922062162638298,0.6260418129969832
32.2696,-2.6054,WS10M,2922,8.0,-21.70123457444007,0.0,0.006838705187101121,0.5547375544265133,-0.021185352498288824,0.02069691991786449,0.04188227241615332,1.5012406997526164,1.3856313894288559,0.8519120598870605,0.4467059409151418,0.4473634490749563
32.2696,-2.6054,PRECT,2922,8.0,-15.807136561810609,1.0572179399972485e-28,-0.011613146008338857,0.00436768017903474,0.03402977850470264,-0.034097930881285675,-0.0681277093859883,0.5760999182236357,0.42832611456558656,0.5527814746989721,0.34836314612689234,0.2887452919295903
32.2696,-2.6054,PS,2922,8.0,-12.197552418982815,1.2445190754631597e-22,-0.007328745223020236,0.018296061571570096,0.00667092174309889,-0.006539208304813623,-0.013210130047912513,0.4037125911041401,0.37099375584053135,0.844478527310341,0.8283406053390497,0.8175377785632517
32.2696,-2.6054,CLOUD_AMT,2922,8.0,-16.682499324647434,1.5121992369485114e-29,0.15257069385481498,0.45129383595551087,-0.033879123887747865,0.03139808350444891,0.06527720739219678,25.068767494210462,25.480661518675067,1.0331310943323637,0.4764258278167355,0.47813681970077176
32.2696,-3.1054,kc,2922,8.0,-16.833781597418096,1.1524315505160375e-29,-0.0019552696118484386,0.0738832949099899,0.0005794568318713958,-0.0005635304716090328,-0.0011429873034804285,0.13843402492150136,0.1346252399159091,0.9457302672028851,0.4024566972317272,0.4194324923187574
32.2696,-3.1054,T2M,2922,8.0,-13.556353498276788,2.3558365035682735e-25,0.16261350645103825,2.0147479512667823e-15,-0.45307137805156295,0.4528560689025781,0.9059274469541411,2.613893627204501,2.4411702909411646,0.8722085348032417,0.8054009525567929,0.792672767035993
32.2696,-3.1054,DTR,2922,8.0,-14.76429430891022,2.375789491806669e-27,0.08624799969735596,2.7563465585623644e-05,-0.26066968971024407,0.26097302076203516,0.5216427104722792,2.572316623781994,2.5425754558598084,0.977009646706954,0.4089372083352128,0.41874687549978507
32.2696,-3.1054,RH2M,2922,8.0,-10.209954789679806,5.67258971691299e-18,-0.49696566694186534,8.657097889578889e-08,1.5804066050650238,-1.5865543805612596,-3.1669609856262833,11.791331634959526,11.21116829561097,0.9040158304357182,0.7064948089200913,0.6569896698035008
32.2696,-3.1054,WS10M,2922,8.0,-20.912873122327884,0.0,0.0037126190972844855,0.7604003875857671,-0.014427709331508068,0.013580504220853325,0.028008213552361393,1.5879373612855572,1.44696796129103,0.8303307013706034,0.48713064880769147,0.47312204144147263
32.2696,-3.1054,PRECT,2922,8.0,-16.92248226568343,9.915918683489675e-30,-0.006697822945875228,0.08813040129742555,0.023884476388495036,-0.02393811575355119,-0.047822592142046226,0.5292872915481249,0.446459648393996,0.7115107937754068,0.3592128765531304,0.33601316682724053
32.2696,-3.1054,PS,2922,8.0,-12.24439392805085,9.858893268976346e-23,-0.00727758941907686,0.022027636222910044,0.006141820670773826,-0.005993702943189159,-0.012135523613962985,0.41355535162437607,0.3791118479564818,0.8403639697035568,0.8310651341294495,0.8236642890602208
32.2696,-3.1054,CLOUD_AMT,2922,8.0,-16.750648919520984,1.3348101648608502e-29,-0.00918754303512855,0.9616099208285064,0.20241666666666658,-0.200649726214921,-0.4030663928815876,23.640793427003253,23.992329761366037,1.0299609225274382,0.46918747796412547,0.48538705341865546
32.2696,-3.6054,kc,2922,8.0,-16.833781597418096,1.1524315505160375e-29,-0.0019552696118484386,0.0738832949099899,0.0005794568318713958,-0.0005635304716090328,-0.0011429873034804285,0.13843402492150136,0.1346252399159091,0.9457302672028851,0.4024566972317272,0.4194324923187574
32.2696,-3.6054,T2M,2922,8.0,-11.404972945548272,7.488165519000993e-21,0.12963272376246515,3.390292630263336e-10,-0.3907252680812229,0.3905067647729866,0.7812320328542095,2.6527257547948464,2.4531351877850254,0.855181419301857,0.824504865662653,0.8024225742244672
32.2696,-3.6054,DTR,2922,8.0,-14.63225552865248,3.735870001222977e-27,0.04884311589615613,0.022227895934409412,-0.18461657540497386,0.18490430070727806,0.36952087611225193,2.70289296824137,2.617188779905026,0.9375887824482406,0.47906234705630985,0.4467389610849538
32.2696,-3.6054,RH2M,2922,8.0,-9.933480729805956,2.782950766356266e-17,-0.20582052522796976,0.035085597093685215,1.0280264772986543,-1.034868799908738,-2.0628952772073923,12.479362782416525,11.807467709510576,0.895217808383847,0.7348435325149741,0.6932397917646242
32.2696,-3.6054,WS10M,2922,8.0,-24.604512950822166,0.0,0.007304365335872241,0.5325865894030744,-0.01490827059091947,0.013900764316678069,0.02880903490759754,1.5084560576353552,1.4109137375748892,0.8748540311943258,0.4852361144168697,0.4735883503458745
32.2696,-3.6054,PRECT,2922,8.0,-16.46807386191495,2.2968190956771542e-29,-0.005601013646598948,0.21829280823934968,0.024519817131484545,-0.02460634381838498,-0.049126160949869525,0.5858787056714231,0.5480124403093048,0.8749140845619263,0.41260498893535846,0.34204101921712216
32.2696,-3.6054,PS,2922,8.0,-12.345246013281441,5.992759025704089e-23,-0.006858480117843778,0.025947376447756826,0.003978348163358405,-0.0038450604608715275,-0.007823408624229932,0.4009682907980969,0.3671590104176183,0.8384715335901457,0.8341315440326369,0.8263096580205949
32.2696,-3.6054,CLOUD_AMT,2922,8.0,-16.750648919520984,1.3348101648608502e-29,-0.00918754303512855,0.9616099208285064,0.20241666666666658,-0.200649726214921,-0.4030663928815876,23.640793427003253,23.992329761366037,1.0299609225274382,0.46918747796412547,0.48538705341865546
32.2696,-4.1054,kc,2922,8.0,-16.641422228085403,1.633388818375298e-29,-0.001204559038494034,0.29818729781468156,-0.0017971203913633438,0.0018107275668995035,0.0036078479582628475,0.14691756059058972,0.1420072616037091,0.9342727632795622,0.4313478371259522,0.43739437824698246
32.2696,-4.1054,T2M,2922,8.0,-11.340182476450943,1.0593096628730087e-20,0.11733022857707052,2.9536093520853576e-08,-0.35893543235227005,0.3588332192562172,0.7177686516084872,2.7318006375815416,2.5100494586879534,0.8442412223534741,0.8411629955206067,0.816787020162689
32.2696,-4.1054,DTR,2922,8.0,-14.87892247702865,1.620532001196625e-27,0.02784083529054471,0.1888184826758759,-0.14000544147843946,0.14039839151266248,0.28040383299110194,2.707532247095315,2.5714702560586606,0.9020191023110613,0.5054126809924114,0.4621862611384775
32.2696,-4.1054,RH2M,2922,8.0,-10.381242260897684,2.136280478104766e-18,-0.07482472675657985,0.4577045915315701,0.6953538329911018,-0.703681074606434,-1.3990349075975357,13.078068776582446,12.006495470186534,0.8428402918164568,0.7640085245510795,0.7343672765600543
32.2696,-4.1054,WS10M,2922,8.0,-23.85379506670057,0.0,0.012033291313752748,0.29102358701351266,-0.022927914670317153,0.02212342003194161,0.04505133470225876,1.4913235555149453,1.3491971518837886,0.8184781240313185,0.52310108611829,0.5076510410060215
32.2696,-4.1054,PRECT,2922,8.0,-15.98908971673765,6.70246931548761e-29,-0.006755347433349637,0.174403751427607,0.027689756499639562,-0.027814919191253066,-0.055504675690892624,0.6319745231574756,0.6080328778615296,0.9256674335473392,0.455011203418019,0.41538234448731914
32.2696,-4.1054,PS,2922,8.0,-12.336424078323812,6.258194250070947e-23,-0.0064639741145641185,0.03521942757749343,0.002410346794432942,-0.0022782226785308165,-0.0046885694729637585,0.3998183936420419,0.36575699247352494,0.8368733447414773,0.837698597448026,0.828785383614802
32.2696,-4.1054,CLOUD_AMT,2922,8.0,-16.699012611290875,1.4666376086153225e-29,0.10467699423863647,0.6024997157893316,0.25695488250057047,-0.2575967944330366,-0.5145516769336071,24.782383724296537,25.372517102859643,1.0481922719678636,0.48835295491770836,0.5164746236619521
32.2696,-4.6054,kc,2922,8.0,-16.641422228085403,1.633388818375298e-29,-0.001204559038494034,0.29818729781468156,-0.0017971203913633438,0.0018107275668995035,0.0036078479582628475,0.14691756059058972,0.1420072616037091,0.9342727632795622,0.4313478371259522,0.43739437824698246
32.2696,-4.6054,T2M,2922,8.0,-11.340182476450943,1.0593096628730087e-20,0.11733022857707052,2.9536093520853576e-08,-0.35893543235227005,0.3588332192562172,0.7177686516084872,2.7318006375815416,2.5100494586879534,0.8442412223534741,0.8411629955206067,0.816787020162689
32.2696,-4.6054,DTR,2922,8.0,-14.87892247702865,1.620532001196625e-27,0.02784083529054471,0.1888184826758759,-0.14000544147843946,0.14039839151266248,0.28040383299110194,2.707532247095315,2.5714702560586606,0.9020191023110613,0.5054126809924114,0.4621862611384775
32.2696,-4.6054,RH2M,2922,8.0,-10.381242260897684,2.136280478104766e-18,-0.07482472675657985,0.4577045915315701,0.6953538329911018,-0.703681074606434,-1.3990349075975357,13.078068776582446,12.006495470186534,0.8428402918164568,0.7640085245510795,0.7343672765600543
32.2696,-4.6054,WS10M,2922,8.0,-23.85379506670057,0.0,0.012033291313752748,0.29102358701351266,-0.022927914670317153,0.02212342003194161,0.04505133470225876,1.4913235555149453,1.3491971518837886,0.8184781240313185,0.52310108611829,0.5076510410060215
32.2696,-4.6054,PRECT,2922,8.0,-15.98908971673765,6.70246931548761e-29,-0.006755347433349637,0.174403751427607,0.027689756499639562,-0.027814919191253066,-0.055504675690892624,0.6319745231574756,0.6080328778615296,0.9256674335473392,0.455011203418019,0.41538234448731914
32.2696,-4.6054,PS,2922,8.0,-12.336424078323812,6.258194250070947e-23,-0.0064639741145641185,0.03521942757749343,0.002410346794432942,-0.0022782226785308165,-0.0046885694729637585,0.3998183936420419,0.36575699247352494,0.8368733447414773,0.837698597448026,0.828785383614802
32.2696,-4.6054,CLOUD_AMT,2922,8.0,-16.699012611290875,1.4666376086153225e-29,0.10467699423863647,0.6024997157893316,0.25695488250057047,-0.2575967944330366,-0.5145516769336071,24.782383724296537,25.372517102859643,1.0481922719678636,0.48835295491770836,0.5164746236619521
32.2696,-5.1054,kc,2922,8.0,-16.141961676467844,4.6657975675390627e-29,0.000465412356746739,0.7289227147995757,-0.008096456690357303,0.00809909423336007,0.016195550923717373,0.17301022414001377,0.16155980982888168,0.872013340501375,0.4708656132475054,0.4654093216292181
32.2696,-5.1054,T2M,2922,8.0,-13.578317867830954,2.1480317385342595e-25,0.12255344408106598,1.6090099691999315e-08,-0.37001423682409307,0.37014318959616704,0.7401574264202602,2.800301003530339,2.5727368721591013,0.8440755288893281,0.8418886915006222,0.8205366270964499
32.2696,-5.1054,DTR,2922,8.0,-32.17169773819392,0.0,0.01742317362105758,0.41023563588559514,-0.12624160392425285,0.12704381702030576,0.25328542094455864,2.7480875910012905,2.5215712648578337,0.8419404038011963,0.4846358785953051,0.4638524183177908
32.2696,-5.1054,RH2M,2922,8.0,-10.824071071404667,1.7752313758336994e-19,-0.15616123578325486,0.14111235593685836,0.8963397330595485,-0.9054604038329908,-1.8018001368925392,13.892124854560407,12.49643506658036,0.8091609545280772,0.7590563318393458,0.7384891357478706
32.2696,-5.1054,WS10M,2922,8.0,-23.15734000599962,0.0,0.01148181096388966,0.3042724136924362,-0.01103531827515401,0.01045681040383298,0.02149212867898699,1.4736143035230804,1.3110861364341373,0.7915799650314636,0.5352800520336856,0.5332789302183457
32.2696,-5.1054,PRECT,2922,8.0,-13.92122192613122,5.291290146693855e-26,-0.008485878603884134,0.1445162274801439,0.037536162378338976,-0.037723125150160436,-0.07525928752849942,0.7443722195067469,0.7047488245914773,0.8963722584981954,0.48778135545464835,0.4847029336544342
32.2696,-5.1054,PS,2922,8.0,-12.389420896231222,4.8265654890078964e-23,-0.005726644962341163,0.060085004656995226,-0.0003691991786444433,0.0004932238193017733,0.0008624229979462166,0.39653412812913846,0.36308777874484355,0.838420946222952,0.8433186569857832,0.8321586291468337
32.2696,-5.1054,CLOUD_AMT,2922,8.0,-16.404313376076782,2.620048865957741e-29,-0.09434482775583244,0.6638749241980098,1.165684405658225,-1.1681691193246635,-2.3338535249828887,26.828799883488966,27.300161058371547,1.0354471241207788,0.5408240859373515,0.5445245077242733
32.2696,-5.6054,kc,2922,8.0,-16.141961676467844,4.6657975675390627e-29,0.000465412356746739,0.7289227147995757,-0.008096456690357303,0.00809909423336007,0.016195550923717373,0.17301022414001377,0.16155980982888168,0.872013340501375,0.4708656132475054,0.4654093216292181
32.2696,-5.6054,T2M,2922,8.0,-12.046760621646074,2.6539041464697844e-22,0.1316720430686842,4.821594307130885e-09,-0.3753451745379877,0.37572258726899393,0.7510677618069816,2.894247037651235,2.6820094464340345,0.8587157162279879,0.840987067989161,0.8175309739064143
32.2696,-5.6054,DTR,2922,8.0,-21.442104158202827,0.0,0.020364828674071217,0.3354059001040479,-0.12500609171800137,0.12614380561259406,0.25114989733059545,2.70748445342278,2.5609908422826666,0.8947137422567911,0.43806863961936593,0.4334783019436622
32.2696,-5.6054,RH2M,2922,8.0,-11.142550723931716,3.0824088193868186e-20,-0.2609997481284734,0.01748062398983878,1.1709146817248464,-1.1791948323066392,-2.3501095140314856,14.308238761890394,12.981112110548727,0.823097806159281,0.7519033814624639,0.7275972874206961
32.2696,-5.6054,WS10M,2922,8.0,-24.425965655051176,0.0,0.013365906902052839,0.08203604897521224,-0.008573568332192586,0.008079409080538441,0.01665297741273103,1.011857948244401,0.9036712958960823,0.797594003753529,0.47469996462064906,0.45288972365747876
32.2696,-5.6054,PRECT,2922,8.0,-20.65041749245592,0.0,-0.006272160232442609,0.28846850943278035,0.036086411048461685,-0.0362951746957416,-0.07238158574420328,0.7576964397754072,0.7146800240736472,0.8896778812915888,0.5122847099332993,0.5013475885357579
32.2696,-5.6054,PS,2922,8.0,-14.54381942470058,5.094901526824679e-27,-0.007192801943949243,0.011888019571447608,0.0020913757700206084,-0.0019880219028061115,-0.00407939767282672,0.37230344241881647,0.3410032372002971,0.8389245429929145,0.8389884048034704,0.8231383760296822
32.2696,-5.6054,CLOUD_AMT,2922,8.0,-16.404313376076782,2.620048865957741e-29,-0.09434482775583244,0.6638749241980098,1.165684405658225,-1.1681691193246635,-2.3338535249828887,26.828799883488966,27.300161058371547,1.0354471241207788,0.5408240859373515,0.5445245077242733
32.2696,-6.1054,kc,2922,8.0,-35.414620431778935,0.0,0.00031108681259612436,0.8077366829427677,-0.007786075841145728,0.007766409165005663,0.01555248500615139,0.16347667294638896,0.15507051573837136,0.899801849905467,0.37915728086557937,0.411476955211972
32.2696,-6.1054,T2M,2922,8.0,-17.914569844096665,2.9211805406309066e-30,0.1328626610329274,6.619312603736457e-08,-0.36233455395847597,0.3627920716404289,0.7251266255989048,3.1532142113233705,2.9550158163687423,0.8782388990335273,0.8412897415016483,0.8197251486577919
32.2696,-6.1054,DTR,2922,8.0,-21.06971238182207,0.0,0.04897528256635594,0.016839715196387817,-0.2033446840063883,0.2043418320784851,0.4076865160848734,2.5941557710496452,2.504914342284863,0.9323815210485803,0.44676529268441,0.4357590056464445
32.2696,-6.1054,RH2M,2922,8.0,-10.126287928182064,9.16330598039559e-18,-0.24340269765473102,0.029395901649809337,1.2065368469085103,-1.212573351585672,-2.4191101984941823,14.556083584775653,13.20577488266176,0.8230736488916284,0.770926914167331,0.7285992109923393
32.2696,-6.1054,WS10M,2922,8.0,-25.245035143323637,0.0,0.016805216990746052,0.0008961375117498028,-0.01899134154688568,0.018565126625598918,0.0375564681724846,0.6464170742472491,0.616640621705596,0.9099941977679828,0.4061378929243746,0.3860509549254854
32.2696,-6.1054,PRECT,2922,8.0,-20.632966695759357,0.0,-0.002448629977186637,0.6492626802781867,0.02838378013631182,-0.0285946332549518,-0.056978413391263624,0.693046995775012,0.6487260216915726,0.8761879312215503,0.5435709691107999,0.4897550814541028
32.2696,-6.1054,PS,2922,8.0,-14.001451159557023,3.8554437777719974e-26,-0.01153931538262161,1.589573872286909e-05,0.011473112023728296,-0.01136740816792127,-0.022840520191649567,0.3487969670504757,0.31844356509278904,0.8335267748374133,0.8188414476623687,0.8003679969892931
32.2696,-6.1054,CLOUD_AMT,2922,8.0,-24.768632713507564,0.0,-0.4579981899918285,0.04580963123662388,1.9493019849418205,-1.9539286789869952,-3.9032306639288157,28.683307619099416,28.43438522682793,0.9827187098660726,0.5015412004615439,0.5139901569181418
32.2696,-6.6054,kc,2922,8.0,-35.414620431778935,0.0,0.00031108681259612436,0.8077366829427677,-0.007786075841145728,0.007766409165005663,0.01555248500615139,0.16347667294638896,0.15507051573837136,0.899801849905467,0.37915728086557937,0.411476955211972
32.2696,-6.6054,T2M,2922,8.0,-12.71974517221084,9.88621062523839e-24,0.09428645780323289,0.00016134925473704952,-0.24397978553502164,0.24425430070727813,0.4882340862422998,3.1837464350157103,3.0397858710054435,0.9116099164501213,0.8460969068335192,0.8274379861833381
32.2696,-6.6054,DTR,2922,8.0,-14.716544665127238,2.7942184454036935e-27,0.03465677892800998,0.12132245986834553,-0.20699646360940002,0.20776055213324218,0.41475701574264223,2.828925833576924,2.738857716180592,0.9373371266089889,0.49946890215625417,0.4848868005231848
32.2696,-6.6054,RH2M,2922,8.0,-9.813931518261196,5.562087296486685e-17,-0.0017461618726358596,0.9869348351637259,0.5436343258042434,-0.5492746406570846,-1.092908966461328,13.71666817432336,12.8588133288554,0.8788292808377197,0.8003527139580205,0.7519036984637082
32.2696,-6.6054,WS10M,2922,8.0,-25.147778426233153,0.0,0.015710095580003147,0.01367478490100529,-0.021358726899383975,0.021160095824777552,0.04251882272416153,0.8251799461089817,0.7639975165900172,0.8572086873708459,0.40073161733245044,0.3727768000350463
32.2696,-6.6054,PRECT,2922,8.0,-17.03209907230044,8.311113223292118e-30,0.00452474922363744,0.36638245741061226,0.013181053960313466,-0.013458258522392599,-0.026639312482706064,0.6344123925097417,0.6153913045084123,0.94093450550847,0.5459225620519325,0.4646518237697374
32.2696,-6.6054,PS,2922,8.0,-14.128456871417352,2.356673997426435e-26,-0.01387734430550752,1.527735538572207e-07,0.015811213780515698,-0.015708293406342687,-0.031519507186858385,0.3451070152888796,0.31478069017177657,0.8319717716816422,0.805931329285872,0.785019498091055
32.2696,-6.6054,CLOUD_AMT,2922,8.0,-24.768632713507564,0.0,-0.4579981899918285,0.04580963123662388,1.9493019849418205,-1.9539286789869952,-3.9032306639288157,28.683307619099416,28.43438522682793,0.9827187098660726,0.5015412004615439,0.5139901569181418
32.2696,-7.1054,kc,2922,8.0,-35.92311759783191,0.0,-0.00041314058179337367,0.724573606227573,-0.004974344081574829,0.005007061445017542,0.009981405526592371,0.1477047108612776,0.14473271553483466,0.9601624720001677,0.351955727481292,0.4208526300957299
32.2696,-7.1054,T2M,2922,8.0,-12.71974517221084,9.88621062523839e-24,0.09428645780323289,0.00016134925473704952,-0.24397978553502164,0.24425430070727813,0.4882340862422998,3.1837464350157103,3.0397858710054435,0.9116099164501213,0.8460969068335192,0.8274379861833381
32.2696,-7.1054,DTR,2922,8.0,-14.716544665127238,2.7942184454036935e-27,0.03465677892800998,0.12132245986834553,-0.20699646360940002,0.20776055213324218,0.41475701574264223,2.828925833576924,2.738857716180592,0.9373371266089889,0.49946890215625417,0.4848868005231848
32.2696,-7.1054,RH2M,2922,8.0,-9.813931518261196,5.562087296486685e-17,-0.0017461618726358596,0.9869348351637259,0.5436343258042434,-0.5492746406570846,-1.092908966461328,13.71666817432336,12.8588133288554,0.8788292808377197,0.8003527139580205,0.7519036984637082
32.2696,-7.1054,WS10M,2922,8.0,-25.147778426233153,0.0,0.015710095580003147,0.01367478490100529,-0.021358726899383975,0.021160095824777552,0.04251882272416153,0.8251799461089817,0.7639975165900172,0.8572086873708459,0.40073161733245044,0.3727768000350463
32.2696,-7.1054,PRECT,2922,8.0,-17.03209907230044,8.311113223292118e-30,0.00452474922363744,0.36638245741061226,0.013181053960313466,-0.013458258522392599,-0.026639312482706064,0.6344123925097417,0.6153913045084123,0.94093450550847,0.5459225620519325,0.4646518237697374
32.2696,-7.1054,PS,2922,8.0,-14.128456871417352,2.356673997426435e-26,-0.01387734430550752,1.527735538572207e-07,0.015811213780515698,-0.015708293406342687,-0.031519507186858385,0.3451070152888796,0.31478069017177657,0.8319717716816422,0.805931329285872,0.785019498091055
32.2696,-7.1054,CLOUD_AMT,2922,8.0,-29.27422205253589,0.0,-0.3286692290880751,0.12214119269970079,1.5651257586128229,-1.5702951859456988,-3.135420944558522,26.786397837659067,26.189434728834158,0.9559245601919879,0.4651105249347703,0.500525900088236
32.2696,-7.6054,kc,2922,8.0,-35.92311759783191,0.0,-0.00041314058179337367,0.724573606227573,-0.004974344081574829,0.005007061445017542,0.009981405526592371,0.1477047108612776,0.14473271553483466,0.9601624720001677,0.351955727481292,0.4208526300957299
32.2696,-7.6054,T2M,2922,8.0,-12.303697886804752,7.352308123646367e-23,0.06210992268404982,0.011776935905744704,-0.14278652749258508,0.1429082021446497,0.28569472963723475,3.1374020461786816,3.0120397432287573,0.9216818706634414,0.8443316545853692,0.8349586189378199
32.2696,-7.6054,DTR,2922,8.0,-14.364739922719401,9.715059696065803e-27,0.009368384565950004,0.6935882454343605,-0.15127854209445593,0.15197950034223145,0.3032580424366874,3.003382047960173,2.922601371389428,0.9469302847772447,0.5207175588183,0.5158842465589948
32.2696,-7.6054,RH2M,2922,8.0,-9.430280205592384,5.212432322981895e-16,0.12001645363484986,0.2451629374649046,0.0012476157882731057,-0.0064252110426648665,-0.007672826830937972,12.82465368210655,12.950220869186559,1.0196780216108359,0.7970076250782779,0.7709142644986516
32.2696,-7.6054,WS10M,2922,8.0,-25.56349080630489,0.0,0.013653667046806647,0.061145349062615706,-0.021773032169746735,0.021724572210814523,0.04349760438056126,0.9562125011261091,0.8611312073247986,0.8110167470755595,0.4107797035508929,0.3894454346564644
32.2696,-7.6054,PRECT,2922,8.0,-17.259928559155334,5.9501606611280695e-30,0.0069448111553247465,0.1566932423622464,0.003091648587319594,-0.0034235290733522538,-0.0065151776606718476,0.6087353541609418,0.6151957550104447,1.0213382789482086,0.53840408509084,0.48887133205872124
32.2696,-7.6054,PS,2922,8.0,-14.939879616588756,1.327475736326865e-27,-0.014302623024395496,8.430677350403312e-08,0.016066563997262445,-0.015959445585215157,-0.0320260095824776,0.3479199920727425,0.3185323088314234,0.8382010673803134,0.8051293079807567,0.7831080764245645
32.2696,-7.6054,CLOUD_AMT,2922,8.0,-29.27422205253589,0.0,-0.3286692290880751,0.12214119269970079,1.5651257586128229,-1.5702951859456988,-3.135420944558522,26.786397837659067,26.189434728834158,0.9559245601919879,0.4651105249347703,0.500525900088236
32.2696,-8.1054,kc,2922,8.0,-36.23740453694259,0.0,0.0005522703056756402,0.6283196705173917,-0.006362820315491077,0.006406209429534724,0.012769029745025801,0.14413888088150875,0.14026628284547923,0.9469875828725013,0.3485746154921351,0.4100707120216872
32.2696,-8.1054,T2M,2922,8.0,-12.303727573593948,7.351231780308008e-23,0.06710235570443623,0.0026230659152368923,-0.17282547342003202,0.1728487223362993,0.3456741957563313,2.8496412213219173,2.7079917336678756,0.9030552041857791,0.8356417168476277,0.8244240952880316
32.2696,-8.1054,DTR,2922,8.0,-19.498566244173098,0.0,0.003230972924484345,0.8946580917258861,-0.125780720967374,0.1264027150353639,0.2521834360027379,3.0796580968217646,3.0042514759792494,0.9516287598508141,0.5689120695481361,0.5473744851458467
32.2696,-8.1054,RH2M,2922,8.0,-9.825249014768662,5.2085880670567794e-17,0.021604644742853923,0.816094655258201,0.2362134610997029,-0.2406653890029666,-0.4768788501026695,11.46752035906468,11.709724248044923,1.0426878101802788,0.7845773977053979,0.7611792585599735
32.2696,-8.1054,WS10M,2922,8.0,-25.077294388594918,0.0,0.006826096384867656,0.3864150214710328,-0.008861419119324709,0.008777184576773846,0.017638603696098556,1.0286431640424776,0.9360657945367296,0.8281009116572077,0.4603693491997345,0.4227870139128376
32.2696,-8.1054,PRECT,2922,8.0,-17.12768175581907,7.184993957606416e-30,0.004531442498558047,0.3510226575141619,0.011038692987765188,-0.011198995464272565,-0.022237688452037753,0.6202523563038312,0.5919128186810886,0.9107069377011633,0.53646101397999,0.4770855784000719
32.2696,-8.1054,PS,2922,8.0,-15.008167261552,1.0651491721185375e-27,-0.01484406482110797,6.30080944893857e-08,0.01677099018936763,-0.016651323294547448,-0.03342231348391508,0.35712056072124354,0.32791525685074,0.8431280485450128,0.805454364466576,0.7813499263609558
32.2696,-8.1054,CLOUD_AMT,2922,8.0,-30.671922160348878,0.0,-0.37465380431415346,0.02416727214351095,1.3181661647273557,-1.32418154232261,-2.6423477070499657,21.282777553748776,20.10793776530702,0.8926443349349932,0.4075991243891717,0.42782447910800386
32.2696,-8.6054,kc,2922,8.0,-36.23740453694259,0.0,0.0005522703056756402,0.6283196705173917,-0.006362820315491077,0.006406209429534724,0.012769029745025801,0.14413888088150875,0.14026628284547923,0.9469875828725013,0.3485746154921351,0.4100707120216872
32.2696,-8.6054,T2M,2922,8.0,-11.764396786253384,1.128014252751521e-21,0.046603353762196986,0.01024634397330395,-0.10898590006844629,0.10911813826146469,0.218104038329911,2.3166889690561407,2.209435889745487,0.9095516104181042,0.8331571262057155,0.8301645932812346
32.2696,-8.6054,DTR,2922,8.0,-22.151993533447452,0.0,-0.011506926671947337,0.6107354730956711,-0.05236391740816786,0.05268741729409078,0.10505133470225864,2.8449346902143726,2.795628815306249,0.9656381481688261,0.5766029055507065,0.5741359019827244
32.2696,-8.6054,RH2M,2922,8.0,-9.818325819892063,5.42205477598698e-17,0.08302603494250407,0.2788364775967124,-0.0841952886151035,0.07980881816107743,0.16400410677618094,9.35898070741779,9.771310049520581,1.0900551819156497,0.7578726718417871,0.7510502062778195
32.2696,-8.6054,WS10M,2922,8.0,-24.950781678376735,0.0,0.0011381975321626682,0.9061109788802023,0.0026039242527948667,-0.0026390600045630617,-0.005242984257357928,1.2586115047912783,1.1471603421223868,0.8307394891641227,0.5072219288878603,0.4787697222127898
32.2696,-8.6054,PRECT,2922,8.0,-17.219870859767884,6.289975607026977e-30,0.0037663907338548754,0.4362743392117722,0.006879934821378762,-0.007203459656296641,-0.014083394477675402,0.6068709661431027,0.600490457911827,0.9790829782496636,0.5628226696185962,0.5516327625663502
32.2696,-8.6054,PS,2922,8.0,-14.935239599048728,1.3476544791048676e-27,-0.015373822496220773,3.9454263998314625e-08,0.017416278804472142,-0.017292824549394892,-0.03470910335386704,0.3641223986183826,0.33464893432100673,0.84466422966012,0.8082986296326972,0.7837631105538501
32.2696,-8.6054,CLOUD_AMT,2922,8.0,-30.671922160348878,0.0,-0.37465380431415346,0.02416727214351095,1.3181661647273557,-1.32418154232261,-2.6423477070499657,21.282777553748776,20.10793776530702,0.8926443349349932,0.4075991243891717,0.42782447910800386
32.2696,-9.1054,kc,2922,8.0,-17.04742998737108,8.115014707366442e-30,0.0015868699083544527,0.18431780175468257,-0.0077411070396717204,0.007798990445176313,0.015540097484848032,0.15426342591870165,0.14348990177258347,0.8652004417073116,0.34270334470965597,0.4071682785713667
32.2696,-9.1054,T2M,2922,8.0,-10.630921510870403,5.217156806525126e-19,0.025820891235187094,0.011490900186407733,-0.06892683093771383,0.06924565366187548,0.1381724845995893,1.3289904671702293,1.2157898845931003,0.8368995221953399,0.8367383668470146,0.8218613840738955
32.2696,-9.1054,DTR,2922,8.0,-30.830000370879926,0.0,0.0009809977251333916,0.931366493206478,-0.026862000912616927,0.026936767054528885,0.05379876796714581,1.4285625872314471,1.4135102288171386,0.979037590183998,0.49491987650287084,0.5227632781231628
32.2696,-9.1054,RH2M,2922,8.0,-22.48481974879909,0.0,0.1057027622593971,0.02883995054599573,-0.17605792835957104,0.17214877937485742,0.34820670773442847,6.047780018372556,6.021511814060734,0.9913319740558564,0.6185907457017809,0.6187077889712634
32.2696,-9.1054,WS10M,2922,8.0,-21.966072644187566,0.0,-0.01033801117885595,0.44497945518297344,0.025734223134839165,-0.02590848733744009,-0.05164271047227925,1.7674292154359434,1.6063018314560005,0.8259813662107341,0.5457114249216761,0.5251460194358337
32.2696,-9.1054,PRECT,2922,8.0,-17.01115885051137,8.589415600369985e-30,0.00233325466854065,0.6098850572057579,0.008109968495024197,-0.008463591915671306,-0.016573560410695503,0.5763010734770632,0.5647761769979665,0.9604038260964084,0.5429888872393968,0.5733106528825663
32.2696,-9.1054,PS,2922,8.0,-14.878181793931745,1.6244922534319834e-27,-0.016084595335978804,2.2951741962169106e-08,0.018399566506958957,-0.018273944786675385,-0.036673511293634345,0.37482117248581404,0.34383281977176144,0.8414850955235983,0.8103642560036172,0.7854044846290588
32.2696,-9.1054,CLOUD_AMT,2922,8.0,-30.429576734878008,0.0,-0.5336940713155401,0.007004947531484404,1.671831759069131,-1.6867787816563995,-3.3586105407255307,24.515419276422293,24.792466073845798,1.0227295512395356,0.4544250850621928,0.4832268686067335
32.7696,-1.6054,kc,2922,8.0,-15.680783203274656,1.473618716087495e-28,-0.0015687713477808808,0.1574479335245932,0.00022334541295605345,-0.0002095412615255584,-0.00043288667448161184,0.14327829614571114,0.13353618308593243,0.8686345518718868,0.3660286131244205,0.4056192717416273
32.7696,-1.6054,T2M,2922,8.0,-13.912874985727626,5.469824084918103e-26,0.20802610843675332,8.406245883646596e-23,-0.5191096509240247,0.5181935660506503,1.037303216974675,2.6566695836622305,2.5659730411106665,0.9328871080256631,0.7766972605699417,0.7624870682097121
32.7696,-1.6054,DTR,2922,8.0,-12.689540780314603,1.1400649549608979e-23,0.096337350550469,1.0473776258245972e-05,-0.26159549395391285,0.2620184690851015,0.5236139630390144,2.77687658735243,2.6611409653279097,0.9183803933414435,0.4227947139525923,0.3990980670568588
32.7696,-1.6054,RH2M,2922,8.0,-11.740659552860352,1.2760358791947407e-21,-0.7203803394743293,6.554036304152734e-13,1.9520510266940456,-1.954068069815195,-3.906119096509241,12.566614685949656,12.246385610708069,0.9496843087172167,0.6609015353673845,0.6122758421962254
32.7696,-1.6054,WS10M,2922,8.0,-21.609086752096477,0.0,0.016088132136921136,0.2138624723933145,-0.027067385352498245,0.026272792607802922,0.05334017796030117,1.631146441980259,1.5987559983619144,0.9606793766137511,0.4536433223707917,0.46361456342321006
32.7696,-1.6054,PRECT,2922,8.0,-15.481461165351961,2.552995277618642e-28,-0.01336324103284831,0.00020556616738017964,0.03614518150450132,-0.03618990248886688,-0.0723350839933682,0.5118315818113061,0.37408956777849733,0.5341915755002948,0.3404707530269216,0.3193960228291103
32.7696,-1.6054,PS,2922,8.0,-12.241561580478873,9.998439989005825e-23,-0.006887326464266075,0.02691488129029013,0.005142162902121906,-0.0049878850102670095,-0.010130047912388916,0.4055741244704213,0.3706889764559477,0.8353699787923036,0.8307660224336694,0.822037713362281
32.7696,-1.6054,CLOUD_AMT,2922,8.0,-16.4881506466892,2.2050814988133374e-29,0.2147896536025709,0.2896892219515918,-0.1434928245493954,0.14233879762719617,0.2858316221765916,25.192712009869282,25.437669836312978,1.019541265188233,0.47770609307025286,0.4737335911345109
32.7696,-2.1054,kc,2922,8.0,-16.880418728351064,1.0639728619834614e-29,-0.0017925060687423106,0.09843668964596418,0.0007812396685748376,-0.0007534523629977731,-0.0015346920315726107,0.13819855850186827,0.13251296622161585,0.9194110622185507,0.36486120109642073,0.42374585256219505
32.7696,-2.1054,T2M,2922,8.0,-13.912874985727626,5.469824084918103e-26,0.20802610843675332,8.406245883646596e-23,-0.5191096509240247,0.5181935660506503,1.037303216974675,2.6566695836622305,2.5659730411106665,0.9328871080256631,0.7766972605699417,0.7624870682097121
32.7696,-2.1054,DTR,2922,8.0,-12.689540780314603,1.1400649549608979e-23,0.096337350550469,1.0473776258245972e-05,-0.26159549395391285,0.2620184690851015,0.5236139630390144,2.77687658735243,2.6611409653279097,0.9183803933414435,0.4227947139525923,0.3990980670568588
32.7696,-2.1054,RH2M,2922,8.0,-11.740659552860352,1.2760358791947407e-21,-0.7203803394743293,6.554036304152734e-13,1.9520510266940456,-1.954068069815195,-3.906119096509241,12.566614685949656,12.246385610708069,0.9496843087172167,0.6609015353673845,0.6122758421962254
32.7696,-2.1054,WS10M,2922,8.0,-21.609086752096477,0.0,0.016088132136921136,0.2138624723933145,-0.027067385352498245,0.026272792607802922,0.05334017796030117,1.631146441980259,1.5987559983619144,0.9606793766137511,0.4536433223707917,0.46361456342321006
32.7696,-2.1054,PRECT,2922,8.0,-15.481461165351961,2.552995277618642e-28,-0.01336324103284831,0.00020556616738017964,0.03614518150450132,-0.03618990248886688,-0.0723350839933682,0.5118315818113061,0.37408956777849733,0.5341915755002948,0.3404707530269216,0.3193960228291103
32.7696,-2.1054,PS,2922,8.0,-12.241561580478873,9.998439989005825e-23,-0.006887326464266075,0.02691488129029013,0.005142162902121906,-0.0049878850102670095,-0.010130047912388916,0.4055741244704213,0.3706889764559477,0.8353699787923036,0.8307660224336694,0.822037713362281
32.7696,-2.1054,CLOUD_AMT,2922,8.0,-16.682499324647434,1.5121992369485114e-29,0.15257069385481498,0.45129383595551087,-0.033879123887747865,0.03139808350444891,0.06527720739219678,25.068767494210462,25.480661518675067,1.0331310943323637,0.4764258278167355,0.47813681970077176
32.7696,-2.6054,kc,2922,8.0,-16.880418728351064,1.0639728619834614e-29,-0.0017925060687423106,0.09843668964596418,0.0007812396685748376,-0.0007534523629977731,-0.0015346920315726107,0.13819855850186827,0.13251296622161585,0.9194110622185507,0.36486120109642073,0.42374585256219505
32.7696,-2.6054,T2M,2922,8.0,-13.889525319275796,6.003384636508639e-26,0.21007327230245942,1.9026708875717574e-23,-0.5302828199863108,0.5296213552361398,1.0599041752224507,2.661420377594011,2.52892037240234,0.9029076952775493,0.7883073742824058,0.772514850815294
32.7696,-2.6054,DTR,2922,8.0,-12.436972675382242,3.8278574857782933e-23,0.11104692030986342,1.73324271423222e-07,-0.28911891398585454,0.28973803331051784,0.5788569472963724,2.692175278569861,2.590750940635455,0.9260718117726486,0.4293035746009122,0.39278501348798545
32.7696,-2.6054,RH2M,2922,8.0,-10.980551075805884,7.477703339008216e-20,-0.752021012210821,4.736822683020445e-14,2.0348227013461098,-2.039660529317819,-4.074483230663929,12.531202338243421,12.147401563807659,0.9396828310529892,0.6808496636275416,0.6251977897708081
32.7696,-2.6054,WS10M,2922,8.0,-21.39262263194653,0.0,0.023214042894640404,0.07607596088162963,-0.04762897558749717,0.04660784850558979,0.09423682409308697,1.6539090223636426,1.6112084486098799,0.9490306273020304,0.46708059840192584,0.469655422182601
32.7696,-2.6054,PRECT,2922,8.0,-15.60016217601062,1.833506829480632e-28,-0.012510982415067295,0.0009922045418375497,0.03701664193999019,-0.037068243864513545,-0.07408488580450373,0.5418590906859206,0.3925062373619383,0.5247112761910206,0.35419056913798413,0.31954997706045085
32.7696,-2.6054,PS,2922,8.0,-12.274334328486907,8.499822306948338e-23,-0.007453750156797448,0.018018387512548216,0.005664864248230896,-0.005512411590235751,-0.011177275838466647,0.4107179348584566,0.3752515343932978,0.8347522881604597,0.8324307953189913,0.8257968664109399
32.7696,-2.6054,CLOUD_AMT,2922,8.0,-16.682499324647434,1.5121992369485114e-29,0.15257069385481498,0.45129383595551087,-0.033879123887747865,0.03139808350444891,0.06527720739219678,25.068767494210462,25.480661518675067,1.0331310943323637,0.4764258278167355,0.47813681970077176
32.7696,-3.1054,kc,2922,8.0,-16.833781597418096,1.1524315505160375e-29,-0.0019552696118484386,0.0738832949099899,0.0005794568318713958,-0.0005635304716090328,-0.0011429873034804285,0.13843402492150136,0.1346252399159091,0.9457302672028851,0.4024566972317272,0.4194324923187574
32.7696,-3.1054,T2M,2922,8.0,-13.601009017927758,1.9532141071082078e-25,0.20091622762392913,1.1207172390397003e-21,-0.5283990417522243,0.5276789869952088,1.0560780287474332,2.665354619679792,2.508913297578698,0.8860562806839037,0.8064807344608671,0.7840635059438008
32.7696,-3.1054,DTR,2922,8.0,-12.335045053204924,6.300758777628547e-23,0.09819349437104326,4.289124675813712e-06,-0.28525017111567413,0.2859887063655033,0.5712388774811774,2.7230482380750387,2.5851305219328427,0.9012686837161022,0.4419667782231838,0.4193955292034902
32.7696,-3.1054,RH2M,2922,8.0,-11.16602261736063,2.713098342431674e-20,-0.6914014676947975,5.7825859751061255e-12,2.0503065138033314,-2.054929625827059,-4.1052361396303905,12.712282411061407,12.107024429604948,0.9070427839774782,0.7108692964482727,0.6445581509162155
32.7696,-3.1054,WS10M,2922,8.0,-22.098115453665603,0.0,0.02980575030718254,0.015636319515622315,-0.05256281086014143,0.051667168605977684,0.10422997946611912,1.5421703208092843,1.5347829468115721,0.990442456022136,0.45071310055335617,0.4631647243577614
32.7696,-3.1054,PRECT,2922,8.0,-16.63110509018556,1.6656939868871633e-29,-0.010775763143877562,0.014774921273888608,0.037253012899901426,-0.037350081340967074,-0.0746030942408685,0.6161940413641941,0.4760083514400346,0.5967523748976904,0.41103488903239416,0.3138585908890332
32.7696,-3.1054,PS,2922,8.0,-12.233956604066229,1.0383185300402951e-22,-0.0069804501197750805,0.020527522195065068,0.004673705224732238,-0.00453231804699925,-0.009206023271731489,0.3931581165708389,0.3583332776678288,0.8306915491988665,0.8341357772455518,0.824109853779223
32.7696,-3.1054,CLOUD_AMT,2922,8.0,-16.750648919520984,1.3348101648608502e-29,-0.00918754303512855,0.9616099208285064,0.20241666666666658,-0.200649726214921,-0.4030663928815876,23.640793427003253,23.992329761366037,1.0299609225274382,0.46918747796412547,0.48538705341865546
32.7696,-3.6054,kc,2922,8.0,-16.833781597418096,1.1524315505160375e-29,-0.0019552696118484386,0.0738832949099899,0.0005794568318713958,-0.0005635304716090328,-0.0011429873034804285,0.13843402492150136,0.1346252399159091,0.9457302672028851,0.4024566972317272,0.4194324923187574
32.7696,-3.6054,T2M,2922,8.0,-13.331875100808823,6.160209615397605e-25,0.1827637541705791,2.0130910847064295e-17,-0.48475576089436456,0.4842996805840749,0.9690554414784395,2.7739063575103295,2.536861123057005,0.836391853670619,0.8282800718378028,0.7955961056344052
32.7696,-3.6054,DTR,2922,8.0,-12.540731079187983,2.3177032746923342e-23,0.07732190352330845,0.00027167098618467825,-0.23030069587040836,0.23034269906456764,0.46064339493497597,2.6969245525564154,2.587932606542472,0.9208064035460445,0.4278387629543371,0.40780713087073833
32.7696,-3.6054,RH2M,2922,8.0,-11.583414310655947,2.9059432747461744e-21,-0.49040489943702803,2.91206062482911e-07,1.5393815765457444,-1.5460530572667124,-3.085434633812457,12.360612244289092,11.332706326573668,0.8405959707902007,0.7343646708274821,0.6739162450746662
32.7696,-3.6054,WS10M,2922,8.0,-25.56192528723874,0.0,0.027757911524167667,0.009481709795156902,-0.04038448551220624,0.039526534337211955,0.0799110198494182,1.3247900459800528,1.3458345684519097,1.0320226899399383,0.45337952793655073,0.4546746221762416
32.7696,-3.6054,PRECT,2922,8.0,-16.552815238440974,1.938200202639001e-29,-0.008653363562049982,0.05130986005748278,0.0320163640799715,-0.03211814159514822,-0.06413450567511972,0.5886072957285009,0.5155970265486748,0.7673076472545247,0.44248791234188034,0.351324823446827
32.7696,-3.6054,PS,2922,8.0,-12.434908890356411,3.8664715800079555e-23,-0.009630335931379484,0.001831521678155446,0.009359274469541792,-0.00921019849418177,-0.018569472963723563,0.4028786427860159,0.36799007250887017,0.8343028256011297,0.8271485193802617,0.8219804244289143
32.7696,-3.6054,CLOUD_AMT,2922,8.0,-16.750648919520984,1.3348101648608502e-29,-0.00918754303512855,0.9616099208285064,0.20241666666666658,-0.200649726214921,-0.4030663928815876,23.640793427003253,23.992329761366037,1.0299609225274382,0.46918747796412547,0.48538705341865546
32.7696,-4.1054,kc,2922,8.0,-16.641422228085403,1.633388818375298e-29,-0.001204559038494034,0.29818729781468156,-0.0017971203913633438,0.0018107275668995035,0.0036078479582628475,0.14691756059058972,0.1420072616037091,0.9342727632795622,0.4313478371259522,0.43739437824698246
32.7696,-4.1054,T2M,2922,8.0,-17.300818687492132,5.630199520268985e-30,0.16882565676627878,5.588383060518424e-15,-0.44755084417065927,0.447356753365275,0.8949075975359342,2.788118086991874,2.553297441894714,0.8386495005953941,0.841741958731239,0.8115430985859625
32.7696,-4.1054,DTR,2922,8.0,-12.949308777705227,3.4028217026346014e-24,0.0701738900289444,0.0017025893149789138,-0.22530168834131883,0.22571131644992007,0.4510130047912389,2.879447623422477,2.6850232983261564,0.8695163457170229,0.49408583469009515,0.4414686010222613
32.7696,-4.1054,RH2M,2922,8.0,-11.205159397565337,2.1940550053087224e-20,-0.40772137346287224,3.9907472055226054e-05,1.301362548482774,-1.3110741387177736,-2.612436687200548,12.928570150188557,11.70846412805326,0.8201605333268999,0.753891524307855,0.7120819205506338
32.7696,-4.1054,WS10M,2922,8.0,-23.02684368620882,0.0,0.01846910922510358,0.10771507107222277,-0.02566981519507185,0.024850376454483247,0.050520191649555096,1.4933853124677448,1.3695958182094168,0.8410873306146924,0.5360792753597088,0.5118115375796457
32.7696,-4.1054,PRECT,2922,8.0,-31.573904246921654,0.0,-0.009325560517091177,0.07212525803240115,0.035507792597035466,-0.035670947903441864,-0.07117874050047733,0.6741461915748727,0.6171630783895696,0.8380920140425019,0.5248916322909402,0.4467999811668093
32.7696,-4.1054,PS,2922,8.0,-12.365587855552937,5.423657224786164e-23,-0.008038054619520556,0.009952551094653475,0.005489516313027968,-0.005331838923111645,-0.010821355236139613,0.40732151012889484,0.37046113340413955,0.8272001637569028,0.8370287696621618,0.8314693666426474
32.7696,-4.1054,CLOUD_AMT,2922,8.0,-16.699012611290875,1.4666376086153225e-29,0.10467699423863647,0.6024997157893316,0.25695488250057047,-0.2575967944330366,-0.5145516769336071,24.782383724296537,25.372517102859643,1.0481922719678636,0.48835295491770836,0.5164746236619521
32.7696,-4.6054,kc,2922,8.0,-16.641422228085403,1.633388818375298e-29,-0.001204559038494034,0.29818729781468156,-0.0017971203913633438,0.0018107275668995035,0.0036078479582628475,0.14691756059058972,0.1420072616037091,0.9342727632795622,0.4313478371259522,0.43739437824698246
32.7696,-4.6054,T2M,2922,8.0,-17.300818687492132,5.630199520268985e-30,0.16882565676627878,5.588383060518424e-15,-0.44755084417065927,0.447356753365275,0.8949075975359342,2.788118086991874,2.553297441894714,0.8386495005953941,0.841741958731239,0.8115430985859625
32.7696,-4.6054,DTR,2922,8.0,-12.949308777705227,3.4028217026346014e-24,0.0701738900289444,0.0017025893149789138,-0.22530168834131883,0.22571131644992007,0.4510130047912389,2.879447623422477,2.6850232983261564,0.8695163457170229,0.49408583469009515,0.4414686010222613
32.7696,-4.6054,RH2M,2922,8.0,-11.205159397565337,2.1940550053087224e-20,-0.40772137346287224,3.9907472055226054e-05,1.301362548482774,-1.3110741387177736,-2.612436687200548,12.928570150188557,11.70846412805326,0.8201605333268999,0.753891524307855,0.7120819205506338
32.7696,-4.6054,WS10M,2922,8.0,-23.02684368620882,0.0,0.01846910922510358,0.10771507107222277,-0.02566981519507185,0.024850376454483247,0.050520191649555096,1.4933853124677448,1.3695958182094168,0.8410873306146924,0.5360792753597088,0.5118115375796457
32.7696,-4.6054,PRECT,2922,8.0,-31.573904246921654,0.0,-0.009325560517091177,0.07212525803240115,0.035507792597035466,-0.035670947903441864,-0.07117874050047733,0.6741461915748727,0.6171630783895696,0.8380920140425019,0.5248916322909402,0.4467999811668093
32.7696,-4.6054,PS,2922,8.0,-12.365587855552937,5.423657224786164e-23,-0.008038054619520556,0.009952551094653475,0.005489516313027968,-0.005331838923111645,-0.010821355236139613,0.40732151012889484,0.37046113340413955,0.8272001637569028,0.8370287696621618,0.8314693666426474
32.7696,-4.6054,CLOUD_AMT,2922,8.0,-16.699012611290875,1.4666376086153225e-29,0.10467699423863647,0.6024997157893316,0.25695488250057047,-0.2575967944330366,-0.5145516769336071,24.782383724296537,25.372517102859643,1.0481922719678636,0.48835295491770836,0.5164746236619521
32.7696,-5.1054,kc,2922,8.0,-16.141961676467844,4.6657975675390627e-29,0.000465412356746739,0.7289227147995757,-0.008096456690357303,0.00809909423336007,0.016195550923717373,0.17301022414001377,0.16155980982888168,0.872013340501375,0.4708656132475054,0.4654093216292181
32.7696,-5.1054,T2M,2922,8.0,-13.48639138344083,3.167931192582377e-25,0.16594775753526878,1.6637542516717436e-14,-0.44616457905544166,0.44599832306639275,0.8921629021218345,2.7744069163650735,2.571688955784849,0.8592045389719443,0.8452102069155195,0.8192160694409705
32.7696,-5.1054,DTR,2922,8.0,-12.937188261883612,3.5972333480034665e-24,0.049124865616790095,0.038145605476920585,-0.21002306639288157,0.21133216974674882,0.4213552361396304,3.0445679727570547,2.852704046330104,0.877934442358304,0.514335354590853,0.48436139088738545
32.7696,-5.1054,RH2M,2922,8.0,-10.318370166346133,3.0546984377291286e-18,-0.43239125339962153,3.945611580516624e-05,1.457684998859229,-1.4667366301619893,-2.9244216290212184,13.669938043766976,12.426594150599525,0.8263635197938224,0.762557888154616,0.73246987592796
32.7696,-5.1054,WS10M,2922,8.0,-22.798431290524682,0.0,0.013481421122282369,0.15873513462868852,-0.009473762263289998,0.008972507415012546,0.018446269678302544,1.2590870857509229,1.12474885379356,0.7979939147712714,0.5326380810247942,0.5140517724927032
32.7696,-5.1054,PRECT,2922,8.0,-20.284821651023027,0.0,-0.009848122378408774,0.10941400676180633,0.04323009425747629,-0.04341471737314968,-0.08664481163062597,0.8049981733800232,0.7261563246563645,0.8137115093489583,0.5474308244557464,0.506204818366084
32.7696,-5.1054,PS,2922,8.0,-12.448235730009998,3.623959758297199e-23,-0.007059611039152474,0.018619200810683748,0.0024973534109058327,-0.002362331736253722,-0.004859685147159554,0.39140356152031713,0.35687742860228133,0.8313590251280106,0.8412995939513498,0.8312418975882323
32.7696,-5.1054,CLOUD_AMT,2922,8.0,-16.404313376076782,2.620048865957741e-29,-0.09434482775583244,0.6638749241980098,1.165684405658225,-1.1681691193246635,-2.3338535249828887,26.828799883488966,27.300161058371547,1.0354471241207788,0.5408240859373515,0.5445245077242733
32.7696,-5.6054,kc,2922,8.0,-16.141961676467844,4.6657975675390627e-29,0.000465412356746739,0.7289227147995757,-0.008096456690357303,0.00809909423336007,0.016195550923717373,0.17301022414001377,0.16155980982888168,0.872013340501375,0.4708656132475054,0.4654093216292181
32.7696,-5.6054,T2M,2922,8.0,-15.190611710718246,6.017934305007645e-28,0.16039411217951385,3.1714254677742903e-12,-0.4286971708875198,0.4289551220625144,0.8576522929500342,2.937877457954184,2.7622747857971937,0.8840287811204686,0.8440405008352607,0.8198708200644357
32.7696,-5.6054,DTR,2922,8.0,-15.742486393418986,1.2510276124472498e-28,0.02790288259085791,0.24963843668632163,-0.18477371663244352,0.18626666666666672,0.37104038329911027,3.0861096684737763,2.9504930849996533,0.9140427156502471,0.49510330595410323,0.48546414514905967
32.7696,-5.6054,RH2M,2922,8.0,-9.862571011943594,4.195134794409715e-17,-0.4363480918374768,4.94755654778518e-05,1.566770784850559,-1.5749403718913988,-3.141711156741958,13.893927084098129,12.77057525999652,0.844833041736507,0.7726232491992778,0.7371637716840139
32.7696,-5.6054,WS10M,2922,8.0,-23.934593835167433,0.0,0.013807717727738178,0.02637404443742227,-0.011585181382614643,0.01105684462696782,0.022642026009582462,0.821583623158008,0.7278290202251321,0.7847931221983785,0.470731698268454,0.41138230025815326
32.7696,-5.6054,PRECT,2922,8.0,-20.231576874760457,0.0,-0.0075654169332811366,0.22056363512653937,0.04248363924678954,-0.04266427084945515,-0.08514791009624469,0.8132446396349344,0.7232007063144451,0.7908156667387819,0.5507644054106566,0.5150537536384653
32.7696,-5.6054,PS,2922,8.0,-12.664988571084864,1.2805805538538874e-23,-0.009769029242278335,0.00045345331523475387,0.007863061829797097,-0.007749532283823489,-0.015612594113620586,0.3637513409858287,0.3312606176097517,0.8293357911591227,0.8293957938711238,0.8144013838127715
32.7696,-5.6054,CLOUD_AMT,2922,8.0,-16.404313376076782,2.620048865957741e-29,-0.09434482775583244,0.6638749241980098,1.165684405658225,-1.1681691193246635,-2.3338535249828887,26.828799883488966,27.300161058371547,1.0354471241207788,0.5408240859373515,0.5445245077242733
32.7696,-6.1054,kc,2922,8.0,-35.414620431778935,0.0,0.00031108681259612436,0.8077366829427677,-0.007786075841145728,0.007766409165005663,0.01555248500615139,0.16347667294638896,0.15507051573837136,0.899801849905467,0.37915728086557937,0.411476955211972
32.7696,-6.1054,T2M,2922,8.0,-12.759342457020727,8.207550555422236e-24,0.1436089113914681,5.6340880983728416e-09,-0.37885123203285426,0.3791638261464749,0.7580150581793292,3.1404923739429744,2.9788612699629584,0.8997152248159677,0.8419676092850833,0.8196441614352812
32.7696,-6.1054,DTR,2922,8.0,-12.955954404200531,3.30084242671916e-24,0.05809668604767606,0.011106749539515928,-0.2766478667579284,0.27791065480264654,0.554558521560575,2.880165128913367,2.805265618561546,0.9486657080082498,0.4999794714105683,0.48652706629976883
32.7696,-6.1054,RH2M,2922,8.0,-9.665372055827198,1.3195845645590476e-16,-0.3418073187505908,0.0015691303348182334,1.3762951060917183,-1.3827534907597532,-2.7590485968514713,13.95595262523581,12.885623073925455,0.8524950651337057,0.7887507650403868,0.7308908249360788
32.7696,-6.1054,WS10M,2922,8.0,-24.33309746050259,0.0,0.022206179654144852,0.000620973211801236,-0.031197729865389,0.030773522701346104,0.06197125256673511,0.8481568661858069,0.7697352354895535,0.8236266113152757,0.44445277791955407,0.3916276249098005
32.7696,-6.1054,PRECT,2922,8.0,-20.15337889933024,0.0,-0.0050224837939260815,0.36974637216477185,0.038069626025907605,-0.0382665050115563,-0.0763361310374639,0.744928511148731,0.6470920450197414,0.7545758967251763,0.5532489643127102,0.490837071668969
32.7696,-6.1054,PS,2922,8.0,-12.977346121955422,2.9933961597600424e-24,-0.013130877270694065,1.2505429944368168e-06,0.014690394706821546,-0.014577230207620319,-0.029267624914441865,0.3540452134463333,0.3219473205614944,0.8268984453778262,0.8120572378170433,0.7953099165476961
32.7696,-6.1054,CLOUD_AMT,2922,8.0,-24.768632713507564,0.0,-0.4579981899918285,0.04580963123662388,1.9493019849418205,-1.9539286789869952,-3.9032306639288157,28.683307619099416,28.43438522682793,0.9827187098660726,0.5015412004615439,0.5139901569181418
32.7696,-6.6054,kc,2922,8.0,-35.414620431778935,0.0,0.00031108681259612436,0.8077366829427677,-0.007786075841145728,0.007766409165005663,0.01555248500615139,0.16347667294638896,0.15507051573837136,0.899801849905467,0.37915728086557937,0.411476955211972
32.7696,-6.6054,T2M,2922,8.0,-12.469727084623814,3.2651479915296916e-23,0.09399096670763217,0.0001359028466065975,-0.23595009126169272,0.23601431667807451,0.47196440793976724,3.136004973731157,2.9997939502161977,0.9150174243338189,0.8420446010700118,0.8286088717346153
32.7696,-6.6054,DTR,2922,8.0,-14.370757486510191,9.503107796769915e-27,0.029376401880843773,0.2316700577236923,-0.22188141683778234,0.22321783025325123,0.44509924709103355,3.0860787002069707,3.02773202813775,0.9625446305137535,0.5244845032076574,0.5248317110180497
32.7696,-6.6054,RH2M,2922,8.0,-9.720482115246936,9.573523468061984e-17,-0.0340808112312799,0.7461316001068489,0.4679222564453575,-0.47380258955053633,-0.9417248459958938,13.32497210416377,12.927257861116187,0.9411962899795596,0.7949785715603016,0.753311055628424
32.7696,-6.6054,WS10M,2922,8.0,-24.519817125454203,0.0,0.01383023332052406,0.06503319923544472,-0.018278610540725534,0.0180389801505818,0.036317590691307335,0.9791175700118463,0.889659256369413,0.8256152675824837,0.4341973454838042,0.3976691025035256
32.7696,-6.6054,PRECT,2922,8.0,-16.73952721421818,1.3619062167862777e-29,-7.198229292493132e-05,0.989176093003257,0.02439725646829701,-0.024648743190403763,-0.049045999658700774,0.6918060092716449,0.6300380231086821,0.8294015831529348,0.5466618598507011,0.48720861980755703
32.7696,-6.6054,PS,2922,8.0,-14.249598627563419,1.4889378134103825e-26,-0.013807836606882408,4.1427276260928173e-07,0.015338272872461686,-0.015229831165868358,-0.030568104038330046,0.3561013241123639,0.324695337560802,0.8313902514215679,0.806109210952517,0.7861600527542839
32.7696,-6.6054,CLOUD_AMT,2922,8.0,-24.768632713507564,0.0,-0.4579981899918285,0.04580963123662388,1.9493019849418205,-1.9539286789869952,-3.9032306639288157,28.683307619099416,28.43438522682793,0.9827187098660726,0.5015412004615439,0.5139901569181418
32.7696,-7.1054,kc,2922,8.0,-35.92311759783191,0.0,-0.00041314058179337367,0.724573606227573,-0.004974344081574829,0.005007061445017542,0.009981405526592371,0.1477047108612776,0.14473271553483466,0.9601624720001677,0.351955727481292,0.4208526300957299
32.7696,-7.1054,T2M,2922,8.0,-12.469727084623814,3.2651479915296916e-23,0.09399096670763217,0.0001359028466065975,-0.23595009126169272,0.23601431667807451,0.47196440793976724,3.136004973731157,2.9997939502161977,0.9150174243338189,0.8420446010700118,0.8286088717346153
32.7696,-7.1054,DTR,2922,8.0,-14.370757486510191,9.503107796769915e-27,0.029376401880843773,0.2316700577236923,-0.22188141683778234,0.22321783025325123,0.44509924709103355,3.0860787002069707,3.02773202813775,0.9625446305137535,0.5244845032076574,0.5248317110180497
32.7696,-7.1054,RH2M,2922,8.0,-9.720482115246936,9.573523468061984e-17,-0.0340808112312799,0.7461316001068489,0.4679222564453575,-0.47380258955053633,-0.9417248459958938,13.32497210416377,12.927257861116187,0.9411962899795596,0.7949785715603016,0.753311055628424
32.7696,-7.1054,WS10M,2922,8.0,-24.519817125454203,0.0,0.01383023332052406,0.06503319923544472,-0.018278610540725534,0.0180389801505818,0.036317590691307335,0.9791175700118463,0.889659256369413,0.8256152675824837,0.4341973454838042,0.3976691025035256
32.7696,-7.1054,PRECT,2922,8.0,-16.73952721421818,1.3619062167862777e-29,-7.198229292493132e-05,0.989176093003257,0.02439725646829701,-0.024648743190403763,-0.049045999658700774,0.6918060092716449,0.6300380231086821,0.8294015831529348,0.5466618598507011,0.48720861980755703
32.7696,-7.1054,PS,2922,8.0,-14.249598627563419,1.4889378134103825e-26,-0.013807836606882408,4.1427276260928173e-07,0.015338272872461686,-0.015229831165868358,-0.030568104038330046,0.3561013241123639,0.324695337560802,0.8313902514215679,0.806109210952517,0.7861600527542839
32.7696,-7.1054,CLOUD_AMT,2922,8.0,-29.27422205253589,0.0,-0.3286692290880751,0.12214119269970079,1.5651257586128229,-1.5702951859456988,-3.135420944558522,26.786397837659067,26.189434728834158,0.9559245601919879,0.4651105249347703,0.500525900088236
32.7696,-7.6054,kc,2922,8.0,-35.92311759783191,0.0,-0.00041314058179337367,0.724573606227573,-0.004974344081574829,0.005007061445017542,0.009981405526592371,0.1477047108612776,0.14473271553483466,0.9601624720001677,0.351955727481292,0.4208526300957299
32.7696,-7.6054,T2M,2922,8.0,-12.12386275308942,1.7993686370188477e-22,0.05585457531860487,0.016164448797382363,-0.12059276751083735,0.12066664385124329,0.24125941136208062,2.9905898267417,2.7996614370485475,0.8763898263591302,0.837705481304057,0.829391387077577
32.7696,-7.6054,DTR,2922,8.0,-14.459372924582501,6.887817555013668e-27,-0.0158576017590834,0.5326700090158946,-0.08947161761350675,0.09036411133926532,0.17983572895277206,3.205053546124434,3.1350277545714875,0.9567802476022682,0.545737048516582,0.5433029420708309
32.7696,-7.6054,RH2M,2922,8.0,-9.645235749933626,1.4839155972035245e-16,0.1735732148539667,0.0748950891564773,-0.2766892083048147,0.2712231804699973,0.5479123887748121,12.145669360245732,12.175469803875606,1.004913191973157,0.7743660167589551,0.7645055786930859
32.7696,-7.6054,WS10M,2922,8.0,-25.173271954213902,0.0,-0.002460192762239486,0.7529860401103718,0.015995117499429654,-0.016243075519050836,-0.03223819301848049,1.014045049366717,0.9350722775425505,0.8503072160729255,0.41101578984581993,0.40024534518795696
32.7696,-7.6054,PRECT,2922,8.0,-14.622141390114555,3.8697021933230186e-27,0.0033755483877086797,0.5262770997067265,0.009870394319963909,-0.010234068743990389,-0.020104463063954296,0.6694947538264254,0.6597294906811284,0.9710407141104543,0.5546008446171671,0.5280378724817919
32.7696,-7.6054,PS,2922,8.0,-15.113412157872236,7.638930749564271e-28,-0.014681874725274944,1.5112869669374456e-07,0.01623896874287042,-0.016122427561030977,-0.0323613963039014,0.36436606147745304,0.33361983863639616,0.8383548853386131,0.8051049861940892,0.7849156448787392
32.7696,-7.6054,CLOUD_AMT,2922,8.0,-29.27422205253589,0.0,-0.3286692290880751,0.12214119269970079,1.5651257586128229,-1.5702951859456988,-3.135420944558522,26.786397837659067,26.189434728834158,0.9559245601919879,0.4651105249347703,0.500525900088236
32.7696,-8.1054,kc,2922,8.0,-36.23740453694259,0.0,0.0005522703056756402,0.6283196705173917,-0.006362820315491077,0.006406209429534724,0.012769029745025801,0.14413888088150875,0.14026628284547923,0.9469875828725013,0.3485746154921351,0.4100707120216872
32.7696,-8.1054,T2M,2922,8.0,-11.581535599807086,2.934846312344135e-21,0.0448483228026713,0.016224620552568153,-0.11473631074606422,0.11489407939767293,0.22963039014373715,2.4124435761528646,2.237043568476034,0.8598734820619731,0.8306226831470901,0.8277595421873114
32.7696,-8.1054,DTR,2922,8.0,-14.958277969844536,1.2505927381708656e-27,-0.03348369622314514,0.14488654052610003,-0.017152384211727253,0.017707300935432324,0.03485968514715958,2.891312739844064,2.841446829392536,0.9658038399486775,0.5635824712450921,0.5622920398894389
32.7696,-8.1054,RH2M,2922,8.0,-9.443190243591093,4.83280601475211e-16,0.1998505610100065,0.009581479602852999,-0.2929998174766146,0.28810216746520595,0.5811019849418205,9.620066871407184,9.634951374986612,1.0030968638140543,0.750107463659228,0.7506027430465154
32.7696,-8.1054,WS10M,2922,8.0,-19.055881130247844,0.0,-0.01021150063778954,0.2422078114705641,0.028131097421857206,-0.028323385808806723,-0.05645448323066393,1.1446840412079136,1.030974920455401,0.8111944026962219,0.46774472925893834,0.43161272354426883
32.7696,-8.1054,PRECT,2922,8.0,-16.650227090841682,1.606428159758326e-29,0.0033923532333411314,0.524242245267952,0.01067789781415163,-0.010979949354679053,-0.021657847168830683,0.6708536288641284,0.6583957959843325,0.9632046079250083,0.5530728226666445,0.5320514110820405
32.7696,-8.1054,PS,2922,8.0,-15.133041133843843,7.18634355174765e-28,-0.015415253634803032,7.779065471486424e-08,0.01722489162673945,-0.0170940679899615,-0.03431895961670095,0.374274023569919,0.342068765742227,0.8353095933211514,0.8055879869538914,0.7834044262991937
32.7696,-8.1054,CLOUD_AMT,2922,8.0,-30.671922160348878,0.0,-0.37465380431415346,0.02416727214351095,1.3181661647273557,-1.32418154232261,-2.6423477070499657,21.282777553748776,20.10793776530702,0.8926443349349932,0.4075991243891717,0.42782447910800386
32.7696,-8.6054,kc,2922,8.0,-36.23740453694259,0.0,0.0005522703056756402,0.6283196705173917,-0.006362820315491077,0.006406209429534724,0.012769029745025801,0.14413888088150875,0.14026628284547923,0.9469875828725013,0.3485746154921351,0.4100707120216872
32.7696,-8.6054,T2M,2922,8.0,-10.55555048839425,7.969826431302143e-19,0.028418020473682443,0.02050694609988554,-0.06972006616472742,0.06998561487565583,0.13970568104038325,1.5973053747349872,1.4587687470793433,0.8340594256516941,0.8318924521076982,0.8277704970113703
32.7696,-8.6054,DTR,2922,8.0,-29.172389464702093,0.0,-0.021622558892903713,0.14679691487558047,0.021588261464750194,-0.02138915126625597,-0.042977412731006165,1.8575445458875812,1.8620069233786662,1.0048103691333505,0.5317768061168969,0.5653658611382829
32.7696,-8.6054,RH2M,2922,8.0,-10.268381805185449,4.062182887065667e-18,0.2547938884524782,2.9080028701256895e-06,-0.5220286675792838,0.5174853639060003,1.0395140314852842,6.742829060392196,6.837785335762031,1.0283634326479594,0.6653714817322944,0.6771174403552808
32.7696,-8.6054,WS10M,2922,8.0,-19.41189740551688,0.0,-0.019961505703329423,0.08677591202256398,0.049673807894136425,-0.04993604836869724,-0.09960985626283367,1.534527098425166,1.3685074877344763,0.7953260943996792,0.5163918237482578,0.47324383433038153
32.7696,-8.6054,PRECT,2922,8.0,-16.667243974663858,1.555863236727804e-29,0.003996951601198977,0.4297714999783873,0.005143410136506259,-0.005522238417810518,-0.010665648554316776,0.6272417673579944,0.6360740213202306,1.0283604770923147,0.5761773970183208,0.5870420184840925
32.7696,-8.6054,PS,2922,8.0,-15.05816769267837,9.085844861098104e-28,-0.015807655242986007,8.284577584757611e-08,0.01755693588866088,-0.01742595254391943,-0.03498288843258031,0.38448718348471433,0.3516652580770496,0.8365563411644565,0.8081309001919063,0.7865749657168939
32.7696,-8.6054,CLOUD_AMT,2922,8.0,-30.671922160348878,0.0,-0.37465380431415346,0.02416727214351095,1.3181661647273557,-1.32418154232261,-2.6423477070499657,21.282777553748776,20.10793776530702,0.8926443349349932,0.4075991243891717,0.42782447910800386
33.2696,-2.1054,kc,2922,8.0,-17.38698050574626,5.03482712284381e-30,-0.0011692553107504895,0.32438808348601683,-0.0012208365563190114,0.0012354510596375007,0.002456287615956512,0.15176568198827967,0.14425797600730664,0.9035090634785838,0.3950637327284845,0.4275625026642424
33.2696,-2.1054,T2M,2922,8.0,-14.048791270681352,3.2050452480809297e-26,0.21753365890212129,2.8197143163759383e-23,-0.536312970568104,0.535254449007529,1.071567419575633,2.7370332518235836,2.6657978373585185,0.9486243655098353,0.7784806172476278,0.766800528682767
33.2696,-2.1054,DTR,2922,8.0,-15.373173671676888,3.4864045408120183e-28,0.08996076871119664,8.201802011304038e-05,-0.2521084417065937,0.25250483686972386,0.5046132785763175,2.9116080562453566,2.7724282617502025,0.9066816158182244,0.42751465871025357,0.387017645337664
33.2696,-2.1054,RH2M,2922,8.0,-12.833625032159604,5.802755591320914e-24,-0.6891773326049887,5.0983131950030845e-12,1.85978295687885,-1.862085626283368,-3.721868583162218,12.511709779793115,12.226577185160222,0.9549408323369606,0.6648056553737725,0.6227878471303647
33.2696,-2.1054,WS10M,2922,8.0,-21.903053347435954,0.0,0.022590650032331613,0.07302093958584488,-0.03461770476842346,0.03359584759297282,0.06821355236139628,1.555809515162574,1.5890256989844764,1.0431553638514273,0.4361177690647838,0.45089192571115005
33.2696,-2.1054,PRECT,2922,8.0,-16.85492659271697,1.1111953151257749e-29,-0.012044938199263782,0.0015964793364579492,0.038078781387810935,-0.03812427244137461,-0.07620305382918555,0.5433328623172176,0.39509692438840543,0.5287804030247113,0.3757266284551346,0.3134588472122071
33.2696,-2.1054,PS,2922,8.0,-12.315890576475551,6.923500466668145e-23,-0.009145564349749256,0.0033489182939018024,0.00988934519735321,-0.009720511065480305,-0.019609856262833514,0.40662268103733706,0.3708660874391103,0.8318615407722657,0.8230793933809679,0.816395998296766
33.2696,-2.1054,CLOUD_AMT,2922,8.0,-29.542193504836852,0.0,0.2531991317606074,0.2567175568862919,0.1063973648186172,-0.11095376454483251,-0.2173511293634497,27.78691076294539,27.93236906177319,1.0104969581538785,0.4925105261756655,0.503368216679909
33.2696,-2.6054,kc,2922,8.0,-17.38698050574626,5.03482712284381e-30,-0.0011692553107504895,0.32438808348601683,-0.0012208365563190114,0.0012354510596375007,0.002456287615956512,0.15176568198827967,0.14425797600730664,0.9035090634785838,0.3950637327284845,0.4275625026642424
33.2696,-2.6054,T2M,2922,8.0,-16.708883687030443,1.440218126822981e-29,0.219134085484997,9.515625945748271e-23,-0.5402495665069587,0.5394218913985854,1.079671457905544,2.8035988159426455,2.7076359804795334,0.9327146912182847,0.7872446075163289,0.7668110096474032
33.2696,-2.6054,DTR,2922,8.0,-12.577814496873614,1.939924336444643e-23,0.08508057458565345,0.00016285679951032493,-0.2517794775268081,0.2525394820898927,0.5043189596167008,2.8806168650099995,2.732933904695127,0.9000927405471708,0.4131978061412934,0.3814480174100351
33.2696,-2.6054,RH2M,2922,8.0,-13.34724890970635,5.76196087371287e-25,-0.6698931750839152,6.220500235149773e-11,1.8055002167465206,-1.8097769906456764,-3.615277207392197,12.871177422286147,12.533779051479634,0.9482601836782933,0.6798081980803261,0.6274425465111678
33.2696,-2.6054,WS10M,2922,8.0,-21.309835838356484,0.0,0.03391850781961245,0.015214149426009486,-0.05830117499429617,0.05709923568332196,0.11540041067761814,1.7279214432170076,1.7592342204892686,1.0365716820028472,0.478886056483896,0.48462090803799085
33.2696,-2.6054,PRECT,2922,8.0,-16.78496596858832,1.2553778876188399e-29,-0.011219788207920118,0.003907410887385075,0.03694648284338242,-0.03697701072074511,-0.07392349356412753,0.552075739582549,0.4049301889721693,0.5379761052575807,0.36167184193879826,0.2809915828737466
33.2696,-2.6054,PS,2922,8.0,-13.52939933148458,2.6396283047237257e-25,-0.009307706425435349,0.0034266609975963807,0.009502977412731343,-0.009333436002737656,-0.018836413415469,0.4156402041951267,0.37750873426269715,0.8249334410279153,0.826221615947648,0.8230079101071509
33.2696,-2.6054,CLOUD_AMT,2922,8.0,-29.542193504836852,0.0,0.2531991317606074,0.2567175568862919,0.1063973648186172,-0.11095376454483251,-0.2173511293634497,27.78691076294539,27.93236906177319,1.0104969581538785,0.4925105261756655,0.503368216679909
33.2696,-3.1054,kc,2922,8.0,-34.64597636552422,0.0,-0.001109202096237297,0.35066613221437176,-0.0019086242487996385,0.0019402837351753194,0.003848907983974958,0.1503938477727895,0.14617520018793723,0.9446855079596879,0.4123344853005607,0.42103751810076323
33.2696,-3.1054,T2M,2922,8.0,-13.617467718886692,1.82343303631908e-25,0.21083203893660907,1.086137802348916e-21,-0.5428255304585899,0.5419999315537303,1.0848254620123203,2.7849937348939755,2.648230502925747,0.904197125538899,0.8074503861475735,0.7802509176709804
33.2696,-3.1054,DTR,2922,8.0,-12.48407817889082,3.045966815100119e-23,0.09188717039878858,7.409672248041686e-05,-0.284729922427561,0.285790269221994,0.570520191649555,2.9682665428253205,2.7956479843536313,0.8870726274186741,0.42631813136862223,0.39659427801647884
33.2696,-3.1054,RH2M,2922,8.0,-10.84136472353457,1.6128158710261856e-19,-0.6668751258332812,9.250175794523291e-11,1.9656020990189373,-1.9698804471822953,-3.9354825462012326,13.088499584989105,12.380392939506779,0.8947240900746913,0.7113077513371677,0.6456758728229027
33.2696,-3.1054,WS10M,2922,8.0,-26.0252146450172,0.0,0.03590564064556411,0.0017593928591950923,-0.05993258042436689,0.05912286105407256,0.11905544147843944,1.3933635021119253,1.4701442133296871,1.1132456757161655,0.4259270615335416,0.44470266122844926
33.2696,-3.1054,PRECT,2922,8.0,-16.352001702460846,2.926282923266356e-29,-0.0115647933390952,0.01870439715353108,0.0429121975923311,-0.04297438210048151,-0.0858865796928126,0.6732370915126576,0.5450522637486989,0.6554509922302132,0.46074430924156795,0.37284636897817613
33.2696,-3.1054,PS,2922,8.0,-12.390823387533494,4.7935953137222424e-23,-0.009575871422191714,0.0019063566120629926,0.009617339721651661,-0.009451791010723687,-0.019069130732375348,0.40324668844338185,0.3660538856452817,0.8240402465201566,0.8284109693590156,0.8228728926485795
33.2696,-3.1054,CLOUD_AMT,2922,8.0,-25.174477215693948,0.0,0.18215278827811826,0.40831920676281236,0.2463448551220626,-0.2508625370750626,-0.49720739219712523,27.496048764083792,27.483055133385644,0.999055096195718,0.5038680817811557,0.5234989585218858
33.2696,-3.6054,kc,2922,8.0,-34.64597636552422,0.0,-0.001109202096237297,0.35066613221437176,-0.0019086242487996385,0.0019402837351753194,0.003848907983974958,0.1503938477727895,0.14617520018793723,0.9446855079596879,0.4123344853005607,0.42103751810076323
33.2696,-3.6054,T2M,2922,8.0,-13.491789852166223,3.0960099240273473e-25,0.19589877639980774,7.823051156531762e-19,-0.5045350444900751,0.5040686516084874,1.0086036960985625,2.8306554788774596,2.626759705285361,0.8611259215574198,0.8301878964094731,0.8009988876948084
33.2696,-3.6054,DTR,2922,8.0,-12.535532816283942,2.3763771684000057e-23,0.1031722448704235,9.258215560037634e-06,-0.29546294775268067,0.2958169974903035,0.5912799452429842,2.976504858914128,2.807923633855695,0.8899331670090267,0.4409356212191845,0.38478876879565277
33.2696,-3.6054,RH2M,2922,8.0,-12.147819975769194,1.5956469866651846e-22,-0.5544709804882432,1.3298487867923684e-08,1.6618001368925392,-1.6688980150581796,-3.3306981519507186,12.631142856626838,11.535904575656781,0.834099797767543,0.7454755091685957,0.6933923872040265
33.2696,-3.6054,WS10M,2922,8.0,-24.688549285483553,0.0,0.019980754462096472,0.040298195118235465,-0.034044079397672816,0.03341656399726216,0.06746064339493497,1.229639105081972,1.20177262001562,0.9551889245613873,0.47271227888512285,0.44308851120383747
33.2696,-3.6054,PRECT,2922,8.0,-15.888379099024041,8.597249384201713e-29,-0.010261879041084332,0.05219232145687941,0.04008326368678173,-0.04024712457162117,-0.0803303882584029,0.7081064422357616,0.6048759036492818,0.7296850976745807,0.5214893004099728,0.47017498887202536
33.2696,-3.6054,PS,2922,8.0,-13.648842149222157,1.600216174001787e-25,-0.01038935730655231,0.0010198745279066316,0.01044569929272191,-0.010279831165868048,-0.020725530458589957,0.414270227429692,0.37447813390697293,0.8171193262169921,0.826502756041745,0.825716345104281
33.2696,-3.6054,CLOUD_AMT,2922,8.0,-25.174477215693948,0.0,0.18215278827811826,0.40831920676281236,0.2463448551220626,-0.2508625370750626,-0.49720739219712523,27.496048764083792,27.483055133385644,0.999055096195718,0.5038680817811557,0.5234989585218858
33.2696,-4.1054,kc,2922,8.0,-16.501512884374314,2.1464636483619834e-29,-0.0005398972808123136,0.6857955016537374,-0.004852886071198419,0.004881313825607767,0.009734199896806187,0.16944036361969764,0.16341313074107722,0.9301225025483919,0.4509106348760989,0.47257154990826566
33.2696,-4.1054,T2M,2922,8.0,-16.2641782694072,3.5409379587766033e-29,0.1825286650996483,1.38508456592825e-16,-0.45193950490531604,0.45165392425279494,0.9035934291581109,2.82808766733454,2.637571531233634,0.8698067172687801,0.8320949328494818,0.8071112461616079
33.2696,-4.1054,DTR,2922,8.0,-12.557137599306119,2.1420568083882522e-23,0.08717876249270476,0.0003731037884204191,-0.2736430527036276,0.27488535249828894,0.5485284052019166,3.1461260399025037,2.9467944707814766,0.8772986437418742,0.4881910910583815,0.45874123096778
33.2696,-4.1054,RH2M,2922,8.0,-12.3539485720304,5.742173195476723e-23,-0.4821047204038659,2.631941178731059e-06,1.3751841889117042,-1.384288774811773,-2.759472963723477,13.28776306771625,12.200824146621821,0.8430912535223754,0.7495994800607585,0.7169664030303818
33.2696,-4.1054,WS10M,2922,8.0,-22.67670063317664,0.0,0.011477817385940147,0.32008043670705705,-0.005828542094455868,0.005252908966461346,0.011081451060917215,1.5057970992767558,1.3722311273403174,0.8304655485444239,0.5456471315204484,0.5167256615023419
33.2696,-4.1054,PRECT,2922,8.0,-20.10610926783068,0.0,-0.01051952306683605,0.08637459372038182,0.04280758462603213,-0.04299775557898032,-0.08580534020501246,0.8139811373339811,0.7114920890536497,0.7640318606293525,0.5553623169235904,0.5055350993936326
33.2696,-4.1054,PS,2922,8.0,-12.471729828386696,3.233617415998656e-23,-0.008247825946409777,0.006079031815329397,0.00513470225872698,-0.0049885010266941645,-0.010123203285421144,0.39341371005631637,0.3563609300664958,0.8205049139331899,0.8367210624201161,0.8282591641079134
33.2696,-4.1054,CLOUD_AMT,2922,8.0,-16.144231221150537,4.6414396850444424e-29,-0.10059418109428085,0.6455967357676848,1.1537292151494412,-1.1564213666438512,-2.3101505817932924,27.32429489167995,27.216606936410855,0.9921333193887155,0.5351935102319495,0.540394720089256
33.2696,-4.6054,kc,2922,8.0,-16.501512884374314,2.1464636483619834e-29,-0.0005398972808123136,0.6857955016537374,-0.004852886071198419,0.004881313825607767,0.009734199896806187,0.16944036361969764,0.16341313074107722,0.9301225025483919,0.4509106348760989,0.47257154990826566
33.2696,-4.6054,T2M,2922,8.0,-16.2641782694072,3.5409379587766033e-29,0.1825286650996483,1.38508456592825e-16,-0.45193950490531604,0.45165392425279494,0.9035934291581109,2.82808766733454,2.637571531233634,0.8698067172687801,0.8320949328494818,0.8071112461616079
33.2696,-4.6054,DTR,2922,8.0,-12.557137599306119,2.1420568083882522e-23,0.08717876249270476,0.0003731037884204191,-0.2736430527036276,0.27488535249828894,0.5485284052019166,3.1461260399025037,2.9467944707814766,0.8772986437418742,0.4881910910583815,0.45874123096778
33.2696,-4.6054,RH2M,2922,8.0,-12.3539485720304,5.742173195476723e-23,-0.4821047204038659,2.631941178731059e-06,1.3751841889117042,-1.384288774811773,-2.759472963723477,13.28776306771625,12.200824146621821,0.8430912535223754,0.7495994800607585,0.7169664030303818
33.2696,-4.6054,WS10M,2922,8.0,-22.67670063317664,0.0,0.011477817385940147,0.32008043670705705,-0.005828542094455868,0.005252908966461346,0.011081451060917215,1.5057970992767558,1.3722311273403174,0.8304655485444239,0.5456471315204484,0.5167256615023419
33.2696,-4.6054,PRECT,2922,8.0,-20.10610926783068,0.0,-0.01051952306683605,0.08637459372038182,0.04280758462603213,-0.04299775557898032,-0.08580534020501246,0.8139811373339811,0.7114920890536497,0.7640318606293525,0.5553623169235904,0.5055350993936326
33.2696,-4.6054,PS,2922,8.0,-12.471729828386696,3.233617415998656e-23,-0.008247825946409777,0.006079031815329397,0.00513470225872698,-0.0049885010266941645,-0.010123203285421144,0.39341371005631637,0.3563609300664958,0.8205049139331899,0.8367210624201161,0.8282591641079134
33.2696,-4.6054,CLOUD_AMT,2922,8.0,-16.144231221150537,4.6414396850444424e-29,-0.10059418109428085,0.6455967357676848,1.1537292151494412,-1.1564213666438512,-2.3101505817932924,27.32429489167995,27.216606936410855,0.9921333193887155,0.5351935102319495,0.540394720089256
33.2696,-5.1054,kc,2922,8.0,-24.05131003179478,0.0,0.0007541939478064609,0.5979358977154783,-0.009520401515843973,0.009528040863381833,0.019048442379225806,0.18195259607869854,0.17436962103438522,0.9183857458974787,0.42535788012358433,0.45481542205177156
33.2696,-5.1054,T2M,2922,8.0,-16.40847929908337,2.5973385147788977e-29,0.17560270291352284,2.3106854865286656e-14,-0.43414669176363224,0.4339641911932466,0.8681108829568789,2.9276320814039134,2.7754799839156794,0.898758900268266,0.8372632010304887,0.8140640744436258
33.2696,-5.1054,DTR,2922,8.0,-13.006737455181456,2.618264529096717e-24,0.042085482186106624,0.08303644242523253,-0.18839279032626063,0.19037517681952995,0.3787679671457906,3.087297680481187,2.9605448851790896,0.9195731592066327,0.4745871955920662,0.4710531546464739
33.2696,-5.1054,RH2M,2922,8.0,-10.164555896840096,7.357094899589106e-18,-0.44787662054819577,3.0522286748441984e-05,1.3550656741957563,-1.3639076317590695,-2.718973305954826,13.801735385160951,12.892033656985538,0.8725201554807771,0.7634728372224101,0.7343330608525835
33.2696,-5.1054,WS10M,2922,8.0,-23.420598775080993,0.0,0.011672095480917672,0.18782057945842712,0.003809297284964641,-0.004239984029203734,-0.008049281314168374,1.1588745842666328,1.0504962817143741,0.8217054406153952,0.5084891538113546,0.4660193489347675
33.2696,-5.1054,PRECT,2922,8.0,-19.997873802117635,0.0,-0.009088677711217392,0.15263115516432618,0.04329586266941279,-0.043459485507886385,-0.08675534817729917,0.8416109181359614,0.7387835605432055,0.7705693383392135,0.5611399886540103,0.5133825353154161
33.2696,-5.1054,PS,2922,8.0,-12.707561632441864,1.0470610112088125e-23,-0.009923859079374155,0.0008030764282086859,0.007507494866530448,-0.007379568788500314,-0.014887063655030761,0.3871389446632925,0.3514774025131979,0.8242540557201826,0.8297649072685395,0.8196119207196174
33.2696,-5.1054,CLOUD_AMT,2922,8.0,-24.13464048321144,0.0,-0.26342464315467523,0.24918891340826985,1.7437291581108831,-1.7459559890485967,-3.48968514715948,28.58840220424328,28.362212808203232,0.9842387414827439,0.537920595910973,0.5371597925645141
33.2696,-5.6054,kc,2922,8.0,-24.05131003179478,0.0,0.0007541939478064609,0.5979358977154783,-0.009520401515843973,0.009528040863381833,0.019048442379225806,0.18195259607869854,0.17436962103438522,0.9183857458974787,0.42535788012358433,0.45481542205177156
33.2696,-5.6054,T2M,2922,8.0,-12.750888363382037,8.539573109654641e-24,0.1484887345320958,1.0554341066037036e-09,-0.38070905772302066,0.38081044946383763,0.7615195071868583,3.089146160208977,2.955192743657169,0.9151551105790731,0.8382522907974007,0.8178217222928595
33.2696,-5.6054,DTR,2922,8.0,-15.594098462358328,1.8642757793525023e-28,0.027840291843028483,0.2529730355515348,-0.18194536846908513,0.18396154460415248,0.36590691307323764,3.0950371724667693,2.9712226492962786,0.9215919129930947,0.4864570565146771,0.49202888650871257
33.2696,-5.6054,RH2M,2922,8.0,-9.70443889761844,1.051045775555462e-16,-0.33315421535489853,0.0021740489562253455,1.2670385010266938,-1.2752407597535937,-2.5422792607802878,13.958785668248614,13.052083875594759,0.874307963748735,0.7824598371275934,0.7372219047637851
33.2696,-5.6054,WS10M,2922,8.0,-23.376812941429286,0.0,0.01277928019673737,0.08703575629339831,-0.0020641911932466348,0.0013991900524754836,0.0034633812457221186,0.9730920706332297,0.8891897873275347,0.8349895970025599,0.5002942576563256,0.4659878313366788
33.2696,-5.6054,PRECT,2922,8.0,-20.027479948209997,0.0,-0.006711642414107751,0.26950246531614536,0.04242957091030913,-0.042587935629342905,-0.08501750653965204,0.8078355177799296,0.7032373465433941,0.7578058712813522,0.5559043421249882,0.5105694241849509
33.2696,-5.6054,PS,2922,8.0,-12.919918219019769,3.894155021493841e-24,-0.01210234340659374,1.890998197851041e-05,0.011980481405429975,-0.011859354323522912,-0.023839835728952888,0.3701875441772026,0.335793272897643,0.8228115499015455,0.8165312788643535,0.8036143681867307
33.2696,-5.6054,CLOUD_AMT,2922,8.0,-24.13464048321144,0.0,-0.26342464315467523,0.24918891340826985,1.7437291581108831,-1.7459559890485967,-3.48968514715948,28.58840220424328,28.362212808203232,0.9842387414827439,0.537920595910973,0.5371597925645141
33.2696,-6.1054,kc,2922,8.0,-24.6522119912936,0.0,0.0002677753790600058,0.8414166029295531,-0.007393162482014984,0.007427854584714867,0.014821017066729851,0.16866791156990735,0.1649840198427519,0.9567948452041668,0.3979088102975575,0.4057169527942858
33.2696,-6.1054,T2M,2922,8.0,-12.47219315857324,3.2263673381053293e-23,0.12303679350505259,6.444527475933779e-07,-0.31812648870636556,0.31824585900068436,0.63637234770705,3.1610126635989553,2.985763955087765,0.8921922988674342,0.8399628042683465,0.8221275084409231
33.2696,-6.1054,DTR,2922,8.0,-14.988109483055416,1.1358937506903507e-27,0.04570005468440633,0.05919234632647218,-0.24290389002966015,0.2444472393337897,0.4873511293634498,3.0491081483151676,2.9774541612041023,0.9535522848275901,0.506559024539686,0.49165112433652597
33.2696,-6.1054,RH2M,2922,8.0,-9.828845290495451,5.101056909933157e-17,-0.17155796886725044,0.10277365308907063,0.8650225074150124,-0.8720137691079173,-1.7370362765229297,13.483063906768868,12.695305317846802,0.8865620029165753,0.7948162107844406,0.7378209629821332
33.2696,-6.1054,WS10M,2922,8.0,-23.32981554888238,0.0,0.01494963565006337,0.049454364087307585,-0.01367240474560803,0.013144843714350908,0.026817248459958937,0.9936459860398038,0.9036747126867957,0.8271054726517845,0.4760179206703258,0.4528911621180597
33.2696,-6.1054,PRECT,2922,8.0,-16.635174767905664,1.6528577443016507e-29,-0.005242054015065243,0.3504894230993105,0.04054160378844106,-0.0407348096617448,-0.08127641345018585,0.7487230643030078,0.6464999084087234,0.7455804502990554,0.5552807937281385,0.4912630700780385
33.2696,-6.1054,PS,2922,8.0,-13.211266272407256,1.0458816975381495e-24,-0.01454147347829718,3.0988358684398083e-07,0.016596395163130342,-0.016469997718457603,-0.03306639288158794,0.37129336459431345,0.3379090731079189,0.8282574102799393,0.8038725949550254,0.7889897354746175
33.2696,-6.1054,CLOUD_AMT,2922,8.0,-24.90194105556248,0.0,-0.43107977838819334,0.04408606262269761,1.957337029431896,-1.9667629021218342,-3.92409993155373,26.811103507265194,26.498908822004044,0.9768471259196402,0.5010499916095339,0.49896629086501026
33.2696,-6.6054,kc,2922,8.0,-24.6522119912936,0.0,0.0002677753790600058,0.8414166029295531,-0.007393162482014984,0.007427854584714867,0.014821017066729851,0.16866791156990735,0.1649840198427519,0.9567948452041668,0.3979088102975575,0.4057169527942858
33.2696,-6.6054,T2M,2922,8.0,-12.309697760354956,7.138009081166969e-23,0.09275644310321182,3.064714491407499e-05,-0.23152823408624226,0.23156553730321702,0.4630937713894593,2.865902890462857,2.672803303373355,0.8697832858388128,0.8336840305917375,0.8220926026201558
33.2696,-6.6054,DTR,2922,8.0,-14.926016879416816,1.3887443372947968e-27,0.01975336061970821,0.4266695551542467,-0.16199528861510376,0.1631587154916724,0.3251540041067762,3.1222783802074057,3.0710060728940545,0.9674267835470933,0.5454997282016537,0.530213456373308
33.2696,-6.6054,RH2M,2922,8.0,-10.266610909707696,4.103456128365978e-18,0.008262479118556317,0.9292797092846252,0.24553999543691518,-0.25192064795801994,-0.4974606433949351,11.81792718492376,11.406919928158583,0.9316529563275662,0.7672607108432805,0.7316395737166638
33.2696,-6.6054,WS10M,2922,8.0,-23.261351291621956,0.0,0.0029393070435131618,0.7125669940517796,0.008647718457677386,-0.009045642254163816,-0.017693360711841202,1.0416220745785214,0.9471967440634659,0.8269134250560215,0.4629214487364242,0.4456897789270449
33.2696,-6.6054,PRECT,2922,8.0,-16.422012309670908,2.525163982094137e-29,-0.0034338889123368766,0.5193896271380433,0.03334408905295212,-0.03361216181001805,-0.06695625086297016,0.7041307341711905,0.6217962012339346,0.7798113050798859,0.5458109399982157,0.4992194055964449
33.2696,-6.6054,PS,2922,8.0,-14.390624104152845,8.83725442603734e-27,-0.015424473210204214,9.841769895334354e-08,0.017703855806525507,-0.017580196212639426,-0.03528405201916493,0.3775911476232498,0.3448303393813757,0.8340024590915628,0.801246007861122,0.7834857457442427
33.2696,-6.6054,CLOUD_AMT,2922,8.0,-24.90194105556248,0.0,-0.43107977838819334,0.04408606262269761,1.957337029431896,-1.9667629021218342,-3.92409993155373,26.811103507265194,26.498908822004044,0.9768471259196402,0.5010499916095339,0.49896629086501026
33.2696,-7.1054,kc,2922,8.0,-29.06609473262047,0.0,1.4672685302036743e-05,0.9906497107066771,-0.006302030730669518,0.006354527788864259,0.012656558519533777,0.15701788587922647,0.15518304029923574,0.9767653863205186,0.34594149518359113,0.3784595883533836
33.2696,-7.1054,T2M,2922,8.0,-12.309697760354956,7.138009081166969e-23,0.09275644310321182,3.064714491407499e-05,-0.23152823408624226,0.23156553730321702,0.4630937713894593,2.865902890462857,2.672803303373355,0.8697832858388128,0.8336840305917375,0.8220926026201558
33.2696,-7.1054,DTR,2922,8.0,-14.926016879416816,1.3887443372947968e-27,0.01975336061970821,0.4266695551542467,-0.16199528861510376,0.1631587154916724,0.3251540041067762,3.1222783802074057,3.0710060728940545,0.9674267835470933,0.5454997282016537,0.530213456373308
33.2696,-7.1054,RH2M,2922,8.0,-10.266610909707696,4.103456128365978e-18,0.008262479118556317,0.9292797092846252,0.24553999543691518,-0.25192064795801994,-0.4974606433949351,11.81792718492376,11.406919928158583,0.9316529563275662,0.7672607108432805,0.7316395737166638
33.2696,-7.1054,WS10M,2922,8.0,-23.261351291621956,0.0,0.0029393070435131618,0.7125669940517796,0.008647718457677386,-0.009045642254163816,-0.017693360711841202,1.0416220745785214,0.9471967440634659,0.8269134250560215,0.4629214487364242,0.4456897789270449
33.2696,-7.1054,PRECT,2922,8.0,-16.422012309670908,2.525163982094137e-29,-0.0034338889123368766,0.5193896271380433,0.03334408905295212,-0.03361216181001805,-0.06695625086297016,0.7041307341711905,0.6217962012339346,0.7798113050798859,0.5458109399982157,0.4992194055964449
33.2696,-7.1054,PS,2922,8.0,-14.390624104152845,8.83725442603734e-27,-0.015424473210204214,9.841769895334354e-08,0.017703855806525507,-0.017580196212639426,-0.03528405201916493,0.3775911476232498,0.3448303393813757,0.8340024590915628,0.801246007861122,0.7834857457442427
33.2696,-7.1054,CLOUD_AMT,2922,8.0,-29.44863065030285,0.0,-0.36951713985446144,0.05015674844021581,1.6783854323522702,-1.6854749372575861,-3.3638603696098563,23.592166091706375,23.385873098480523,0.9825881976297868,0.45522615767269553,0.4682982391639665
33.2696,-7.6054,kc,2922,8.0,-29.06609473262047,0.0,1.4672685302036743e-05,0.9906497107066771,-0.006302030730669518,0.006354527788864259,0.012656558519533777,0.15701788587922647,0.15518304029923574,0.9767653863205186,0.34594149518359113,0.3784595883533836
33.2696,-7.6054,T2M,2922,8.0,-11.654268767078605,2.0028942778397042e-21,0.05238430160493874,0.0010282394507700123,-0.11887315765457454,0.11904607574720504,0.23791923340177956,2.1122001503194228,1.8587904881768176,0.7744452929497572,0.8265717459701589,0.8198662952029218
33.2696,-7.6054,DTR,2922,8.0,-15.140262885994613,7.027182542780862e-28,-0.017431850627359812,0.3424005307400326,-0.01192551905087826,0.012311305042208535,0.024236824093086796,2.331620464597057,2.2500244172980204,0.9312338312594276,0.5326343412468285,0.5290572466175698
33.2696,-7.6054,RH2M,2922,8.0,-11.281695858899285,1.4508630885216646e-20,0.2200235831626374,0.0009656426624569067,-0.4546582363677839,0.44906524070271586,0.9037234770704998,8.579977391942057,8.039912924470629,0.8780725556346434,0.6820880766386168,0.6645576349289227
33.2696,-7.6054,WS10M,2922,8.0,-19.086594475742608,0.0,-0.013196451123747564,0.15689662356219045,0.04616856034679443,-0.04653506730549851,-0.09270362765229294,1.226459335814475,1.0948728258988174,0.796931598620438,0.48169890144398353,0.4423229705363175
33.2696,-7.6054,PRECT,2922,8.0,-16.384539564550433,2.731117965752235e-29,-0.0005197417710497634,0.9234983896105521,0.0179948962899597,-0.018356182409493042,-0.03635107869945274,0.6848439995819203,0.6652717924985475,0.9436586162058401,0.5560360859586203,0.5311532103766489
33.2696,-7.6054,PS,2922,8.0,-14.387552335501464,8.936910802431589e-27,-0.016339132566408603,4.6174232269940084e-08,0.01887258726899351,-0.018745482546201477,-0.037618069815194985,0.38981996916680944,0.35648105044705,0.836266562531291,0.8012621214146631,0.7825071138632401
33.2696,-7.6054,CLOUD_AMT,2922,8.0,-29.44863065030285,0.0,-0.36951713985446144,0.05015674844021581,1.6783854323522702,-1.6854749372575861,-3.3638603696098563,23.592166091706375,23.385873098480523,0.9825881976297868,0.45522615767269553,0.4682982391639665
33.2696,-8.1054,kc,2922,8.0,-29.373640864701493,0.0,0.00027155582194738785,0.8262339523178455,-0.004811543247486604,0.004871719264240369,0.009683262511726973,0.15906395993870556,0.14933475596264698,0.8814104859458026,0.3151667638116603,0.3972856338857701
33.2696,-8.1054,T2M,2922,8.0,-10.561355005999879,7.713511122412086e-19,0.049349839126651744,1.0522313816581313e-05,-0.12153248916267369,0.12181453342459524,0.24334702258726892,1.4813439609052155,1.3021257745329633,0.7726699962611924,0.8338666444658436,0.8232946989974458
33.2696,-8.1054,DTR,2922,8.0,-31.495466722636646,0.0,-0.010170722456082953,0.3752425419110607,-0.0041103239790098315,0.004246965548710908,0.008357289527720739,1.4458749559854611,1.4167569532722042,0.9601282204541114,0.491527400310468,0.4937512537977594
33.2696,-8.1054,RH2M,2922,8.0,-11.66032232678397,1.9404047915629933e-21,0.2034411512513991,2.9440028044953356e-05,-0.3923345083276305,0.386885204198037,0.7792197125256675,6.226606091416967,5.915493041808286,0.9025662948647123,0.6151779269100728,0.6086241125054498
33.2696,-8.1054,WS10M,2922,8.0,-19.018179919100405,0.0,-0.01730683925185548,0.1401961133981951,0.04796066621035817,-0.04854857403604839,-0.09650924024640656,1.5613710020746496,1.3586953537648583,0.7572372364720863,0.5184070124183378,0.4562678977369497
33.2696,-8.1054,PRECT,2922,8.0,-16.32922559240367,3.07273429716058e-29,0.00042342323000432323,0.9377908117800448,0.013825186738876845,-0.014230650981195959,-0.028055837720072804,0.6784805558642228,0.675176762624466,0.9902849109946658,0.5576854592573905,0.5673289568062235
33.2696,-8.1054,PS,2922,8.0,-14.37477552571728,9.364297772174384e-27,-0.01648185927684235,6.084892809899285e-08,0.018832089892767804,-0.0186969997718454,-0.0375290896646132,0.39686751669857395,0.36278165342707946,0.8356021029078884,0.8036465737289318,0.7837695737487426
33.2696,-8.1054,CLOUD_AMT,2922,8.0,-25.85676917658364,0.0,-0.2143802809717357,0.27753451034054033,0.9075630161989503,-0.9231077572438969,-1.8306707734428471,24.458780671800962,24.781821057451264,1.0265895242144578,0.473015306712548,0.47003238344929105
33.7696,-2.1054,kc,2922,8.0,-17.38698050574626,5.03482712284381e-30,-0.0011692553107504895,0.32438808348601683,-0.0012208365563190114,0.0012354510596375007,0.002456287615956512,0.15176568198827967,0.14425797600730664,0.9035090634785838,0.3950637327284845,0.4275625026642424
33.7696,-2.1054,T2M,2922,8.0,-16.559794228854642,1.9117999902028632e-29,0.20733234527000965,4.404475353363696e-22,-0.5083111453342462,0.5073835843029886,1.0156947296372347,2.658798048275453,2.6433485866456676,0.9884123763416581,0.7907790928201037,0.7867293700642104
33.7696,-2.1054,DTR,2922,8.0,-15.845920847891076,9.572070945313674e-29,0.08338971054743789,0.0004573990015345276,-0.24371535477983108,0.24464877937485752,0.4883641341546886,3.0274507730845834,2.89557538892129,0.9147777083382308,0.4480704087736593,0.40939472306857544
33.7696,-2.1054,RH2M,2922,8.0,-13.693555924746908,1.3299429492558048e-25,-0.6225856790687089,1.4284072454970295e-10,1.67680990189368,-1.6814173397216519,-3.3582272416153316,12.078650546962416,12.002423065663793,0.9874179738920303,0.6854816583198813,0.646151903338444
33.7696,-2.1054,WS10M,2922,8.0,-17.40692058550602,4.910737509288535e-30,0.01727996729476627,0.130956239532871,-0.02350308008213557,0.02262970568104033,0.0461327857631759,1.4224783375831225,1.4329842936268342,1.0148258887731307,0.47313259086320647,0.45852605501808724
33.7696,-2.1054,PRECT,2922,8.0,-21.48258107908815,0.0,-0.011454285704014557,0.01597623899499112,0.04122557281253481,-0.04136956887038043,-0.08259514168291524,0.6509555561669924,0.5266136565674371,0.6544576646896269,0.4638099961512383,0.42148923284854495
33.7696,-2.1054,PS,2922,8.0,-12.320585132440435,6.765283309730355e-23,-0.010275371825268059,0.0012447020932208916,0.011865560118640053,-0.011686801277663757,-0.02355236139630381,0.41588046800363854,0.3778791388574979,0.825598292173924,0.8211142582972697,0.8169252200902515
33.7696,-2.1054,CLOUD_AMT,2922,8.0,-29.542193504836852,0.0,0.2531991317606074,0.2567175568862919,0.1063973648186172,-0.11095376454483251,-0.2173511293634497,27.78691076294539,27.93236906177319,1.0104969581538785,0.4925105261756655,0.503368216679909
33.7696,-2.6054,kc,2922,8.0,-17.38698050574626,5.03482712284381e-30,-0.0011692553107504895,0.32438808348601683,-0.0012208365563190114,0.0012354510596375007,0.002456287615956512,0.15176568198827967,0.14425797600730664,0.9035090634785838,0.3950637327284845,0.4275625026642424
33.7696,-2.6054,T2M,2922,8.0,-11.100266307089186,3.881124427971322e-20,0.19878311677223104,8.056642269417758e-20,-0.5015007186858316,0.5006758726899384,1.00217659137577,2.725314455330461,2.664878057161578,0.9561399006917398,0.8043393456947315,0.7866305839544793
33.7696,-2.6054,DTR,2922,8.0,-13.236704287340709,9.347082506632855e-25,0.06803275659184853,0.006035577937304117,-0.24098321925621716,0.24248700661647277,0.48347022587268995,3.1796935506563555,2.9857124670819983,0.8817093192977714,0.4559491011280121,0.44170333776710563
33.7696,-2.6054,RH2M,2922,8.0,-11.00029470067206,6.70882984222744e-20,-0.5261745230164664,1.6895051826790915e-07,1.5851517225644542,-1.59016655258955,-3.1753182751540043,12.774818710442393,12.18085329086378,0.9091717516407911,0.7213060169789582,0.647679452164533
33.7696,-2.6054,WS10M,2922,8.0,-17.390118057764223,5.014981994431878e-30,0.024534729575713895,0.04948525776217524,-0.04056170431211499,0.03959572210814512,0.08015742642026011,1.548908096679886,1.5680402996381226,1.0248566897438616,0.5074527906373075,0.4938367364818672
33.7696,-2.6054,PRECT,2922,8.0,-20.406933234806477,0.0,-0.008709288878420466,0.12667749827684127,0.040189147955747656,-0.04038126395953531,-0.08057041191528297,0.7657342472551855,0.6506914434988852,0.7220945202118941,0.5007535189474372,0.4715225381084747
33.7696,-2.6054,PS,2922,8.0,-12.295314636726856,7.662787362250534e-23,-0.010292089863731708,0.0011811729335311548,0.011494478667579999,-0.011304973762262712,-0.02279945242984271,0.4155509280820879,0.3757678728356577,0.8176939405277649,0.8243408308935456,0.822132838839099
33.7696,-2.6054,CLOUD_AMT,2922,8.0,-29.542193504836852,0.0,0.2531991317606074,0.2567175568862919,0.1063973648186172,-0.11095376454483251,-0.2173511293634497,27.78691076294539,27.93236906177319,1.0104969581538785,0.4925105261756655,0.503368216679909
33.7696,-3.1054,kc,2922,8.0,-34.64597636552422,0.0,-0.001109202096237297,0.35066613221437176,-0.0019086242487996385,0.0019402837351753194,0.003848907983974958,0.1503938477727895,0.14617520018793723,0.9446855079596879,0.4123344853005607,0.42103751810076323
33.7696,-3.1054,T2M,2922,8.0,-10.875614088228348,1.3340849391550227e-19,0.21193180483253676,7.648367917589406e-22,-0.5206226443075519,0.5196785192790327,1.0403011635865846,2.744716670638618,2.70718669372831,0.9728398973926454,0.805492039227557,0.7899169645881057
33.7696,-3.1054,DTR,2922,8.0,-13.317281871032614,6.564557801350491e-25,0.06662277674039949,0.008346796449303117,-0.23990806525211042,0.24150877253023043,0.48141683778234085,3.213142476892276,3.0741416556045595,0.9153512622027739,0.44072562802575344,0.43014906400655434
33.7696,-3.1054,RH2M,2922,8.0,-12.454370093030096,3.517612668288702e-23,-0.626280974019578,7.798203308506584e-10,1.7959716974674882,-1.8002569130732378,-3.596228610540726,12.877846534457268,12.36287578527259,0.9216213371856401,0.7247111541764463,0.6643942067899903
33.7696,-3.1054,WS10M,2922,8.0,-22.237152989256664,0.0,0.02275078053235135,0.02697518354245077,-0.03577053388090347,0.03506451060917182,0.07083504449007529,1.272764413883355,1.2942036057300836,1.0339729156236739,0.4523459359715881,0.43325138837237986
33.7696,-3.1054,PRECT,2922,8.0,-20.33335806744973,0.0,-0.008257647723902532,0.1579284224299161,0.03976363395274997,-0.03995948552059336,-0.07972311947334333,0.7840126392034612,0.6689359818506518,0.7279859307901002,0.5046576697466881,0.47897218550089227
33.7696,-3.1054,PS,2922,8.0,-12.68436557922648,1.1683081413244216e-23,-0.012797724618043717,1.9356011358784633e-05,0.015404654346337953,-0.015245585215605971,-0.030650239561943925,0.3918719027203854,0.3553718101801249,0.8223897669945693,0.8117264221211514,0.8026281741967904
33.7696,-3.1054,CLOUD_AMT,2922,8.0,-25.174477215693948,0.0,0.18215278827811826,0.40831920676281236,0.2463448551220626,-0.2508625370750626,-0.49720739219712523,27.496048764083792,27.483055133385644,0.999055096195718,0.5038680817811557,0.5234989585218858
33.7696,-3.6054,kc,2922,8.0,-34.64597636552422,0.0,-0.001109202096237297,0.35066613221437176,-0.0019086242487996385,0.0019402837351753194,0.003848907983974958,0.1503938477727895,0.14617520018793723,0.9446855079596879,0.4123344853005607,0.42103751810076323
33.7696,-3.6054,T2M,2922,8.0,-11.288259404722595,1.4004504688899215e-20,0.2141930510045405,6.605024013905841e-22,-0.5220347821127082,0.5212711727127538,1.043305954825462,2.7820882491069665,2.7204895345781606,0.9562078733776229,0.8172859599537915,0.79967588913446
33.7696,-3.6054,DTR,2922,8.0,-13.365087083628561,5.333004419823089e-25,0.08223611758049197,0.0010348728869987117,-0.2617957335158567,0.2629202144649783,0.524715947980835,3.168802566720761,3.069578880306719,0.9383551326966452,0.4450196178016158,0.4387842634326329
33.7696,-3.6054,RH2M,2922,8.0,-11.818829319100177,8.510082937918313e-22,-0.6418479490653815,2.4328834025451143e-11,1.7999304129591605,-1.8058806753365273,-3.6058110882956877,12.122547869942384,11.682481339881342,0.9287148213901297,0.7273110304506316,0.6938389357145871
33.7696,-3.6054,WS10M,2922,8.0,-20.922616117771017,0.0,0.011977281375690535,0.2817098932383894,-0.015492334017795983,0.014877275838466819,0.030369609856262803,1.4139537853649478,1.3624054785662114,0.9284153940905391,0.5159071009319877,0.48131999978907236
33.7696,-3.6054,PRECT,2922,8.0,-20.56753147215329,0.0,-0.008020590187386736,0.13281725280489762,0.03623718467409128,-0.03641873849531044,-0.07265592316940173,0.7131689360667736,0.6130307065554209,0.7388897148883944,0.529261957853817,0.5030304879053635
33.7696,-3.6054,PS,2922,8.0,-12.52766880846631,2.4680430457323946e-23,-0.014162662742913182,5.140475018145261e-06,0.018062400182523437,-0.017885580652520997,-0.035947980835044434,0.40708113589979106,0.36775484229158284,0.8161215474702008,0.8127483176702819,0.8098993791786613
33.7696,-3.6054,CLOUD_AMT,2922,8.0,-25.174477215693948,0.0,0.18215278827811826,0.40831920676281236,0.2463448551220626,-0.2508625370750626,-0.49720739219712523,27.496048764083792,27.483055133385644,0.999055096195718,0.5038680817811557,0.5234989585218858
33.7696,-4.1054,kc,2922,8.0,-16.501512884374314,2.1464636483619834e-29,-0.0005398972808123136,0.6857955016537374,-0.004852886071198419,0.004881313825607767,0.009734199896806187,0.16944036361969764,0.16341313074107722,0.9301225025483919,0.4509106348760989,0.47257154990826566
33.7696,-4.1054,T2M,2922,8.0,-16.486831164737666,2.2109737903838496e-29,0.1938501596318518,1.2616791329169234e-16,-0.4703041067761807,0.4698670088980151,0.9401711156741958,2.9726624528519814,2.829018358559427,0.9056915924249296,0.8231488697938804,0.7949891343986475
33.7696,-4.1054,DTR,2922,8.0,-12.736624687471222,9.131312353006412e-24,0.08610249133207071,0.0008352011641108055,-0.2791162217659138,0.2807674195756331,0.5598836413415469,3.251023453444701,3.1620474319865406,0.9460118037841908,0.4702033376205442,0.4739651069318852
33.7696,-4.1054,RH2M,2922,8.0,-10.168992270272064,7.172363260547713e-18,-0.5401611181338949,9.544141993817957e-08,1.5972797855350214,-1.6042944786675797,-3.201574264202601,13.025629854820641,12.082278267268649,0.8603996041407932,0.7578553983919554,0.7140650124727379
33.7696,-4.1054,WS10M,2922,8.0,-23.92907667939841,0.0,0.007284561417357971,0.5204470908902695,0.0037376682637462804,-0.0041610312571298165,-0.007898699520876098,1.4687716275581821,1.357985837968247,0.8548342855324792,0.5191180816531376,0.47408360885448625
33.7696,-4.1054,PRECT,2922,8.0,-19.979772918879416,0.0,-0.007643220768748842,0.21551710490915185,0.03953945390761378,-0.03977944308212089,-0.07931889698973467,0.8219860348116202,0.7123697347389616,0.7510728129322534,0.5659982861927659,0.5255349296795876
33.7696,-4.1054,PS,2922,8.0,-12.80656656497862,6.581558445627011e-24,-0.013953891640547455,3.2890289576918333e-06,0.01667383070955972,-0.016522610084417202,-0.03319644079397692,0.392683528382605,0.3556524828122758,0.8202879285933468,0.8123940492600409,0.8061269936377375
33.7696,-4.1054,CLOUD_AMT,2922,8.0,-16.144231221150537,4.6414396850444424e-29,-0.10059418109428085,0.6455967357676848,1.1537292151494412,-1.1564213666438512,-2.3101505817932924,27.32429489167995,27.216606936410855,0.9921333193887155,0.5351935102319495,0.540394720089256
33.7696,-4.6054,kc,2922,8.0,-16.501512884374314,2.1464636483619834e-29,-0.0005398972808123136,0.6857955016537374,-0.004852886071198419,0.004881313825607767,0.009734199896806187,0.16944036361969764,0.16341313074107722,0.9301225025483919,0.4509106348760989,0.47257154990826566
33.7696,-4.6054,T2M,2922,8.0,-16.486831164737666,2.2109737903838496e-29,0.1938501596318518,1.2616791329169234e-16,-0.4703041067761807,0.4698670088980151,0.9401711156741958,2.9726624528519814,2.829018358559427,0.9056915924249296,0.8231488697938804,0.7949891343986475
33.7696,-4.6054,DTR,2922,8.0,-12.736624687471222,9.131312353006412e-24,0.08610249133207071,0.0008352011641108055,-0.2791162217659138,0.2807674195756331,0.5598836413415469,3.251023453444701,3.1620474319865406,0.9460118037841908,0.4702033376205442,0.4739651069318852
33.7696,-4.6054,RH2M,2922,8.0,-10.168992270272064,7.172363260547713e-18,-0.5401611181338949,9.544141993817957e-08,1.5972797855350214,-1.6042944786675797,-3.201574264202601,13.025629854820641,12.082278267268649,0.8603996041407932,0.7578553983919554,0.7140650124727379
33.7696,-4.6054,WS10M,2922,8.0,-23.92907667939841,0.0,0.007284561417357971,0.5204470908902695,0.0037376682637462804,-0.0041610312571298165,-0.007898699520876098,1.4687716275581821,1.357985837968247,0.8548342855324792,0.5191180816531376,0.47408360885448625
33.7696,-4.6054,PRECT,2922,8.0,-19.979772918879416,0.0,-0.007643220768748842,0.21551710490915185,0.03953945390761378,-0.03977944308212089,-0.07931889698973467,0.8219860348116202,0.7123697347389616,0.7510728129322534,0.5659982861927659,0.5255349296795876
33.7696,-4.6054,PS,2922,8.0,-12.80656656497862,6.581558445627011e-24,-0.013953891640547455,3.2890289576918333e-06,0.01667383070955972,-0.016522610084417202,-0.03319644079397692,0.392683528382605,0.3556524828122758,0.8202879285933468,0.8123940492600409,0.8061269936377375
33.7696,-4.6054,CLOUD_AMT,2922,8.0,-16.144231221150537,4.6414396850444424e-29,-0.10059418109428085,0.6455967357676848,1.1537292151494412,-1.1564213666438512,-2.3101505817932924,27.32429489167995,27.216606936410855,0.9921333193887155,0.5351935102319495,0.540394720089256
33.7696,-5.1054,kc,2922,8.0,-24.05131003179478,0.0,0.0007541939478064609,0.5979358977154783,-0.009520401515843973,0.009528040863381833,0.019048442379225806,0.18195259607869854,0.17436962103438522,0.9183857458974787,0.42535788012358433,0.45481542205177156
33.7696,-5.1054,T2M,2922,8.0,-12.645694865388236,1.4033756827293006e-23,0.16067475919360352,6.653665814908981e-11,-0.38630036504677173,0.38614316678074373,0.7724435318275155,3.1526991962188196,2.9604603648694194,0.8817661648130044,0.8341243591452326,0.8076647265809564
33.7696,-5.1054,DTR,2922,8.0,-12.88064414527682,4.6668228170838534e-24,0.06960720076157609,0.0030662737046530824,-0.2516774583618526,0.2537092630618298,0.5053867214236825,2.9773331589986496,2.8710591855094143,0.9298853855561346,0.44559188476895445,0.45721086330764227
33.7696,-5.1054,RH2M,2922,8.0,-9.776983460082706,6.892966958559214e-17,-0.330735617702475,0.0012884719496209015,1.1322239447866755,-1.1393845425507643,-2.27160848733744,13.294069583985818,12.251931047209597,0.8493627151824784,0.784056938335683,0.7359659487744555
33.7696,-5.1054,WS10M,2922,8.0,-24.709288037438878,0.0,0.013106867490044324,0.1764618541412229,-0.013877378507871319,0.013371081451060933,0.027248459958932252,1.268973951384143,1.1481046798441368,0.8185732716695009,0.49573820148898345,0.44411041635651227
33.7696,-5.1054,PRECT,2922,8.0,-15.56856944777439,2.000218072515481e-28,-0.005427100641648937,0.3774092545964765,0.03734043512572515,-0.037562859397126766,-0.07490329452285191,0.817242346589813,0.7118361477721921,0.758679504734954,0.5598643798215714,0.5089275259965662
33.7696,-5.1054,PS,2922,8.0,-13.100353420786494,1.7149855474779884e-24,-0.01549523968085105,1.3147593217197611e-07,0.01923599133013869,-0.019100764316678287,-0.038336755646816975,0.38421853645766546,0.34850545469453653,0.8227398498146808,0.8002049061807147,0.792200305082402
33.7696,-5.1054,CLOUD_AMT,2922,8.0,-24.13464048321144,0.0,-0.26342464315467523,0.24918891340826985,1.7437291581108831,-1.7459559890485967,-3.48968514715948,28.58840220424328,28.362212808203232,0.9842387414827439,0.537920595910973,0.5371597925645141
33.7696,-5.6054,kc,2922,8.0,-24.05131003179478,0.0,0.0007541939478064609,0.5979358977154783,-0.009520401515843973,0.009528040863381833,0.019048442379225806,0.18195259607869854,0.17436962103438522,0.9183857458974787,0.42535788012358433,0.45481542205177156
33.7696,-5.6054,T2M,2922,8.0,-12.447785875725517,3.631886756416702e-23,0.1338554389199543,3.197757501671855e-08,-0.33330830481405427,0.3332420031941592,0.6665503080082135,3.108721535310245,2.907476827476506,0.8747196459189139,0.8375038958876704,0.8185350569525075
33.7696,-5.6054,DTR,2922,8.0,-15.275990932973599,4.647185674885261e-28,0.06597797684796458,0.0058517173723378335,-0.265726887976272,0.2675996007300936,0.5333264887063656,3.0128942964054284,2.941300981779391,0.9530400362173413,0.4852648590588794,0.48871579937929643
33.7696,-5.6054,RH2M,2922,8.0,-9.905561028421056,3.270667280848894e-17,-0.1772571565537604,0.07532734559418379,0.8093827629477532,-0.8172017681952998,-1.626584531143053,12.828456139234646,11.984485250863129,0.8727502526108275,0.7881864528417527,0.7349024150304995
33.7696,-5.6054,WS10M,2922,8.0,-24.229584145725745,0.0,0.01605510276721367,0.08486754622247492,-0.022110164271047224,0.02150379876796713,0.04361396303901435,1.212876547338866,1.1103619877218793,0.838100258201828,0.5170295611521424,0.4845938317105261
33.7696,-5.6054,PRECT,2922,8.0,-16.67389590186041,1.5366342333139724e-29,-0.004648964449917637,0.41420589240384126,0.03881149032951914,-0.03902712610549343,-0.07783861643501257,0.7594825480331213,0.6555973772120733,0.7451416126736399,0.5413928530025919,0.4950585196507651
33.7696,-5.6054,PS,2922,8.0,-13.256536844643476,8.565303383611247e-25,-0.016479593252958537,2.4720843829253262e-08,0.020667054528861164,-0.02053759981747697,-0.04120465434633813,0.3861416510035482,0.35154243082134584,0.8288237829546239,0.7950886403187085,0.7847439892387246
33.7696,-5.6054,CLOUD_AMT,2922,8.0,-24.13464048321144,0.0,-0.26342464315467523,0.24918891340826985,1.7437291581108831,-1.7459559890485967,-3.48968514715948,28.58840220424328,28.362212808203232,0.9842387414827439,0.537920595910973,0.5371597925645141
33.7696,-6.1054,kc,2922,8.0,-24.6522119912936,0.0,0.0002677753790600058,0.8414166029295531,-0.007393162482014984,0.007427854584714867,0.014821017066729851,0.16866791156990735,0.1649840198427519,0.9567948452041668,0.3979088102975575,0.4057169527942858
33.7696,-6.1054,T2M,2922,8.0,-12.21533804668983,1.1390170541811738e-22,0.11171608749879804,5.253786677396402e-07,-0.29201172712753826,0.29206082591832083,0.584072553045859,2.8903867586762995,2.642750784651719,0.8359888843179925,0.8329424303419584,0.8212455802196081
33.7696,-6.1054,DTR,2922,8.0,-20.644714758331848,0.0,0.043951516985721514,0.07769254122684621,-0.2177097079625827,0.2194292379648643,0.437138945927447,3.123744454304303,3.0796644344886133,0.9719765763202093,0.5327856251906751,0.5078420983229898
33.7696,-6.1054,RH2M,2922,8.0,-10.180907378331161,6.699000390368168e-18,-0.06755668456256517,0.4591490913794378,0.5009033766826373,-0.5101986082591831,-1.0111019849418204,11.725730992498708,11.017697645936808,0.8828803419525457,0.7702217748928468,0.7123252856719456
33.7696,-6.1054,WS10M,2922,8.0,-23.449002750978035,0.0,0.01390193267036641,0.1224118375075559,-0.024167328313940216,0.02364923568332195,0.04781656399726217,1.1791879518972497,1.0637778679140004,0.8138340091787137,0.525772337503946,0.5007582789541491
33.7696,-6.1054,PRECT,2922,8.0,-16.30975561896807,3.2048109978402353e-29,-0.005036570780245083,0.34773549108256646,0.04055505861918229,-0.04081319412126607,-0.08136825274044836,0.7174004493075049,0.6149087832487069,0.7346798087603299,0.5409024958791763,0.4907187085854111
33.7696,-6.1054,PS,2922,8.0,-14.426265573099089,7.762876587897385e-27,-0.01730046487015879,9.519656191977109e-09,0.02191403148528458,-0.02178206707734372,-0.0436960985626283,0.3933106027058843,0.3590825549468037,0.8335224566692284,0.7943999966279492,0.7818748310630601
33.7696,-6.1054,CLOUD_AMT,2922,8.0,-24.90194105556248,0.0,-0.43107977838819334,0.04408606262269761,1.957337029431896,-1.9667629021218342,-3.92409993155373,26.811103507265194,26.498908822004044,0.9768471259196402,0.5010499916095339,0.49896629086501026
33.7696,-6.6054,kc,2922,8.0,-24.6522119912936,0.0,0.0002677753790600058,0.8414166029295531,-0.007393162482014984,0.007427854584714867,0.014821017066729851,0.16866791156990735,0.1649840198427519,0.9567948452041668,0.3979088102975575,0.4057169527942858
33.7696,-6.6054,T2M,2922,8.0,-11.488939424788672,4.7888108273875035e-21,0.0735668568693933,2.839744834234903e-07,-0.19383025325119782,0.19386310746064342,0.38769336071184124,1.9046954255745252,1.6494493301443895,0.7499406247311976,0.8242801531967482,0.819722357986849
33.7696,-6.6054,DTR,2922,8.0,-20.877279665652704,0.0,0.014145856862717307,0.3634675352765567,-0.08208625370750627,0.08271867442391054,0.1648049281314168,1.9696219941922666,1.9113986153039413,0.9417524606005242,0.5150086449486395,0.4847463275869862
33.7696,-6.6054,RH2M,2922,8.0,-11.414946187322299,7.099872135808518e-21,0.1260419458325715,0.04186539041967925,-0.1252286675792841,0.11879597307780002,0.24402464065708412,8.01522427489336,7.4358928394531825,0.8606664760537441,0.6546790831479343,0.6156440968946012
33.7696,-6.6054,WS10M,2922,8.0,-18.57262698218633,2.0818126897267558e-30,-0.003922584554401747,0.7130233736264555,0.019943725758612845,-0.020460107232489172,-0.04040383299110202,1.4094351490973858,1.2469419001301976,0.7827124486797395,0.5348526943515501,0.501606167824691
33.7696,-6.6054,PRECT,2922,8.0,-16.1312316156553,4.782972334850727e-29,-0.005150123846365376,0.3226318963705649,0.037671679088970046,-0.037990726755622414,-0.07566240584459247,0.6903730357110675,0.6041661388048236,0.7658524764959043,0.539418352343538,0.5080422833618528
33.7696,-6.6054,PS,2922,8.0,-14.420362408023639,7.930846108669231e-27,-0.01766760143933945,9.3636064045424e-09,0.02204201460186999,-0.021907335158568034,-0.043949349760438024,0.40139106704963284,0.3666425358262704,0.8343538799618266,0.7964693465007295,0.7819832934292237
33.7696,-6.6054,CLOUD_AMT,2922,8.0,-24.90194105556248,0.0,-0.43107977838819334,0.04408606262269761,1.957337029431896,-1.9667629021218342,-3.92409993155373,26.811103507265194,26.498908822004044,0.9768471259196402,0.5010499916095339,0.49896629086501026
33.7696,-7.1054,kc,2922,8.0,-29.06609473262047,0.0,1.4672685302036743e-05,0.9906497107066771,-0.006302030730669518,0.006354527788864259,0.012656558519533777,0.15701788587922647,0.15518304029923574,0.9767653863205186,0.34594149518359113,0.3784595883533836
33.7696,-7.1054,T2M,2922,8.0,-11.488939424788672,4.7888108273875035e-21,0.0735668568693933,2.839744834234903e-07,-0.19383025325119782,0.19386310746064342,0.38769336071184124,1.9046954255745252,1.6494493301443895,0.7499406247311976,0.8242801531967482,0.819722357986849
33.7696,-7.1054,DTR,2922,8.0,-20.877279665652704,0.0,0.014145856862717307,0.3634675352765567,-0.08208625370750627,0.08271867442391054,0.1648049281314168,1.9696219941922666,1.9113986153039413,0.9417524606005242,0.5150086449486395,0.4847463275869862
33.7696,-7.1054,RH2M,2922,8.0,-11.414946187322299,7.099872135808518e-21,0.1260419458325715,0.04186539041967925,-0.1252286675792841,0.11879597307780002,0.24402464065708412,8.01522427489336,7.4358928394531825,0.8606664760537441,0.6546790831479343,0.6156440968946012
33.7696,-7.1054,WS10M,2922,8.0,-18.57262698218633,2.0818126897267558e-30,-0.003922584554401747,0.7130233736264555,0.019943725758612845,-0.020460107232489172,-0.04040383299110202,1.4094351490973858,1.2469419001301976,0.7827124486797395,0.5348526943515501,0.501606167824691
33.7696,-7.1054,PRECT,2922,8.0,-16.1312316156553,4.782972334850727e-29,-0.005150123846365376,0.3226318963705649,0.037671679088970046,-0.037990726755622414,-0.07566240584459247,0.6903730357110675,0.6041661388048236,0.7658524764959043,0.539418352343538,0.5080422833618528
33.7696,-7.1054,PS,2922,8.0,-14.420362408023639,7.930846108669231e-27,-0.01766760143933945,9.3636064045424e-09,0.02204201460186999,-0.021907335158568034,-0.043949349760438024,0.40139106704963284,0.3666425358262704,0.8343538799618266,0.7964693465007295,0.7819832934292237
33.7696,-7.1054,CLOUD_AMT,2922,8.0,-29.44863065030285,0.0,-0.36951713985446144,0.05015674844021581,1.6783854323522702,-1.6854749372575861,-3.3638603696098563,23.592166091706375,23.385873098480523,0.9825881976297868,0.45522615767269553,0.4682982391639665
34.2696,-2.1054,kc,2922,8.0,-34.38462850967921,0.0,-0.0019936791468162405,0.13492686065519358,-9.88174412411491e-05,0.00014601612275547672,0.00024483356399662584,0.16688528547362028,0.1659987182411403,0.9894033519543651,0.3943891485514899,0.4524489963539802
34.2696,-2.1054,T2M,2922,8.0,-18.095936964051752,2.5619572886624096e-30,0.19983946191434307,7.527852403985627e-21,-0.4607330595482546,0.45995824777549627,0.9206913073237508,2.627965258738428,2.6572583037115827,1.0224175755260416,0.7882166095828994,0.787782111182067
34.2696,-2.1054,DTR,2922,8.0,-19.66743263375527,0.0,0.05540788459189262,0.0208042935590032,-0.17754044033766828,0.17905778005932022,0.3565982203969885,3.0162419812048107,2.957735229441474,0.961581784522162,0.4463568516414468,0.43688227501153315
34.2696,-2.1054,RH2M,2922,8.0,-13.852422833713414,6.965500175334827e-26,-0.5798581865507747,8.522948899783573e-09,1.454514647501711,-1.4600917864476388,-2.91460643394935,12.355225220440435,12.678353438135511,1.0529903137028824,0.6806882529357144,0.6480971956293687
34.2696,-2.1054,WS10M,2922,8.0,-17.565632408538683,4.075641916847016e-30,0.021646239559863733,0.04990913942431516,-0.025580720967373953,0.02463146246862879,0.05021218343600274,1.3651129202529944,1.3903732458420521,1.037350810028676,0.492980902364382,0.4674844566526317
34.2696,-2.1054,PRECT,2922,8.0,-21.478751754613754,0.0,-0.010847755278009637,0.04085868977314143,0.04275639078582546,-0.042948502087133474,-0.08570489287295893,0.7109970155022035,0.6064043282775133,0.7274263512545547,0.4860720667286255,0.48184744545283875
34.2696,-2.1054,PS,2922,8.0,-12.266475363937271,8.836897700908967e-23,-0.01120972793307347,0.00044003638105587824,0.013212457221080767,-0.013022997946612524,-0.02623545516769329,0.4174386117582117,0.3779194249605638,0.81962122291723,0.8192775215269819,0.8153129810644605
34.2696,-2.1054,CLOUD_AMT,2922,8.0,-28.784926437809283,0.0,0.1931015817602148,0.3847265323737769,0.21782643166780766,-0.22415166552589535,-0.441978097193703,27.467131682538266,27.974443768526335,1.0372807080930901,0.4974633765560059,0.5344123753919867
34.2696,-2.6054,kc,2922,8.0,-34.38462850967921,0.0,-0.0019936791468162405,0.13492686065519358,-9.88174412411491e-05,0.00014601612275547672,0.00024483356399662584,0.16688528547362028,0.1659987182411403,0.9894033519543651,0.3943891485514899,0.4524489963539802
34.2696,-2.6054,T2M,2922,8.0,-11.650366943051955,2.0442515904856254e-21,0.19457599674306283,2.0255601356014372e-20,-0.4363472051106548,0.43549399954369167,0.8718412046543464,2.5816452734034745,2.6276910291793754,1.035989752828674,0.7817209215308316,0.7859978921253369
34.2696,-2.6054,DTR,2922,8.0,-19.60983765003815,0.0,0.02897814884207613,0.22287546808846848,-0.14059507186858314,0.1418416153319644,0.28243668720054754,3.0016335349104075,2.92497552061557,0.9495746979784004,0.42807922625373895,0.4397269443610025
34.2696,-2.6054,RH2M,2922,8.0,-14.206616523375304,1.7503647456673977e-26,-0.49327659382088473,5.51191386952269e-07,1.217717453798768,-1.2236240930869267,-2.4413415468856945,12.071333757623224,12.441074173095524,1.0621974220879882,0.673952913904613,0.6458670188214803
34.2696,-2.6054,WS10M,2922,8.0,-21.112379215031808,0.0,0.021706050995287822,0.026735853147881267,-0.028312525667351138,0.027484873374401097,0.05579739904175224,1.2130144683057944,1.2325388525811307,1.0324505843041103,0.4801821022231456,0.4303167843595903
34.2696,-2.6054,PRECT,2922,8.0,-32.903367015190334,0.0,-0.004984833711477602,0.2981913617337789,0.030112606552525286,-0.030297026148532337,-0.06040963270105762,0.6337664135845147,0.5582526064063297,0.7758952242269784,0.4619795971311524,0.45174621376829815
34.2696,-2.6054,PS,2922,8.0,-12.510684409543115,2.678566369283976e-23,-0.013607743682041937,1.673812922940741e-05,0.01707194843714377,-0.016877401323294274,-0.03394934976043804,0.41361502665795324,0.3749078530624261,0.8215924854832274,0.8091137811613068,0.8044519509092414
34.2696,-2.6054,CLOUD_AMT,2922,8.0,-28.784926437809283,0.0,0.1931015817602148,0.3847265323737769,0.21782643166780766,-0.22415166552589535,-0.441978097193703,27.467131682538266,27.974443768526335,1.0372807080930901,0.4974633765560059,0.5344123753919867
34.2696,-3.1054,kc,2922,8.0,-33.93891294863086,0.0,-0.0017514583898011892,0.18355176980991872,-0.00049202040581716,0.0005438230295596621,0.001035843435376822,0.16424892243046663,0.16447285310800716,1.0027285820018872,0.41148289704599694,0.45597105866756343
34.2696,-3.1054,T2M,2922,8.0,-11.1694729668962,2.662720411845756e-20,0.203365221736542,2.9540457558826914e-23,-0.46127731006160166,0.4603037987679672,0.9215811088295689,2.519078750381243,2.5498463868415517,1.0245768672545523,0.7918664107947132,0.7924840034885231
34.2696,-3.1054,DTR,2922,8.0,-22.4867869009445,0.0,0.03837926557987311,0.09627095323000319,-0.1467686972393338,0.14739968058407477,0.29416837782340854,2.898231563998858,2.8542730871598065,0.9698953591576535,0.4181167343490617,0.40553546994580986
34.2696,-3.1054,RH2M,2922,8.0,-13.94858330189637,4.74746434323239e-26,-0.5688711590763407,2.9353400292798554e-10,1.4883149783253473,-1.494320203057267,-2.9826351813826144,11.074640481093375,11.33017646322171,1.046680359159927,0.682788991763361,0.6644141154898048
34.2696,-3.1054,WS10M,2922,8.0,-20.87989556035264,0.0,0.022591177375530312,0.01431505615749802,-0.03771609628108599,0.03689718229523159,0.07461327857631758,1.157460474265246,1.1443830193456968,0.977530847868103,0.5092073895748348,0.41631039508069295
34.2696,-3.1054,PRECT,2922,8.0,-21.537082300934795,0.0,-0.009095621272622133,0.10032644308456873,0.040920977468026865,-0.041134582628671715,-0.08205556009669858,0.7393512639026074,0.636010396209829,0.7399916003731672,0.4805192435055845,0.4661196054682599
34.2696,-3.1054,PS,2922,8.0,-11.890343218733904,5.888893161896858e-22,-0.01683538389120834,4.019013535192467e-07,0.023221868583162195,-0.023006741957563262,-0.046228610540725454,0.43415025702546234,0.39445711641425507,0.8255045402994713,0.7997719414316967,0.798691958608723
34.2696,-3.1054,CLOUD_AMT,2922,8.0,-29.055012426885973,0.0,0.05846273103693172,0.7973921964037206,0.4464040155144879,-0.4528020077572438,-0.8992060232717316,28.232751569693217,28.591849211368075,1.0256001513546018,0.5019325747641261,0.5351854659200544
34.2696,-3.6054,kc,2922,8.0,-33.93891294863086,0.0,-0.0017514583898011892,0.18355176980991872,-0.00049202040581716,0.0005438230295596621,0.001035843435376822,0.16424892243046663,0.16447285310800716,1.0027285820018872,0.41148289704599694,0.45597105866756343
34.2696,-3.6054,T2M,2922,8.0,-17.03454290219527,8.279428517580493e-30,0.18588250196209158,4.799566668298542e-19,-0.437210882956879,0.4364920602327172,0.8737029431895962,2.5960786214958818,2.568439723393413,0.978820540751758,0.7945596533661111,0.7898682586211487
34.2696,-3.6054,DTR,2922,8.0,-21.27206321908751,0.0,0.06188408276190335,0.01423732259720504,-0.22357744695414095,0.22343145106091727,0.4470088980150582,3.1653722099707187,3.1224323408894947,0.9730530150824023,0.46428849581043335,0.4827993485625463
34.2696,-3.6054,RH2M,2922,8.0,-18.37589270290642,2.2138457597069547e-30,-0.4660785529960297,5.87001389717281e-07,1.3439050650239557,-1.353808829568789,-2.6977138945927446,11.610852602767434,11.566997685063615,0.9924601409017043,0.6864977604302004,0.6672749916972514
34.2696,-3.6054,WS10M,2922,8.0,-22.9358773360957,0.0,0.008224167825494315,0.5344684559474524,-0.0014102441250285146,0.0004309605293177928,0.0018412046543463075,1.6817271698359855,1.6218735609655948,0.9300855712542713,0.5576245827152718,0.5159507988350062
34.2696,-3.6054,PRECT,2922,8.0,-30.425255301298023,0.0,-0.001401293746462852,0.7904031954052214,0.027418903338680592,-0.02771542410468216,-0.05513432744336275,0.6965418932687166,0.6155818380199705,0.7810468981620358,0.5252985758644401,0.5077204114763022
34.2696,-3.6054,PS,2922,8.0,-11.7730688566634,1.0783967710855539e-21,-0.013647388705403768,1.5265458348461863e-05,0.016964875655943148,-0.016758601414556294,-0.03372347707049944,0.41470459862471987,0.372215511478374,0.8055847437154208,0.8162647010066435,0.8132056943652948
34.2696,-3.6054,CLOUD_AMT,2922,8.0,-29.055012426885973,0.0,0.05846273103693172,0.7973921964037206,0.4464040155144879,-0.4528020077572438,-0.8992060232717316,28.232751569693217,28.591849211368075,1.0256001513546018,0.5019325747641261,0.5351854659200544
34.2696,-4.1054,kc,2922,8.0,-31.69763527523975,0.0,-0.0005165036892968717,0.7274686710290976,-0.0046037943325531435,0.004676453331716813,0.009280247664269957,0.18498257347858804,0.18478473310103108,0.9978621274654536,0.4767189249889643,0.49757592535711415
34.2696,-4.1054,T2M,2922,8.0,-14.15033405919718,2.1675030348857886e-26,0.17229276817758743,5.238698740903984e-15,-0.4213892881587954,0.42040400410677625,0.8417932922655716,2.7862946009578335,2.674662808360026,0.9214759625760115,0.8047401176909172,0.7903003745747468
34.2696,-4.1054,DTR,2922,8.0,-15.026794829962741,1.0036728455209411e-27,0.05570732417335371,0.03663425318190167,-0.24605706137348837,0.24763903718914,0.49369609856262836,3.3611618330567374,3.2749714910266325,0.9493715233605141,0.51468338433973,0.5017500368064803
34.2696,-4.1054,RH2M,2922,8.0,-11.93265690579432,4.741365471960139e-22,-0.3902899640938135,4.069287815686689e-05,1.304958042436687,-1.3125436687200553,-2.6175017111567422,12.181766272838113,11.432464986733963,0.8807633502617322,0.7144726258439981,0.6815373887416378
34.2696,-4.1054,WS10M,2922,8.0,-24.96730617304755,0.0,0.002232461021988192,0.8504647615899481,0.01868267168605979,-0.018928553502167458,-0.03761122518822725,1.525394187181626,1.4280434776421225,0.8764329279417041,0.5157945992472143,0.4768956959332082
34.2696,-4.1054,PRECT,2922,8.0,-13.561421191505206,2.3061112326655593e-25,-0.001300143969299901,0.8446021166060219,0.0328970453739226,-0.03332449054377153,-0.06622153591769414,0.8735845231970008,0.7776877347408097,0.7925024920720677,0.5718725504803898,0.5453237935266395
34.2696,-4.1054,PS,2922,8.0,-12.63762834688453,1.4582311882328507e-23,-0.014327236570551039,1.5536702565179458e-06,0.01798017339721663,-0.017817225644535674,-0.035797399041752304,0.3911223452973373,0.35276049232302015,0.8134570421470588,0.8113520189682851,0.8057822867001988
34.2696,-4.1054,CLOUD_AMT,2922,8.0,-19.92563195562774,0.0,-0.3132748038991892,0.18592239957979936,1.4677614191193251,-1.4804589778690396,-2.948220396988365,29.463631986541248,29.578029638727887,1.0077804214079282,0.5393559990133638,0.5534517004065277
34.2696,-4.6054,kc,2922,8.0,-31.69763527523975,0.0,-0.0005165036892968717,0.7274686710290976,-0.0046037943325531435,0.004676453331716813,0.009280247664269957,0.18498257347858804,0.18478473310103108,0.9978621274654536,0.4767189249889643,0.49757592535711415
34.2696,-4.6054,T2M,2922,8.0,-14.15033405919718,2.1675030348857886e-26,0.17229276817758743,5.238698740903984e-15,-0.4213892881587954,0.42040400410677625,0.8417932922655716,2.7862946009578335,2.674662808360026,0.9214759625760115,0.8047401176909172,0.7903003745747468
34.2696,-4.6054,DTR,2922,8.0,-15.026794829962741,1.0036728455209411e-27,0.05570732417335371,0.03663425318190167,-0.24605706137348837,0.24763903718914,0.49369609856262836,3.3611618330567374,3.2749714910266325,0.9493715233605141,0.51468338433973,0.5017500368064803
34.2696,-4.6054,RH2M,2922,8.0,-11.93265690579432,4.741365471960139e-22,-0.3902899640938135,4.069287815686689e-05,1.304958042436687,-1.3125436687200553,-2.6175017111567422,12.181766272838113,11.432464986733963,0.8807633502617322,0.7144726258439981,0.6815373887416378
34.2696,-4.6054,WS10M,2922,8.0,-24.96730617304755,0.0,0.002232461021988192,0.8504647615899481,0.01868267168605979,-0.018928553502167458,-0.03761122518822725,1.525394187181626,1.4280434776421225,0.8764329279417041,0.5157945992472143,0.4768956959332082
34.2696,-4.6054,PRECT,2922,8.0,-13.561421191505206,2.3061112326655593e-25,-0.001300143969299901,0.8446021166060219,0.0328970453739226,-0.03332449054377153,-0.06622153591769414,0.8735845231970008,0.7776877347408097,0.7925024920720677,0.5718725504803898,0.5453237935266395
34.2696,-4.6054,PS,2922,8.0,-12.63762834688453,1.4582311882328507e-23,-0.014327236570551039,1.5536702565179458e-06,0.01798017339721663,-0.017817225644535674,-0.035797399041752304,0.3911223452973373,0.35276049232302015,0.8134570421470588,0.8113520189682851,0.8057822867001988
34.2696,-4.6054,CLOUD_AMT,2922,8.0,-19.92563195562774,0.0,-0.3132748038991892,0.18592239957979936,1.4677614191193251,-1.4804589778690396,-2.948220396988365,29.463631986541248,29.578029638727887,1.0077804214079282,0.5393559990133638,0.5534517004065277
34.2696,-5.1054,kc,2922,8.0,-33.69353244621041,0.0,0.0002644542873283385,0.8539510839161892,-0.006633788830903207,0.006758495745421324,0.01339228457632453,0.1817727894450335,0.1764715033711763,0.9425218505303711,0.4192916119234073,0.4601320599290323
34.2696,-5.1054,T2M,2922,8.0,-13.65224206181529,1.5777916767708825e-25,0.15200423268314447,1.4573958502022054e-11,-0.3748920146018708,0.3741839607574721,0.749075975359343,2.888125339242377,2.6989135620835842,0.8732646448092138,0.828528172618497,0.8030724100642141
34.2696,-5.1054,DTR,2922,8.0,-14.720906695087866,2.752924186844458e-27,0.06857944019752443,0.006666274455236277,-0.2791712411590234,0.2814516198950491,0.5606228610540724,3.1611656350438953,3.126126070999425,0.9779541016638647,0.5112618037636157,0.49999573076358805
34.2696,-5.1054,RH2M,2922,8.0,-10.473066538873317,1.2695011513319862e-18,-0.2797799479695852,0.00207642659985374,1.0736747433264886,-1.0809932922655712,-2.15466803559206,11.598633911567026,10.985631531641744,0.8970907416578218,0.749613278526602,0.707842455796274
34.2696,-5.1054,WS10M,2922,8.0,-26.101514302746363,0.0,0.010647705111323,0.30800203562962114,-0.011422370522473161,0.011411305042208558,0.02283367556468172,1.3624830021754366,1.24150401949653,0.8302981574352208,0.48656714279059315,0.4421713608048309
34.2696,-5.1054,PRECT,2922,8.0,-13.384039526427346,4.913247154764176e-25,-0.0010442301892008715,0.8699918779291048,0.03160514369933759,-0.032029322959212875,-0.06363446665855046,0.8438243839734414,0.7440343412233669,0.7774667419144906,0.5676965166655425,0.5300156537938908
34.2696,-5.1054,PS,2922,8.0,-12.931770117199328,3.687796235222534e-24,-0.0172274798101635,8.746586404564498e-09,0.023320727812000962,-0.02317482318047,-0.04649555099247096,0.3913561856913411,0.35574654596386884,0.8262985279208264,0.7980814213131628,0.791984227662978
34.2696,-5.1054,CLOUD_AMT,2922,8.0,-25.28077831653313,0.0,-0.3253883649877848,0.15113463407859473,1.54525282911248,-1.563898437143509,-3.109151266255989,28.278897864422238,28.213672924434896,0.9953923437874154,0.5065336921445541,0.5040946546022761
34.2696,-5.6054,kc,2922,8.0,-33.69353244621041,0.0,0.0002644542873283385,0.8539510839161892,-0.006633788830903207,0.006758495745421324,0.01339228457632453,0.1817727894450335,0.1764715033711763,0.9425218505303711,0.4192916119234073,0.4601320599290323
34.2696,-5.6054,T2M,2922,8.0,-13.038535883715076,2.266455646104556e-24,0.13377302112195438,1.8849758337364407e-09,-0.3321484599589322,0.33154079397672814,0.6636892539356604,2.87452765904249,2.655992373613255,0.8537302376804534,0.8322575031611196,0.8136913462124945
34.2696,-5.6054,DTR,2922,8.0,-14.802859175779465,2.0865971160579555e-27,0.06389316899355507,0.01365728036082518,-0.2823861396303902,0.2845953798767967,0.5669815195071869,3.249040556929445,3.1949408640743373,0.9669753051090719,0.5449255906125388,0.5157730134560468
34.2696,-5.6054,RH2M,2922,8.0,-10.144183671865612,8.268878792975857e-18,-0.16681490710502583,0.057161638651739594,0.7512686059776411,-0.7590188683550081,-1.510287474332649,11.237467955506451,10.594963249967494,0.8889185652887281,0.7646997911176052,0.7132412037406298
34.2696,-5.6054,WS10M,2922,8.0,-25.819795968687224,0.0,0.013897602951388496,0.1516184538766117,-0.0322962696783025,0.03222802874743328,0.06452429842573579,1.2737425164035767,1.1411136290332973,0.8025913856431676,0.4818436641332021,0.4518974204747412
34.2696,-5.6054,PRECT,2922,8.0,-16.505809485807436,2.1280154500519413e-29,-0.002787633254482023,0.6270808649729755,0.03532660095123325,-0.035700919192028904,-0.07102752014326216,0.7652447639373389,0.6611749728534264,0.746503896174726,0.5445770143599957,0.5094709400085417
34.2696,-5.6054,PS,2922,8.0,-13.163688415226458,1.2918822015310565e-24,-0.01868853670080273,1.1300335581655283e-09,0.025510540725531168,-0.025365571526351074,-0.05087611225188224,0.40040073363133755,0.36541027012459276,0.832859549377807,0.7925774939608635,0.7854788725734223
34.2696,-5.6054,CLOUD_AMT,2922,8.0,-25.28077831653313,0.0,-0.3253883649877848,0.15113463407859473,1.54525282911248,-1.563898437143509,-3.109151266255989,28.278897864422238,28.213672924434896,0.9953923437874154,0.5065336921445541,0.5040946546022761
34.2696,-6.1054,kc,2922,8.0,-29.303889104083506,0.0,0.00011656964331174003,0.9279981222821896,-0.005605407747326319,0.005712004997177298,0.011317412744503617,0.16539006757593686,0.15622018729664544,0.8921861128351047,0.34718477291161387,0.35632781199103797
34.2696,-6.1054,T2M,2922,8.0,-12.540084947808243,2.3249148854254503e-23,0.10109581243236919,1.6127697366223274e-08,-0.2549453684690853,0.2545344398813597,0.509479808350445,2.3418442904395955,2.100947538935412,0.8048489567598001,0.8078957428698126,0.8007604274899148
34.2696,-6.1054,DTR,2922,8.0,-15.369352168711076,3.525541679605885e-28,0.045494320856332746,0.051972107428963236,-0.17068931097421866,0.17215120921743096,0.3428405201916496,2.9210303198402143,2.91312410012573,0.9945940170778311,0.5580663747482039,0.5400533802078424
34.2696,-6.1054,RH2M,2922,8.0,-11.018666756189393,6.065288596025075e-20,-0.03880753618815839,0.6003877529945302,0.2928204996577685,-0.30285369609856294,-0.5956741957563314,9.557557417065711,8.910305394433935,0.8691432214588101,0.700188060520866,0.6440735419289301
34.2696,-6.1054,WS10M,2922,8.0,-23.735046178391045,0.0,0.007013054042693196,0.5197206498528215,-0.013728291124800347,0.013260073009354337,0.026988364134154685,1.4345290572088645,1.2796867529971978,0.7957719915755843,0.5266715436287801,0.5048746106597194
34.2696,-6.1054,PRECT,2922,8.0,-16.08414674842049,5.338860862924854e-29,-0.005279357439933931,0.31404155539351436,0.04046439798995934,-0.04082291854395633,-0.08128731653391567,0.7060265474611346,0.5955529615146115,0.711539008853389,0.5230496089694391,0.5118850649054557
34.2696,-6.1054,PS,2922,8.0,-13.307286850354979,6.857227993908736e-25,-0.019223095804995125,1.2048091452461019e-09,0.025780755190509066,-0.02562923796486376,-0.05140999315537283,0.41196712392952917,0.3771943491606248,0.8383111384349781,0.7912305824098533,0.781547803642567
34.2696,-6.1054,CLOUD_AMT,2922,8.0,-30.160050139740438,0.0,-0.22642882190299643,0.20381167867660552,1.110505806525211,-1.1251273214693134,-2.2356331279945243,21.901339443083657,22.512570944292857,1.056595693761984,0.4725739494617783,0.48569563408892724
34.2696,-6.6054,kc,2922,8.0,-29.303889104083506,0.0,0.00011656964331174003,0.9279981222821896,-0.005605407747326319,0.005712004997177298,0.011317412744503617,0.16539006757593686,0.15622018729664544,0.8921861128351047,0.34718477291161387,0.35632781199103797
34.2696,-6.6054,T2M,2922,8.0,-10.448918286974184,1.4553893098694015e-18,0.07023924047119241,8.718952942411064e-13,-0.17912077344284733,0.17899010951403163,0.358110882956879,1.325484543168607,1.100537709286537,0.6893829222500499,0.8046303286894222,0.7976574818475964
34.2696,-6.6054,DTR,2922,8.0,-22.36416805611836,0.0,0.005719154990646038,0.5425380212107229,-0.01755273785078712,0.01782029431895962,0.03537303216974674,1.2030505572644081,1.1396573701057546,0.897389222855316,0.4655265602250052,0.43458674325456814
34.2696,-6.6054,RH2M,2922,8.0,-13.56878835515565,2.235754352849313e-25,0.14233345383266952,0.007106338304105681,-0.26957689938398366,0.26320201916495556,0.5327789185489392,6.7813765022899855,6.406811761466113,0.892582184238942,0.5720927461005868,0.5496334648695526
34.2696,-6.6054,WS10M,2922,8.0,-18.566291634960894,2.084834353578138e-30,-0.0007156820213624091,0.9582361976797511,0.009763506730549874,-0.010544501483002488,-0.020308008213552362,1.8091319175394016,1.5947795885623026,0.7770712935553871,0.5533245473144971,0.5063545208426324
34.2696,-6.6054,PRECT,2922,8.0,-16.02637245878406,6.125055644294521e-29,-0.0062234772231362446,0.2175449392543694,0.038865200014962735,-0.03925617593505524,-0.07812137595001797,0.6743069452635843,0.5794234835528485,0.7383748912456389,0.5230689421795303,0.5191347075975574
34.2696,-6.6054,PS,2922,8.0,-14.386662340919033,8.966005199540867e-27,-0.019076195441060914,2.5030271009765476e-09,0.02490800821355218,-0.024756605065023963,-0.049664613278576145,0.4173338412510636,0.38136180704815775,0.8350398243304755,0.7940089697823994,0.7821909249371367
34.2696,-6.6054,CLOUD_AMT,2922,8.0,-30.160050139740438,0.0,-0.22642882190299643,0.20381167867660552,1.110505806525211,-1.1251273214693134,-2.2356331279945243,21.901339443083657,22.512570944292857,1.056595693761984,0.4725739494617783,0.48569563408892724
34.7696,-2.1054,kc,2922,8.0,-34.38462850967921,0.0,-0.0019936791468162405,0.13492686065519358,-9.88174412411491e-05,0.00014601612275547672,0.00024483356399662584,0.16688528547362028,0.1659987182411403,0.9894033519543651,0.3943891485514899,0.4524489963539802
34.7696,-2.1054,T2M,2922,8.0,-11.444514502824392,6.064467584778247e-21,0.15552864354914323,1.2030519720738157e-19,-0.3352743326488705,0.3345750855578371,0.6698494182067076,2.0897974758066864,2.167297099545721,1.0755447854298372,0.7693637715450767,0.7750788504930297
34.7696,-2.1054,DTR,2922,8.0,-20.02176145343629,0.0,0.03424551330784673,0.0553804008815078,-0.09724093086926766,0.097570841889117,0.19481177275838465,2.2247138410363068,2.2332898468752247,1.007724620954788,0.3320547009025747,0.3744814441810981
34.7696,-2.1054,RH2M,2922,8.0,-14.71308765217858,2.827412625698643e-27,-0.39767743824931195,2.607588338162426e-06,0.9297767853068674,-0.9333306753365275,-1.8631074606433948,10.087994642293264,10.96966914802402,1.182435261951845,0.6243340439606213,0.6091331203482443
34.7696,-2.1054,WS10M,2922,8.0,-20.345722490919265,0.0,0.018677285638942605,0.11865226916981687,-0.03285305726671231,0.03215720967373944,0.06501026694045176,1.5004528440844946,1.4865038029295974,0.9814933175657877,0.545471137831965,0.4888837148137824
34.7696,-2.1054,PRECT,2922,8.0,-24.32958117067286,0.0,-0.008620586041951725,0.11207018965735636,0.03565754951621539,-0.03586091690401405,-0.07151846642022944,0.7156821629605893,0.6342337012549059,0.7853409510981603,0.49027803856954144,0.4924333006097091
34.7696,-2.1054,PS,2922,8.0,-12.428863825571584,3.9818838516557705e-23,-0.016323274498502807,1.7751062829275477e-06,0.022003547798311998,-0.021767841660962482,-0.04377138945927448,0.4458363068457556,0.4064939181619449,0.8312989641790232,0.7993842648886781,0.7952072421882549
34.7696,-2.1054,CLOUD_AMT,2922,8.0,-28.784926437809283,0.0,0.1931015817602148,0.3847265323737769,0.21782643166780766,-0.22415166552589535,-0.441978097193703,27.467131682538266,27.974443768526335,1.0372807080930901,0.4974633765560059,0.5344123753919867
34.7696,-2.6054,kc,2922,8.0,-34.38462850967921,0.0,-0.0019936791468162405,0.13492686065519358,-9.88174412411491e-05,0.00014601612275547672,0.00024483356399662584,0.16688528547362028,0.1659987182411403,0.9894033519543651,0.3943891485514899,0.4524489963539802
34.7696,-2.6054,T2M,2922,8.0,-13.638736913419626,1.6688388683734016e-25,0.1450258020447916,2.2214449894066163e-19,-0.3239552589550536,0.323081017567876,0.6470362765229296,1.9646925978351035,2.0313469209553854,1.0690031440306322,0.7679261682602447,0.769042338078603
34.7696,-2.6054,DTR,2922,8.0,-20.605217676738224,0.0,0.02407665309648547,0.22280500363308858,-0.07667225644535702,0.07710597764088527,0.1537782340862423,2.4556451202988603,2.4713353274713,1.0128197131523444,0.36144401517027447,0.39264177858619503
34.7696,-2.6054,RH2M,2922,8.0,-14.935366302398405,1.3470991248168147e-27,-0.29169032088350516,0.00038198038445060695,0.7996185603467945,-0.8028591946155602,-1.6024777549623548,9.790102582137562,10.64446062397159,1.1821506753607778,0.6354783561575539,0.627849231880371
34.7696,-2.6054,WS10M,2922,8.0,-23.691603950942923,0.0,0.010419844829336992,0.34219723371722577,-0.020525347935204212,0.020090668491900533,0.040616016427104745,1.3957985451986725,1.341344633164567,0.9234965327497178,0.5325916096359853,0.45774977756531915
34.7696,-2.6054,PRECT,2922,8.0,-32.49787279994283,0.0,-0.00466194345875338,0.39686087645681223,0.031013410719786198,-0.03125621851239895,-0.06226962923218515,0.7187027020043197,0.6515563210413035,0.8218742419967279,0.4660758147662533,0.4692926998846693
34.7696,-2.6054,PS,2922,8.0,-11.784983232702157,1.0138232169664652e-21,-0.01779249393569961,2.8675263139752e-07,0.024598756559433894,-0.024354015514488094,-0.048952772073921985,0.45216931512606545,0.41274440753341374,0.8332210261433243,0.7984277721714076,0.7945145349361961
34.7696,-2.6054,CLOUD_AMT,2922,8.0,-28.784926437809283,0.0,0.1931015817602148,0.3847265323737769,0.21782643166780766,-0.22415166552589535,-0.441978097193703,27.467131682538266,27.974443768526335,1.0372807080930901,0.4974633765560059,0.5344123753919867
34.7696,-3.1054,kc,2922,8.0,-33.93891294863086,0.0,-0.0017514583898011892,0.18355176980991872,-0.00049202040581716,0.0005438230295596621,0.001035843435376822,0.16424892243046663,0.16447285310800716,1.0027285820018872,0.41148289704599694,0.45597105866756343
34.7696,-3.1054,T2M,2922,8.0,-12.283469797512925,8.124441603415004e-23,0.14618270020331262,5.238546587486784e-18,-0.3333342573579739,0.3323673169062287,0.6657015742642026,2.0879963888950774,2.1050301986445796,1.0163824903971592,0.7772571889739294,0.7681565498876483
34.7696,-3.1054,DTR,2922,8.0,-35.03725825329796,0.0,0.025151038587935968,0.24745481451937376,-0.08462172028291123,0.08528929956650694,0.16991101984941817,2.6494582963078637,2.7742421853819232,1.0964139862429914,0.3912364313205711,0.4214626288790892
34.7696,-3.1054,RH2M,2922,8.0,-12.818712162531753,6.219508984078825e-24,-0.2953325348324677,0.0003954824238778099,0.8581728382386495,-0.8624979352041979,-1.7206707734428475,9.99200360437822,10.747809239390968,1.157003666458697,0.6613548736390938,0.6587364162331609
34.7696,-3.1054,WS10M,2922,8.0,-21.018880759737577,0.0,0.00657422456539718,0.5271971936280202,-0.015479180926306187,0.015088923112023749,0.030568104038329935,1.3296814512565016,1.2642481514704298,0.904002088068399,0.5268707712795974,0.4521104159535076
34.7696,-3.1054,PRECT,2922,8.0,-28.938265550249465,0.0,-0.0063663552613486074,0.24464239897568485,0.03227087720405467,-0.032485200811780385,-0.06475607801583505,0.7162788415689889,0.6461358496612508,0.8137358137231278,0.46117536718335617,0.46136484416291274
34.7696,-3.1054,PS,2922,8.0,-11.697993069444584,1.5936200555317159e-21,-0.017683649830998353,1.8299982784968826e-07,0.02470436915354828,-0.024467430983344127,-0.0491718001368924,0.44292197877010453,0.4027925552009044,0.8270055171951466,0.8011166420963649,0.7967552200243878
34.7696,-3.1054,CLOUD_AMT,2922,8.0,-29.055012426885973,0.0,0.05846273103693172,0.7973921964037206,0.4464040155144879,-0.4528020077572438,-0.8992060232717316,28.232751569693217,28.591849211368075,1.0256001513546018,0.5019325747641261,0.5351854659200544
34.7696,-3.6054,kc,2922,8.0,-33.93891294863086,0.0,-0.0017514583898011892,0.18355176980991872,-0.00049202040581716,0.0005438230295596621,0.001035843435376822,0.16424892243046663,0.16447285310800716,1.0027285820018872,0.41148289704599694,0.45597105866756343
34.7696,-3.6054,T2M,2922,8.0,-14.47494229403738,6.512872923742104e-27,0.146237158856385,4.710714825528087e-14,-0.35948901437371666,0.35852604380561254,0.7180150581793292,2.4142297736802916,2.3965026747844407,0.9853684051020021,0.7875346708949466,0.7722528188953627
34.7696,-3.6054,DTR,2922,8.0,-22.279845360303884,0.0,0.01402701490486797,0.517628190274338,-0.09481697467488015,0.09488186173853531,0.18969883641341545,2.6663535736954067,2.7405455944294568,1.0564247953881847,0.4311256327574513,0.44831527525415305
34.7696,-3.6054,RH2M,2922,8.0,-21.670451962309777,0.0,-0.21697699413322652,0.015701204177079018,0.8819817590691311,-0.8882441136208072,-1.7702258726899385,11.078357646029966,11.276972522411198,1.0361777955155207,0.689306811948339,0.6603469900754527
34.7696,-3.6054,WS10M,2922,8.0,-22.85540925113271,0.0,-0.0009332709696075785,0.936254499948931,0.00804387405886381,-0.008342162902121829,-0.016386036960985638,1.4960541485440968,1.4149576459824937,0.8945245311901505,0.5549028969464423,0.4801494603903955
34.7696,-3.6054,PRECT,2922,8.0,-32.248303208374736,0.0,-0.0011940023379239009,0.8285449175631046,0.026154992233167876,-0.026406326737984886,-0.052561318971152765,0.7194439390995254,0.6539181773361233,0.8261385787940021,0.47092372717892295,0.4773856651697392
34.7696,-3.6054,PS,2922,8.0,-11.84184493534496,7.55721999674905e-22,-0.015926648288614693,2.5334965780187855e-06,0.020704015514488392,-0.020486949577914193,-0.04119096509240258,0.44338901283696536,0.4008538541523788,0.8173390958186071,0.8057662738915035,0.8037969084830113
34.7696,-3.6054,CLOUD_AMT,2922,8.0,-29.055012426885973,0.0,0.05846273103693172,0.7973921964037206,0.4464040155144879,-0.4528020077572438,-0.8992060232717316,28.232751569693217,28.591849211368075,1.0256001513546018,0.5019325747641261,0.5351854659200544
34.7696,-4.1054,kc,2922,8.0,-31.69763527523975,0.0,-0.0005165036892968717,0.7274686710290976,-0.0046037943325531435,0.004676453331716813,0.009280247664269957,0.18498257347858804,0.18478473310103108,0.9978621274654536,0.4767189249889643,0.49757592535711415
34.7696,-4.1054,T2M,2922,8.0,-17.34853084604965,5.288134757433429e-30,0.1449021560226107,1.205297880281054e-12,-0.3685483572895277,0.36767340862423004,0.7362217659137578,2.5559251864875026,2.502411142712871,0.95856386907815,0.801929624869988,0.789752414891678
34.7696,-4.1054,DTR,2922,8.0,-20.95505820764712,0.0,0.026768242941653305,0.25013521279822254,-0.1745018366415697,0.17516277663700663,0.34966461327857634,2.916464454455832,2.8825121542173684,0.9768523352241939,0.5040503156996413,0.48883349208656685
34.7696,-4.1054,RH2M,2922,8.0,-13.978300202635797,4.2223525708978346e-26,-0.19802492023092302,0.02739950245698918,0.8959541181838927,-0.9045797627195981,-1.8005338809034908,11.280237140545966,11.060403110718495,0.9614029531713052,0.7076218697059902,0.6841012296128661
34.7696,-4.1054,WS10M,2922,8.0,-23.73445329439453,0.0,0.004629762910480015,0.6576018982282633,0.010084485512206262,-0.010463084645220161,-0.020547570157426424,1.3441367592048872,1.2613649863926588,0.8806323321255787,0.5513447452954372,0.4985767434415565
34.7696,-4.1054,PRECT,2922,8.0,-29.63090785895298,0.0,0.0005497392483678826,0.9271271846922101,0.0249108949464373,-0.025283884446060778,-0.05019477939249808,0.7824299798925407,0.71529065744651,0.8357456791781855,0.5388201138534192,0.5347845064455098
34.7696,-4.1054,PS,2922,8.0,-11.907592954928814,5.390347834455668e-22,-0.01418145618870192,8.768016302650449e-06,0.01760643394934971,-0.01741067761806995,-0.035017111567419656,0.41876847992460275,0.37683189637677855,0.8097432579485216,0.8134392672723011,0.8129537613402305
34.7696,-4.1054,CLOUD_AMT,2922,8.0,-19.92563195562774,0.0,-0.3132748038991892,0.18592239957979936,1.4677614191193251,-1.4804589778690396,-2.948220396988365,29.463631986541248,29.578029638727887,1.0077804214079282,0.5393559990133638,0.5534517004065277
34.7696,-4.6054,kc,2922,8.0,-31.69763527523975,0.0,-0.0005165036892968717,0.7274686710290976,-0.0046037943325531435,0.004676453331716813,0.009280247664269957,0.18498257347858804,0.18478473310103108,0.9978621274654536,0.4767189249889643,0.49757592535711415
34.7696,-4.6054,T2M,2922,8.0,-17.34853084604965,5.288134757433429e-30,0.1449021560226107,1.205297880281054e-12,-0.3685483572895277,0.36767340862423004,0.7362217659137578,2.5559251864875026,2.502411142712871,0.95856386907815,0.801929624869988,0.789752414891678
34.7696,-4.6054,DTR,2922,8.0,-20.95505820764712,0.0,0.026768242941653305,0.25013521279822254,-0.1745018366415697,0.17516277663700663,0.34966461327857634,2.916464454455832,2.8825121542173684,0.9768523352241939,0.5040503156996413,0.48883349208656685
34.7696,-4.6054,RH2M,2922,8.0,-13.978300202635797,4.2223525708978346e-26,-0.19802492023092302,0.02739950245698918,0.8959541181838927,-0.9045797627195981,-1.8005338809034908,11.280237140545966,11.060403110718495,0.9614029531713052,0.7076218697059902,0.6841012296128661
34.7696,-4.6054,WS10M,2922,8.0,-23.73445329439453,0.0,0.004629762910480015,0.6576018982282633,0.010084485512206262,-0.010463084645220161,-0.020547570157426424,1.3441367592048872,1.2613649863926588,0.8806323321255787,0.5513447452954372,0.4985767434415565
34.7696,-4.6054,PRECT,2922,8.0,-29.63090785895298,0.0,0.0005497392483678826,0.9271271846922101,0.0249108949464373,-0.025283884446060778,-0.05019477939249808,0.7824299798925407,0.71529065744651,0.8357456791781855,0.5388201138534192,0.5347845064455098
34.7696,-4.6054,PS,2922,8.0,-11.907592954928814,5.390347834455668e-22,-0.01418145618870192,8.768016302650449e-06,0.01760643394934971,-0.01741067761806995,-0.035017111567419656,0.41876847992460275,0.37683189637677855,0.8097432579485216,0.8134392672723011,0.8129537613402305
34.7696,-4.6054,CLOUD_AMT,2922,8.0,-19.92563195562774,0.0,-0.3132748038991892,0.18592239957979936,1.4677614191193251,-1.4804589778690396,-2.948220396988365,29.463631986541248,29.578029638727887,1.0077804214079282,0.5393559990133638,0.5534517004065277
34.7696,-5.1054,kc,2922,8.0,-33.69353244621041,0.0,0.0002644542873283385,0.8539510839161892,-0.006633788830903207,0.006758495745421324,0.01339228457632453,0.1817727894450335,0.1764715033711763,0.9425218505303711,0.4192916119234073,0.4601320599290323
34.7696,-5.1054,T2M,2922,8.0,-16.96820396508556,9.200536826271844e-30,0.14364706954711026,3.864063791304048e-12,-0.35873902578142824,0.35783181610768877,0.716570841889117,2.622219764964361,2.51224219995389,0.9178777447024917,0.8115386336172309,0.7940699080455671
34.7696,-5.1054,DTR,2922,8.0,-20.07308344194416,0.0,0.054800674519092846,0.02404374078148194,-0.2346979237964863,0.2364109057723021,0.4711088295687884,3.069074515184564,2.9755639362730966,0.9399910249324741,0.5478252033038145,0.5342032114149198
34.7696,-5.1054,RH2M,2922,8.0,-13.595873457764746,1.9956411004044476e-25,-0.22789432036441906,0.009747907539388773,0.9003670659365732,-0.9088800250969657,-1.809247091033539,11.035681692510392,10.906796658334597,0.9767785230434085,0.7042051169294907,0.6846755935782556
34.7696,-5.1054,WS10M,2922,8.0,-24.472537268565475,0.0,0.001213391811721665,0.8669406388540848,0.012841683778234095,-0.013031006160164265,-0.02587268993839836,0.93735392537521,0.8685417730028699,0.8585670496629861,0.529978810282531,0.48732480099052133
34.7696,-5.1054,PRECT,2922,8.0,-21.75889924054425,0.0,-0.00010560995245549078,0.9874155630802884,0.02690349030701323,-0.02740740033777623,-0.05431089064478946,0.8688543834499841,0.7998370639685105,0.847440191452526,0.5781344571103711,0.562264732164131
34.7696,-5.1054,PS,2922,8.0,-12.655529109019884,1.339347056250623e-23,-0.014571609341347451,1.538653084982157e-06,0.018287519963495494,-0.01811220625142582,-0.03639972621492131,0.39793550446701503,0.35829722861590096,0.8107025129879831,0.8107009357186565,0.808705741134449
34.7696,-5.1054,CLOUD_AMT,2922,8.0,-25.28077831653313,0.0,-0.3253883649877848,0.15113463407859473,1.54525282911248,-1.563898437143509,-3.109151266255989,28.278897864422238,28.213672924434896,0.9953923437874154,0.5065336921445541,0.5040946546022761
34.7696,-5.6054,kc,2922,8.0,-33.69353244621041,0.0,0.0002644542873283385,0.8539510839161892,-0.006633788830903207,0.006758495745421324,0.01339228457632453,0.1817727894450335,0.1764715033711763,0.9425218505303711,0.4192916119234073,0.4601320599290323
34.7696,-5.6054,T2M,2922,8.0,-13.56401138682254,2.281116841265685e-25,0.13299331916778037,1.2205831588388063e-09,-0.3137250057038558,0.31300326260552125,0.6267282683093771,2.8123731513975816,2.6269742613262697,0.8725006292052927,0.8259535518552386,0.7971253256120326
34.7696,-5.6054,DTR,2922,8.0,-20.333557298480002,0.0,0.061414240761070125,0.02125430718488023,-0.2442522587268996,0.2466991444216289,0.4909514031485285,3.3509840991821416,3.287510167905824,0.9624750391580897,0.5569913082778154,0.5309233388654955
34.7696,-5.6054,RH2M,2922,8.0,-11.684113496167402,1.713398533745733e-21,-0.17400450487539185,0.04478161815841342,0.6765943874058867,-0.684719780971937,-1.3613141683778238,10.953574117332158,10.649115281600244,0.9451818088093452,0.7358121438754854,0.6982387661811509
34.7696,-5.6054,WS10M,2922,8.0,-24.56168592657011,0.0,0.004277762642972667,0.5857087470803575,0.0003382044261921181,-0.00042154916723703115,-0.0007597535934291493,1.0264222897574031,0.9298740726239287,0.8207220998817791,0.5239206342600935,0.46802894029378006
34.7696,-5.6054,PRECT,2922,8.0,-21.81546937246828,0.0,-0.0004177937403697114,0.946178674415778,0.02329256839334149,-0.023789551229819694,-0.04708211962316118,0.8012725693937028,0.7413967766832553,0.8561322090527521,0.581405393457771,0.5569547321754514
34.7696,-5.6054,PS,2922,8.0,-13.03859844801997,2.265813606660772e-24,-0.017295042107227095,1.3574314750899324e-08,0.022830059320099877,-0.022673020762035492,-0.04550308008213537,0.3982392948747299,0.3617014350634745,0.8249207787433468,0.7954061176583879,0.7891701553371998
34.7696,-5.6054,CLOUD_AMT,2922,8.0,-25.28077831653313,0.0,-0.3253883649877848,0.15113463407859473,1.54525282911248,-1.563898437143509,-3.109151266255989,28.278897864422238,28.213672924434896,0.9953923437874154,0.5065336921445541,0.5040946546022761
34.7696,-6.1054,kc,2922,8.0,-29.303889104083506,0.0,0.00011656964331174003,0.9279981222821896,-0.005605407747326319,0.005712004997177298,0.011317412744503617,0.16539006757593686,0.15622018729664544,0.8921861128351047,0.34718477291161387,0.35632781199103797
34.7696,-6.1054,T2M,2922,8.0,-11.360597413600244,9.49461632865591e-21,0.08286061168531626,1.575986188841328e-08,-0.1910735683321926,0.19082923796486417,0.38190280629705675,1.926511058676064,1.7154849741954583,0.7929226509709761,0.7951738177299299,0.7855736195954284
34.7696,-6.1054,DTR,2922,8.0,-20.709128033011936,0.0,0.03683460678468457,0.03975050639729147,-0.10524112480036503,0.10647687656856028,0.21171800136892532,2.2429173895676913,2.224046640072248,0.9832438187793383,0.52768051791592,0.5316056854075645
34.7696,-6.1054,RH2M,2922,8.0,-12.269294170862654,8.714455803362191e-23,0.050799548036719676,0.4430502894219653,-0.07458953912845136,0.06611545744923512,0.14070499657768648,8.50173879388722,8.019379590889509,0.8897459638806858,0.6288911263032172,0.6037340080744061
34.7696,-6.1054,WS10M,2922,8.0,-23.689402498610946,0.0,-0.002383418795530574,0.8372510820638658,0.010832694501483027,-0.01115909194615555,-0.021991786447638578,1.5182506796267652,1.3738174359768989,0.8187872655775045,0.5547971553733113,0.5141420759742416
34.7696,-6.1054,PRECT,2922,8.0,-19.04552354285004,0.0,-0.0025671563984769924,0.6477739690705965,0.026971846700696214,-0.02742426159634931,-0.054396108297045526,0.7348604056393548,0.6646998063987254,0.8181659630235023,0.5495432344206911,0.5247987842128108
34.7696,-6.1054,PS,2922,8.0,-12.54190257231574,2.3046863004279967e-23,-0.019273344789456887,2.0239953434384016e-09,0.025635843029888365,-0.02547298653890036,-0.051108829568788726,0.41923352268726083,0.38300590354601627,0.8346394948414311,0.790687885430914,0.7829823589847084
34.7696,-6.1054,CLOUD_AMT,2922,8.0,-30.160050139740438,0.0,-0.22642882190299643,0.20381167867660552,1.110505806525211,-1.1251273214693134,-2.2356331279945243,21.901339443083657,22.512570944292857,1.056595693761984,0.4725739494617783,0.48569563408892724
35.2696,-3.1054,kc,2922,8.0,-26.21549853630245,0.0,-0.0036638278409403344,0.008223882007063804,0.004909136861286686,-0.00485246104683634,-0.009761597908123025,0.17118158387660018,0.1748590489117219,1.043427174008541,0.37674111149144834,0.403634378594956
35.2696,-3.1054,T2M,2922,8.0,-11.09104930498544,4.0813808672681675e-20,0.0520327039453704,7.1440660313423404e-09,-0.12278559206023279,0.12249845995893223,0.24528405201916503,1.1328762357995836,1.1036838324872733,0.9491272184917136,0.7824664645921103,0.768590045631566
35.2696,-3.1054,DTR,2922,8.0,-41.32574238016434,0.0,0.019988321441710043,0.0074812441032396405,-0.02536470454026924,0.025004905315993572,0.05036960985626281,0.8792318734555337,0.9833971590686746,1.2509819735181646,0.22220753526544734,0.2930390674106979
35.2696,-3.1054,RH2M,2922,8.0,-19.307036713586324,0.0,0.11353153307364192,0.055866107909318834,-0.12250771161305085,0.1186764088523836,0.24118412046543447,7.330820628644847,7.489172298822968,1.0436682168418345,0.6168038846761734,0.5955447027773415
35.2696,-3.1054,WS10M,2922,8.0,-24.646100547462996,0.0,-0.0020798038037343905,0.9134223818868534,-0.01983060689025782,0.019710803102897547,0.03954140999315536,2.4041677421183314,2.3695813099647007,0.9714348954891919,0.5124988774405047,0.4914622780327366
35.2696,-3.1054,PRECT,2922,8.0,-33.196493014649754,0.0,-0.00034337580419799984,0.9457077323513805,0.015996685042985535,-0.016269036040956336,-0.03226572108394187,0.6525940218381404,0.6044752711933263,0.8579676154168331,0.4351034546009469,0.47060516552348547
35.2696,-3.1054,PS,2922,8.0,-11.719836552412595,1.4220869030559935e-21,-0.019554965382744503,5.746620720575056e-08,0.027193178188454643,-0.026940976500114677,-0.054134154688569316,0.47063549902718216,0.4283441361785459,0.8283545995040984,0.7970634811423248,0.7914886688008804
35.2696,-3.1054,CLOUD_AMT,2922,8.0,-29.76791802772691,0.0,0.2575567688906282,0.22026649112778293,-0.18630892083048106,0.18085055897786959,0.3671594798083506,26.18571158424853,26.255746676102124,1.0053562606412323,0.5015971564628943,0.5161861678460536
35.2696,-5.1054,kc,2922,8.0,-32.494465887269854,0.0,-9.006791354431325e-05,0.9493640123810084,-0.004135871637904845,0.004225272082241614,0.00836114372014646,0.17979463950367863,0.17401000177708353,0.9366879737706816,0.456943939272595,0.48106483504638786
35.2696,-5.1054,T2M,2922,8.0,-10.645443920447061,4.809068350755634e-19,0.07980101563781941,2.2590338858424078e-11,-0.19240781428245496,0.19195905772302074,0.3843668720054757,1.51341959537842,1.4502083688116758,0.918210190623018,0.7760029913686237,0.7448148069364527
35.2696,-5.1054,DTR,2922,8.0,-28.420976399934826,0.0,0.0023815410321028586,0.8487418879795127,-0.04209678302532512,0.04173620807665979,0.08383299110198492,1.5377499673863313,1.5771624582040145,1.0519168424134802,0.4882574158898278,0.47678045327617535
35.2696,-5.1054,RH2M,2922,8.0,-24.411074350527258,0.0,0.06251290600009403,0.3613474483501986,0.10914430755190521,-0.11456548026465854,-0.22370978781656375,8.503982012032282,8.586961512696101,1.0196106591090879,0.6370425114752323,0.5961849689382493
35.2696,-5.1054,WS10M,2922,8.0,-24.974392470245267,0.0,-0.013715581706104296,0.2316453061447965,0.029414293862651143,-0.029326294775268106,-0.05874058863791925,1.462931731459657,1.3977392225624141,0.9128600149064212,0.5637964393985117,0.5007820488920586
35.2696,-5.1054,PRECT,2922,8.0,-22.398108014658995,0.0,0.0013286835409693065,0.8043344498232656,0.017127951614318408,-0.0175537521094346,-0.03468170372375301,0.682123040360579,0.6556355991156914,0.9238460678869125,0.5061406602626933,0.5190687425676748
35.2696,-5.1054,PS,2922,8.0,-11.952955423237572,4.274407567730202e-22,-0.01990484807889547,1.1772077456250369e-08,0.026630869267624705,-0.026428678986995486,-0.05305954825462019,0.4560824818372375,0.4147962752027301,0.8271474079766009,0.7967901658163128,0.790925139823061
35.2696,-5.1054,CLOUD_AMT,2922,8.0,-28.594763600597794,0.0,-0.17488225225732767,0.37542314796141246,0.7997113506730548,-0.8111305384439877,-1.6108418891170424,24.778336017898933,24.437526912071437,0.9726805458426587,0.508526917551336,0.5137195889432018
35.2696,-5.6054,kc,2922,8.0,-32.494465887269854,0.0,-9.006791354431325e-05,0.9493640123810084,-0.004135871637904845,0.004225272082241614,0.00836114372014646,0.17979463950367863,0.17401000177708353,0.9366879737706816,0.456943939272595,0.48106483504638786
35.2696,-5.6054,T2M,2922,8.0,-12.129443946984953,1.7496547686864336e-22,0.10461642999956783,2.663786514538333e-11,-0.2558071412274697,0.2549868355007986,0.5107939767282683,2.0143620415132077,1.8828406998148428,0.8736794022974033,0.7907534456564536,0.7615500044714532
35.2696,-5.6054,DTR,2922,8.0,-24.275546233528804,0.0,0.010273800043874026,0.6127540598956922,-0.09777114989733059,0.09812891854893913,0.19590006844626973,2.560032884828883,2.5016439289483965,0.9549044141611078,0.49845712069573506,0.47749008976594415
35.2696,-5.6054,RH2M,2922,8.0,-12.74231290890916,8.890448545015305e-24,-0.04851083346226536,0.4237268023025043,0.409159719370294,-0.413133230663929,-0.822292950034223,7.786849611788078,7.318131001061919,0.8832360453585877,0.6302247958086614,0.5319327028069613
35.2696,-5.6054,WS10M,2922,8.0,-25.01781486289948,0.0,-0.004868297719757462,0.6697230605248022,0.029402977412731006,-0.029378678986995203,-0.05878165639972621,1.4623357103723127,1.3845178228046169,0.8964022340939277,0.558208928150867,0.5368152359117804
35.2696,-5.6054,PRECT,2922,8.0,-28.914353427157252,0.0,0.0023283744150693845,0.6843867046369537,0.014175014448428055,-0.014669611620132098,-0.028844626068560152,0.7288896304048376,0.7000765384947628,0.9225023973621095,0.5482296642040945,0.5612729860559521
35.2696,-5.6054,PS,2922,8.0,-12.183304438378329,1.3361954180321845e-22,-0.018974178688588545,8.564573367829487e-09,0.025010027378507237,-0.02482570157426486,-0.04983572895277209,0.43088441240785735,0.3915376545048702,0.8257061188015619,0.7953189190900835,0.7892863463922009
35.2696,-5.6054,CLOUD_AMT,2922,8.0,-28.594763600597794,0.0,-0.17488225225732767,0.37542314796141246,0.7997113506730548,-0.8111305384439877,-1.6108418891170424,24.778336017898933,24.437526912071437,0.9726805458426587,0.508526917551336,0.5137195889432018
35.2696,-6.1054,kc,2922,8.0,-28.389153406570653,0.0,0.0008867443192973105,0.5131138206242263,-0.005901228069125601,0.00602768144276963,0.01192890951189523,0.17331710414708001,0.16475791042625887,0.9036696621992748,0.3827349882239279,0.43078033999586735
35.2696,-6.1054,T2M,2922,8.0,-10.81705013525204,1.8457986784497828e-19,0.07457621224811237,9.366802019436633e-13,-0.1791819986310744,0.17890150581793307,0.3580835044490075,1.3612242810355637,1.2290385801136292,0.8152140519628598,0.8030531073060899,0.785467766391425
35.2696,-6.1054,DTR,2922,8.0,-27.142896849280994,0.0,0.011528016007808763,0.3402834962460973,-0.03435480264658903,0.034919666894820865,0.0692744695414099,1.5089799106983706,1.5074189860544374,0.9979322225509861,0.5211789267935727,0.5263534799148776
35.2696,-6.1054,RH2M,2922,8.0,-27.362200566846216,0.0,0.03808053751644255,0.44461800821748076,-0.026673260323979053,0.022840771161305073,0.049514031485284125,6.363555349878856,6.065819799755397,0.9086138591912815,0.574178122891312,0.554722029569013
35.2696,-6.1054,WS10M,2922,8.0,-24.943754323259835,0.0,-0.014094758155899867,0.3734700661373816,0.04721878850102675,-0.04705910335386716,-0.09427789185489391,2.033670582674144,1.9160689777435769,0.8876894651499516,0.5612470292976431,0.5341943309222044
35.2696,-6.1054,PRECT,2922,8.0,-20.204351393337035,0.0,-7.435840326058338e-05,0.9894685301765593,0.017688518096667275,-0.018157207058357466,-0.03584572515502474,0.7231140052633985,0.6817114360246807,0.8887663701220946,0.5172766238979427,0.5285739256778406
35.2696,-6.1054,PS,2922,8.0,-12.367850817768868,5.363856202602503e-23,-0.020032710211413975,1.8241253482996762e-09,0.026780994752452703,-0.026600250969655525,-0.05338124572210823,0.43489682257746526,0.3965635671762567,0.8314825813698998,0.7902614784369011,0.7818976752040725
35.2696,-6.1054,CLOUD_AMT,2922,8.0,-28.80717960417448,0.0,-0.7617506748880282,0.0007542743883745607,2.086194398813598,-2.1065571412274693,-4.192751540041067,28.1175156270972,28.208675827105957,1.00649473994179,0.5121233498669421,0.5175644149865781
35.7696,-5.6054,kc,2922,8.0,-32.494465887269854,0.0,-9.006791354431325e-05,0.9493640123810084,-0.004135871637904845,0.004225272082241614,0.00836114372014646,0.17979463950367863,0.17401000177708353,0.9366879737706816,0.456943939272595,0.48106483504638786
35.7696,-5.6054,T2M,2922,8.0,-11.751505775275392,1.2060954156426227e-21,0.05919566341765478,6.312515392270193e-09,-0.16146884553958474,0.1611115788272873,0.32258042436687207,1.3305061689937703,1.1962777222199363,0.8084073346293775,0.777352355879752,0.7310690516707666
35.7696,-5.6054,DTR,2922,8.0,-36.44357072204717,0.0,0.011135534463649501,0.3926547889600253,-0.06835430070727812,0.06817547342003188,0.13652977412731,1.5815654530130485,1.665729384278265,1.109263069109322,0.393273058998396,0.35629738526067645
35.7696,-5.6054,RH2M,2922,8.0,-16.19612846317964,4.1225998324399874e-29,0.03069715824969148,0.5822185225620724,0.22865580652521036,-0.22905808806753436,-0.4577138945927447,7.067110676458215,6.849270059066545,0.9393010224407162,0.5368279271817831,0.5138927552158852
35.7696,-5.6054,WS10M,2922,8.0,-22.042194044595234,0.0,-0.02623009169622737,0.14162370470095462,0.07586081451060919,-0.07503583162217659,-0.15089664613278578,2.249939494851072,2.2018986354309398,0.9577517762605018,0.5492373962516992,0.5290168640280173
35.7696,-5.6054,PRECT,2922,8.0,-28.568162105323573,0.0,0.0002624659683474622,0.9630869308252048,0.020255204951218457,-0.02073505596440879,-0.04099026091562725,0.7321557016896583,0.6816928489934535,0.8669031457043248,0.5540415078125766,0.5724482496951077
35.7696,-5.6054,PS,2922,8.0,-11.89848492580131,5.647989125805259e-22,-0.019560576712594573,8.170286654526064e-09,0.026575165411818178,-0.026354334930413063,-0.05292950034223124,0.4450245861320238,0.4013962331461847,0.8135393707981528,0.8002728573161564,0.7939058461605237
35.7696,-5.6054,CLOUD_AMT,2922,8.0,-28.594763600597794,0.0,-0.17488225225732767,0.37542314796141246,0.7997113506730548,-0.8111305384439877,-1.6108418891170424,24.778336017898933,24.437526912071437,0.9726805458426587,0.508526917551336,0.5137195889432018
